{"team":"JoMa","slug":"joma","season":{"id":2,"year":2026,"series":"Naisten Superpesis"},"roster":[{"player_id":6812,"name":"Eeva Mäki-Maukola","born_year":null,"year":2026,"games":15,"team":"JoMa","turns_at_bat":102,"kunnarit":0,"lyodyt":3,"tuodut":25,"karkilyonnit":80,"karki_yritykset":105,"saatot":204,"saatto_yritykset":245,"etenemiset":176,"eteneminen_yritykset":244,"haavat":29,"palot":39,"season_id":2,"tehot":28,"kl_pct":0.7619047619047619,"saatto_pct":0.8326530612244898,"eten_pct":0.7213114754098361,"kunnari_rate":0.0,"lyoty_rate":0.029411764705882353,"tuotu_rate":0.10245901639344263,"haava_rate":0.28431372549019607,"palo_rate":0.38235294117647056,"tehot_per_turn":0.27450980392156865,"kl_per_turn":0.7843137254901961,"hr_rbi_per_turn":0.029411764705882353,"kl_base0":0.25,"kl_base0_tries":12,"kl_base1":0.8108108108108109,"kl_base1_tries":37,"kl_base2":0.8301886792452831,"kl_base2_tries":53,"kl_base3":1.0,"kl_base3_tries":3,"adv1_pct":0.25,"adv2_pct":0.8108108108108109,"adv3_pct":0.8301886792452831,"adv_home_pct":1.0,"money_kl_pct":1.0,"money_kl_tries":3,"teho_plus":159,"adv_plus":141,"runner_plus":121,"out_avoid_plus":94,"adv1_plus":50,"adv2_plus":146,"adv3_plus":138,"adv_home_plus":223,"money_kl_plus":223,"spark_index":126,"run_value":18.124722818799352,"raa":8.2,"jyk":13.7,"vyk":1.18,"teho_plus_adj":157},{"player_id":7584,"name":"Emilia Linna","born_year":null,"year":2026,"games":15,"team":"JoMa","turns_at_bat":97,"kunnarit":2,"lyodyt":24,"tuodut":15,"karkilyonnit":68,"karki_yritykset":110,"saatot":224,"saatto_yritykset":296,"etenemiset":184,"eteneminen_yritykset":246,"haavat":39,"palot":23,"season_id":2,"tehot":41,"kl_pct":0.6181818181818182,"saatto_pct":0.7567567567567568,"eten_pct":0.7479674796747967,"kunnari_rate":0.020618556701030927,"lyoty_rate":0.24742268041237114,"tuotu_rate":0.06097560975609756,"haava_rate":0.4020618556701031,"palo_rate":0.23711340206185566,"tehot_per_turn":0.422680412371134,"kl_per_turn":0.7010309278350515,"hr_rbi_per_turn":0.26804123711340205,"kl_base0":0.42857142857142855,"kl_base0_tries":7,"kl_base1":0.5555555555555556,"kl_base1_tries":9,"kl_base2":0.7391304347826086,"kl_base2_tries":46,"kl_base3":0.5416666666666666,"kl_base3_tries":48,"adv1_pct":0.42857142857142855,"adv2_pct":0.5555555555555556,"adv3_pct":0.7391304347826086,"adv_home_pct":0.5416666666666666,"money_kl_pct":0.5416666666666666,"money_kl_tries":48,"teho_plus":245,"adv_plus":125,"runner_plus":125,"out_avoid_plus":116,"adv1_plus":86,"adv2_plus":100,"adv3_plus":123,"adv_home_plus":121,"money_kl_plus":121,"spark_index":123,"run_value":24.167928120477807,"raa":14.7,"jyk":19.9,"vyk":1.72,"teho_plus_adj":245},{"player_id":12040,"name":"Nelli Huotari","born_year":null,"year":2026,"games":15,"team":"JoMa","turns_at_bat":90,"kunnarit":4,"lyodyt":28,"tuodut":8,"karkilyonnit":58,"karki_yritykset":96,"saatot":206,"saatto_yritykset":278,"etenemiset":164,"eteneminen_yritykset":227,"haavat":35,"palot":28,"season_id":2,"tehot":40,"kl_pct":0.6041666666666666,"saatto_pct":0.7410071942446043,"eten_pct":0.7224669603524229,"kunnari_rate":0.044444444444444446,"lyoty_rate":0.3111111111111111,"tuotu_rate":0.03524229074889868,"haava_rate":0.3888888888888889,"palo_rate":0.3111111111111111,"tehot_per_turn":0.4444444444444444,"kl_per_turn":0.6444444444444445,"hr_rbi_per_turn":0.35555555555555557,"kl_base0":0.0,"kl_base0_tries":2,"kl_base1":0.4444444444444444,"kl_base1_tries":9,"kl_base2":0.8461538461538461,"kl_base2_tries":26,"kl_base3":0.5423728813559322,"kl_base3_tries":59,"adv1_pct":0.0,"adv2_pct":0.4444444444444444,"adv3_pct":0.8461538461538461,"adv_home_pct":0.5423728813559322,"money_kl_pct":0.5423728813559322,"money_kl_tries":59,"teho_plus":257,"adv_plus":123,"runner_plus":121,"out_avoid_plus":105,"adv1_plus":0,"adv2_plus":80,"adv3_plus":141,"adv_home_plus":121,"money_kl_plus":121,"spark_index":119,"run_value":22.89137648583206,"raa":14.1,"jyk":19.0,"vyk":1.64,"teho_plus_adj":261},{"player_id":10754,"name":"Mira Heikkilä","born_year":null,"year":2026,"games":15,"team":"JoMa","turns_at_bat":46,"kunnarit":0,"lyodyt":3,"tuodut":2,"karkilyonnit":30,"karki_yritykset":44,"saatot":68,"saatto_yritykset":97,"etenemiset":49,"eteneminen_yritykset":73,"haavat":15,"palot":9,"season_id":2,"tehot":5,"kl_pct":0.6818181818181818,"saatto_pct":0.7010309278350515,"eten_pct":0.6712328767123288,"kunnari_rate":0.0,"lyoty_rate":0.06521739130434782,"tuotu_rate":0.0273972602739726,"haava_rate":0.32608695652173914,"palo_rate":0.1956521739130435,"tehot_per_turn":0.10869565217391304,"kl_per_turn":0.6521739130434783,"hr_rbi_per_turn":0.06521739130434782,"kl_base0":1.0,"kl_base0_tries":2,"kl_base1":0.6666666666666666,"kl_base1_tries":15,"kl_base2":0.8333333333333334,"kl_base2_tries":18,"kl_base3":0.3333333333333333,"kl_base3_tries":9,"adv1_pct":1.0,"adv2_pct":0.6666666666666666,"adv3_pct":0.8333333333333334,"adv_home_pct":0.3333333333333333,"money_kl_pct":0.3333333333333333,"money_kl_tries":9,"teho_plus":63,"adv_plus":121,"runner_plus":113,"out_avoid_plus":122,"adv1_plus":200,"adv2_plus":120,"adv3_plus":139,"adv_home_plus":74,"money_kl_plus":74,"spark_index":119,"run_value":5.360964853675944,"raa":0.9,"jyk":3.3,"vyk":0.28,"teho_plus_adj":63},{"player_id":12817,"name":"Johanna Pirskanen","born_year":null,"year":2026,"games":15,"team":"JoMa","turns_at_bat":110,"kunnarit":0,"lyodyt":0,"tuodut":24,"karkilyonnit":72,"karki_yritykset":96,"saatot":72,"saatto_yritykset":96,"etenemiset":196,"eteneminen_yritykset":276,"haavat":28,"palot":52,"season_id":2,"tehot":24,"kl_pct":0.75,"saatto_pct":0.75,"eten_pct":0.7101449275362319,"kunnari_rate":0.0,"lyoty_rate":0.0,"tuotu_rate":0.08695652173913043,"haava_rate":0.2545454545454545,"palo_rate":0.4727272727272727,"tehot_per_turn":0.21818181818181817,"kl_per_turn":0.6545454545454545,"hr_rbi_per_turn":0.0,"kl_base0":0.7640449438202247,"kl_base0_tries":89,"kl_base1":0.6666666666666666,"kl_base1_tries":6,"kl_base2":null,"kl_base2_tries":0,"kl_base3":0.0,"kl_base3_tries":1,"adv1_pct":0.7640449438202247,"adv2_pct":0.6666666666666666,"adv3_pct":null,"adv_home_pct":0.0,"money_kl_pct":0.0,"money_kl_tries":1,"teho_plus":126,"adv_plus":131,"runner_plus":119,"out_avoid_plus":80,"adv1_plus":153,"adv2_plus":120,"adv3_plus":null,"adv_home_plus":0,"money_kl_plus":0,"spark_index":117,"run_value":12.19853226068605,"raa":1.5,"jyk":7.4,"vyk":0.64,"teho_plus_adj":126},{"player_id":8736,"name":"Noora Pasi","born_year":null,"year":2026,"games":15,"team":"JoMa","turns_at_bat":104,"kunnarit":1,"lyodyt":0,"tuodut":36,"karkilyonnit":77,"karki_yritykset":119,"saatot":146,"saatto_yritykset":198,"etenemiset":165,"eteneminen_yritykset":229,"haavat":20,"palot":44,"season_id":2,"tehot":37,"kl_pct":0.6470588235294118,"saatto_pct":0.7373737373737373,"eten_pct":0.7205240174672489,"kunnari_rate":0.009615384615384616,"lyoty_rate":0.0,"tuotu_rate":0.1572052401746725,"haava_rate":0.19230769230769232,"palo_rate":0.4230769230769231,"tehot_per_turn":0.3557692307692308,"kl_per_turn":0.7403846153846154,"hr_rbi_per_turn":0.009615384615384616,"kl_base0":0.44,"kl_base0_tries":25,"kl_base1":0.6931818181818182,"kl_base1_tries":88,"kl_base2":0.8,"kl_base2_tries":5,"kl_base3":1.0,"kl_base3_tries":1,"adv1_pct":0.44,"adv2_pct":0.6931818181818182,"adv3_pct":0.8,"adv_home_pct":1.0,"money_kl_pct":1.0,"money_kl_tries":1,"teho_plus":206,"adv_plus":123,"runner_plus":121,"out_avoid_plus":88,"adv1_plus":88,"adv2_plus":124,"adv3_plus":133,"adv_home_plus":223,"money_kl_plus":223,"spark_index":115,"run_value":18.61110013599758,"raa":8.5,"jyk":14.1,"vyk":1.22,"teho_plus_adj":208},{"player_id":10476,"name":"Miia Vuoti","born_year":null,"year":2026,"games":5,"team":"JoMa","turns_at_bat":25,"kunnarit":0,"lyodyt":0,"tuodut":2,"karkilyonnit":13,"karki_yritykset":22,"saatot":30,"saatto_yritykset":45,"etenemiset":27,"eteneminen_yritykset":42,"haavat":7,"palot":8,"season_id":2,"tehot":2,"kl_pct":0.5909090909090909,"saatto_pct":0.6666666666666666,"eten_pct":0.6428571428571429,"kunnari_rate":0.0,"lyoty_rate":0.0,