{"team":"KeKi","slug":"keki","season":{"id":1,"year":2026,"series":"Miesten Superpesis"},"roster":[{"player_id":4542,"name":"Tuomas Jussila","born_year":null,"year":2026,"games":17,"team":"KeKi","turns_at_bat":126,"kunnarit":0,"lyodyt":1,"tuodut":17,"karkilyonnit":77,"karki_yritykset":124,"saatot":183,"saatto_yritykset":255,"etenemiset":164,"eteneminen_yritykset":261,"haavat":61,"palot":36,"season_id":1,"tehot":18,"kl_pct":0.6209677419354839,"saatto_pct":0.7176470588235294,"eten_pct":0.6283524904214559,"kunnari_rate":0.0,"lyoty_rate":0.007936507936507936,"tuotu_rate":0.06513409961685823,"haava_rate":0.48412698412698413,"palo_rate":0.2857142857142857,"tehot_per_turn":0.14285714285714285,"kl_per_turn":0.6111111111111112,"hr_rbi_per_turn":0.007936507936507936,"kl_base0":0.6451612903225806,"kl_base0_tries":31,"kl_base1":0.5777777777777777,"kl_base1_tries":45,"kl_base2":0.6666666666666666,"kl_base2_tries":45,"kl_base3":0.3333333333333333,"kl_base3_tries":3,"adv1_pct":0.6451612903225806,"adv2_pct":0.5777777777777777,"adv3_pct":0.6666666666666666,"adv_home_pct":0.3333333333333333,"money_kl_pct":0.3333333333333333,"money_kl_tries":3,"teho_plus":89,"adv_plus":121,"runner_plus":107,"out_avoid_plus":106,"adv1_plus":121,"adv2_plus":109,"adv3_plus":117,"adv_home_plus":74,"money_kl_plus":74,"spark_index":114,"teho_plus_adj":89},{"player_id":8317,"name":"Tuukka Sarkkinen","born_year":null,"year":2026,"games":17,"team":"KeKi","turns_at_bat":110,"kunnarit":2,"lyodyt":20,"tuodut":6,"karkilyonnit":61,"karki_yritykset":117,"saatot":187,"saatto_yritykset":277,"etenemiset":149,"eteneminen_yritykset":228,"haavat":45,"palot":34,"season_id":1,"tehot":28,"kl_pct":0.5213675213675214,"saatto_pct":0.6750902527075813,"eten_pct":0.6535087719298246,"kunnari_rate":0.01818181818181818,"lyoty_rate":0.18181818181818182,"tuotu_rate":0.02631578947368421,"haava_rate":0.4090909090909091,"palo_rate":0.3090909090909091,"tehot_per_turn":0.2545454545454545,"kl_per_turn":0.5545454545454546,"hr_rbi_per_turn":0.2,"kl_base0":0.5,"kl_base0_tries":14,"kl_base1":0.26666666666666666,"kl_base1_tries":15,"kl_base2":0.6222222222222222,"kl_base2_tries":45,"kl_base3":0.5116279069767442,"kl_base3_tries":43,"adv1_pct":0.5,"adv2_pct":0.26666666666666666,"adv3_pct":0.6222222222222222,"adv_home_pct":0.5116279069767442,"money_kl_pct":0.5116279069767442,"money_kl_tries":43,"teho_plus":158,"adv_plus":111,"runner_plus":111,"out_avoid_plus":102,"adv1_plus":93,"adv2_plus":50,"adv3_plus":109,"adv_home_plus":114,"money_kl_plus":114,"spark_index":109,"teho_plus_adj":159},{"player_id":12047,"name":"Olli Heikkala","born_year":null,"year":2026,"games":8,"team":"KeKi","turns_at_bat":47,"kunnarit":1,"lyodyt":1,"tuodut":7,"karkilyonnit":29,"karki_yritykset":44,"saatot":51,"saatto_yritykset":81,"etenemiset":45,"eteneminen_yritykset":81,"haavat":22,"palot":14,"season_id":1,"tehot":9,"kl_pct":0.6590909090909091,"saatto_pct":0.6296296296296297,"eten_pct":0.5555555555555556,"kunnari_rate":0.02127659574468085,"lyoty_rate":0.02127659574468085,"tuotu_rate":0.08641975308641975,"haava_rate":0.46808510638297873,"palo_rate":0.2978723404255319,"tehot_per_turn":0.19148936170212766,"kl_per_turn":0.6170212765957447,"hr_rbi_per_turn":0.0425531914893617,"kl_base0":0.3333333333333333,"kl_base0_tries":12,"kl_base1":0.7407407407407407,"kl_base1_tries":27,"kl_base2":1.0,"kl_base2_tries":3,"kl_base3":1.0,"kl_base3_tries":2,"adv1_pct":0.3333333333333333,"adv2_pct":0.7407407407407407,"adv3_pct":1.0,"adv_home_pct":1.0,"money_kl_pct":1.0,"money_kl_tries":2,"teho_plus":119,"adv_plus":113,"runner_plus":94,"out_avoid_plus":104,"adv1_plus":62,"adv2_plus":140,"adv3_plus":175,"adv_home_plus":222,"money_kl_plus":222,"spark_index":106,"teho_plus_adj":119},{"player_id":5602,"name":"Ossi Meriläinen","born_year":null,"year":2026,"games":17,"team":"KeKi","turns_at_bat":78,"kunnarit":0,"lyodyt":24,"tuodut":1,"karkilyonnit":45,"karki_yritykset":105,"saatot":114,"saatto_yritykset":218,"etenemiset":71,"eteneminen_yritykset":107,"haavat":25,"palot":11,"season_id":1,"tehot":25,"kl_pct":0.42857142857142855,"saatto_pct":0.5229357798165137,"eten_pct":0.6635514018691588,"kunnari_rate":0.0,"lyoty_rate":0.3076923076923077,"tuotu_rate":0.009345794392523364,"haava_rate":0.32051282051282054,"palo_rate":0.14102564102564102,"tehot_per_turn":0.32051282051282054,"kl_per_turn":0.5769230769230769,"hr_rbi_per_turn":0.3076923076923077,"kl_base0":0.0,"kl_base0_tries":2,"kl_base1":0.45454545454545453,"kl_base1_tries":11,"kl_base2":0.42105263157894735,"kl_base2_tries":38,"kl_base3":0.4444444444444444,"kl_base3_tries":54,"adv1_pct":0.0,"adv2_pct":0.45454545454545453,"adv3_pct":0.42105263157894735,"adv_home_pct":0.4444444444444444,"money_kl_pct":0.4444444444444444,"money_kl_tries":54,"teho_plus":199,"adv_plus":87,"runner_plus":113,"out_avoid_plus":127,"adv1_plus":0,"adv2_plus":86,"adv3_plus":74,"adv_home_plus":99,"money_kl_plus":99,"spark_index":103,"teho_plus_adj":200},{"player_id":9081,"name":"Tuukka Etula","born_year":null,"year":2026,"games":9,"team":"KeKi","turns_at_bat":53,"kunnarit":0,"lyodyt":5,"tuodut":4,"karkilyonnit":18,"karki_yritykset":49,"saatot":66,"saatto_yritykset":121,"etenemiset":59,"eteneminen_yritykset":93,"haavat":23,"palot":11,"season_id":1,"tehot":9,"kl_pct":0.3673469387755102,"saatto_pct":0.5454545454545454,"eten_pct":0.6344086021505376,"kunnari_rate":0.0,"lyoty_rate":0.09433962264150944,"tuotu_rate":0.043010752688172046,"haava_rate":0.4339622641509434,"palo_rate":0.20754716981132076,"tehot_per_turn":0.16981132075471697,"kl_per_turn":0.33962264150943394,"hr_rbi_per_turn":0.09433962264150944,"kl_base0":0.3333333333333333,"kl_base0_tries":3,"kl_base1":0.15789473684210525,"kl_base1_tries":19,"kl_base2":0.6428571428571429,"kl_base2_tries":14,"kl_base3":0.38461538461538464,"kl_base3_tries":13,"adv1_pct":0.3333333333333333,"adv2_pct":0.15789473684210525,"adv3_pct":0.6428571428571429,"adv_home_pct":0.38461538461538464,"money_kl_pct":0.38461538461538464,"money_kl_tries":13,"teho_plus":105,"adv_plus":87,"runner_plus":108,"out_avoid_plus":117,"adv1_plus":62,"adv2_plus":30,"adv3_plus":113,"adv_home_plus":86,"money_kl_plus":86,"spark_index":99,"teho_plus_adj":105},{"player_id":9460,"name":"Teemu Hollanti","born_year":null,"year":2026,"games":17,"team":"KeKi","turns_at_bat":127,"kunnarit":0,"lyodyt":0,"tuodut":15,"karkilyonnit":70,"karki_yritykset":114,"saatot":73,"saatto_yritykset":118,"etenemiset":155,"eteneminen_yritykset":265,"haavat":38,"palot":72,"season_id":1,"tehot":15,"kl_pct":0.6140350877192983,"saatto_pct":0.6186440677966102,"eten_pct":0.5849056603773585,"kunnari_rate":0.0,"lyoty_rate":0.0,"tuotu_rate":0.05660377358490566,"haava_rate":0.2992125984251969,"palo_rate":0.5669291338582677,"tehot_per_turn":0.11811023622047244,"kl_per_turn":0.5511811023622047,"hr_rbi_per_turn":0.0,"kl_base0":0.6261682242990654,"kl_base0_tries":107,"kl_base1":0.4,"kl_base1_tries":5,"kl_base2":1.0,"kl_base2_tries":1,"kl_base3":0.0,"kl_base3_tries":1,"adv1_pct":0.6261682242990654,"adv2_pct":0.4,"adv3_pct":1.0,"adv_home_pct":0.0,"money_kl_pct":0.0,"money_kl_tries":1,"teho_plus":73,"adv_plus":109,"runner_plus":99,"out_avoid_plus":64,"adv1_plus":117,"adv2_plus":76,"adv3_plus":175,"adv_home_plus":0,"money_kl_plus":0,"spark_index":97,"teho_plus_adj":74},{"player_id":10013,"name":"Tino Alaspää","born_year":null,"year":2026,"games":16,"team":"KeKi","turns_at_bat":108,"kunnarit":0,"lyodyt":0,"tuodut":13,"karkilyonnit":44,"karki_yritykset":88,"saatot":80,"saatto_yritykset":145,"etenemiset":113,"eteneminen_yritykset":197,"haavat":44,"palot":40,"season_id":1,"tehot":13,"kl_pct":0.5,"saatto_pct":0.5517241379310345,"eten_pct":0.5736040609137056,"kunnari_rate":0.0,"lyoty_rate":0.0,"tuotu_rate":0.06598984771573604,"haava_rate":0.4074074074074074,"palo_rate":0.37037037037037035,"tehot_per_turn":0.12037037037037036,"kl_per_turn":0.4074074074074074,"hr_rbi_per_turn":0.0,"kl_base0":0.41304347826086957,"kl_base0_tries":46,"kl_base1":0.5833333333333334,"kl_base1_tries":36,"kl_base2":0.8,"kl_base2_tries":5,