{"team":"Manse","slug":"manse","season":{"id":1,"year":2026,"series":"Miesten Superpesis"},"roster":[{"player_id":2941,"name":"Antti Korhonen","born_year":null,"year":2026,"games":18,"team":"Manse","turns_at_bat":113,"kunnarit":1,"lyodyt":22,"tuodut":12,"karkilyonnit":70,"karki_yritykset":101,"saatot":204,"saatto_yritykset":269,"etenemiset":162,"eteneminen_yritykset":250,"haavat":62,"palot":26,"season_id":1,"tehot":35,"kl_pct":0.693069306930693,"saatto_pct":0.758364312267658,"eten_pct":0.648,"kunnari_rate":0.008849557522123894,"lyoty_rate":0.19469026548672566,"tuotu_rate":0.048,"haava_rate":0.5486725663716814,"palo_rate":0.23008849557522124,"tehot_per_turn":0.30973451327433627,"kl_per_turn":0.6194690265486725,"hr_rbi_per_turn":0.20353982300884957,"kl_base0":0.5555555555555556,"kl_base0_tries":9,"kl_base1":0.47058823529411764,"kl_base1_tries":17,"kl_base2":0.7906976744186046,"kl_base2_tries":43,"kl_base3":0.71875,"kl_base3_tries":32,"adv1_pct":0.5555555555555556,"adv2_pct":0.47058823529411764,"adv3_pct":0.7906976744186046,"adv_home_pct":0.71875,"money_kl_pct":0.71875,"money_kl_tries":32,"teho_plus":192,"adv_plus":130,"runner_plus":110,"out_avoid_plus":114,"adv1_plus":104,"adv2_plus":89,"adv3_plus":139,"adv_home_plus":160,"money_kl_plus":160,"spark_index":121,"teho_plus_adj":192},{"player_id":8574,"name":"Perttu Ruuska","born_year":null,"year":2026,"games":18,"team":"Manse","turns_at_bat":116,"kunnarit":1,"lyodyt":42,"tuodut":11,"karkilyonnit":81,"karki_yritykset":148,"saatot":251,"saatto_yritykset":377,"etenemiset":194,"eteneminen_yritykset":270,"haavat":53,"palot":23,"season_id":1,"tehot":54,"kl_pct":0.5472972972972973,"saatto_pct":0.6657824933687002,"eten_pct":0.7185185185185186,"kunnari_rate":0.008620689655172414,"lyoty_rate":0.3620689655172414,"tuotu_rate":0.040740740740740744,"haava_rate":0.45689655172413796,"palo_rate":0.19827586206896552,"tehot_per_turn":0.46551724137931033,"kl_per_turn":0.6982758620689655,"hr_rbi_per_turn":0.3706896551724138,"kl_base0":0.3333333333333333,"kl_base0_tries":6,"kl_base1":0.5,"kl_base1_tries":16,"kl_base2":0.5957446808510638,"kl_base2_tries":47,"kl_base3":0.5443037974683544,"kl_base3_tries":79,"adv1_pct":0.3333333333333333,"adv2_pct":0.5,"adv3_pct":0.5957446808510638,"adv_home_pct":0.5443037974683544,"money_kl_pct":0.5443037974683544,"money_kl_tries":79,"teho_plus":288,"adv_plus":111,"runner_plus":122,"out_avoid_plus":119,"adv1_plus":62,"adv2_plus":94,"adv3_plus":105,"adv_home_plus":121,"money_kl_plus":121,"spark_index":116,"teho_plus_adj":290},{"player_id":11350,"name":"Tino Heikkilä","born_year":null,"year":2026,"games":11,"team":"Manse","turns_at_bat":70,"kunnarit":0,"lyodyt":3,"tuodut":10,"karkilyonnit":31,"karki_yritykset":57,"saatot":87,"saatto_yritykset":131,"etenemiset":85,"eteneminen_yritykset":136,"haavat":27,"palot":24,"season_id":1,"tehot":13,"kl_pct":0.543859649122807,"saatto_pct":0.6641221374045801,"eten_pct":0.625,"kunnari_rate":0.0,"lyoty_rate":0.04285714285714286,"tuotu_rate":0.07352941176470588,"haava_rate":0.38571428571428573,"palo_rate":0.34285714285714286,"tehot_per_turn":0.18571428571428572,"kl_per_turn":0.44285714285714284,"hr_rbi_per_turn":0.04285714285714286,"kl_base0":0.6,"kl_base0_tries":10,"kl_base1":0.42857142857142855,"kl_base1_tries":14,"kl_base2":0.6153846153846154,"kl_base2_tries":26,"kl_base3":0.42857142857142855,"kl_base3_tries":7,"adv1_pct":0.6,"adv2_pct":0.42857142857142855,"adv3_pct":0.6153846153846154,"adv_home_pct":0.42857142857142855,"money_kl_pct":0.42857142857142855,"money_kl_tries":7,"teho_plus":115,"adv_plus":111,"runner_plus":106,"out_avoid_plus":97,"adv1_plus":112,"adv2_plus":81,"adv3_plus":108,"adv_home_plus":95,"money_kl_plus":95,"spark_index":107,"teho_plus_adj":117},{"player_id":6640,"name":"Simo Vainikainen","born_year":null,"year":2026,"games":17,"team":"Manse","turns_at_bat":130,"kunnarit":4,"lyodyt":3,"tuodut":32,"karkilyonnit":88,"karki_yritykset":137,"saatot":132,"saatto_yritykset":209,"etenemiset":173,"eteneminen_yritykset":271,"haavat":44,"palot":54,"season_id":1,"tehot":39,"kl_pct":0.6423357664233577,"saatto_pct":0.631578947368421,"eten_pct":0.6383763837638377,"kunnari_rate":0.03076923076923077,"lyoty_rate":0.023076923076923078,"tuotu_rate":0.11808118081180811,"haava_rate":0.3384615384615385,"palo_rate":0.4153846153846154,"tehot_per_turn":0.3,"kl_per_turn":0.676923076923077,"hr_rbi_per_turn":0.05384615384615385,"kl_base0":0.5769230769230769,"kl_base0_tries":52,"kl_base1":0.6527777777777778,"kl_base1_tries":72,"kl_base2":0.8,"kl_base2_tries":5,"kl_base3":0.875,"kl_base3_tries":8,"adv1_pct":0.5769230769230769,"adv2_pct":0.6527777777777778,"adv3_pct":0.8,"adv_home_pct":0.875,"money_kl_pct":0.875,"money_kl_tries":8,"teho_plus":186,"adv_plus":112,"runner_plus":109,"out_avoid_plus":87,"adv1_plus":108,"adv2_plus":123,"adv3_plus":140,"adv_home_plus":195,"money_kl_plus":195,"spark_index":106,"teho_plus_adj":186},{"player_id":6090,"name":"Juuso Myllyniemi","born_year":null,"year":2026,"games":16,"team":"Manse","turns_at_bat":116,"kunnarit":0,"lyodyt":4,"tuodut":14,"karkilyonnit":65,"karki_yritykset":103,"saatot":153,"saatto_yritykset":239,"etenemiset":127,"eteneminen_yritykset":218,"haavat":54,"palot":37,"season_id":1,"tehot":18,"kl_pct":0.6310679611650486,"saatto_pct":0.6401673640167364,"eten_pct":0.5825688073394495,"kunnari_rate":0.0,"lyoty_rate":0.034482758620689655,"tuotu_rate":0.06422018348623854,"haava_rate":0.46551724137931033,"palo_rate":0.31896551724137934,"tehot_per_turn":0.15517241379310345,"kl_per_turn":0.5603448275862069,"hr_rbi_per_turn":0.034482758620689655,"kl_base0":0.35714285714285715,"kl_base0_tries":14,"kl_base1":0.6875,"kl_base1_tries":48,"kl_base2":0.6571428571428571,"kl_base2_tries":35,"kl_base3":0.6666666666666666,"kl_base3_tries":6,"adv1_pct":0.35714285714285715,"adv2_pct":0.6875,"adv3_pct":0.6571428571428571,"adv_home_pct":0.6666666666666666,"money_kl_pct":0.6666666666666666,"money_kl_tries":6,"teho_plus":96,"adv_plus":112,"runner_plus":99,"out_avoid_plus":101,"adv1_plus":67,"adv2_plus":130,"adv3_plus":115,"adv_home_plus":148,"money_kl_plus":148,"spark_index":106,"teho_plus_adj":97},{"player_id":9500,"name":"Aapo Komulainen","born_year":null,"year":2026,"games":18,"team":"Manse","turns_at_bat":78,"kunnarit":1,"lyodyt":6,"tuodut":5,"karkilyonnit":36,"karki_yritykset":65,"saatot":101,"saatto_yritykset":162,"etenemiset":86,"eteneminen_yritykset":142,"haavat":35,"palot":21,"season_id":1,"tehot":12,"kl_pct":0.5538461538461539,"saatto_pct":0.6234567901234568,"eten_pct":0.6056338028169014,"kunnari_rate":0.01282051282051282,"lyoty_rate":0.07692307692307693,"tuotu_rate":0.035211267605633804,"haava_rate":0.44871794871794873,"palo_rate":0.2692307692307692,"tehot_per_turn":0.15384615384615385,"kl_per_turn":0.46153846153846156,"hr_rbi_per_turn":0.08974358974358974,"kl_base0":0.6,"kl_base0_tries":5,"kl_base1":0.5357142857142857,"kl_base1_tries":28,"kl_base2":0.5,"kl_base2_tries":22,"kl_base3":0.7,"kl_base3_tries":10,"adv1_pct":0.6,"adv2_pct":0.5357142857142857,"adv3_pct":0.5,"adv_home_pct":0.7,"money_kl_pct":0.7,"money_kl_tries":10,"teho_plus":95,"adv_plus":106,"runner_plus":103,"out_avoid_plus":108,"adv1_plus":112,"adv2_plus":101,"adv3_plus":88,"adv_home_plus":156,"money_kl_plus":156,"spark_index":106,"teho_plus_adj":95},{"player_id":9527,"name":"Perttu Olli","born_year":null,"year":2026,"games":14,"team":"Manse","turns_at_bat":100,"kunnarit":2,"lyodyt":3,"tuodut":20,"karkilyonnit":57,"karki_yritykset":89,"saatot":102,"saatto_yritykset":159,"etenemiset":120,"eteneminen_yritykset":196,"haavat":35,"palot":41,"season_id":1,"tehot":25,"kl_pct":0.6404494382022472,"saatto_pct":0.6415094339622641,"eten_pct":0.6122448979591837,"kunnari_rate":0.02,"lyoty_rate":0.03,"tuotu_rate":0.10204081632653061,"haava_rate":0.35,"palo_rate":0.41,"tehot_per_turn":0.25,"kl_per_turn":0.57,"hr_rbi_per_turn":0.05,"kl_base0":0.5405405405405406,"kl_base0_tries":37,"kl_base1":0.7428571428571429,"kl_base1_tries":35,"kl_base2":0.6,"kl_base2_tries":10,"kl_base3":0.7142857142857143,