{"team":"Pesä Ysit","slug":"pesa-ysit","season":{"id":4,"year":2026,"series":"Naisten Ykköspesis"},"roster":[{"player_id":11268,"name":"Elina Muurman","born_year":null,"year":2026,"games":14,"team":"Pesä Ysit","turns_at_bat":95,"kunnarit":1,"lyodyt":7,"tuodut":18,"karkilyonnit":58,"karki_yritykset":94,"saatot":157,"saatto_yritykset":217,"etenemiset":147,"eteneminen_yritykset":213,"haavat":39,"palot":27,"season_id":4,"tehot":26,"kl_pct":0.6170212765957447,"saatto_pct":0.7235023041474654,"eten_pct":0.6901408450704225,"kunnari_rate":0.010526315789473684,"lyoty_rate":0.07368421052631578,"tuotu_rate":0.08450704225352113,"haava_rate":0.4105263157894737,"palo_rate":0.28421052631578947,"tehot_per_turn":0.2736842105263158,"kl_per_turn":0.6105263157894737,"hr_rbi_per_turn":0.08421052631578947,"kl_base0":0.5,"kl_base0_tries":14,"kl_base1":0.5862068965517241,"kl_base1_tries":29,"kl_base2":0.7222222222222222,"kl_base2_tries":36,"kl_base3":0.5333333333333333,"kl_base3_tries":15,"adv1_pct":0.5,"adv2_pct":0.5862068965517241,"adv3_pct":0.7222222222222222,"adv_home_pct":0.5333333333333333,"money_kl_pct":0.5333333333333333,"money_kl_tries":15,"pos":"1V","teho_plus":129,"adv_plus":113,"runner_plus":109,"out_avoid_plus":107,"adv1_plus":86,"adv2_plus":102,"adv3_plus":114,"adv_home_plus":113,"money_kl_plus":113,"spark_index":111,"run_value":16.10150983468879,"raa":4.3,"jyk":9.4,"vyk":0.63,"teho_plus_adj":132},{"player_id":12181,"name":"Piitu Saarinen","born_year":null,"year":2026,"games":14,"team":"Pesä Ysit","turns_at_bat":89,"kunnarit":2,"lyodyt":19,"tuodut":8,"karkilyonnit":56,"karki_yritykset":93,"saatot":170,"saatto_yritykset":235,"etenemiset":134,"eteneminen_yritykset":201,"haavat":45,"palot":22,"season_id":4,"tehot":29,"kl_pct":0.6021505376344086,"saatto_pct":0.723404255319149,"eten_pct":0.6666666666666666,"kunnari_rate":0.02247191011235955,"lyoty_rate":0.21348314606741572,"tuotu_rate":0.03980099502487562,"haava_rate":0.5056179775280899,"palo_rate":0.24719101123595505,"tehot_per_turn":0.3258426966292135,"kl_per_turn":0.6292134831460674,"hr_rbi_per_turn":0.23595505617977527,"kl_base0":0.6,"kl_base0_tries":5,"kl_base1":0.6428571428571429,"kl_base1_tries":14,"kl_base2":0.6216216216216216,"kl_base2_tries":37,"kl_base3":0.5675675675675675,"kl_base3_tries":37,"adv1_pct":0.6,"adv2_pct":0.6428571428571429,"adv3_pct":0.6216216216216216,"adv_home_pct":0.5675675675675675,"money_kl_pct":0.5675675675675675,"money_kl_tries":37,"pos":"2V","teho_plus":153,"adv_plus":112,"runner_plus":105,"out_avoid_plus":113,"adv1_plus":103,"adv2_plus":112,"adv3_plus":98,"adv_home_plus":120,"money_kl_plus":120,"spark_index":110,"run_value":18.35655836161587,"raa":7.3,"jyk":12.1,"vyk":0.82,"teho_plus_adj":157},{"player_id":11262,"name":"Tiia Saarela","born_year":null,"year":2026,"games":10,"team":"Pesä Ysit","turns_at_bat":63,"kunnarit":3,"lyodyt":8,"tuodut":16,"karkilyonnit":43,"karki_yritykset":70,"saatot":98,"saatto_yritykset":137,"etenemiset":91,"eteneminen_yritykset":135,"haavat":26,"palot":18,"season_id":4,"tehot":27,"kl_pct":0.6142857142857143,"saatto_pct":0.7153284671532847,"eten_pct":0.674074074074074,"kunnari_rate":0.047619047619047616,"lyoty_rate":0.12698412698412698,"tuotu_rate":0.11851851851851852,"haava_rate":0.4126984126984127,"palo_rate":0.2857142857142857,"tehot_per_turn":0.42857142857142855,"kl_per_turn":0.6825396825396826,"hr_rbi_per_turn":0.1746031746031746,"kl_base0":0.1111111111111111,"kl_base0_tries":9,"kl_base1":0.5862068965517241,"kl_base1_tries":29,"kl_base2":0.7,"kl_base2_tries":20,"kl_base3":0.9166666666666666,"kl_base3_tries":12,"adv1_pct":0.1111111111111111,"adv2_pct":0.5862068965517241,"adv3_pct":0.7,"adv_home_pct":0.9166666666666666,"money_kl_pct":0.9166666666666666,"money_kl_tries":12,"pos":"2P","teho_plus":202,"adv_plus":111,"runner_plus":106,"out_avoid_plus":107,"adv1_plus":19,"adv2_plus":102,"adv3_plus":110,"adv_home_plus":193,"money_kl_plus":193,"spark_index":109,"run_value":15.478213830056294,"raa":7.6,"jyk":11.0,"vyk":0.74,"teho_plus_adj":208},{"player_id":5499,"name":"Reetta Aralinna","born_year":null,"year":2026,"games":10,"team":"Pesä Ysit","turns_at_bat":52,"kunnarit":0,"lyodyt":22,"tuodut":1,"karkilyonnit":34,"karki_yritykset":74,"saatot":104,"saatto_yritykset":178,"etenemiset":72,"eteneminen_yritykset":99,"haavat":24,"palot":3,"season_id":4,"tehot":23,"kl_pct":0.4594594594594595,"saatto_pct":0.5842696629213483,"eten_pct":0.7272727272727273,"kunnari_rate":0.0,"lyoty_rate":0.4230769230769231,"tuotu_rate":0.010101010101010102,"haava_rate":0.46153846153846156,"palo_rate":0.057692307692307696,"tehot_per_turn":0.4423076923076923,"kl_per_turn":0.6538461538461539,"hr_rbi_per_turn":0.4230769230769231,"kl_base0":0.0,"kl_base0_tries":1,"kl_base1":0.8333333333333334,"kl_base1_tries":6,"kl_base2":0.4375,"kl_base2_tries":16,"kl_base3":0.43137254901960786,"kl_base3_tries":51,"adv1_pct":0.0,"adv2_pct":0.8333333333333334,"adv3_pct":0.4375,"adv_home_pct":0.43137254901960786,"money_kl_pct":0.43137254901960786,"money_kl_tries":51,"pos":null,"teho_plus":208,"adv_plus":89,"runner_plus":115,"out_avoid_plus":141,"adv1_plus":0,"adv2_plus":145,"adv3_plus":69,"adv_home_plus":91,"money_kl_plus":91,"spark_index":107,"run_value":13.88005073120551,"raa":7.4,"jyk":10.2,"vyk":0.69,"teho_plus_adj":215},{"player_id":13381,"name":"Aada Stubbe","born_year":null,"year":2026,"games":9,"team":"Pesä Ysit","turns_at_bat":28,"kunnarit":1,"lyodyt":5,"tuodut":2,"karkilyonnit":19,"karki_yritykset":30,"saatot":39,"saatto_yritykset":58,"etenemiset":26,"eteneminen_yritykset":44,"haavat":13,"palot":5,"season_id":4,"tehot":8,"kl_pct":0.6333333333333333,"saatto_pct":0.6724137931034483,"eten_pct":0.5909090909090909,"kunnari_rate":0.03571428571428571,"lyoty_rate":0.17857142857142858,"tuotu_rate":0.045454545454545456,"haava_rate":0.4642857142857143,"palo_rate":0.17857142857142858,"tehot_per_turn":0.2857142857142857,"kl_per_turn":0.6785714285714286,"hr_rbi_per_turn":0.21428571428571427,"kl_base0":0.25,"kl_base0_tries":4,"kl_base1":0.4,"kl_base1_tries":5,"kl_base2":0.7692307692307693,"kl_base2_tries":13,"kl_base3":0.75,"kl_base3_tries":8,"adv1_pct":0.25,"adv2_pct":0.4,"adv3_pct":0.7692307692307693,"adv_home_pct":0.75,"money_kl_pct":0.75,"money_kl_tries":8,"pos":"3V","teho_plus":135,"adv_plus":107,"runner_plus":93,"out_avoid_plus":123,"adv1_plus":43,"adv2_plus":69,"adv3_plus":121,"adv_home_plus":158,"money_kl_plus":158,"spark_index":106,"run_value":5.022701306121432,"raa":1.5,"jyk":3.1,"vyk":0.21,"teho_plus_adj":131},{"player_id":9569,"name":"Joanna Paukkunen","born_year":null,"year":2026,"games":14,"team":"Pesä Ysit","turns_at_bat":86,"kunnarit":2,"lyodyt":3,"tuodut":16,"karkilyonnit":50,"karki_yritykset":78,"saatot":93,"saatto_yritykset":136,"etenemiset":112,"eteneminen_yritykset":173,"haavat":29,"palot":32,"season_id":4,"tehot":21,"kl_pct":0.6410256410256411,"saatto_pct":0.6838235294117647,"eten_pct":0.6473988439306358,"kunnari_rate":0.023255813953488372,"lyoty_rate":0.03488372093023256,"tuotu_rate":0.09248554913294797,"haava_rate":0.3372093023255814,"palo_rate":0.37209302325581395,"tehot_per_turn":0.2441860465116279,"kl_per_turn":0.5813953488372093,"hr_rbi_per_turn":0.05813953488372093,"kl_base0":0.72,"kl_base0_tries":25,"kl_base1":0.6097560975609756,"kl_base1_tries":41,"kl_base2":0.4,"kl_base2_tries":5,"kl_base3":0.7142857142857143,"kl_base3_tries":7,"adv1_pct":0.72,"adv2_pct":0.6097560975609756,"adv3_pct":0.4,"adv_home_pct":0.7142857142857143,"money_kl_pct":0.7142857142857143,"money_kl_tries":7,"pos":"3K","teho_plus":115,"adv_plus":109,"runner_plus":102,"out_avoid_plus":94,"adv1_plus":124,"adv2_plus":106,"adv3_plus":63,"adv_home_plus":151,"money_kl_plus":151,"spark_index":104,"run_value":11.965076002380616,"raa":1.3,"jyk":5.9,"vyk":0.4,"teho_plus_adj":117},{"player_id":9485,"name":"Lotta Anttonen","born_year":null,"year":2026,"games":12,"team":"Pesä Ysit","turns_at_bat":82,"kunnarit":0,"lyodyt":0,"tuodut":24,"karkilyonnit":43,"karki_yritykset":79,"saatot":66,"saatto_yritykset":110,"etenemiset":121,