{"team":"PuPe","slug":"pupe","season":{"id":3,"year":2026,"series":"Miesten Ykköspesis"},"roster":[{"player_id":7141,"name":"Toni Toivanen","born_year":null,"year":2026,"games":11,"team":"PuPe","turns_at_bat":58,"kunnarit":1,"lyodyt":9,"tuodut":1,"karkilyonnit":30,"karki_yritykset":58,"saatot":96,"saatto_yritykset":146,"etenemiset":74,"eteneminen_yritykset":115,"haavat":27,"palot":14,"season_id":3,"tehot":11,"kl_pct":0.5172413793103449,"saatto_pct":0.6575342465753424,"eten_pct":0.6434782608695652,"kunnari_rate":0.017241379310344827,"lyoty_rate":0.15517241379310345,"tuotu_rate":0.008695652173913044,"haava_rate":0.46551724137931033,"palo_rate":0.2413793103448276,"tehot_per_turn":0.1896551724137931,"kl_per_turn":0.5172413793103449,"hr_rbi_per_turn":0.1724137931034483,"kl_base0":0.0,"kl_base0_tries":3,"kl_base1":0.4444444444444444,"kl_base1_tries":9,"kl_base2":0.7272727272727273,"kl_base2_tries":22,"kl_base3":0.4166666666666667,"kl_base3_tries":24,"adv1_pct":0.0,"adv2_pct":0.4444444444444444,"adv3_pct":0.7272727272727273,"adv_home_pct":0.4166666666666667,"money_kl_pct":0.4166666666666667,"money_kl_tries":24,"pos":"2V","teho_plus":112,"adv_plus":109,"runner_plus":109,"out_avoid_plus":113,"adv1_plus":0,"adv2_plus":80,"adv3_plus":127,"adv_home_plus":92,"money_kl_plus":92,"spark_index":110,"run_value":8.368066389944504,"raa":2.2,"jyk":5.5,"vyk":0.47,"teho_plus_adj":122},{"player_id":8772,"name":"Aleksanteri Haukka","born_year":null,"year":2026,"games":12,"team":"PuPe","turns_at_bat":86,"kunnarit":1,"lyodyt":1,"tuodut":10,"karkilyonnit":61,"karki_yritykset":93,"saatot":112,"saatto_yritykset":161,"etenemiset":97,"eteneminen_yritykset":166,"haavat":34,"palot":35,"season_id":3,"tehot":12,"kl_pct":0.6559139784946236,"saatto_pct":0.6956521739130435,"eten_pct":0.5843373493975904,"kunnari_rate":0.011627906976744186,"lyoty_rate":0.011627906976744186,"tuotu_rate":0.060240963855421686,"haava_rate":0.3953488372093023,"palo_rate":0.4069767441860465,"tehot_per_turn":0.13953488372093023,"kl_per_turn":0.7093023255813954,"hr_rbi_per_turn":0.023255813953488372,"kl_base0":0.3157894736842105,"kl_base0_tries":19,"kl_base1":0.734375,"kl_base1_tries":64,"kl_base2":0.75,"kl_base2_tries":8,"kl_base3":1.0,"kl_base3_tries":2,"adv1_pct":0.3157894736842105,"adv2_pct":0.734375,"adv3_pct":0.75,"adv_home_pct":1.0,"money_kl_pct":1.0,"money_kl_tries":2,"pos":"3K","teho_plus":83,"adv_plus":120,"runner_plus":99,"out_avoid_plus":88,"adv1_plus":66,"adv2_plus":133,"adv3_plus":131,"adv_home_plus":221,"money_kl_plus":221,"spark_index":107,"run_value":10.160540698488784,"raa":0.9,"jyk":5.9,"vyk":0.5,"teho_plus_adj":88},{"player_id":11624,"name":"Nestori Moisio","born_year":null,"year":2026,"games":12,"team":"PuPe","turns_at_bat":78,"kunnarit":0,"lyodyt":1,"tuodut":5,"karkilyonnit":39,"karki_yritykset":67,"saatot":101,"saatto_yritykset":152,"etenemiset":90,"eteneminen_yritykset":153,"haavat":34,"palot":29,"season_id":3,"tehot":6,"kl_pct":0.582089552238806,"saatto_pct":0.6644736842105263,"eten_pct":0.5882352941176471,"kunnari_rate":0.0,"lyoty_rate":0.01282051282051282,"tuotu_rate":0.032679738562091505,"haava_rate":0.4358974358974359,"palo_rate":0.3717948717948718,"tehot_per_turn":0.07692307692307693,"kl_per_turn":0.5,"hr_rbi_per_turn":0.01282051282051282,"kl_base0":0.5882352941176471,"kl_base0_tries":17,"kl_base1":0.5,"kl_base1_tries":20,"kl_base2":0.6923076923076923,"kl_base2_tries":26,"kl_base3":0.25,"kl_base3_tries":4,"adv1_pct":0.5882352941176471,"adv2_pct":0.5,"adv3_pct":0.6923076923076923,"adv_home_pct":0.25,"money_kl_pct":0.25,"money_kl_tries":4,"pos":"3V","teho_plus":46,"adv_plus":113,"runner_plus":100,"out_avoid_plus":94,"adv1_plus":123,"adv2_plus":90,"adv3_plus":120,"adv_home_plus":55,"money_kl_plus":55,"spark_index":105,"run_value":6.056117141972198,"raa":-2.3,"jyk":2.2,"vyk":0.19,"teho_plus_adj":46},{"player_id":7364,"name":"Ville Pietinen","born_year":null,"year":2026,"games":12,"team":"PuPe","turns_at_bat":76,"kunnarit":0,"lyodyt":0,"tuodut":2,"karkilyonnit":37,"karki_yritykset":70,"saatot":97,"saatto_yritykset":155,"etenemiset":72,"eteneminen_yritykset":130,"haavat":38,"palot":20,"season_id":3,"tehot":2,"kl_pct":0.5285714285714286,"saatto_pct":0.6258064516129033,"eten_pct":0.5538461538461539,"kunnari_rate":0.0,"lyoty_rate":0.0,"tuotu_rate":0.015384615384615385,"haava_rate":0.5,"palo_rate":0.2631578947368421,"tehot_per_turn":0.02631578947368421,"kl_per_turn":0.4868421052631579,"hr_rbi_per_turn":0.0,"kl_base0":0.3076923076923077,"kl_base0_tries":13,"kl_base1":0.7083333333333334,"kl_base1_tries":24,"kl_base2":0.5714285714285714,"kl_base2_tries":28,"kl_base3":0.0,"kl_base3_tries":5,"adv1_pct":0.3076923076923077,"adv2_pct":0.7083333333333334,"adv3_pct":0.5714285714285714,"adv_home_pct":0.0,"money_kl_pct":0.0,"money_kl_tries":5,"pos":"2K","teho_plus":16,"adv_plus":105,"runner_plus":94,"out_avoid_plus":110,"adv1_plus":65,"adv2_plus":128,"adv3_plus":99,"adv_home_plus":0,"money_kl_plus":0,"spark_index":103,"run_value":4.490806642032563,"raa":-3.7,"jyk":0.7,"vyk":0.06,"teho_plus_adj":17},{"player_id":8016,"name":"Misa Märsylä","born_year":null,"year":2026,"games":12,"team":"PuPe","turns_at_bat":80,"kunnarit":0,"lyodyt":2,"tuodut":10,"karkilyonnit":45,"karki_yritykset":74,"saatot":68,"saatto_yritykset":109,"etenemiset":94,"eteneminen_yritykset":156,"haavat":23,"palot":39,"season_id":3,"tehot":12,"kl_pct":0.6081081081081081,"saatto_pct":0.6238532110091743,"eten_pct":0.6025641025641025,"kunnari_rate":0.0,"lyoty_rate":0.025,"tuotu_rate":0.0641025641025641,"haava_rate":0.2875,"palo_rate":0.4875,"tehot_per_turn":0.15,"kl_per_turn":0.5625,"hr_rbi_per_turn":0.025,"kl_base0":0.5952380952380952,"kl_base0_tries":42,"kl_base1":0.6842105263157895,"kl_base1_tries":19,"kl_base2":0.625,"kl_base2_tries":8,"kl_base3":0.4,"kl_base3_tries":5,"adv1_pct":0.5952380952380952,"adv2_pct":0.6842105263157895,"adv3_pct":0.625,"adv_home_pct":0.4,"money_kl_pct":0.4,"money_kl_tries":5,"pos":null,"teho_plus":89,"adv_plus":109,"runner_plus":102,"out_avoid_plus":76,"adv1_plus":125,"adv2_plus":124,"adv3_plus":109,"adv_home_plus":88,"money_kl_plus":88,"spark_index":100,"run_value":7.540141393287573,"raa":-1.0,"jyk":3.6,"vyk":0.31,"teho_plus_adj":94},{"player_id":17602,"name":"Eemil Asikainen","born_year":null,"year":2026,"games":5,"team":"PuPe","turns_at_bat":25,"kunnarit":0,"lyodyt":0,"tuodut":3,"karkilyonnit":9,"karki_yritykset":18,"saatot":15,"saatto_yritykset":27,"etenemiset":31,"eteneminen_yritykset":50,"haavat":11,"palot":8,"season_id":3,"tehot":3,"kl_pct":0.5,"saatto_pct":0.5555555555555556,"eten_pct":0.62,"kunnari_rate":0.0,"lyoty_rate":0.0,"tuotu_rate":0.06,"haava_rate":0.44,"palo_rate":0.32,"tehot_per_turn":0.12,"kl_per_turn":0.36,"hr_rbi_per_turn":0.0,"kl_base0":0.5,"kl_base0_tries":12,"kl_base1":0.75,"kl_base1_tries":4,"kl_base2":0.0,"kl_base2_tries":2,"kl_base3":null,"kl_base3_tries":0,"adv1_pct":0.5,"adv2_pct":0.75,"adv3_pct":0.0,"adv_home_pct":null,"money_kl_pct":null,"money_kl_tries":0,"pos":"3P","teho_plus":71,"adv_plus":94,"runner_plus":105,"out_avoid_plus":101,"adv1_plus":105,"adv2_plus":136,"adv3_plus":0,"adv_home_plus":null,"money_kl_plus":null,"spark_index":99,"run_value":1.7810177910739544,"raa":-0.9,"jyk":0.5,"vyk":0.04,"teho_plus_adj":73},{"player_id":11629,"name":"Ilari Penttinen","born_year":null,"year":2026,"games":7,"team":"PuPe","turns_at_bat":46,"kunnarit":0,"lyodyt":1,"tuodut":3,"karkilyonnit":25,"karki_yritykset":45,"saatot":31,"saatto_yritykset":55,"etenemiset":66,"eteneminen_yritykset":105,"haavat":16,"palot":23,"season_id":3,"tehot":4,"kl_pct":0.5555555555555556,"saatto_pct":0.5636363636363636,"eten_pct":0.6285714285714286,"kunnari_rate":0.0,"lyoty_rate":0.021739130434782608,"tuotu_rate":0.02857142857142857,"haava_rate":0.34782608695652173,"palo_rate":0.5,"tehot_per_turn":0.08695652173913043,"kl_per_turn":0.5434782608695652,"hr_rbi_per_turn":0.021739130434782608,"kl_base0":0.5833333333333334,"kl_base0_tries":36,"kl_base1":0.6666666666666666,"kl_base1_tries":3,"kl_base2":0.5,"kl_base2_tries":2,