{"team":"Tahko","slug":"tahko","season":{"id":1,"year":2026,"series":"Miesten Superpesis"},"roster":[{"player_id":7232,"name":"Teemu Nurmio","born_year":null,"year":2026,"games":17,"team":"Tahko","turns_at_bat":130,"kunnarit":2,"lyodyt":2,"tuodut":24,"karkilyonnit":101,"karki_yritykset":144,"saatot":161,"saatto_yritykset":229,"etenemiset":166,"eteneminen_yritykset":271,"haavat":51,"palot":54,"season_id":1,"tehot":28,"kl_pct":0.7013888888888888,"saatto_pct":0.7030567685589519,"eten_pct":0.6125461254612546,"kunnari_rate":0.015384615384615385,"lyoty_rate":0.015384615384615385,"tuotu_rate":0.08856088560885608,"haava_rate":0.3923076923076923,"palo_rate":0.4153846153846154,"tehot_per_turn":0.2153846153846154,"kl_per_turn":0.7769230769230769,"hr_rbi_per_turn":0.03076923076923077,"kl_base0":0.6666666666666666,"kl_base0_tries":39,"kl_base1":0.7127659574468085,"kl_base1_tries":94,"kl_base2":0.6666666666666666,"kl_base2_tries":6,"kl_base3":0.8,"kl_base3_tries":5,"adv1_pct":0.6666666666666666,"adv2_pct":0.7127659574468085,"adv3_pct":0.6666666666666666,"adv_home_pct":0.8,"money_kl_pct":0.8,"money_kl_tries":5,"pos":"2K","teho_plus":133,"adv_plus":124,"runner_plus":104,"out_avoid_plus":87,"adv1_plus":125,"adv2_plus":135,"adv3_plus":117,"adv_home_plus":178,"money_kl_plus":178,"spark_index":111,"run_value":12.478701095749017,"raa":3.1,"jyk":8.5,"vyk":0.76,"teho_plus_adj":125},{"player_id":7004,"name":"Valentin Ikonen","born_year":null,"year":2026,"games":16,"team":"Tahko","turns_at_bat":103,"kunnarit":0,"lyodyt":20,"tuodut":4,"karkilyonnit":59,"karki_yritykset":115,"saatot":183,"saatto_yritykset":289,"etenemiset":134,"eteneminen_yritykset":210,"haavat":57,"palot":19,"season_id":1,"tehot":24,"kl_pct":0.5130434782608696,"saatto_pct":0.6332179930795848,"eten_pct":0.638095238095238,"kunnari_rate":0.0,"lyoty_rate":0.1941747572815534,"tuotu_rate":0.01904761904761905,"haava_rate":0.5533980582524272,"palo_rate":0.18446601941747573,"tehot_per_turn":0.23300970873786409,"kl_per_turn":0.5728155339805825,"hr_rbi_per_turn":0.1941747572815534,"kl_base0":0.3333333333333333,"kl_base0_tries":6,"kl_base1":0.2,"kl_base1_tries":20,"kl_base2":0.6226415094339622,"kl_base2_tries":53,"kl_base3":0.5555555555555556,"kl_base3_tries":36,"adv1_pct":0.3333333333333333,"adv2_pct":0.2,"adv3_pct":0.6226415094339622,"adv_home_pct":0.5555555555555556,"money_kl_pct":0.5555555555555556,"money_kl_tries":36,"pos":"2V","teho_plus":144,"adv_plus":106,"runner_plus":109,"out_avoid_plus":121,"adv1_plus":62,"adv2_plus":38,"adv3_plus":109,"adv_home_plus":124,"money_kl_plus":124,"spark_index":110,"run_value":13.322304731029588,"raa":5.9,"jyk":10.2,"vyk":0.91,"teho_plus_adj":135},{"player_id":9571,"name":"Luka Raesmaa","born_year":null,"year":2026,"games":17,"team":"Tahko","turns_at_bat":125,"kunnarit":2,"lyodyt":1,"tuodut":22,"karkilyonnit":67,"karki_yritykset":103,"saatot":77,"saatto_yritykset":119,"etenemiset":169,"eteneminen_yritykset":269,"haavat":45,"palot":55,"season_id":1,"tehot":25,"kl_pct":0.6504854368932039,"saatto_pct":0.6470588235294118,"eten_pct":0.6282527881040892,"kunnari_rate":0.016,"lyoty_rate":0.008,"tuotu_rate":0.08178438661710037,"haava_rate":0.36,"palo_rate":0.44,"tehot_per_turn":0.2,"kl_per_turn":0.536,"hr_rbi_per_turn":0.024,"kl_base0":0.6451612903225806,"kl_base0_tries":93,"kl_base1":1.0,"kl_base1_tries":2,"kl_base2":0.5,"kl_base2_tries":4,"kl_base3":0.75,"kl_base3_tries":4,"adv1_pct":0.6451612903225806,"adv2_pct":1.0,"adv3_pct":0.5,"adv_home_pct":0.75,"money_kl_pct":0.75,"money_kl_tries":4,"pos":"3K","teho_plus":124,"adv_plus":114,"runner_plus":107,"out_avoid_plus":83,"adv1_plus":121,"adv2_plus":189,"adv3_plus":88,"adv_home_plus":167,"money_kl_plus":167,"spark_index":106,"run_value":9.098019635278334,"raa":0.1,"jyk":5.2,"vyk":0.46,"teho_plus_adj":117},{"player_id":7911,"name":"Santtu Patova","born_year":null,"year":2026,"games":17,"team":"Tahko","turns_at_bat":118,"kunnarit":1,"lyodyt":23,"tuodut":8,"karkilyonnit":58,"karki_yritykset":113,"saatot":153,"saatto_yritykset":268,"etenemiset":139,"eteneminen_yritykset":228,"haavat":57,"palot":32,"season_id":1,"tehot":32,"kl_pct":0.5132743362831859,"saatto_pct":0.5708955223880597,"eten_pct":0.6096491228070176,"kunnari_rate":0.00847457627118644,"lyoty_rate":0.19491525423728814,"tuotu_rate":0.03508771929824561,"haava_rate":0.4830508474576271,"palo_rate":0.2711864406779661,"tehot_per_turn":0.2711864406779661,"kl_per_turn":0.4915254237288136,"hr_rbi_per_turn":0.2033898305084746,"kl_base0":0.5416666666666666,"kl_base0_tries":24,"kl_base1":0.2727272727272727,"kl_base1_tries":11,"kl_base2":0.5625,"kl_base2_tries":32,"kl_base3":0.5217391304347826,"kl_base3_tries":46,"adv1_pct":0.5416666666666666,"adv2_pct":0.2727272727272727,"adv3_pct":0.5625,"adv_home_pct":0.5217391304347826,"money_kl_pct":0.5217391304347826,"money_kl_tries":46,"pos":"3P","teho_plus":168,"adv_plus":98,"runner_plus":104,"out_avoid_plus":108,"adv1_plus":101,"adv2_plus":52,"adv3_plus":99,"adv_home_plus":116,"money_kl_plus":116,"spark_index":102,"run_value":14.586973607273144,"raa":6.1,"jyk":11.0,"vyk":0.98,"teho_plus_adj":160},{"player_id":10913,"name":"Aapo Kinnunen","born_year":null,"year":2026,"games":12,"team":"Tahko","turns_at_bat":87,"kunnarit":1,"lyodyt":2,"tuodut":10,"karkilyonnit":49,"karki_yritykset":80,"saatot":114,"saatto_yritykset":177,"etenemiset":93,"eteneminen_yritykset":164,"haavat":34,"palot":37,"season_id":1,"tehot":13,"kl_pct":0.6125,"saatto_pct":0.6440677966101694,"eten_pct":0.5670731707317073,"kunnari_rate":0.011494252873563218,"lyoty_rate":0.022988505747126436,"tuotu_rate":0.06097560975609756,"haava_rate":0.39080459770114945,"palo_rate":0.42528735632183906,"tehot_per_turn":0.14942528735632185,"kl_per_turn":0.5632183908045977,"hr_rbi_per_turn":0.034482758620689655,"kl_base0":0.5,"kl_base0_tries":8,"kl_base1":0.6176470588235294,"kl_base1_tries":34,"kl_base2":0.6363636363636364,"kl_base2_tries":33,"kl_base3":0.6,"kl_base3_tries":5,"adv1_pct":0.5,"adv2_pct":0.6176470588235294,"adv3_pct":0.6363636363636364,"adv_home_pct":0.6,"money_kl_pct":0.6,"money_kl_tries":5,"pos":"3V","teho_plus":93,"adv_plus":112,"runner_plus":96,"out_avoid_plus":85,"adv1_plus":93,"adv2_plus":117,"adv3_plus":112,"adv_home_plus":133,"money_kl_plus":133,"spark_index":102,"run_value":5.709887052841291,"raa":-0.6,"jyk":3.0,"vyk":0.27,"teho_plus_adj":91},{"player_id":8111,"name":"Eero Kuitunen","born_year":null,"year":2026,"games":12,"team":"Tahko","turns_at_bat":72,"kunnarit":1,"lyodyt":4,"tuodut":9,"karkilyonnit":34,"karki_yritykset":57,"saatot":60,"saatto_yritykset":102,"etenemiset":86,"eteneminen_yritykset":145,"haavat":33,"palot":26,"season_id":1,"tehot":14,"kl_pct":0.5964912280701754,"saatto_pct":0.5882352941176471,"eten_pct":0.593103448275862,"kunnari_rate":0.013888888888888888,"lyoty_rate":0.05555555555555555,"tuotu_rate":0.06206896551724138,"haava_rate":0.4583333333333333,"palo_rate":0.3611111111111111,"tehot_per_turn":0.19444444444444445,"kl_per_turn":0.4722222222222222,"hr_rbi_per_turn":0.06944444444444445,"kl_base0":0.6111111111111112,"kl_base0_tries":36,"kl_base1":0.25,"kl_base1_tries":4,"kl_base2":0.6,"kl_base2_tries":10,"kl_base3":0.7142857142857143,"kl_base3_tries":7,"adv1_pct":0.6111111111111112,"adv2_pct":0.25,"adv3_pct":0.6,"adv_home_pct":0.7142857142857143,"money_kl_pct":0.7142857142857143,"money_kl_tries":7,"pos":"S","teho_plus":120,"adv_plus":104,"runner_plus":101,"out_avoid_plus":95,"adv1_plus":114,"adv2_plus":47,"adv3_plus":105,"adv_home_plus":159,"money_kl_plus":159,"spark_index":101,"run_value":5.601442694558893,"raa":0.4,"jyk":3.4,"vyk":0.3,"teho_plus_adj":113},{"player_id":10446,"name":"Veeti Kettunen","born_year":null,"year":2026,"games":17,"team":"Tahko","turns_at_bat":117,"kunnarit":0,"lyodyt":0,"tuodut":6,"karkilyonnit":53,"karki_yritykset":108,"saatot":130,"saatto_yritykset":212,"etenemiset":116,"eteneminen_yritykset":209,"haavat":63,"palot":30,"season_id":1,"tehot":6,"kl_pct":0.49074074074074076,"saatto_pct":0.6132075471698113,"eten_pct":0.5550239234449761,