{"player":{"id":1000,"name":"Teija Storbacka","born_year":null},"career":[{"year":1999,"age":null,"games":21,"turns_at_bat":33,"vyk":-0.07,"spark_index":73,"adv_plus":64,"runner_plus":68,"out_avoid_plus":105,"money_kl_plus":70,"teho_plus":15,"teho_plus_adj":16},{"year":2000,"age":null,"games":22,"turns_at_bat":105,"vyk":0.12,"spark_index":85,"adv_plus":82,"runner_plus":75,"out_avoid_plus":109,"money_kl_plus":134,"teho_plus":64,"teho_plus_adj":65}],"line":{"player_id":1000,"name":"Teija Storbacka","born_year":null,"year":2000,"games":22,"team":"ViVe","turns_at_bat":105,"kunnarit":2,"lyodyt":5,"tuodut":6,"karkilyonnit":46,"karki_yritykset":102,"saatot":90,"saatto_yritykset":187,"etenemiset":72,"eteneminen_yritykset":160,"haavat":64,"palot":24,"season_id":33,"tehot":13,"kl_pct":0.45098039215686275,"saatto_pct":0.48128342245989303,"eten_pct":0.45,"kunnari_rate":0.01904761904761905,"lyoty_rate":0.047619047619047616,"tuotu_rate":0.0375,"haava_rate":0.6095238095238096,"palo_rate":0.22857142857142856,"tehot_per_turn":0.12380952380952381,"kl_per_turn":0.4380952380952381,"hr_rbi_per_turn":0.06666666666666667,"kl_base0":0.37142857142857144,"kl_base0_tries":35,"kl_base1":0.358974358974359,"kl_base1_tries":39,"kl_base2":0.7058823529411765,"kl_base2_tries":17,"kl_base3":0.6363636363636364,"kl_base3_tries":11,"adv1_pct":0.37142857142857144,"adv2_pct":0.358974358974359,"adv3_pct":0.7058823529411765,"adv_home_pct":0.6363636363636364,"money_kl_pct":0.6363636363636364,"money_kl_tries":11,"pos":"2V","teho_plus":64,"adv_plus":82,"runner_plus":75,"out_avoid_plus":109,"adv1_plus":75,"adv2_plus":69,"adv3_plus":113,"adv_home_plus":134,"money_kl_plus":134,"spark_index":85,"run_value":1.9460400546528014,"raa":-1.3,"jyk":1.9,"vyk":0.12,"teho_plus_adj":65,"pct_kl_pct":33,"pct_saatto_pct":22,"pct_eten_pct":9,"pct_kunnari_rate":88,"pct_lyoty_rate":45,"pct_palo_rate":65,"pct_tehot_per_turn":28},"proj":null,"translation":null,"career_json":[{"year":1999,"kl_pct":0.3,"teho_plus":15},{"year":2000,"kl_pct":0.45098039215686275,"teho_plus":64}],"pct_stats":["kl_pct","saatto_pct","eten_pct","kunnari_rate","lyoty_rate","palo_rate","tehot_per_turn"],"base_kl":{"player_id":1000,"turns_at_bat":105,"kl_base0":0.37142857142857144,"kl_base0_tries":35,"kl_base1":0.358974358974359,"kl_base1_tries":39,"kl_base2":0.7058823529411765,"kl_base2_tries":17,"kl_base3":0.6363636363636364,"kl_base3_tries":11,"pct_kl_base0":21,"pct_kl_base1":28,"pct_kl_base2":78,"pct_kl_base3":83},"base_keys":["kl_base0","kl_base1","kl_base2","kl_base3"],"comps":[]}