{"player":{"id":10011,"name":"Sara Kujanen","born_year":null},"career":[{"player_id":10011,"name":"Sara Kujanen","born_year":null,"year":2026,"games":14,"team":"Kirittäret","turns_at_bat":66,"kunnarit":0,"lyodyt":25,"tuodut":1,"karkilyonnit":35,"karki_yritykset":85,"saatot":86,"saatto_yritykset":187,"etenemiset":51,"eteneminen_yritykset":87,"haavat":27,"palot":9,"season_id":2,"tehot":26,"kl_pct":0.4117647058823529,"saatto_pct":0.45989304812834225,"eten_pct":0.5862068965517241,"kunnari_rate":0.0,"lyoty_rate":0.3787878787878788,"tuotu_rate":0.011494252873563218,"haava_rate":0.4090909090909091,"palo_rate":0.13636363636363635,"tehot_per_turn":0.3939393939393939,"kl_per_turn":0.5303030303030303,"hr_rbi_per_turn":0.3787878787878788,"kl_base0":0.0,"kl_base0_tries":2,"kl_base1":0.4,"kl_base1_tries":5,"kl_base2":0.42105263157894735,"kl_base2_tries":19,"kl_base3":0.423728813559322,"kl_base3_tries":59,"adv1_pct":0.0,"adv2_pct":0.4,"adv3_pct":0.42105263157894735,"adv_home_pct":0.423728813559322,"money_kl_pct":0.423728813559322,"money_kl_tries":59,"teho_plus":228,"adv_plus":78,"runner_plus":98,"out_avoid_plus":131,"adv1_plus":0,"adv2_plus":72,"adv3_plus":70,"adv_home_plus":95,"money_kl_plus":95,"spark_index":95,"teho_plus_adj":224}],"line":{"player_id":10011,"name":"Sara Kujanen","born_year":null,"year":2026,"games":14,"team":"Kirittäret","turns_at_bat":66,"kunnarit":0,"lyodyt":25,"tuodut":1,"karkilyonnit":35,"karki_yritykset":85,"saatot":86,"saatto_yritykset":187,"etenemiset":51,"eteneminen_yritykset":87,"haavat":27,"palot":9,"season_id":2,"tehot":26,"kl_pct":0.4117647058823529,"saatto_pct":0.45989304812834225,"eten_pct":0.5862068965517241,"kunnari_rate":0.0,"lyoty_rate":0.3787878787878788,"tuotu_rate":0.011494252873563218,"haava_rate":0.4090909090909091,"palo_rate":0.13636363636363635,"tehot_per_turn":0.3939393939393939,"kl_per_turn":0.5303030303030303,"hr_rbi_per_turn":0.3787878787878788,"kl_base0":0.0,"kl_base0_tries":2,"kl_base1":0.4,"kl_base1_tries":5,"kl_base2":0.42105263157894735,"kl_base2_tries":19,"kl_base3":0.423728813559322,"kl_base3_tries":59,"adv1_pct":0.0,"adv2_pct":0.4,"adv3_pct":0.42105263157894735,"adv_home_pct":0.423728813559322,"money_kl_pct":0.423728813559322,"money_kl_tries":59,"teho_plus":228,"adv_plus":78,"runner_plus":98,"out_avoid_plus":131,"adv1_plus":0,"adv2_plus":72,"adv3_plus":70,"adv_home_plus":95,"money_kl_plus":95,"spark_index":95,"teho_plus_adj":224,"pct_kl_pct":17,"pct_saatto_pct":12,"pct_eten_pct":53,"pct_kunnari_rate":35,"pct_lyoty_rate":97,"pct_palo_rate":98,"pct_tehot_per_turn":93},"proj":{"player_id":10011,"name":"Sara Kujanen","as_of":"2026-06-29","age":null,"stats":{"kl_pct":{"rate":0.4625273741433287,"effective_n":78.56304105872596,"observed":0.41292519665911653},"saatto_pct":{"rate":0.4873077397503192,"effective_n":168.24031951334683,"observed":0.4608957466779827},"eten_pct":{"rate":0.5907795327728578,"effective_n":78.16679161152123,"observed":0.5871495390951106},"kunnari_rate":{"rate":0.0036354748726427507,"effective_n":62.63408798900141,"observed":0.0},"lyoty_rate":{"rate":0.2094512811500416,"effective_n":61.03920101575244,"observed":0.38123193221257745},"haava_rate":{"rate":0.40667978462442417,"effective_n":58.014482112919495,"observed":0.4147921436743156},"palo_rate":{"rate":0.2517409834805977,"effective_n":59.50004166748214,"observed":0.12872890627743963}},"teho_plus_proj":226},"career_json":[{"year":2026,"kl_pct":0.4117647058823529,"teho_plus":228}],"pct_stats":["kl_pct","saatto_pct","eten_pct","kunnari_rate","lyoty_rate","palo_rate","tehot_per_turn"],"base_kl":{"player_id":10011,"turns_at_bat":66,"kl_base0":0.0,"kl_base0_tries":2,"kl_base1":0.4,"kl_base1_tries":5,"kl_base2":0.42105263157894735,"kl_base2_tries":19,"kl_base3":0.423728813559322,"kl_base3_tries":59,"pct_kl_base0":4,"pct_kl_base1":24,"pct_kl_base2":21,"pct_kl_base3":44},"base_keys":["kl_base0","kl_base1","kl_base2","kl_base3"],"log":[{"player_id":10011,"season_id":2,"match_id":129103,"date":"2026-05-08","team":"Kirittäret","opponent":"Manse","home":1,"turns_at_bat":4,"kunnarit":0,"lyodyt":2,"tuodut":0,"karkilyonnit":3,"karki_yritykset":5,"saatot":5,"saatto_yritykset":10,"etenemiset":2,"eteneminen_yritykset":5,"haavat":2,"palot":1,"stadium":"Hippoksen pesäpallostadion, Jyväskylä","tehot":2,"kl_pct":0.6},{"player_id":10011,"season_id":2,"match_id":129161,"date":"2026-05-11","team":"Kirittäret","opponent":"Virkiä","home":0,"turns_at_bat":3,"kunnarit":0,"lyodyt":2,"tuodut":0,"karkilyonnit":2,"karki_yritykset":4,"saatot":2,"saatto_yritykset":8,"etenemiset":0,"eteneminen_yritykset":3,"haavat":1,"palot":2,"stadium":"K Power Stadion, Lapua","tehot":2,"kl_pct":0.5},{"player_id":10011,"season_id":2,"match_id":129128,"date":"2026-05-13","team":"Kirittäret","opponent":"Fera","home":0,"turns_at_bat":4,"kunnarit":0,"lyodyt":1,"tuodut":0,"karkilyonnit":2,"karki_yritykset":6,"saatot":4,"saatto_yritykset":14,"etenemiset":2,"eteneminen_yritykset":6,"haavat":2,"palot":2,"stadium":"Buena Vista Areena, Rauma","tehot":1,"kl_pct":0.3333333333333333},{"player_id":10011,"season_id":2,"match_id":129086,"date":"2026-05-16","team":"Kirittäret","opponent":"PöU Pesis","home":1,"turns_at_bat":7,"kunnarit":0,"lyodyt":0,"tuodut":0,"karkilyonnit":0,"karki_yritykset":6,"saatot":10,"saatto_yritykset":18,"etenemiset":10,"eteneminen_yritykset":11,"haavat":0,"palot":1,"stadium":"Hippoksen pesäpallostadion, Jyväskylä","tehot":0,"kl_pct":0.0},{"player_id":10011,"season_id":2,"match_id":129076,"date":"2026-05-22","team":"Kirittäret","opponent":"Jyske","home":1,"turns_at_bat":4,"kunnarit":0,"lyodyt":3,"tuodut":0,"karkilyonnit":3,"karki_yritykset":5,"saatot":10,"saatto_yritykset":16,"etenemiset":7,"eteneminen_yritykset":11,"haavat":3,"palot":1,"stadium":"Hippoksen pesäpallostadion, Jyväskylä","tehot":3,"kl_pct":0.6},{"player_id":10011,"season_id":2,"match_id":129132,"date":"2026-05-26","team":"Kirittäret","opponent":"Jussittaret","home":1,"turns_at_bat":3,"kunnarit":0,"lyodyt":0,"tuodut":0,"karkilyonnit":2,"karki_yritykset":6,"saatot":2,"saatto_yritykset":8,"etenemiset":0,"eteneminen_yritykset":1,"haavat":1,"palot":0,"stadium":"Hippoksen pesäpallostadion, Jyväskylä","tehot":0,"kl_pct":0.3333333333333333},{"player_id":10011,"season_id":2,"match_id":129130,"date":"2026-05-29","team":"Kirittäret","opponent":"Roihuttaret","home":0,"turns_at_bat":5,"kunnarit":0,"lyodyt":3,"tuodut":0,"karkilyonnit":4,"karki_yritykset":9,"saatot":9,"saatto_yritykset":15,"etenemiset":5,"eteneminen_yritykset":6,"haavat":1,"palot":0,"stadium":"Roihuvuoren pesäpallokenttä, Helsinki","tehot":3,"kl_pct":0.4444444444444444},{"player_id":10011,"season_id":2,"match_id":129142,"date":"2026-06-02","team":"Kirittäret","opponent":"Jyske","home":0,"turns_at_bat":6,"kunnarit":0,"lyodyt":1,"tuodut":0,"karkilyonnit":2,"karki_yritykset":6,"saatot":7,"saatto_yritykset":14,"etenemiset":5,"eteneminen_yritykset":7,"haavat":1,"palot":1,"stadium":"Laserkeskus Areena, Laitila","tehot":1,"kl_pct":0.3333333333333333},{"player_id":10011,"season_id":2,"match_id":129200,"date":"2026-06-06","team":"Kirittäret","opponent":"Fera","home":1,"turns_at_bat":6,"kunnarit":0,"lyodyt":1,"tuodut":0,"karkilyonnit":3,"karki_yritykset":8,"saatot":3,"saatto_yritykset":16,"etenemiset":0,"eteneminen_yritykset":3,"haavat":3,"palot":0,"stadium":"Hippoksen pesäpallostadion, Jyväskylä","tehot":1,"kl_pct":0.375},{"player_id":10011,"season_id":2,"match_id":129152,"date":"2026-06-10","team":"Kirittäret","opponent":"PöU Pesis","home":0,"turns_at_bat":4,"kunnarit":0,"lyodyt":3,"tuodut":0,"karkilyonnit":4,"karki_yritykset":7,"saatot":9,"saatto_yritykset":16,"etenemiset":5,"eteneminen_yritykset":9,"haavat":4,"palot":0,"stadium":"Kyrön Sähkö Center, Pöytyä","tehot":3,"kl_pct":0.5714285714285714},{"player_id":10011,"season_id":2,"match_id":129194,"date":"2026-06-17","team":"Kirittäret","opponent":"Fera","home":1,"turns_at_bat":5,"kunnarit":0,"lyodyt":2,"tuodut":0,"karkilyonnit":2,"karki_yritykset":5,"saatot":5,"saatto_yritykset":12,"etenemiset":3,"eteneminen_yritykset":5,