{"player":{"id":10028,"name":"Nea Tuikka","born_year":null},"career":[{"player_id":10028,"name":"Nea Tuikka","born_year":null,"year":2026,"games":14,"team":"Lippo Naiset","turns_at_bat":72,"kunnarit":0,"lyodyt":20,"tuodut":0,"karkilyonnit":41,"karki_yritykset":80,"saatot":107,"saatto_yritykset":186,"etenemiset":69,"eteneminen_yritykset":113,"haavat":18,"palot":26,"season_id":2,"tehot":20,"kl_pct":0.5125,"saatto_pct":0.5752688172043011,"eten_pct":0.6106194690265486,"kunnari_rate":0.0,"lyoty_rate":0.2777777777777778,"tuotu_rate":0.0,"haava_rate":0.25,"palo_rate":0.3611111111111111,"tehot_per_turn":0.2777777777777778,"kl_per_turn":0.5694444444444444,"hr_rbi_per_turn":0.2777777777777778,"kl_base0":0.3333333333333333,"kl_base0_tries":3,"kl_base1":0.4444444444444444,"kl_base1_tries":9,"kl_base2":0.5925925925925926,"kl_base2_tries":27,"kl_base3":0.4878048780487805,"kl_base3_tries":41,"adv1_pct":0.3333333333333333,"adv2_pct":0.4444444444444444,"adv3_pct":0.5925925925925926,"adv_home_pct":0.4878048780487805,"money_kl_pct":0.4878048780487805,"money_kl_tries":41,"pos":null,"teho_plus":161,"adv_plus":97,"runner_plus":102,"out_avoid_plus":97,"adv1_plus":67,"adv2_plus":80,"adv3_plus":99,"adv_home_plus":109,"money_kl_plus":109,"spark_index":98,"run_value":9.756407068125746,"raa":2.7,"jyk":6.6,"vyk":0.57,"teho_plus_adj":160}],"line":{"player_id":10028,"name":"Nea Tuikka","born_year":null,"year":2026,"games":14,"team":"Lippo Naiset","turns_at_bat":72,"kunnarit":0,"lyodyt":20,"tuodut":0,"karkilyonnit":41,"karki_yritykset":80,"saatot":107,"saatto_yritykset":186,"etenemiset":69,"eteneminen_yritykset":113,"haavat":18,"palot":26,"season_id":2,"tehot":20,"kl_pct":0.5125,"saatto_pct":0.5752688172043011,"eten_pct":0.6106194690265486,"kunnari_rate":0.0,"lyoty_rate":0.2777777777777778,"tuotu_rate":0.0,"haava_rate":0.25,"palo_rate":0.3611111111111111,"tehot_per_turn":0.2777777777777778,"kl_per_turn":0.5694444444444444,"hr_rbi_per_turn":0.2777777777777778,"kl_base0":0.3333333333333333,"kl_base0_tries":3,"kl_base1":0.4444444444444444,"kl_base1_tries":9,"kl_base2":0.5925925925925926,"kl_base2_tries":27,"kl_base3":0.4878048780487805,"kl_base3_tries":41,"adv1_pct":0.3333333333333333,"adv2_pct":0.4444444444444444,"adv3_pct":0.5925925925925926,"adv_home_pct":0.4878048780487805,"money_kl_pct":0.4878048780487805,"money_kl_tries":41,"pos":null,"teho_plus":161,"adv_plus":97,"runner_plus":102,"out_avoid_plus":97,"adv1_plus":67,"adv2_plus":80,"adv3_plus":99,"adv_home_plus":109,"money_kl_plus":109,"spark_index":98,"run_value":9.756407068125746,"raa":2.7,"jyk":6.6,"vyk":0.57,"teho_plus_adj":160,"pct_kl_pct":49,"pct_saatto_pct":49,"pct_eten_pct":67,"pct_kunnari_rate":35,"pct_lyoty_rate":91,"pct_palo_rate":36,"pct_tehot_per_turn":82},"proj":{"player_id":10028,"name":"Nea Tuikka","as_of":"2026-07-02","age":null,"stats":{"kl_pct":{"rate":0.5202538812512171,"effective_n":73.89183598265265,"observed":0.5143898033857978},"saatto_pct":{"rate":0.5834337951356273,"effective_n":167.45575451232017,"observed":0.579859597642057},"eten_pct":{"rate":0.6073902709977135,"effective_n":102.55299206624673,"observed":0.6127220701082646},"kunnari_rate":{"rate":0.003529094470059157,"effective_n":68.13937779367807,"observed":0.0},"lyoty_rate":{"rate":0.16906227114961195,"effective_n":66.31634076065336,"observed":0.2784505879291868},"haava_rate":{"rate":0.34432023170583914,"effective_n":62.86985318163588,"observed":0.25261775919952456},"palo_rate":{"rate":0.3520705540436497,"effective_n":64.56078374832573,"observed":0.36302367271410046}},"teho_plus_proj":205},"career_json":[{"year":2026,"kl_pct":0.5125,"teho_plus":161}],"pct_stats":["kl_pct","saatto_pct","eten_pct","kunnari_rate","lyoty_rate","palo_rate","tehot_per_turn"],"base_kl":{"player_id":10028,"turns_at_bat":72,"kl_base0":0.3333333333333333,"kl_base0_tries":3,"kl_base1":0.4444444444444444,"kl_base1_tries":9,"kl_base2":0.5925925925925926,"kl_base2_tries":27,"kl_base3":0.4878048780487805,"kl_base3_tries":41,"pct_kl_base0":32,"pct_kl_base1":30,"pct_kl_base2":56,"pct_kl_base3":56},"base_keys":["kl_base0","kl_base1","kl_base2","kl_base3"],"comps":[]}