{"player":{"id":10046,"name":"Iida Piirainen","born_year":null},"career":[{"player_id":10046,"name":"Iida Piirainen","born_year":null,"year":2026,"games":13,"team":"AA","turns_at_bat":76,"kunnarit":2,"lyodyt":1,"tuodut":13,"karkilyonnit":51,"karki_yritykset":82,"saatot":63,"saatto_yritykset":105,"etenemiset":107,"eteneminen_yritykset":166,"haavat":21,"palot":38,"season_id":4,"tehot":16,"kl_pct":0.6219512195121951,"saatto_pct":0.6,"eten_pct":0.6445783132530121,"kunnari_rate":0.02631578947368421,"lyoty_rate":0.013157894736842105,"tuotu_rate":0.0783132530120482,"haava_rate":0.27631578947368424,"palo_rate":0.5,"tehot_per_turn":0.21052631578947367,"kl_per_turn":0.6710526315789473,"hr_rbi_per_turn":0.039473684210526314,"kl_base0":0.6724137931034483,"kl_base0_tries":58,"kl_base1":0.5555555555555556,"kl_base1_tries":9,"kl_base2":0.5,"kl_base2_tries":8,"kl_base3":0.42857142857142855,"kl_base3_tries":7,"adv1_pct":0.6724137931034483,"adv2_pct":0.5555555555555556,"adv3_pct":0.5,"adv_home_pct":0.42857142857142855,"money_kl_pct":0.42857142857142855,"money_kl_tries":7,"teho_plus":99,"adv_plus":99,"runner_plus":102,"out_avoid_plus":75,"adv1_plus":116,"adv2_plus":96,"adv3_plus":79,"adv_home_plus":90,"money_kl_plus":90,"spark_index":95,"run_value":8.957296559425412,"raa":-0.5,"jyk":3.6,"vyk":0.24,"teho_plus_adj":98}],"line":{"player_id":10046,"name":"Iida Piirainen","born_year":null,"year":2026,"games":13,"team":"AA","turns_at_bat":76,"kunnarit":2,"lyodyt":1,"tuodut":13,"karkilyonnit":51,"karki_yritykset":82,"saatot":63,"saatto_yritykset":105,"etenemiset":107,"eteneminen_yritykset":166,"haavat":21,"palot":38,"season_id":4,"tehot":16,"kl_pct":0.6219512195121951,"saatto_pct":0.6,"eten_pct":0.6445783132530121,"kunnari_rate":0.02631578947368421,"lyoty_rate":0.013157894736842105,"tuotu_rate":0.0783132530120482,"haava_rate":0.27631578947368424,"palo_rate":0.5,"tehot_per_turn":0.21052631578947367,"kl_per_turn":0.6710526315789473,"hr_rbi_per_turn":0.039473684210526314,"kl_base0":0.6724137931034483,"kl_base0_tries":58,"kl_base1":0.5555555555555556,"kl_base1_tries":9,"kl_base2":0.5,"kl_base2_tries":8,"kl_base3":0.42857142857142855,"kl_base3_tries":7,"adv1_pct":0.6724137931034483,"adv2_pct":0.5555555555555556,"adv3_pct":0.5,"adv_home_pct":0.42857142857142855,"money_kl_pct":0.42857142857142855,"money_kl_tries":7,"teho_plus":99,"adv_plus":99,"runner_plus":102,"out_avoid_plus":75,"adv1_plus":116,"adv2_plus":96,"adv3_plus":79,"adv_home_plus":90,"money_kl_plus":90,"spark_index":95,"run_value":8.957296559425412,"raa":-0.5,"jyk":3.6,"vyk":0.24,"teho_plus_adj":98,"pct_kl_pct":70,"pct_saatto_pct":33,"pct_eten_pct":59,"pct_kunnari_rate":96,"pct_lyoty_rate":21,"pct_palo_rate":7,"pct_tehot_per_turn":54},"proj":{"player_id":10046,"name":"Iida Piirainen","as_of":"2026-07-02","age":null,"stats":{"kl_pct":{"rate":0.597259308832046,"effective_n":74.95238068297958,"observed":0.6204925207942654},"saatto_pct":{"rate":0.6087700100287645,"effective_n":93.8665790456842,"observed":0.5971911571927297},"eten_pct":{"rate":0.6440005995662543,"effective_n":147.56696237105183,"observed":0.6475329698158783},"kunnari_rate":{"rate":0.013304102116836783,"effective_n":71.55126772262825,"observed":0.026694570968893987},"lyoty_rate":{"rate":0.057828805720252494,"effective_n":69.45156243348686,"observed":0.012768042278403792},"haava_rate":{"rate":0.3390448928502835,"effective_n":65.48476257689913,"observed":0.2818139047157303},"palo_rate":{"rate":0.4053448207264694,"effective_n":67.43046063352813,"observed":0.4906136912254423}},"teho_plus_proj":124},"career_json":[{"year":2026,"kl_pct":0.6219512195121951,"teho_plus":99}],"pct_stats":["kl_pct","saatto_pct","eten_pct","kunnari_rate","lyoty_rate","palo_rate","tehot_per_turn"],"base_kl":{"player_id":10046,"turns_at_bat":76,"kl_base0":0.6724137931034483,"kl_base0_tries":58,"kl_base1":0.5555555555555556,"kl_base1_tries":9,"kl_base2":0.5,"kl_base2_tries":8,"kl_base3":0.42857142857142855,"kl_base3_tries":7,"pct_kl_base0":75,"pct_kl_base1":51,"pct_kl_base2":20,"pct_kl_base3":36},"base_keys":["kl_base0","kl_base1","kl_base2","kl_base3"],"comps":[]}