{"player":{"id":10077,"name":"Lauri Vihriälä","born_year":null},"career":[{"player_id":10077,"name":"Lauri Vihriälä","born_year":null,"year":2026,"games":18,"team":"ViVe","turns_at_bat":97,"kunnarit":2,"lyodyt":12,"tuodut":8,"karkilyonnit":33,"karki_yritykset":88,"saatot":108,"saatto_yritykset":224,"etenemiset":99,"eteneminen_yritykset":179,"haavat":55,"palot":25,"season_id":1,"tehot":22,"kl_pct":0.375,"saatto_pct":0.48214285714285715,"eten_pct":0.553072625698324,"kunnari_rate":0.020618556701030927,"lyoty_rate":0.12371134020618557,"tuotu_rate":0.0446927374301676,"haava_rate":0.5670103092783505,"palo_rate":0.25773195876288657,"tehot_per_turn":0.2268041237113402,"kl_per_turn":0.3402061855670103,"hr_rbi_per_turn":0.14432989690721648,"kl_base0":0.42857142857142855,"kl_base0_tries":7,"kl_base1":0.1,"kl_base1_tries":30,"kl_base2":0.4642857142857143,"kl_base2_tries":28,"kl_base3":0.6086956521739131,"kl_base3_tries":23,"adv1_pct":0.42857142857142855,"adv2_pct":0.1,"adv3_pct":0.4642857142857143,"adv_home_pct":0.6086956521739131,"money_kl_pct":0.6086956521739131,"money_kl_tries":23,"teho_plus":141,"adv_plus":80,"runner_plus":94,"out_avoid_plus":110,"adv1_plus":80,"adv2_plus":19,"adv3_plus":81,"adv_home_plus":135,"money_kl_plus":135,"spark_index":90,"teho_plus_adj":140}],"line":{"player_id":10077,"name":"Lauri Vihriälä","born_year":null,"year":2026,"games":18,"team":"ViVe","turns_at_bat":97,"kunnarit":2,"lyodyt":12,"tuodut":8,"karkilyonnit":33,"karki_yritykset":88,"saatot":108,"saatto_yritykset":224,"etenemiset":99,"eteneminen_yritykset":179,"haavat":55,"palot":25,"season_id":1,"tehot":22,"kl_pct":0.375,"saatto_pct":0.48214285714285715,"eten_pct":0.553072625698324,"kunnari_rate":0.020618556701030927,"lyoty_rate":0.12371134020618557,"tuotu_rate":0.0446927374301676,"haava_rate":0.5670103092783505,"palo_rate":0.25773195876288657,"tehot_per_turn":0.2268041237113402,"kl_per_turn":0.3402061855670103,"hr_rbi_per_turn":0.14432989690721648,"kl_base0":0.42857142857142855,"kl_base0_tries":7,"kl_base1":0.1,"kl_base1_tries":30,"kl_base2":0.4642857142857143,"kl_base2_tries":28,"kl_base3":0.6086956521739131,"kl_base3_tries":23,"adv1_pct":0.42857142857142855,"adv2_pct":0.1,"adv3_pct":0.4642857142857143,"adv_home_pct":0.6086956521739131,"money_kl_pct":0.6086956521739131,"money_kl_tries":23,"teho_plus":141,"adv_plus":80,"runner_plus":94,"out_avoid_plus":110,"adv1_plus":80,"adv2_plus":19,"adv3_plus":81,"adv_home_plus":135,"money_kl_plus":135,"spark_index":90,"teho_plus_adj":140,"pct_kl_pct":7,"pct_saatto_pct":9,"pct_eten_pct":30,"pct_kunnari_rate":91,"pct_lyoty_rate":80,"pct_palo_rate":72,"pct_tehot_per_turn":79},"proj":{"player_id":10077,"name":"Lauri Vihriälä","as_of":"2026-07-02","age":null,"stats":{"kl_pct":{"rate":0.4396764071511399,"effective_n":80.89567870502823,"observed":0.37634611911874855},"saatto_pct":{"rate":0.5016168815912405,"effective_n":200.12430823806062,"observed":0.48403676708892585},"eten_pct":{"rate":0.5630191937926972,"effective_n":160.16890272370654,"observed":0.5552255514878451},"kunnari_rate":{"rate":0.012873547327723545,"effective_n":91.57086535834166,"observed":0.020858393335195995},"lyoty_rate":{"rate":0.09851401522684101,"effective_n":89.00662939664278,"observed":0.12213926871399874},"haava_rate":{"rate":0.49157880771000095,"effective_n":84.15885610085155,"observed":0.5654040947442679},"palo_rate":{"rate":0.2896293692929236,"effective_n":86.5372342102292,"observed":0.2574965081988817}},"teho_plus_proj":174},"career_json":[{"year":2026,"kl_pct":0.375,"teho_plus":141}],"pct_stats":["kl_pct","saatto_pct","eten_pct","kunnari_rate","lyoty_rate","palo_rate","tehot_per_turn"],"base_kl":{"player_id":10077,"turns_at_bat":97,"kl_base0":0.42857142857142855,"kl_base0_tries":7,"kl_base1":0.1,"kl_base1_tries":30,"kl_base2":0.4642857142857143,"kl_base2_tries":28,"kl_base3":0.6086956521739131,"kl_base3_tries":23,"pct_kl_base0":35,"pct_kl_base1":2,"pct_kl_base2":27,"pct_kl_base3":72},"base_keys":["kl_base0","kl_base1","kl_base2","kl_base3"],"log":[{"player_id":10077,"season_id":1,"match_id":128907,"date":"2026-05-09","team":"ViVe","opponent":"JoMa","home":0,"turns_at_bat":5,"kunnarit":0,"lyodyt":1,"tuodut":0,"karkilyonnit":1,"karki_yritykset":5,"saatot":4,"saatto_yritykset":12,"etenemiset":3,"eteneminen_yritykset":8,"haavat":5,"palot":0,"stadium":"Ilosaarirock Stadion, Joensuu","tehot":1,"kl_pct":0.2},{"player_id":10077,"season_id":1,"match_id":128984,"date":"2026-05-10","team":"ViVe","opponent":"KiPa","home":0,"turns_at_bat":7,"kunnarit":0,"lyodyt":1,"tuodut":0,"karkilyonnit":2,"karki_yritykset":3,"saatot":7,"saatto_yritykset":12,"etenemiset":7,"eteneminen_yritykset":13,"haavat":3,"palot":3,"stadium":"Rantakenttä, Kitee","tehot":1,"kl_pct":0.6666666666666666},{"player_id":10077,"season_id":1,"match_id":128917,"date":"2026-05-14","team":"ViVe","opponent":"Tahko","home":1,"turns_at_bat":7,"kunnarit":0,"lyodyt":1,"tuodut":0,"karkilyonnit":1,"karki_yritykset":5,"saatot":8,"saatto_yritykset":17,"etenemiset":7,"eteneminen_yritykset":13,"haavat":5,"palot":1,"stadium":"Saarikenttä, Vimpeli","tehot":1,"kl_pct":0.2},{"player_id":10077,"season_id":1,"match_id":128892,"date":"2026-05-17","team":"ViVe","opponent":"KoU","home":0,"turns_at_bat":7,"kunnarit":1,"lyodyt":3,"tuodut":1,"karkilyonnit":5,"karki_yritykset":8,"saatot":13,"saatto_yritykset":20,"etenemiset":11,"eteneminen_yritykset":16,"haavat":2,"palot":3,"stadium":"Sähkökoje Areena, Koskenkorva (Ilmajoki)","tehot":5,"kl_pct":0.625},{"player_id":10077,"season_id":1,"match_id":129052,"date":"2026-05-20","team":"ViVe","opponent":"KeKi","home":1,"turns_at_bat":4,"kunnarit":0,"lyodyt":0,"tuodut":0,"karkilyonnit":1,"karki_yritykset":7,"saatot":2,"saatto_yritykset":13,"etenemiset":1,"eteneminen_yritykset":4,"haavat":3,"palot":0,"stadium":"Saarikenttä, Vimpeli","tehot":0,"kl_pct":0.14285714285714285},{"player_id":10077,"season_id":1,"match_id":129053,"date":"2026-05-22","team":"ViVe","opponent":"KPL","home":0,"turns_at_bat":3,"kunnarit":0,"lyodyt":0,"tuodut":0,"karkilyonnit":1,"karki_yritykset":3,"saatot":2,"saatto_yritykset":6,"etenemiset":1,"eteneminen_yritykset":3,"haavat":1,"palot":1,"stadium":"KSS Energia Areena, Kouvola","tehot":0,"kl_pct":0.3333333333333333},{"player_id":10077,"season_id":1,"match_id":128919,"date":"2026-05-29","team":"ViVe","opponent":"KeKi","home":0,"turns_at_bat":6,"kunnarit":0,"lyodyt":0,"tuodut":1,"karkilyonnit":1,"karki_yritykset":4,"saatot":2,"saatto_yritykset":10,"etenemiset":5,"eteneminen_yritykset":10,"haavat":4,"palot":1,"stadium":"Autofix1.com Areena, Kempele","tehot":1,"kl_pct":0.25},{"player_id":10077,"season_id":1,"match_id":128958,"date":"2026-05-31","team":"ViVe","opponent":"KoU","home":1,"turns_at_bat":7,"kunnarit":0,"lyodyt":3,"tuodut":2,"karkilyonnit":7,"karki_yritykset":10,"saatot":17,"saatto_yritykset":23,"etenemiset":13,"eteneminen_yritykset":18,"haavat":2,"palot":3,"stadium":"Saarikenttä, Vimpeli","tehot":5,"kl_pct":0.7},{"player_id":10077,"season_id":1,"match_id":128982,"date":"2026-06-02","team":"ViVe","opponent":"PattU","home":0,"turns_at_bat":4,"kunnarit":0,"lyodyt":0,"tuodut":0,"karkilyonnit":0,"karki_yritykset":1,"saatot":4,"saatto_yritykset":6,"etenemiset":4,"eteneminen_yritykset":8,"haavat":2,"palot":2,"stadium":"MiiluAreena, Raahe","tehot":0,"kl_pct":0.0},{"player_id":10077,"season_id":1,"match_id":128883,"date":"2026-06-05","team":"ViVe","opponent":"KPL","home":0,"turns_at_bat":6,"kunnarit":0,"lyodyt":0,"tuodut":0,"karkilyonnit":0,"karki_yritykset":6,"saatot":3,"saatto_yritykset":13,"etenemiset":3,"eteneminen_yritykset":8,"haavat":4,"palot":1,"stadium":"KSS Energia Areena, Kouvola","tehot":0,"kl_pct":0.0},{"player_id":10077,"season_id":1,"match_id":128980,"date":"2026-06-06","team":"ViVe","opponent":"IPV","home":0,"turns_at_bat":7,"kunnarit":0,"lyodyt":0,"tuodut":0,"karkilyonnit":0,"karki_yritykset":3,"saatot":6,"saatto_yritykset":12,"etenemiset":7,"eteneminen_yritykset":14,"haavat":5,"palot":2,"stadium":"Tornator Stadion, Imatra","tehot":0,