{"player":{"id":10105,"name":"Salla Tegelberg","born_year":null},"career":[{"player_id":10105,"name":"Salla Tegelberg","born_year":null,"year":2026,"games":12,"team":"HP","turns_at_bat":82,"kunnarit":0,"lyodyt":3,"tuodut":18,"karkilyonnit":49,"karki_yritykset":78,"saatot":102,"saatto_yritykset":156,"etenemiset":103,"eteneminen_yritykset":158,"haavat":24,"palot":31,"season_id":4,"tehot":21,"kl_pct":0.6282051282051282,"saatto_pct":0.6538461538461539,"eten_pct":0.6518987341772152,"kunnari_rate":0.0,"lyoty_rate":0.036585365853658534,"tuotu_rate":0.11392405063291139,"haava_rate":0.2926829268292683,"palo_rate":0.3780487804878049,"tehot_per_turn":0.25609756097560976,"kl_per_turn":0.5975609756097561,"hr_rbi_per_turn":0.036585365853658534,"kl_base0":0.4117647058823529,"kl_base0_tries":17,"kl_base1":0.6904761904761905,"kl_base1_tries":42,"kl_base2":0.6666666666666666,"kl_base2_tries":15,"kl_base3":0.75,"kl_base3_tries":4,"adv1_pct":0.4117647058823529,"adv2_pct":0.6904761904761905,"adv3_pct":0.6666666666666666,"adv_home_pct":0.75,"money_kl_pct":0.75,"money_kl_tries":4,"teho_plus":121,"adv_plus":105,"runner_plus":103,"out_avoid_plus":93,"adv1_plus":71,"adv2_plus":120,"adv3_plus":105,"adv_home_plus":158,"money_kl_plus":158,"spark_index":102,"teho_plus_adj":124}],"line":{"player_id":10105,"name":"Salla Tegelberg","born_year":null,"year":2026,"games":12,"team":"HP","turns_at_bat":82,"kunnarit":0,"lyodyt":3,"tuodut":18,"karkilyonnit":49,"karki_yritykset":78,"saatot":102,"saatto_yritykset":156,"etenemiset":103,"eteneminen_yritykset":158,"haavat":24,"palot":31,"season_id":4,"tehot":21,"kl_pct":0.6282051282051282,"saatto_pct":0.6538461538461539,"eten_pct":0.6518987341772152,"kunnari_rate":0.0,"lyoty_rate":0.036585365853658534,"tuotu_rate":0.11392405063291139,"haava_rate":0.2926829268292683,"palo_rate":0.3780487804878049,"tehot_per_turn":0.25609756097560976,"kl_per_turn":0.5975609756097561,"hr_rbi_per_turn":0.036585365853658534,"kl_base0":0.4117647058823529,"kl_base0_tries":17,"kl_base1":0.6904761904761905,"kl_base1_tries":42,"kl_base2":0.6666666666666666,"kl_base2_tries":15,"kl_base3":0.75,"kl_base3_tries":4,"adv1_pct":0.4117647058823529,"adv2_pct":0.6904761904761905,"adv3_pct":0.6666666666666666,"adv_home_pct":0.75,"money_kl_pct":0.75,"money_kl_tries":4,"teho_plus":121,"adv_plus":105,"runner_plus":103,"out_avoid_plus":93,"adv1_plus":71,"adv2_plus":120,"adv3_plus":105,"adv_home_plus":158,"money_kl_plus":158,"spark_index":102,"teho_plus_adj":124,"pct_kl_pct":73,"pct_saatto_pct":55,"pct_eten_pct":65,"pct_kunnari_rate":36,"pct_lyoty_rate":42,"pct_palo_rate":36,"pct_tehot_per_turn":70},"proj":{"player_id":10105,"name":"Salla Tegelberg","as_of":"2026-07-02","age":null,"stats":{"kl_pct":{"rate":0.6023613400921232,"effective_n":72.26065501787713,"observed":0.6306963506532465},"saatto_pct":{"rate":0.6493532698128024,"effective_n":140.3422884222781,"observed":0.6531758032230838},"eten_pct":{"rate":0.6485938862647481,"effective_n":142.40967298011077,"observed":0.653866881187898},"kunnari_rate":{"rate":0.0032285723515376326,"effective_n":77.730502137057,"observed":0.0},"lyoty_rate":{"rate":0.06803183712432177,"effective_n":75.7016662002171,"observed":0.037473752616137446},"haava_rate":{"rate":0.34155052837316846,"effective_n":71.84322538545766,"observed":0.2928723948542363},"palo_rate":{"rate":0.3536934727354914,"effective_n":73.74004838487906,"observed":0.3756301463829672}},"teho_plus_proj":125},"career_json":[{"year":2026,"kl_pct":0.6282051282051282,"teho_plus":121}],"pct_stats":["kl_pct","saatto_pct","eten_pct","kunnari_rate","lyoty_rate","palo_rate","tehot_per_turn"],"base_kl":{"player_id":10105,"turns_at_bat":82,"kl_base0":0.4117647058823529,"kl_base0_tries":17,"kl_base1":0.6904761904761905,"kl_base1_tries":42,"kl_base2":0.6666666666666666,"kl_base2_tries":15,"kl_base3":0.75,"kl_base3_tries":4,"pct_kl_base0":29,"pct_kl_base1":77,"pct_kl_base2":57,"pct_kl_base3":89},"base_keys":["kl_base0","kl_base1","kl_base2","kl_base3"],"comps":[]}