{"player":{"id":10101,"name":"Jenna Rajala","born_year":null},"career":[{"player_id":10101,"name":"Jenna Rajala","born_year":null,"year":2026,"games":14,"team":"Lavepesis","turns_at_bat":90,"kunnarit":0,"lyodyt":2,"tuodut":15,"karkilyonnit":50,"karki_yritykset":90,"saatot":87,"saatto_yritykset":144,"etenemiset":113,"eteneminen_yritykset":184,"haavat":30,"palot":41,"season_id":4,"tehot":17,"kl_pct":0.5555555555555556,"saatto_pct":0.6041666666666666,"eten_pct":0.6141304347826086,"kunnari_rate":0.0,"lyoty_rate":0.022222222222222223,"tuotu_rate":0.08152173913043478,"haava_rate":0.3333333333333333,"palo_rate":0.45555555555555555,"tehot_per_turn":0.18888888888888888,"kl_per_turn":0.5555555555555556,"hr_rbi_per_turn":0.022222222222222223,"kl_base0":0.6216216216216216,"kl_base0_tries":37,"kl_base1":0.5384615384615384,"kl_base1_tries":39,"kl_base2":0.4444444444444444,"kl_base2_tries":9,"kl_base3":0.4,"kl_base3_tries":5,"adv1_pct":0.6216216216216216,"adv2_pct":0.5384615384615384,"adv3_pct":0.4444444444444444,"adv_home_pct":0.4,"money_kl_pct":0.4,"money_kl_tries":5,"pos":"2P","teho_plus":89,"adv_plus":95,"runner_plus":97,"out_avoid_plus":82,"adv1_plus":107,"adv2_plus":93,"adv3_plus":70,"adv_home_plus":84,"money_kl_plus":84,"spark_index":93,"run_value":8.789364168295451,"raa":-2.4,"jyk":2.5,"vyk":0.17,"teho_plus_adj":88}],"line":{"player_id":10101,"name":"Jenna Rajala","born_year":null,"year":2026,"games":14,"team":"Lavepesis","turns_at_bat":90,"kunnarit":0,"lyodyt":2,"tuodut":15,"karkilyonnit":50,"karki_yritykset":90,"saatot":87,"saatto_yritykset":144,"etenemiset":113,"eteneminen_yritykset":184,"haavat":30,"palot":41,"season_id":4,"tehot":17,"kl_pct":0.5555555555555556,"saatto_pct":0.6041666666666666,"eten_pct":0.6141304347826086,"kunnari_rate":0.0,"lyoty_rate":0.022222222222222223,"tuotu_rate":0.08152173913043478,"haava_rate":0.3333333333333333,"palo_rate":0.45555555555555555,"tehot_per_turn":0.18888888888888888,"kl_per_turn":0.5555555555555556,"hr_rbi_per_turn":0.022222222222222223,"kl_base0":0.6216216216216216,"kl_base0_tries":37,"kl_base1":0.5384615384615384,"kl_base1_tries":39,"kl_base2":0.4444444444444444,"kl_base2_tries":9,"kl_base3":0.4,"kl_base3_tries":5,"adv1_pct":0.6216216216216216,"adv2_pct":0.5384615384615384,"adv3_pct":0.4444444444444444,"adv_home_pct":0.4,"money_kl_pct":0.4,"money_kl_tries":5,"pos":"2P","teho_plus":89,"adv_plus":95,"runner_plus":97,"out_avoid_plus":82,"adv1_plus":107,"adv2_plus":93,"adv3_plus":70,"adv_home_plus":84,"money_kl_plus":84,"spark_index":93,"run_value":8.789364168295451,"raa":-2.4,"jyk":2.5,"vyk":0.17,"teho_plus_adj":88,"pct_kl_pct":43,"pct_saatto_pct":34,"pct_eten_pct":36,"pct_kunnari_rate":36,"pct_lyoty_rate":29,"pct_palo_rate":18,"pct_tehot_per_turn":45},"proj":{"player_id":10101,"name":"Jenna Rajala","as_of":"2026-06-28","age":null,"stats":{"kl_pct":{"rate":0.5600928736006489,"effective_n":83.60488052955503,"observed":0.5542486984363713},"saatto_pct":{"rate":0.6101571763674835,"effective_n":129.86527441534636,"observed":0.602215248426496},"eten_pct":{"rate":0.6200610279628624,"effective_n":166.3034131061905,"observed":0.6159978676233254},"kunnari_rate":{"rate":0.0031071037845788944,"effective_n":85.46054348869313,"observed":0.0},"lyoty_rate":{"rate":0.058275172359285254,"effective_n":83.31089172593539,"observed":0.021139198535632356},"haava_rate":{"rate":0.3588664862005388,"effective_n":79.23644172776324,"observed":0.3365838306886574},"palo_rate":{"rate":0.39226533069855085,"effective_n":81.23716963151969,"observed":0.4501619811425126}},"teho_plus_proj":116},"career_json":[{"year":2026,"kl_pct":0.5555555555555556,"teho_plus":89}],"pct_stats":["kl_pct","saatto_pct","eten_pct","kunnari_rate","lyoty_rate","palo_rate","tehot_per_turn"],"base_kl":{"player_id":10101,"turns_at_bat":90,"kl_base0":0.6216216216216216,"kl_base0_tries":37,"kl_base1":0.5384615384615384,"kl_base1_tries":39,"kl_base2":0.4444444444444444,"kl_base2_tries":9,"kl_base3":0.4,"kl_base3_tries":5,"pct_kl_base0":67,"pct_kl_base1":46,"pct_kl_base2":14,"pct_kl_base3":31},"base_keys":["kl_base0","kl_base1","kl_base2","kl_base3"],"comps":[]}