{"player":{"id":10133,"name":"Lasse Saraluoto","born_year":null},"career":[{"player_id":10133,"name":"Lasse Saraluoto","born_year":null,"year":2026,"games":12,"team":"Jkl Kiri","turns_at_bat":39,"kunnarit":0,"lyodyt":4,"tuodut":0,"karkilyonnit":13,"karki_yritykset":33,"saatot":46,"saatto_yritykset":83,"etenemiset":41,"eteneminen_yritykset":69,"haavat":15,"palot":13,"season_id":3,"tehot":4,"kl_pct":0.3939393939393939,"saatto_pct":0.5542168674698795,"eten_pct":0.5942028985507246,"kunnari_rate":0.0,"lyoty_rate":0.10256410256410256,"tuotu_rate":0.0,"haava_rate":0.38461538461538464,"palo_rate":0.3333333333333333,"tehot_per_turn":0.10256410256410256,"kl_per_turn":0.3333333333333333,"hr_rbi_per_turn":0.10256410256410256,"kl_base0":0.6666666666666666,"kl_base0_tries":3,"kl_base1":0.5,"kl_base1_tries":6,"kl_base2":0.3333333333333333,"kl_base2_tries":12,"kl_base3":0.3333333333333333,"kl_base3_tries":12,"adv1_pct":0.6666666666666666,"adv2_pct":0.5,"adv3_pct":0.3333333333333333,"adv_home_pct":0.3333333333333333,"money_kl_pct":0.3333333333333333,"money_kl_tries":12,"teho_plus":61,"adv_plus":90,"runner_plus":101,"out_avoid_plus":99,"adv1_plus":140,"adv2_plus":90,"adv3_plus":58,"adv_home_plus":74,"money_kl_plus":74,"spark_index":95,"teho_plus_adj":65}],"line":{"player_id":10133,"name":"Lasse Saraluoto","born_year":null,"year":2026,"games":12,"team":"Jkl Kiri","turns_at_bat":39,"kunnarit":0,"lyodyt":4,"tuodut":0,"karkilyonnit":13,"karki_yritykset":33,"saatot":46,"saatto_yritykset":83,"etenemiset":41,"eteneminen_yritykset":69,"haavat":15,"palot":13,"season_id":3,"tehot":4,"kl_pct":0.3939393939393939,"saatto_pct":0.5542168674698795,"eten_pct":0.5942028985507246,"kunnari_rate":0.0,"lyoty_rate":0.10256410256410256,"tuotu_rate":0.0,"haava_rate":0.38461538461538464,"palo_rate":0.3333333333333333,"tehot_per_turn":0.10256410256410256,"kl_per_turn":0.3333333333333333,"hr_rbi_per_turn":0.10256410256410256,"kl_base0":0.6666666666666666,"kl_base0_tries":3,"kl_base1":0.5,"kl_base1_tries":6,"kl_base2":0.3333333333333333,"kl_base2_tries":12,"kl_base3":0.3333333333333333,"kl_base3_tries":12,"adv1_pct":0.6666666666666666,"adv2_pct":0.5,"adv3_pct":0.3333333333333333,"adv_home_pct":0.3333333333333333,"money_kl_pct":0.3333333333333333,"money_kl_tries":12,"teho_plus":61,"adv_plus":90,"runner_plus":101,"out_avoid_plus":99,"adv1_plus":140,"adv2_plus":90,"adv3_plus":58,"adv_home_plus":74,"money_kl_plus":74,"spark_index":95,"teho_plus_adj":65,"pct_kl_pct":null,"pct_saatto_pct":null,"pct_eten_pct":null,"pct_kunnari_rate":null,"pct_lyoty_rate":null,"pct_palo_rate":null,"pct_tehot_per_turn":null},"proj":{"player_id":10133,"name":"Lasse Saraluoto","as_of":"2026-07-02","age":null,"stats":{"kl_pct":{"rate":0.4728937401244593,"effective_n":30.497040769408123,"observed":0.3930992834678149},"saatto_pct":{"rate":0.566523891455683,"effective_n":75.22601821475624,"observed":0.5529038749918505},"eten_pct":{"rate":0.5927014103796588,"effective_n":62.27026351501566,"observed":0.5946004320502408},"kunnari_rate":{"rate":0.004864470561297482,"effective_n":37.10986636293432,"observed":0.0},"lyoty_rate":{"rate":0.08408661672241777,"effective_n":36.21239192569217,"observed":0.10144409571199421},"haava_rate":{"rate":0.41308676525645655,"effective_n":34.50688608701411,"observed":0.383829774582056},"palo_rate":{"rate":0.3291337635713213,"effective_n":35.34509999498914,"observed":0.3302734882908129}},"teho_plus_proj":158},"career_json":[{"year":2026,"kl_pct":0.3939393939393939,"teho_plus":61}],"pct_stats":["kl_pct","saatto_pct","eten_pct","kunnari_rate","lyoty_rate","palo_rate","tehot_per_turn"],"base_kl":{"player_id":10133,"turns_at_bat":39,"kl_base0":0.6666666666666666,"kl_base0_tries":3,"kl_base1":0.5,"kl_base1_tries":6,"kl_base2":0.3333333333333333,"kl_base2_tries":12,"kl_base3":0.3333333333333333,"kl_base3_tries":12,"pct_kl_base0":null,"pct_kl_base1":null,"pct_kl_base2":null,"pct_kl_base3":null},"base_keys":["kl_base0","kl_base1","kl_base2","kl_base3"],"log":[{"player_id":10133,"season_id":3,"match_id":129572,"date":"2026-05-13","team":"Jkl Kiri","opponent":"PuMu","home":0,"turns_at_bat":1,"kunnarit":0,"lyodyt":0,"tuodut":0,"karkilyonnit":0,"karki_yritykset":3,"saatot":0,"saatto_yritykset":3,"etenemiset":0,"eteneminen_yritykset":1,"haavat":0,"palot":1,"stadium":"Good Guy Stadion, Meilahti (Helsinki)","tehot":0,"kl_pct":0.0},{"player_id":10133,"season_id":3,"match_id":129575,"date":"2026-05-15","team":"Jkl Kiri","opponent":"PuPe","home":1,"turns_at_bat":5,"kunnarit":0,"lyodyt":0,"tuodut":0,"karkilyonnit":2,"karki_yritykset":6,"saatot":9,"saatto_yritykset":15,"etenemiset":7,"eteneminen_yritykset":10,"haavat":3,"palot":0,"stadium":"Hippoksen pesäpallostadion, Jyväskylä","tehot":0,"kl_pct":0.3333333333333333},{"player_id":10133,"season_id":3,"match_id":129585,"date":"2026-05-22","team":"Jkl Kiri","opponent":"PuPe","home":0,"turns_at_bat":2,"kunnarit":0,"lyodyt":2,"tuodut":0,"karkilyonnit":2,"karki_yritykset":2,"saatot":6,"saatto_yritykset":6,"etenemiset":4,"eteneminen_yritykset":6,"haavat":1,"palot":1,"stadium":"Osuma Areena, Kuopio","tehot":2,"kl_pct":1.0},{"player_id":10133,"season_id":3,"match_id":129590,"date":"2026-05-24","team":"Jkl Kiri","opponent":"HP","home":1,"turns_at_bat":3,"kunnarit":0,"lyodyt":0,"tuodut":0,"karkilyonnit":1,"karki_yritykset":1,"saatot":3,"saatto_yritykset":4,"etenemiset":3,"eteneminen_yritykset":6,"haavat":1,"palot":2,"stadium":"Hippoksen pesäpallostadion, Jyväskylä","tehot":0,"kl_pct":1.0},{"player_id":10133,"season_id":3,"match_id":129596,"date":"2026-05-29","team":"Jkl Kiri","opponent":"HP","home":0,"turns_at_bat":3,"kunnarit":0,"lyodyt":0,"tuodut":0,"karkilyonnit":2,"karki_yritykset":2,"saatot":3,"saatto_yritykset":5,"etenemiset":4,"eteneminen_yritykset":7,"haavat":1,"palot":2,"stadium":"Vallikenttä, Hamina","tehot":0,"kl_pct":1.0},{"player_id":10133,"season_id":3,"match_id":129600,"date":"2026-05-31","team":"Jkl Kiri","opponent":"KaMa","home":1,"turns_at_bat":5,"kunnarit":0,"lyodyt":1,"tuodut":0,"karkilyonnit":1,"karki_yritykset":2,"saatot":4,"saatto_yritykset":8,"etenemiset":5,"eteneminen_yritykset":9,"haavat":2,"palot":2,"stadium":"Hippoksen pesäpallostadion, Jyväskylä","tehot":1,"kl_pct":0.5},{"player_id":10133,"season_id":3,"match_id":129604,"date":"2026-06-05","team":"Jkl Kiri","opponent":"SiiPe","home":1,"turns_at_bat":3,"kunnarit":0,"lyodyt":0,"tuodut":0,"karkilyonnit":0,"karki_yritykset":2,"saatot":0,"saatto_yritykset":4,"etenemiset":0,"eteneminen_yritykset":2,"haavat":1,"palot":1,"stadium":"Hippoksen pesäpallostadion, Jyväskylä","tehot":0,"kl_pct":0.0},{"player_id":10133,"season_id":3,"match_id":129617,"date":"2026-06-13","team":"Jkl Kiri","opponent":"PuMu","home":0,"turns_at_bat":2,"kunnarit":0,"lyodyt":0,"tuodut":0,"karkilyonnit":0,"karki_yritykset":2,"saatot":0,"saatto_yritykset":2,"etenemiset":0,"eteneminen_yritykset":0,"haavat":0,"palot":0,"stadium":"Good Guy Stadion, Meilahti (Helsinki)","tehot":0,"kl_pct":0.0},{"player_id":10133,"season_id":3,"match_id":129620,"date":"2026-06-16","team":"Jkl Kiri","opponent":"UPV","home":0,"turns_at_bat":4,"kunnarit":0,"lyodyt":0,"tuodut":0,"karkilyonnit":2,"karki_yritykset":4,"saatot":7,"saatto_yritykset":9,"etenemiset":7,"eteneminen_yritykset":9,"haavat":1,"palot":1,"stadium":"Ulvilan Automaatio Areena","tehot":0,"kl_pct":0.5},{"player_id":10133,"season_id":3,"match_id":129627,"date":"2026-06-24","team":"Jkl Kiri","opponent":"SMJ","home":1,"turns_at_bat":3,"kunnarit":0,"lyodyt":0,"tuodut":0,"karkilyonnit":0,"karki_yritykset":2,"saatot":2,"saatto_yritykset":6,"etenemiset":2,"eteneminen_yritykset":4,"haavat":2,"palot":0,"stadium":"Hippoksen pesäpallostadion, Jyväskylä","tehot":0,"kl_pct":0.0},{"player_id":10133,"season_id":3,"match_id":129635,"date":"2026-06-27","team":"Jkl Kiri","opponent":"NJ","home":0,"turns_at_bat":3,"kunnarit":0,"lyodyt":0,"tuodut":0,"karkilyonnit":1,"karki_yritykset":3,"saatot":5,"saatto_yritykset":8,"etenemiset":4,"eteneminen_yritykset":6,"haavat":0,"palot":2,"stadium":"Hehku Areena, Nurmo (Seinäjoki)",