{"player":{"id":10175,"name":"Elias Lahti","born_year":null},"career":[{"player_id":10175,"name":"Elias Lahti","born_year":null,"year":2026,"games":15,"team":"HP","turns_at_bat":107,"kunnarit":0,"lyodyt":2,"tuodut":15,"karkilyonnit":56,"karki_yritykset":95,"saatot":155,"saatto_yritykset":224,"etenemiset":139,"eteneminen_yritykset":224,"haavat":46,"palot":39,"season_id":3,"tehot":17,"kl_pct":0.5894736842105263,"saatto_pct":0.6919642857142857,"eten_pct":0.6205357142857143,"kunnari_rate":0.0,"lyoty_rate":0.018691588785046728,"tuotu_rate":0.06696428571428571,"haava_rate":0.42990654205607476,"palo_rate":0.3644859813084112,"tehot_per_turn":0.1588785046728972,"kl_per_turn":0.5233644859813084,"hr_rbi_per_turn":0.018691588785046728,"kl_base0":0.35294117647058826,"kl_base0_tries":17,"kl_base1":0.4857142857142857,"kl_base1_tries":35,"kl_base2":0.7560975609756098,"kl_base2_tries":41,"kl_base3":1.0,"kl_base3_tries":2,"adv1_pct":0.35294117647058826,"adv2_pct":0.4857142857142857,"adv3_pct":0.7560975609756098,"adv_home_pct":1.0,"money_kl_pct":1.0,"money_kl_tries":2,"teho_plus":94,"adv_plus":117,"runner_plus":105,"out_avoid_plus":95,"adv1_plus":74,"adv2_plus":88,"adv3_plus":132,"adv_home_plus":221,"money_kl_plus":221,"spark_index":109,"teho_plus_adj":96}],"line":{"player_id":10175,"name":"Elias Lahti","born_year":null,"year":2026,"games":15,"team":"HP","turns_at_bat":107,"kunnarit":0,"lyodyt":2,"tuodut":15,"karkilyonnit":56,"karki_yritykset":95,"saatot":155,"saatto_yritykset":224,"etenemiset":139,"eteneminen_yritykset":224,"haavat":46,"palot":39,"season_id":3,"tehot":17,"kl_pct":0.5894736842105263,"saatto_pct":0.6919642857142857,"eten_pct":0.6205357142857143,"kunnari_rate":0.0,"lyoty_rate":0.018691588785046728,"tuotu_rate":0.06696428571428571,"haava_rate":0.42990654205607476,"palo_rate":0.3644859813084112,"tehot_per_turn":0.1588785046728972,"kl_per_turn":0.5233644859813084,"hr_rbi_per_turn":0.018691588785046728,"kl_base0":0.35294117647058826,"kl_base0_tries":17,"kl_base1":0.4857142857142857,"kl_base1_tries":35,"kl_base2":0.7560975609756098,"kl_base2_tries":41,"kl_base3":1.0,"kl_base3_tries":2,"adv1_pct":0.35294117647058826,"adv2_pct":0.4857142857142857,"adv3_pct":0.7560975609756098,"adv_home_pct":1.0,"money_kl_pct":1.0,"money_kl_tries":2,"teho_plus":94,"adv_plus":117,"runner_plus":105,"out_avoid_plus":95,"adv1_plus":74,"adv2_plus":88,"adv3_plus":132,"adv_home_plus":221,"money_kl_plus":221,"spark_index":109,"teho_plus_adj":96,"pct_kl_pct":83,"pct_saatto_pct":89,"pct_eten_pct":69,"pct_kunnari_rate":31,"pct_lyoty_rate":40,"pct_palo_rate":38,"pct_tehot_per_turn":53},"proj":{"player_id":10175,"name":"Elias Lahti","as_of":"2026-07-02","age":null,"stats":{"kl_pct":{"rate":0.5564330780044802,"effective_n":87.71182998132694,"observed":0.5858346476162397},"saatto_pct":{"rate":0.6710404594104866,"effective_n":201.41307495382605,"observed":0.6867101626426236},"eten_pct":{"rate":0.6114459928733942,"effective_n":200.51213417198088,"observed":0.6167099222056178},"kunnari_rate":{"rate":0.0034510265930882945,"effective_n":101.45767330293128,"observed":0.0},"lyoty_rate":{"rate":0.04469790117096698,"effective_n":98.82631378878223,"observed":0.01917290367389461},"haava_rate":{"rate":0.42848745210425304,"effective_n":93.82592661803697,"observed":0.4341415507041949},"palo_rate":{"rate":0.3484789888891343,"effective_n":96.28350381098099,"observed":0.36497092828427224}},"teho_plus_proj":137},"career_json":[{"year":2026,"kl_pct":0.5894736842105263,"teho_plus":94}],"pct_stats":["kl_pct","saatto_pct","eten_pct","kunnari_rate","lyoty_rate","palo_rate","tehot_per_turn"],"base_kl":{"player_id":10175,"turns_at_bat":107,"kl_base0":0.35294117647058826,"kl_base0_tries":17,"kl_base1":0.4857142857142857,"kl_base1_tries":35,"kl_base2":0.7560975609756098,"kl_base2_tries":41,"kl_base3":1.0,"kl_base3_tries":2,"pct_kl_base0":28,"pct_kl_base1":38,"pct_kl_base2":86,"pct_kl_base3":95},"base_keys":["kl_base0","kl_base1","kl_base2","kl_base3"],"comps":[]}