{"player":{"id":10317,"name":"Oskari Kleemola","born_year":null},"career":[{"year":2022,"season_id":111,"team":"KaMa","age":null,"games":1,"turns_at_bat":3,"vyk":0.01,"spark_index":80,"adv_plus":42,"runner_plus":99,"out_avoid_plus":146,"money_kl_plus":null,"teho_plus":177,"teho_plus_adj":178},{"year":2026,"season_id":129,"team":"UPV","age":null,"games":10,"turns_at_bat":66,"vyk":0.26,"spark_index":101,"adv_plus":101,"runner_plus":102,"out_avoid_plus":101,"money_kl_plus":218,"teho_plus":97,"teho_plus_adj":96}],"line":{"player_id":10317,"name":"Oskari Kleemola","born_year":null,"year":2026,"games":10,"team":"UPV","turns_at_bat":66,"kunnarit":1,"lyodyt":0,"tuodut":10,"karkilyonnit":32,"karki_yritykset":62,"saatot":54,"saatto_yritykset":89,"etenemiset":78,"eteneminen_yritykset":130,"haavat":31,"palot":21,"season_id":129,"tehot":11,"kl_pct":0.5161290322580645,"saatto_pct":0.6067415730337079,"eten_pct":0.6,"kunnari_rate":0.015151515151515152,"lyoty_rate":0.0,"tuotu_rate":0.07692307692307693,"haava_rate":0.4696969696969697,"palo_rate":0.3181818181818182,"tehot_per_turn":0.16666666666666666,"kl_per_turn":0.48484848484848486,"hr_rbi_per_turn":0.015151515151515152,"kl_base0":0.4117647058823529,"kl_base0_tries":34,"kl_base1":0.6153846153846154,"kl_base1_tries":26,"kl_base2":1.0,"kl_base2_tries":1,"kl_base3":1.0,"kl_base3_tries":1,"adv1_pct":0.4117647058823529,"adv2_pct":0.6153846153846154,"adv3_pct":1.0,"adv_home_pct":1.0,"money_kl_pct":1.0,"money_kl_tries":1,"pos":"2K","teho_plus":97,"adv_plus":101,"runner_plus":102,"out_avoid_plus":101,"adv1_plus":86,"adv2_plus":112,"adv3_plus":175,"adv_home_plus":218,"money_kl_plus":218,"spark_index":101,"run_value":4.44366568075366,"raa":-0.4,"jyk":3.1,"vyk":0.26,"teho_plus_adj":96,"pct_kl_pct":53,"pct_saatto_pct":66,"pct_eten_pct":61,"pct_kunnari_rate":81,"pct_lyoty_rate":9,"pct_palo_rate":49,"pct_tehot_per_turn":57},"proj":{"player_id":10317,"name":"Oskari Kleemola","as_of":"2026-07-12","age":null,"stats":{"kl_pct":{"rate":0.5134248892224508,"effective_n":57.104495309167895,"observed":0.513292716392429},"saatto_pct":{"rate":0.599354660812654,"effective_n":80.39758305692274,"observed":0.6032554114476245},"eten_pct":{"rate":0.5949353735533702,"effective_n":116.61736113165323,"observed":0.5971457086146775},"kunnari_rate":{"rate":0.009517920061659236,"effective_n":62.61308456290537,"observed":0.014478761814856819},"lyoty_rate":{"rate":0.04378554771406535,"effective_n":60.81567387753406,"observed":0.0},"haava_rate":{"rate":0.44233559449051846,"effective_n":57.63901644767971,"observed":0.4695932038784167},"palo_rate":{"rate":0.3260529085740938,"effective_n":59.18351787211799,"observed":0.3241561578411283}},"teho_plus_proj":135},"translation":{"wrc_plus":104,"tier":"league-average regular","rows":[{"pesis_label":"Kärkilyönti-% (advance the lead runner)","pesis_value":0.5161290322580645,"percentile":53,"mlb_stat":"AVG","mlb_value":"0.233"},{"pesis_label":"Kärkilyönnit per turn (base hits)","pesis_value":0.48484848484848486,"percentile":47,"mlb_stat":"H / 600 PA","mlb_value":"148"},{"pesis_label":"Lyödyt per turn (runs batted home)","pesis_value":0.0,"percentile":9,"mlb_stat":"RBI / 600 PA","mlb_value":"45"},{"pesis_label":"Tuodut per advance (runs scored)","pesis_value":0.07692307692307693,"percentile":87,"mlb_stat":"R / 600 PA","mlb_value":"96"},{"pesis_label":"Palot per turn (burned outs)","pesis_value":0.3181818181818182,"percentile":49,"mlb_stat":"K%","mlb_value":"22.3%"}]},"pitching":null,"career_json":[{"year":2022,"kl_pct":0.3333333333333333,"teho_plus":177},{"year":2026,"kl_pct":0.5161290322580645,"teho_plus":97}],"pct_stats":["kl_pct","saatto_pct","eten_pct","kunnari_rate","lyoty_rate","palo_rate","tehot_per_turn"],"base_kl":{"player_id":10317,"turns_at_bat":66,"kl_base0":0.4117647058823529,"kl_base0_tries":34,"kl_base1":0.6153846153846154,"kl_base1_tries":26,"kl_base2":1.0,"kl_base2_tries":1,"kl_base3":1.0,"kl_base3_tries":1,"pct_kl_base0":43,"pct_kl_base1":69,"pct_kl_base2":98,"pct_kl_base3":97},"base_keys":["kl_base0","kl_base1","kl_base2","kl_base3"],"comps":[]}