{"player":{"id":10317,"name":"Oskari Kleemola","born_year":null},"career":[{"year":2022,"season_id":111,"team":"KaMa","age":null,"games":1,"turns_at_bat":3,"vyk":0.01,"spark_index":80,"adv_plus":42,"runner_plus":99,"out_avoid_plus":146,"money_kl_plus":null,"teho_plus":177,"teho_plus_adj":178},{"year":2026,"season_id":129,"team":"UPV","age":null,"games":11,"turns_at_bat":72,"vyk":0.29,"spark_index":101,"adv_plus":100,"runner_plus":104,"out_avoid_plus":101,"money_kl_plus":217,"teho_plus":97,"teho_plus_adj":96}],"line":{"player_id":10317,"name":"Oskari Kleemola","born_year":null,"year":2026,"games":11,"team":"UPV","turns_at_bat":72,"kunnarit":1,"lyodyt":0,"tuodut":11,"karkilyonnit":35,"karki_yritykset":69,"saatot":59,"saatto_yritykset":98,"etenemiset":90,"eteneminen_yritykset":146,"haavat":33,"palot":23,"season_id":129,"tehot":12,"kl_pct":0.5072463768115942,"saatto_pct":0.6020408163265306,"eten_pct":0.6164383561643836,"kunnari_rate":0.013888888888888888,"lyoty_rate":0.0,"tuotu_rate":0.07534246575342465,"haava_rate":0.4583333333333333,"palo_rate":0.3194444444444444,"tehot_per_turn":0.16666666666666666,"kl_per_turn":0.4861111111111111,"hr_rbi_per_turn":0.013888888888888888,"kl_base0":0.4473684210526316,"kl_base0_tries":38,"kl_base1":0.5517241379310345,"kl_base1_tries":29,"kl_base2":1.0,"kl_base2_tries":1,"kl_base3":1.0,"kl_base3_tries":1,"adv1_pct":0.4473684210526316,"adv2_pct":0.5517241379310345,"adv3_pct":1.0,"adv_home_pct":1.0,"money_kl_pct":1.0,"money_kl_tries":1,"pos":"2K","teho_plus":97,"adv_plus":100,"runner_plus":104,"out_avoid_plus":101,"adv1_plus":93,"adv2_plus":100,"adv3_plus":175,"adv_home_plus":217,"money_kl_plus":217,"spark_index":101,"run_value":4.615310269532622,"raa":-0.4,"jyk":3.5,"vyk":0.29,"teho_plus_adj":96,"pct_kl_pct":49,"pct_saatto_pct":65,"pct_eten_pct":70,"pct_kunnari_rate":78,"pct_lyoty_rate":9,"pct_palo_rate":49,"pct_tehot_per_turn":57},"proj":{"player_id":10317,"name":"Oskari Kleemola","as_of":"2026-07-16","age":null,"stats":{"kl_pct":{"rate":0.5089212917934998,"effective_n":63.40131884554455,"observed":0.5039668872382564},"saatto_pct":{"rate":0.596409560535764,"effective_n":88.08291933478598,"observed":0.5984011047165845},"eten_pct":{"rate":0.6087316175228993,"effective_n":130.698648796025,"observed":0.6157831314951393},"kunnari_rate":{"rate":0.009404275607826338,"effective_n":68.10168059781475,"observed":0.01320568272214872},"lyoty_rate":{"rate":0.042294470914978614,"effective_n":66.07116327422634,"observed":0.0},"haava_rate":{"rate":0.4375575784494237,"effective_n":62.464853187709416,"observed":0.45657033764819227},"palo_rate":{"rate":0.3266680005007973,"effective_n":64.21824806805024,"observed":0.32501016433291696}},"teho_plus_proj":136},"translation":{"wrc_plus":104,"tier":"league-average regular","rows":[{"pesis_label":"Kärkilyönti-% (advance the lead runner)","pesis_value":0.5072463768115942,"percentile":49,"mlb_stat":"AVG","mlb_value":"0.224"},{"pesis_label":"Kärkilyönnit per turn (base hits)","pesis_value":0.4861111111111111,"percentile":49,"mlb_stat":"H / 600 PA","mlb_value":"149"},{"pesis_label":"Lyödyt per turn (runs batted home)","pesis_value":0.0,"percentile":9,"mlb_stat":"RBI / 600 PA","mlb_value":"45"},{"pesis_label":"Tuodut per advance (runs scored)","pesis_value":0.07534246575342465,"percentile":87,"mlb_stat":"R / 600 PA","mlb_value":"96"},{"pesis_label":"Palot per turn (burned outs)","pesis_value":0.3194444444444444,"percentile":49,"mlb_stat":"K%","mlb_value":"22.3%"}]},"pitching":null,"career_json":[{"year":2022,"kl_pct":0.3333333333333333,"teho_plus":177},{"year":2026,"kl_pct":0.5072463768115942,"teho_plus":97}],"pct_stats":["kl_pct","saatto_pct","eten_pct","kunnari_rate","lyoty_rate","palo_rate","tehot_per_turn"],"base_kl":{"player_id":10317,"turns_at_bat":72,"kl_base0":0.4473684210526316,"kl_base0_tries":38,"kl_base1":0.5517241379310345,"kl_base1_tries":29,"kl_base2":1.0,"kl_base2_tries":1,"kl_base3":1.0,"kl_base3_tries":1,"pct_kl_base0":53,"pct_kl_base1":52,"pct_kl_base2":98,"pct_kl_base3":97},"base_keys":["kl_base0","kl_base1","kl_base2","kl_base3"],"comps":[]}