{"player":{"id":10359,"name":"Ville Nurkkala","born_year":null},"career":[{"player_id":10359,"name":"Ville Nurkkala","born_year":null,"year":2026,"games":18,"team":"PattU","turns_at_bat":92,"kunnarit":0,"lyodyt":1,"tuodut":3,"karkilyonnit":29,"karki_yritykset":78,"saatot":45,"saatto_yritykset":105,"etenemiset":64,"eteneminen_yritykset":146,"haavat":41,"palot":41,"season_id":1,"tehot":4,"kl_pct":0.3717948717948718,"saatto_pct":0.42857142857142855,"eten_pct":0.4383561643835616,"kunnari_rate":0.0,"lyoty_rate":0.010869565217391304,"tuotu_rate":0.02054794520547945,"haava_rate":0.44565217391304346,"palo_rate":0.44565217391304346,"tehot_per_turn":0.043478260869565216,"kl_per_turn":0.31521739130434784,"hr_rbi_per_turn":0.010869565217391304,"kl_base0":0.38333333333333336,"kl_base0_tries":60,"kl_base1":0.6,"kl_base1_tries":5,"kl_base2":0.2857142857142857,"kl_base2_tries":7,"kl_base3":0.16666666666666666,"kl_base3_tries":6,"adv1_pct":0.38333333333333336,"adv2_pct":0.6,"adv3_pct":0.2857142857142857,"adv_home_pct":0.16666666666666666,"money_kl_pct":0.16666666666666666,"money_kl_tries":6,"teho_plus":27,"adv_plus":71,"runner_plus":75,"out_avoid_plus":82,"adv1_plus":72,"adv2_plus":113,"adv3_plus":50,"adv_home_plus":37,"money_kl_plus":37,"spark_index":74,"teho_plus_adj":27}],"line":{"player_id":10359,"name":"Ville Nurkkala","born_year":null,"year":2026,"games":18,"team":"PattU","turns_at_bat":92,"kunnarit":0,"lyodyt":1,"tuodut":3,"karkilyonnit":29,"karki_yritykset":78,"saatot":45,"saatto_yritykset":105,"etenemiset":64,"eteneminen_yritykset":146,"haavat":41,"palot":41,"season_id":1,"tehot":4,"kl_pct":0.3717948717948718,"saatto_pct":0.42857142857142855,"eten_pct":0.4383561643835616,"kunnari_rate":0.0,"lyoty_rate":0.010869565217391304,"tuotu_rate":0.02054794520547945,"haava_rate":0.44565217391304346,"palo_rate":0.44565217391304346,"tehot_per_turn":0.043478260869565216,"kl_per_turn":0.31521739130434784,"hr_rbi_per_turn":0.010869565217391304,"kl_base0":0.38333333333333336,"kl_base0_tries":60,"kl_base1":0.6,"kl_base1_tries":5,"kl_base2":0.2857142857142857,"kl_base2_tries":7,"kl_base3":0.16666666666666666,"kl_base3_tries":6,"adv1_pct":0.38333333333333336,"adv2_pct":0.6,"adv3_pct":0.2857142857142857,"adv_home_pct":0.16666666666666666,"money_kl_pct":0.16666666666666666,"money_kl_tries":6,"teho_plus":27,"adv_plus":71,"runner_plus":75,"out_avoid_plus":82,"adv1_plus":72,"adv2_plus":113,"adv3_plus":50,"adv_home_plus":37,"money_kl_plus":37,"spark_index":74,"teho_plus_adj":27,"pct_kl_pct":6,"pct_saatto_pct":3,"pct_eten_pct":3,"pct_kunnari_rate":29,"pct_lyoty_rate":30,"pct_palo_rate":12,"pct_tehot_per_turn":5},"proj":{"player_id":10359,"name":"Ville Nurkkala","as_of":"2026-07-02","age":null,"stats":{"kl_pct":{"rate":0.4400003119059474,"effective_n":71.08626375033744,"observed":0.36820427033029846},"saatto_pct":{"rate":0.4732575834620701,"effective_n":92.55733490019638,"observed":0.422990576706687},"eten_pct":{"rate":0.47933082027758733,"effective_n":128.07343779236908,"observed":0.43691204940995315},"kunnari_rate":{"rate":0.00394448515302862,"effective_n":86.27442850044629,"observed":0.0},"lyoty_rate":{"rate":0.0407938286890517,"effective_n":83.58127458135739,"observed":0.010705621084104786},"haava_rate":{"rate":0.43385827815732986,"effective_n":78.5100533326969,"observed":0.43947537729474884},"palo_rate":{"rate":0.3874276188924315,"effective_n":80.9946867323013,"observed":0.44969307413505943}},"teho_plus_proj":117},"career_json":[{"year":2026,"kl_pct":0.3717948717948718,"teho_plus":27}],"pct_stats":["kl_pct","saatto_pct","eten_pct","kunnari_rate","lyoty_rate","palo_rate","tehot_per_turn"],"base_kl":{"player_id":10359,"turns_at_bat":92,"kl_base0":0.38333333333333336,"kl_base0_tries":60,"kl_base1":0.6,"kl_base1_tries":5,"kl_base2":0.2857142857142857,"kl_base2_tries":7,"kl_base3":0.16666666666666666,"kl_base3_tries":6,"pct_kl_base0":27,"pct_kl_base1":72,"pct_kl_base2":7,"pct_kl_base3":16},"base_keys":["kl_base0","kl_base1","kl_base2","kl_base3"],"comps":[]}