{"player":{"id":10350,"name":"Eemeli Mikkilä","born_year":null},"career":[{"year":2024,"season_id":121,"team":"YK","age":null,"games":24,"turns_at_bat":102,"vyk":1.05,"spark_index":103,"adv_plus":92,"runner_plus":116,"out_avoid_plus":111,"money_kl_plus":97,"teho_plus":222,"teho_plus_adj":225},{"year":2025,"season_id":123,"team":"PattU","age":null,"games":33,"turns_at_bat":166,"vyk":1.27,"spark_index":90,"adv_plus":79,"runner_plus":98,"out_avoid_plus":103,"money_kl_plus":85,"teho_plus":168,"teho_plus_adj":167},{"year":2026,"season_id":127,"team":"PattU","age":null,"games":21,"turns_at_bat":101,"vyk":0.65,"spark_index":93,"adv_plus":81,"runner_plus":100,"out_avoid_plus":114,"money_kl_plus":81,"teho_plus":138,"teho_plus_adj":138}],"line":{"player_id":10350,"name":"Eemeli Mikkilä","born_year":null,"year":2026,"games":21,"team":"PattU","turns_at_bat":101,"kunnarit":2,"lyodyt":17,"tuodut":4,"karkilyonnit":48,"karki_yritykset":115,"saatot":123,"saatto_yritykset":252,"etenemiset":85,"eteneminen_yritykset":143,"haavat":35,"palot":23,"season_id":127,"tehot":23,"kl_pct":0.41739130434782606,"saatto_pct":0.4880952380952381,"eten_pct":0.5944055944055944,"kunnari_rate":0.019801980198019802,"lyoty_rate":0.16831683168316833,"tuotu_rate":0.027972027972027972,"haava_rate":0.3465346534653465,"palo_rate":0.22772277227722773,"tehot_per_turn":0.22772277227722773,"kl_per_turn":0.4752475247524752,"hr_rbi_per_turn":0.18811881188118812,"kl_base0":0.5,"kl_base0_tries":6,"kl_base1":0.3684210526315789,"kl_base1_tries":19,"kl_base2":0.5,"kl_base2_tries":38,"kl_base3":0.36538461538461536,"kl_base3_tries":52,"adv1_pct":0.5,"adv2_pct":0.3684210526315789,"adv3_pct":0.5,"adv_home_pct":0.36538461538461536,"money_kl_pct":0.36538461538461536,"money_kl_tries":52,"pos":null,"teho_plus":138,"adv_plus":81,"runner_plus":100,"out_avoid_plus":114,"adv1_plus":92,"adv2_plus":68,"adv3_plus":87,"adv_home_plus":81,"money_kl_plus":81,"spark_index":93,"run_value":11.902485127357222,"raa":3.4,"jyk":7.5,"vyk":0.65,"teho_plus_adj":138,"pct_kl_pct":18,"pct_saatto_pct":11,"pct_eten_pct":53,"pct_kunnari_rate":90,"pct_lyoty_rate":84,"pct_palo_rate":82,"pct_tehot_per_turn":80},"proj":{"player_id":10350,"name":"Eemeli Mikkilä","as_of":"2026-07-13","age":null,"stats":{"kl_pct":{"rate":0.44331533282273805,"effective_n":180.6211367966584,"observed":0.41388908024075227},"saatto_pct":{"rate":0.5047141164603,"effective_n":328.0786154160258,"observed":0.4938499058437081},"eten_pct":{"rate":0.5957933020577352,"effective_n":184.87073406777066,"observed":0.5967246935348571},"kunnari_rate":{"rate":0.012333634610284964,"effective_n":195.7887558520604,"observed":0.015694302655424184},"lyoty_rate":{"rate":0.16569638031773726,"effective_n":156.23344832982036,"observed":0.21269752717970739},"haava_rate":{"rate":0.3726919979028309,"effective_n":113.86292506836298,"observed":0.3256214135643326},"palo_rate":{"rate":0.27812608651009885,"effective_n":130.8442819935656,"observed":0.2497519190522122}},"teho_plus_proj":216},"translation":{"wrc_plus":121,"tier":"solid starter","rows":[{"pesis_label":"Kärkilyönti-% (advance the lead runner)","pesis_value":0.41739130434782606,"percentile":18,"mlb_stat":"AVG","mlb_value":"0.191"},{"pesis_label":"Kärkilyönnit per turn (base hits)","pesis_value":0.4752475247524752,"percentile":44,"mlb_stat":"H / 600 PA","mlb_value":"147"},{"pesis_label":"Lyödyt per turn (runs batted home)","pesis_value":0.16831683168316833,"percentile":84,"mlb_stat":"RBI / 600 PA","mlb_value":"92"},{"pesis_label":"Tuodut per advance (runs scored)","pesis_value":0.027972027972027972,"percentile":32,"mlb_stat":"R / 600 PA","mlb_value":"68"},{"pesis_label":"Palot per turn (burned outs)","pesis_value":0.22772277227722773,"percentile":82,"mlb_stat":"K%","mlb_value":"17.2%"}]},"pitching":null,"career_json":[{"year":2024,"kl_pct":0.46153846153846156,"teho_plus":222},{"year":2025,"kl_pct":0.38860103626943004,"teho_plus":168},{"year":2026,"kl_pct":0.41739130434782606,"teho_plus":138}],"pct_stats":["kl_pct","saatto_pct","eten_pct","kunnari_rate","lyoty_rate","palo_rate","tehot_per_turn"],"base_kl":{"player_id":10350,"turns_at_bat":101,"kl_base0":0.5,"kl_base0_tries":6,"kl_base1":0.3684210526315789,"kl_base1_tries":19,"kl_base2":0.5,"kl_base2_tries":38,"kl_base3":0.36538461538461536,"kl_base3_tries":52,"pct_kl_base0":54,"pct_kl_base1":20,"pct_kl_base2":33,"pct_kl_base3":32},"base_keys":["kl_base0","kl_base1","kl_base2","kl_base3"],"comps":[]}