{"player":{"id":1040,"name":"Ulla Tuominen","born_year":null},"career":[{"year":1990,"age":null,"games":19,"turns_at_bat":87,"vyk":-0.18,"spark_index":82,"adv_plus":68,"runner_plus":86,"out_avoid_plus":113,"money_kl_plus":39,"teho_plus":44,"teho_plus_adj":44}],"line":{"player_id":1040,"name":"Ulla Tuominen","born_year":null,"year":1990,"games":19,"team":"Manse","turns_at_bat":87,"kunnarit":0,"lyodyt":3,"tuodut":8,"karkilyonnit":32,"karki_yritykset":90,"saatot":76,"saatto_yritykset":159,"etenemiset":89,"eteneminen_yritykset":157,"haavat":45,"palot":23,"season_id":13,"tehot":11,"kl_pct":0.35555555555555557,"saatto_pct":0.4779874213836478,"eten_pct":0.5668789808917197,"kunnari_rate":0.0,"lyoty_rate":0.034482758620689655,"tuotu_rate":0.050955414012738856,"haava_rate":0.5172413793103449,"palo_rate":0.26436781609195403,"tehot_per_turn":0.12643678160919541,"kl_per_turn":0.367816091954023,"hr_rbi_per_turn":0.034482758620689655,"kl_base0":0.35714285714285715,"kl_base0_tries":28,"kl_base1":0.32142857142857145,"kl_base1_tries":28,"kl_base2":0.5,"kl_base2_tries":20,"kl_base3":0.21428571428571427,"kl_base3_tries":14,"adv1_pct":0.35714285714285715,"adv2_pct":0.32142857142857145,"adv3_pct":0.5,"adv_home_pct":0.21428571428571427,"money_kl_pct":0.21428571428571427,"money_kl_tries":14,"pos":"3V","teho_plus":44,"adv_plus":68,"runner_plus":86,"out_avoid_plus":113,"adv1_plus":67,"adv2_plus":52,"adv3_plus":73,"adv_home_plus":39,"money_kl_plus":39,"spark_index":82,"run_value":7.812250756477371,"raa":-8.4,"jyk":-4.2,"vyk":-0.18,"teho_plus_adj":44,"pct_kl_pct":2,"pct_saatto_pct":4,"pct_eten_pct":16,"pct_kunnari_rate":16,"pct_lyoty_rate":10,"pct_palo_rate":86,"pct_tehot_per_turn":7},"proj":null,"translation":null,"career_json":[{"year":1990,"kl_pct":0.35555555555555557,"teho_plus":44}],"pct_stats":["kl_pct","saatto_pct","eten_pct","kunnari_rate","lyoty_rate","palo_rate","tehot_per_turn"],"base_kl":{"player_id":1040,"turns_at_bat":87,"kl_base0":0.35714285714285715,"kl_base0_tries":28,"kl_base1":0.32142857142857145,"kl_base1_tries":28,"kl_base2":0.5,"kl_base2_tries":20,"kl_base3":0.21428571428571427,"kl_base3_tries":14,"pct_kl_base0":16,"pct_kl_base1":2,"pct_kl_base2":13,"pct_kl_base3":3},"base_keys":["kl_base0","kl_base1","kl_base2","kl_base3"],"comps":[]}