{"player":{"id":10429,"name":"Nelly Kiiski","born_year":null},"career":[{"year":2024,"season_id":122,"team":"SiiPe","age":null,"games":22,"turns_at_bat":150,"vyk":0.61,"spark_index":107,"adv_plus":112,"runner_plus":106,"out_avoid_plus":94,"money_kl_plus":107,"teho_plus":95,"teho_plus_adj":92},{"year":2025,"season_id":126,"team":"SiiPe","age":null,"games":24,"turns_at_bat":177,"vyk":1.32,"spark_index":107,"adv_plus":111,"runner_plus":105,"out_avoid_plus":101,"money_kl_plus":206,"teho_plus":163,"teho_plus_adj":160},{"year":2026,"season_id":128,"team":"Lippo Naiset","age":null,"games":14,"turns_at_bat":96,"vyk":0.62,"spark_index":103,"adv_plus":104,"runner_plus":104,"out_avoid_plus":98,"money_kl_plus":140,"teho_plus":126,"teho_plus_adj":126}],"line":{"player_id":10429,"name":"Nelly Kiiski","born_year":null,"year":2026,"games":14,"team":"Lippo Naiset","turns_at_bat":96,"kunnarit":1,"lyodyt":4,"tuodut":16,"karkilyonnit":53,"karki_yritykset":99,"saatot":115,"saatto_yritykset":181,"etenemiset":123,"eteneminen_yritykset":198,"haavat":41,"palot":34,"season_id":128,"tehot":21,"kl_pct":0.5353535353535354,"saatto_pct":0.6353591160220995,"eten_pct":0.6212121212121212,"kunnari_rate":0.010416666666666666,"lyoty_rate":0.041666666666666664,"tuotu_rate":0.08080808080808081,"haava_rate":0.4270833333333333,"palo_rate":0.3541666666666667,"tehot_per_turn":0.21875,"kl_per_turn":0.5520833333333334,"hr_rbi_per_turn":0.052083333333333336,"kl_base0":0.4482758620689655,"kl_base0_tries":29,"kl_base1":0.5405405405405406,"kl_base1_tries":37,"kl_base2":0.6,"kl_base2_tries":25,"kl_base3":0.625,"kl_base3_tries":8,"adv1_pct":0.4482758620689655,"adv2_pct":0.5405405405405406,"adv3_pct":0.6,"adv_home_pct":0.625,"money_kl_pct":0.625,"money_kl_tries":8,"pos":"S","teho_plus":126,"adv_plus":104,"runner_plus":104,"out_avoid_plus":98,"adv1_plus":89,"adv2_plus":97,"adv3_plus":100,"adv_home_plus":140,"money_kl_plus":140,"spark_index":103,"run_value":10.503364430432294,"raa":2.1,"jyk":7.3,"vyk":0.62,"teho_plus_adj":126,"pct_kl_pct":59,"pct_saatto_pct":68,"pct_eten_pct":72,"pct_kunnari_rate":77,"pct_lyoty_rate":55,"pct_palo_rate":36,"pct_tehot_per_turn":73},"proj":{"player_id":10429,"name":"Nelly Kiiski","as_of":"2026-07-02","age":null,"stats":{"kl_pct":{"rate":0.5707855960202527,"effective_n":164.25843575244355,"observed":0.5860186498589446},"saatto_pct":{"rate":0.6493612072844734,"effective_n":250.22982762952375,"observed":0.6573134148950018},"eten_pct":{"rate":0.6313038125268626,"effective_n":275.71757559011445,"observed":0.6373890889970231},"kunnari_rate":{"rate":0.012392612940269832,"effective_n":208.92553655448745,"observed":0.016490102935762377},"lyoty_rate":{"rate":0.0510102649463844,"effective_n":162.56968170566375,"observed":0.03725372213861527},"haava_rate":{"rate":0.4059864959690467,"effective_n":115.17512676584,"observed":0.4082385362828706},"palo_rate":{"rate":0.3437091737905831,"effective_n":133.797709443092,"observed":0.34484167524112563}},"teho_plus_proj":146},"translation":{"wrc_plus":115,"tier":"solid starter","rows":[{"pesis_label":"Kärkilyönti-% (advance the lead runner)","pesis_value":0.5353535353535354,"percentile":59,"mlb_stat":"AVG","mlb_value":"0.265"},{"pesis_label":"Kärkilyönnit per turn (base hits)","pesis_value":0.5520833333333334,"percentile":65,"mlb_stat":"H / 600 PA","mlb_value":"158"},{"pesis_label":"Lyödyt per turn (runs batted home)","pesis_value":0.041666666666666664,"percentile":55,"mlb_stat":"RBI / 600 PA","mlb_value":"75"},{"pesis_label":"Tuodut per advance (runs scored)","pesis_value":0.08080808080808081,"percentile":86,"mlb_stat":"R / 600 PA","mlb_value":"95"},{"pesis_label":"Palot per turn (burned outs)","pesis_value":0.3541666666666667,"percentile":36,"mlb_stat":"K%","mlb_value":"24.2%"}]},"pitching":null,"career_json":[{"year":2024,"kl_pct":0.6176470588235294,"teho_plus":95},{"year":2025,"kl_pct":0.659217877094972,"teho_plus":163},{"year":2026,"kl_pct":0.5353535353535354,"teho_plus":126}],"pct_stats":["kl_pct","saatto_pct","eten_pct","kunnari_rate","lyoty_rate","palo_rate","tehot_per_turn"],"base_kl":{"player_id":10429,"turns_at_bat":96,"kl_base0":0.4482758620689655,"kl_base0_tries":29,"kl_base1":0.5405405405405406,"kl_base1_tries":37,"kl_base2":0.6,"kl_base2_tries":25,"kl_base3":0.625,"kl_base3_tries":8,"pct_kl_base0":55,"pct_kl_base1":53,"pct_kl_base2":57,"pct_kl_base3":79},"base_keys":["kl_base0","kl_base1","kl_base2","kl_base3"],"comps":[]}