{"player":{"id":10429,"name":"Nelly Kiiski","born_year":null},"career":[{"year":2024,"season_id":122,"team":"SiiPe","age":null,"games":22,"turns_at_bat":150,"vyk":0.61,"spark_index":107,"adv_plus":112,"runner_plus":106,"out_avoid_plus":94,"money_kl_plus":107,"teho_plus":95,"teho_plus_adj":92},{"year":2025,"season_id":126,"team":"SiiPe","age":null,"games":24,"turns_at_bat":177,"vyk":1.32,"spark_index":107,"adv_plus":111,"runner_plus":105,"out_avoid_plus":101,"money_kl_plus":206,"teho_plus":163,"teho_plus_adj":160},{"year":2026,"season_id":128,"team":"Lippo Naiset","age":null,"games":15,"turns_at_bat":103,"vyk":0.65,"spark_index":103,"adv_plus":104,"runner_plus":104,"out_avoid_plus":99,"money_kl_plus":140,"teho_plus":119,"teho_plus_adj":119}],"line":{"player_id":10429,"name":"Nelly Kiiski","born_year":null,"year":2026,"games":15,"team":"Lippo Naiset","turns_at_bat":103,"kunnarit":1,"lyodyt":4,"tuodut":16,"karkilyonnit":57,"karki_yritykset":107,"saatot":123,"saatto_yritykset":195,"etenemiset":128,"eteneminen_yritykset":207,"haavat":43,"palot":36,"season_id":128,"tehot":21,"kl_pct":0.5327102803738317,"saatto_pct":0.6307692307692307,"eten_pct":0.6183574879227053,"kunnari_rate":0.009708737864077669,"lyoty_rate":0.038834951456310676,"tuotu_rate":0.07729468599033816,"haava_rate":0.4174757281553398,"palo_rate":0.34951456310679613,"tehot_per_turn":0.20388349514563106,"kl_per_turn":0.5533980582524272,"hr_rbi_per_turn":0.04854368932038835,"kl_base0":0.43333333333333335,"kl_base0_tries":30,"kl_base1":0.5238095238095238,"kl_base1_tries":42,"kl_base2":0.6296296296296297,"kl_base2_tries":27,"kl_base3":0.625,"kl_base3_tries":8,"adv1_pct":0.43333333333333335,"adv2_pct":0.5238095238095238,"adv3_pct":0.6296296296296297,"adv_home_pct":0.625,"money_kl_pct":0.625,"money_kl_tries":8,"pos":"S","teho_plus":119,"adv_plus":104,"runner_plus":104,"out_avoid_plus":99,"adv1_plus":86,"adv2_plus":94,"adv3_plus":105,"adv_home_plus":140,"money_kl_plus":140,"spark_index":103,"run_value":12.29638383356203,"raa":1.9,"jyk":7.5,"vyk":0.65,"teho_plus_adj":119,"pct_kl_pct":58,"pct_saatto_pct":66,"pct_eten_pct":71,"pct_kunnari_rate":76,"pct_lyoty_rate":54,"pct_palo_rate":38,"pct_tehot_per_turn":70},"proj":{"player_id":10429,"name":"Nelly Kiiski","as_of":"2026-07-06","age":null,"stats":{"kl_pct":{"rate":0.5677050863101792,"effective_n":170.27218675233868,"observed":0.5819893085768431},"saatto_pct":{"rate":0.645446811416429,"effective_n":260.19410845612674,"observed":0.652710780867653},"eten_pct":{"rate":0.6289541763327822,"effective_n":280.2964927548137,"observed":0.634772018099846},"kunnari_rate":{"rate":0.012076119111236794,"effective_n":214.2451397926545,"observed":0.01595240178081097},"lyoty_rate":{"rate":0.049448384627922046,"effective_n":167.60660674365042,"observed":0.03570250806742386},"haava_rate":{"rate":0.40233435662796607,"effective_n":119.8538429839592,"observed":0.4011183523658273},"palo_rate":{"rate":0.3421631671757441,"effective_n":138.6417564541476,"observed":0.34186828417681486}},"teho_plus_proj":146},"translation":{"wrc_plus":113,"tier":"solid starter","rows":[{"pesis_label":"Kärkilyönti-% (advance the lead runner)","pesis_value":0.5327102803738317,"percentile":58,"mlb_stat":"AVG","mlb_value":"0.263"},{"pesis_label":"Kärkilyönnit per turn (base hits)","pesis_value":0.5533980582524272,"percentile":66,"mlb_stat":"H / 600 PA","mlb_value":"159"},{"pesis_label":"Lyödyt per turn (runs batted home)","pesis_value":0.038834951456310676,"percentile":54,"mlb_stat":"RBI / 600 PA","mlb_value":"74"},{"pesis_label":"Tuodut per advance (runs scored)","pesis_value":0.07729468599033816,"percentile":84,"mlb_stat":"R / 600 PA","mlb_value":"94"},{"pesis_label":"Palot per turn (burned outs)","pesis_value":0.34951456310679613,"percentile":38,"mlb_stat":"K%","mlb_value":"23.9%"}]},"pitching":null,"career_json":[{"year":2024,"kl_pct":0.6176470588235294,"teho_plus":95},{"year":2025,"kl_pct":0.659217877094972,"teho_plus":163},{"year":2026,"kl_pct":0.5327102803738317,"teho_plus":119}],"pct_stats":["kl_pct","saatto_pct","eten_pct","kunnari_rate","lyoty_rate","palo_rate","tehot_per_turn"],"base_kl":{"player_id":10429,"turns_at_bat":103,"kl_base0":0.43333333333333335,"kl_base0_tries":30,"kl_base1":0.5238095238095238,"kl_base1_tries":42,"kl_base2":0.6296296296296297,"kl_base2_tries":27,"kl_base3":0.625,"kl_base3_tries":8,"pct_kl_base0":51,"pct_kl_base1":52,"pct_kl_base2":63,"pct_kl_base3":81},"base_keys":["kl_base0","kl_base1","kl_base2","kl_base3"],"comps":[]}