{"player":{"id":10429,"name":"Nelly Kiiski","born_year":null},"career":[{"player_id":10429,"name":"Nelly Kiiski","born_year":null,"year":2026,"games":14,"team":"Lippo Naiset","turns_at_bat":96,"kunnarit":1,"lyodyt":4,"tuodut":16,"karkilyonnit":53,"karki_yritykset":99,"saatot":115,"saatto_yritykset":181,"etenemiset":123,"eteneminen_yritykset":198,"haavat":41,"palot":34,"season_id":2,"tehot":21,"kl_pct":0.5353535353535354,"saatto_pct":0.6353591160220995,"eten_pct":0.6212121212121212,"kunnari_rate":0.010416666666666666,"lyoty_rate":0.041666666666666664,"tuotu_rate":0.08080808080808081,"haava_rate":0.4270833333333333,"palo_rate":0.3541666666666667,"tehot_per_turn":0.21875,"kl_per_turn":0.5520833333333334,"hr_rbi_per_turn":0.052083333333333336,"kl_base0":0.4482758620689655,"kl_base0_tries":29,"kl_base1":0.5405405405405406,"kl_base1_tries":37,"kl_base2":0.6,"kl_base2_tries":25,"kl_base3":0.625,"kl_base3_tries":8,"adv1_pct":0.4482758620689655,"adv2_pct":0.5405405405405406,"adv3_pct":0.6,"adv_home_pct":0.625,"money_kl_pct":0.625,"money_kl_tries":8,"teho_plus":127,"adv_plus":105,"runner_plus":104,"out_avoid_plus":98,"adv1_plus":90,"adv2_plus":97,"adv3_plus":100,"adv_home_plus":139,"money_kl_plus":139,"spark_index":103,"teho_plus_adj":126}],"line":{"player_id":10429,"name":"Nelly Kiiski","born_year":null,"year":2026,"games":14,"team":"Lippo Naiset","turns_at_bat":96,"kunnarit":1,"lyodyt":4,"tuodut":16,"karkilyonnit":53,"karki_yritykset":99,"saatot":115,"saatto_yritykset":181,"etenemiset":123,"eteneminen_yritykset":198,"haavat":41,"palot":34,"season_id":2,"tehot":21,"kl_pct":0.5353535353535354,"saatto_pct":0.6353591160220995,"eten_pct":0.6212121212121212,"kunnari_rate":0.010416666666666666,"lyoty_rate":0.041666666666666664,"tuotu_rate":0.08080808080808081,"haava_rate":0.4270833333333333,"palo_rate":0.3541666666666667,"tehot_per_turn":0.21875,"kl_per_turn":0.5520833333333334,"hr_rbi_per_turn":0.052083333333333336,"kl_base0":0.4482758620689655,"kl_base0_tries":29,"kl_base1":0.5405405405405406,"kl_base1_tries":37,"kl_base2":0.6,"kl_base2_tries":25,"kl_base3":0.625,"kl_base3_tries":8,"adv1_pct":0.4482758620689655,"adv2_pct":0.5405405405405406,"adv3_pct":0.6,"adv_home_pct":0.625,"money_kl_pct":0.625,"money_kl_tries":8,"teho_plus":127,"adv_plus":105,"runner_plus":104,"out_avoid_plus":98,"adv1_plus":90,"adv2_plus":97,"adv3_plus":100,"adv_home_plus":139,"money_kl_plus":139,"spark_index":103,"teho_plus_adj":126,"pct_kl_pct":60,"pct_saatto_pct":66,"pct_eten_pct":70,"pct_kunnari_rate":75,"pct_lyoty_rate":61,"pct_palo_rate":37,"pct_tehot_per_turn":72},"proj":{"player_id":10429,"name":"Nelly Kiiski","as_of":"2026-07-02","age":null,"stats":{"kl_pct":{"rate":0.5314666838771315,"effective_n":91.58561025639612,"observed":0.5340812941533901},"saatto_pct":{"rate":0.628325527933107,"effective_n":163.24740192541418,"observed":0.6356588720458928},"eten_pct":{"rate":0.6181747283733973,"effective_n":178.98401012354853,"observed":0.6242423922944242},"kunnari_rate":{"rate":0.007468653102050621,"effective_n":91.0129823847215,"observed":0.010020780594062436},"lyoty_rate":{"rate":0.05844682080716645,"effective_n":88.65383479976362,"observed":0.040455459912179956},"haava_rate":{"rate":0.41214424496799495,"effective_n":84.18578830505184,"observed":0.4242256231177741},"palo_rate":{"rate":0.3487103058586155,"effective_n":86.37927807997804,"observed":0.35378469500370835}},"teho_plus_proj":146},"career_json":[{"year":2026,"kl_pct":0.5353535353535354,"teho_plus":127}],"pct_stats":["kl_pct","saatto_pct","eten_pct","kunnari_rate","lyoty_rate","palo_rate","tehot_per_turn"],"base_kl":{"player_id":10429,"turns_at_bat":96,"kl_base0":0.4482758620689655,"kl_base0_tries":29,"kl_base1":0.5405405405405406,"kl_base1_tries":37,"kl_base2":0.6,"kl_base2_tries":25,"kl_base3":0.625,"kl_base3_tries":8,"pct_kl_base0":58,"pct_kl_base1":53,"pct_kl_base2":59,"pct_kl_base3":81},"base_keys":["kl_base0","kl_base1","kl_base2","kl_base3"],"log":[{"player_id":10429,"season_id":2,"match_id":129105,"date":"2026-04-25","team":"Lippo Naiset","opponent":"JoMa","home":0,"turns_at_bat":4,"kunnarit":0,"lyodyt":0,"tuodut":0,"karkilyonnit":2,"karki_yritykset":2,"saatot":3,"saatto_yritykset":5,"etenemiset":1,"eteneminen_yritykset":5,"haavat":2,"palot":2,"stadium":"Campo Elola, Fuengirola (ES)","tehot":0,"kl_pct":1.0},{"player_id":10429,"season_id":2,"match_id":129171,"date":"2026-05-09","team":"Lippo Naiset","opponent":"JoMa","home":1,"turns_at_bat":4,"kunnarit":0,"lyodyt":0,"tuodut":0,"karkilyonnit":0,"karki_yritykset":4,"saatot":1,"saatto_yritykset":7,"etenemiset":1,"eteneminen_yritykset":5,"haavat":2,"palot":2,"stadium":"Hielo Stadion Raksila, Oulu","tehot":0,"kl_pct":0.0},{"player_id":10429,"season_id":2,"match_id":129098,"date":"2026-05-16","team":"Lippo Naiset","opponent":"Manse","home":0,"turns_at_bat":6,"kunnarit":0,"lyodyt":0,"tuodut":0,"karkilyonnit":4,"karki_yritykset":6,"saatot":6,"saatto_yritykset":9,"etenemiset":6,"eteneminen_yritykset":12,"haavat":3,"palot":3,"stadium":"Kaupin pesäpallostadion, Tampere","tehot":0,"kl_pct":0.6666666666666666},{"player_id":10429,"season_id":2,"match_id":129181,"date":"2026-05-17","team":"Lippo Naiset","opponent":"Roihuttaret","home":0,"turns_at_bat":7,"kunnarit":1,"lyodyt":2,"tuodut":1,"karkilyonnit":7,"karki_yritykset":8,"saatot":14,"saatto_yritykset":16,"etenemiset":13,"eteneminen_yritykset":18,"haavat":3,"palot":2,"stadium":"Roihuvuoren pesäpallokenttä, Helsinki","tehot":4,"kl_pct":0.875},{"player_id":10429,"season_id":2,"match_id":129164,"date":"2026-05-22","team":"Lippo Naiset","opponent":"Manse","home":1,"turns_at_bat":7,"kunnarit":0,"lyodyt":0,"tuodut":1,"karkilyonnit":3,"karki_yritykset":7,"saatot":5,"saatto_yritykset":11,"etenemiset":5,"eteneminen_yritykset":10,"haavat":2,"palot":3,"stadium":"Hielo Stadion Raksila, Oulu","tehot":1,"kl_pct":0.42857142857142855},{"player_id":10429,"season_id":2,"match_id":129216,"date":"2026-05-28","team":"Lippo Naiset","opponent":"Mailattaret","home":0,"turns_at_bat":8,"kunnarit":0,"lyodyt":1,"tuodut":4,"karkilyonnit":4,"karki_yritykset":7,"saatot":12,"saatto_yritykset":15,"etenemiset":18,"eteneminen_yritykset":21,"haavat":2,"palot":1,"stadium":"Hietalahden Pesäpallostadion, Vaasa","tehot":5,"kl_pct":0.5714285714285714},{"player_id":10429,"season_id":2,"match_id":129113,"date":"2026-06-05","team":"Lippo Naiset","opponent":"Mailattaret","home":1,"turns_at_bat":7,"kunnarit":0,"lyodyt":0,"tuodut":1,"karkilyonnit":5,"karki_yritykset":10,"saatot":10,"saatto_yritykset":18,"etenemiset":8,"eteneminen_yritykset":14,"haavat":5,"palot":1,"stadium":"Hielo Stadion Raksila, Oulu","tehot":1,"kl_pct":0.5},{"player_id":10429,"season_id":2,"match_id":129112,"date":"2026-06-06","team":"Lippo Naiset","opponent":"Pesäkarhut","home":1,"turns_at_bat":8,"kunnarit":0,"lyodyt":0,"tuodut":0,"karkilyonnit":3,"karki_yritykset":8,"saatot":8,"saatto_yritykset":13,"etenemiset":6,"eteneminen_yritykset":14,"haavat":5,"palot":3,"stadium":"Hielo Stadion Raksila, Oulu","tehot":0,"kl_pct":0.375},{"player_id":10429,"season_id":2,"match_id":129178,"date":"2026-06-12","team":"Lippo Naiset","opponent":"Pesäkarhut","home":0,"turns_at_bat":7,"kunnarit":0,"lyodyt":0,"tuodut":0,"karkilyonnit":5,"karki_yritykset":9,"saatot":8,"saatto_yritykset":12,"etenemiset":8,"eteneminen_yritykset":14,"haavat":2,"palot":4,"stadium":"Huikoo Areena, Pori","tehot":0,"kl_pct":0.5555555555555556},{"player_id":10429,"season_id":2,"match_id":129071,"date":"2026-06-13","team":"Lippo Naiset","opponent":"Jyske","home":0,"turns_at_bat":8,"kunnarit":0,"lyodyt":1,"tuodut":2,"karkilyonnit":5,"karki_yritykset":8,"saatot":14,"saatto_yritykset":20,"etenemiset":12,"eteneminen_yritykset":18,"haavat":4,"palot":2,"stadium":"Laserkeskus Areena, Laitila","tehot":3,"kl_pct":0.625},{"player_id":10429,"season_id":2,"match_id":129090,"date":"2026-06-16","team":"Lippo Naiset","opponent":"Virkiä","home":0,"turns_at_bat":8,"kunnarit":0,"lyodyt":0,"tuodut":1,"karkilyonnit":3,"karki_yritykset":10,"saatot":9,"saatto_yritykset":16,