{"player":{"id":10438,"name":"Veeti Kortehisto","born_year":null},"career":[{"player_id":10438,"name":"Veeti Kortehisto","born_year":null,"year":2026,"games":17,"team":"ViVe","turns_at_bat":114,"kunnarit":0,"lyodyt":2,"tuodut":9,"karkilyonnit":56,"karki_yritykset":106,"saatot":96,"saatto_yritykset":166,"etenemiset":110,"eteneminen_yritykset":198,"haavat":51,"palot":37,"season_id":1,"tehot":11,"kl_pct":0.5283018867924528,"saatto_pct":0.5783132530120482,"eten_pct":0.5555555555555556,"kunnari_rate":0.0,"lyoty_rate":0.017543859649122806,"tuotu_rate":0.045454545454545456,"haava_rate":0.4473684210526316,"palo_rate":0.32456140350877194,"tehot_per_turn":0.09649122807017543,"kl_per_turn":0.49122807017543857,"hr_rbi_per_turn":0.017543859649122806,"kl_base0":0.5,"kl_base0_tries":52,"kl_base1":0.6428571428571429,"kl_base1_tries":42,"kl_base2":0.14285714285714285,"kl_base2_tries":7,"kl_base3":0.4,"kl_base3_tries":5,"adv1_pct":0.5,"adv2_pct":0.6428571428571429,"adv3_pct":0.14285714285714285,"adv_home_pct":0.4,"money_kl_pct":0.4,"money_kl_tries":5,"teho_plus":60,"adv_plus":98,"runner_plus":94,"out_avoid_plus":100,"adv1_plus":93,"adv2_plus":121,"adv3_plus":25,"adv_home_plus":89,"money_kl_plus":89,"spark_index":97,"teho_plus_adj":59}],"line":{"player_id":10438,"name":"Veeti Kortehisto","born_year":null,"year":2026,"games":17,"team":"ViVe","turns_at_bat":114,"kunnarit":0,"lyodyt":2,"tuodut":9,"karkilyonnit":56,"karki_yritykset":106,"saatot":96,"saatto_yritykset":166,"etenemiset":110,"eteneminen_yritykset":198,"haavat":51,"palot":37,"season_id":1,"tehot":11,"kl_pct":0.5283018867924528,"saatto_pct":0.5783132530120482,"eten_pct":0.5555555555555556,"kunnari_rate":0.0,"lyoty_rate":0.017543859649122806,"tuotu_rate":0.045454545454545456,"haava_rate":0.4473684210526316,"palo_rate":0.32456140350877194,"tehot_per_turn":0.09649122807017543,"kl_per_turn":0.49122807017543857,"hr_rbi_per_turn":0.017543859649122806,"kl_base0":0.5,"kl_base0_tries":52,"kl_base1":0.6428571428571429,"kl_base1_tries":42,"kl_base2":0.14285714285714285,"kl_base2_tries":7,"kl_base3":0.4,"kl_base3_tries":5,"adv1_pct":0.5,"adv2_pct":0.6428571428571429,"adv3_pct":0.14285714285714285,"adv_home_pct":0.4,"money_kl_pct":0.4,"money_kl_tries":5,"teho_plus":60,"adv_plus":98,"runner_plus":94,"out_avoid_plus":100,"adv1_plus":93,"adv2_plus":121,"adv3_plus":25,"adv_home_plus":89,"money_kl_plus":89,"spark_index":97,"teho_plus_adj":59,"pct_kl_pct":55,"pct_saatto_pct":45,"pct_eten_pct":34,"pct_kunnari_rate":29,"pct_lyoty_rate":39,"pct_palo_rate":42,"pct_tehot_per_turn":30},"proj":{"player_id":10438,"name":"Veeti Kortehisto","as_of":"2026-07-02","age":null,"stats":{"kl_pct":{"rate":0.5275147964664282,"effective_n":97.15802385236435,"observed":0.5290294086427287},"saatto_pct":{"rate":0.5809243469125352,"effective_n":147.4227382825149,"observed":0.5785779677535283},"eten_pct":{"rate":0.5629995865135625,"effective_n":177.47133588082272,"observed":0.5559602553790695},"kunnari_rate":{"rate":0.00357459072032728,"effective_n":107.61946312974784,"observed":0.0},"lyoty_rate":{"rate":0.04137139545809507,"effective_n":104.60312676751964,"observed":0.017771666881596995},"haava_rate":{"rate":0.44248638784311267,"effective_n":98.89565398697773,"observed":0.4556700786209074},"palo_rate":{"rate":0.32242357633706664,"effective_n":101.69663847402725,"observed":0.32087827095464194}},"teho_plus_proj":133},"career_json":[{"year":2026,"kl_pct":0.5283018867924528,"teho_plus":60}],"pct_stats":["kl_pct","saatto_pct","eten_pct","kunnari_rate","lyoty_rate","palo_rate","tehot_per_turn"],"base_kl":{"player_id":10438,"turns_at_bat":114,"kl_base0":0.5,"kl_base0_tries":52,"kl_base1":0.6428571428571429,"kl_base1_tries":42,"kl_base2":0.14285714285714285,"kl_base2_tries":7,"kl_base3":0.4,"kl_base3_tries":5,"pct_kl_base0":54,"pct_kl_base1":79,"pct_kl_base2":3,"pct_kl_base3":44},"base_keys":["kl_base0","kl_base1","kl_base2","kl_base3"],"log":[{"player_id":10438,"season_id":1,"match_id":128907,"date":"2026-05-09","team":"ViVe","opponent":"JoMa","home":0,"turns_at_bat":6,"kunnarit":0,"lyodyt":0,"tuodut":0,"karkilyonnit":3,"karki_yritykset":7,"saatot":6,"saatto_yritykset":10,"etenemiset":4,"eteneminen_yritykset":7,"haavat":0,"palot":3,"stadium":"Ilosaarirock Stadion, Joensuu","tehot":0,"kl_pct":0.42857142857142855},{"player_id":10438,"season_id":1,"match_id":128984,"date":"2026-05-10","team":"ViVe","opponent":"KiPa","home":0,"turns_at_bat":6,"kunnarit":0,"lyodyt":0,"tuodut":0,"karkilyonnit":1,"karki_yritykset":6,"saatot":4,"saatto_yritykset":10,"etenemiset":3,"eteneminen_yritykset":6,"haavat":2,"palot":1,"stadium":"Rantakenttä, Kitee","tehot":0,"kl_pct":0.16666666666666666},{"player_id":10438,"season_id":1,"match_id":128917,"date":"2026-05-14","team":"ViVe","opponent":"Tahko","home":1,"turns_at_bat":7,"kunnarit":0,"lyodyt":0,"tuodut":0,"karkilyonnit":4,"karki_yritykset":6,"saatot":6,"saatto_yritykset":8,"etenemiset":10,"eteneminen_yritykset":16,"haavat":2,"palot":4,"stadium":"Saarikenttä, Vimpeli","tehot":0,"kl_pct":0.6666666666666666},{"player_id":10438,"season_id":1,"match_id":128892,"date":"2026-05-17","team":"ViVe","opponent":"KoU","home":0,"turns_at_bat":7,"kunnarit":0,"lyodyt":1,"tuodut":1,"karkilyonnit":3,"karki_yritykset":5,"saatot":7,"saatto_yritykset":12,"etenemiset":7,"eteneminen_yritykset":12,"haavat":4,"palot":1,"stadium":"Sähkökoje Areena, Koskenkorva (Ilmajoki)","tehot":2,"kl_pct":0.6},{"player_id":10438,"season_id":1,"match_id":129052,"date":"2026-05-20","team":"ViVe","opponent":"KeKi","home":1,"turns_at_bat":7,"kunnarit":0,"lyodyt":0,"tuodut":0,"karkilyonnit":5,"karki_yritykset":6,"saatot":8,"saatto_yritykset":12,"etenemiset":3,"eteneminen_yritykset":10,"haavat":4,"palot":3,"stadium":"Saarikenttä, Vimpeli","tehot":0,"kl_pct":0.8333333333333334},{"player_id":10438,"season_id":1,"match_id":129053,"date":"2026-05-22","team":"ViVe","opponent":"KPL","home":0,"turns_at_bat":7,"kunnarit":0,"lyodyt":0,"tuodut":1,"karkilyonnit":2,"karki_yritykset":7,"saatot":3,"saatto_yritykset":10,"etenemiset":6,"eteneminen_yritykset":12,"haavat":1,"palot":5,"stadium":"KSS Energia Areena, Kouvola","tehot":1,"kl_pct":0.2857142857142857},{"player_id":10438,"season_id":1,"match_id":128919,"date":"2026-05-29","team":"ViVe","opponent":"KeKi","home":0,"turns_at_bat":7,"kunnarit":0,"lyodyt":0,"tuodut":1,"karkilyonnit":3,"karki_yritykset":5,"saatot":8,"saatto_yritykset":11,"etenemiset":7,"eteneminen_yritykset":11,"haavat":4,"palot":0,"stadium":"Autofix1.com Areena, Kempele","tehot":1,"kl_pct":0.6},{"player_id":10438,"season_id":1,"match_id":128958,"date":"2026-05-31","team":"ViVe","opponent":"KoU","home":1,"turns_at_bat":6,"kunnarit":0,"lyodyt":0,"tuodut":1,"karkilyonnit":4,"karki_yritykset":7,"saatot":7,"saatto_yritykset":10,"etenemiset":11,"eteneminen_yritykset":16,"haavat":2,"palot":3,"stadium":"Saarikenttä, Vimpeli","tehot":1,"kl_pct":0.5714285714285714},{"player_id":10438,"season_id":1,"match_id":128982,"date":"2026-06-02","team":"ViVe","opponent":"PattU","home":0,"turns_at_bat":5,"kunnarit":0,"lyodyt":0,"tuodut":0,"karkilyonnit":4,"karki_yritykset":5,"saatot":6,"saatto_yritykset":8,"etenemiset":3,"eteneminen_yritykset":8,"haavat":2,"palot":3,"stadium":"MiiluAreena, Raahe","tehot":0,"kl_pct":0.8},{"player_id":10438,"season_id":1,"match_id":128883,"date":"2026-06-05","team":"ViVe","opponent":"KPL","home":0,"turns_at_bat":8,"kunnarit":0,"lyodyt":0,"tuodut":2,"karkilyonnit":4,"karki_yritykset":7,"saatot":6,"saatto_yritykset":11,"etenemiset":15,"eteneminen_yritykset":20,"haavat":4,"palot":1,"stadium":"KSS Energia Areena, Kouvola","tehot":2,"kl_pct":0.5714285714285714},{"player_id":10438,"season_id":1,"match_id":128980,"date":"2026-06-06","team":"ViVe","opponent":"IPV","home":0,"turns_at_bat":7,"kunnarit":0,"lyodyt":0,"tuodut":0,"karkilyonnit":6,"karki_yritykset":9,"saatot":9,"saatto_yritykset":12,"etenemiset":4,"eteneminen_yritykset":9,"haavat":3,"palot":2,"stadium":"Tornator Stadion, Imatra","tehot":0,"kl_pct":0.6666666666666666},{"player_id":10438,"season_id":1,