{"player":{"id":10446,"name":"Veeti Kettunen","born_year":null},"career":[{"player_id":10446,"name":"Veeti Kettunen","born_year":null,"year":2026,"games":17,"team":"Tahko","turns_at_bat":117,"kunnarit":0,"lyodyt":0,"tuodut":6,"karkilyonnit":53,"karki_yritykset":108,"saatot":130,"saatto_yritykset":212,"etenemiset":116,"eteneminen_yritykset":209,"haavat":63,"palot":30,"season_id":1,"tehot":6,"kl_pct":0.49074074074074076,"saatto_pct":0.6132075471698113,"eten_pct":0.5550239234449761,"kunnari_rate":0.0,"lyoty_rate":0.0,"tuotu_rate":0.028708133971291867,"haava_rate":0.5384615384615384,"palo_rate":0.2564102564102564,"tehot_per_turn":0.05128205128205128,"kl_per_turn":0.452991452991453,"hr_rbi_per_turn":0.0,"kl_base0":0.38461538461538464,"kl_base0_tries":26,"kl_base1":0.509090909090909,"kl_base1_tries":55,"kl_base2":0.625,"kl_base2_tries":24,"kl_base3":0.0,"kl_base3_tries":3,"adv1_pct":0.38461538461538464,"adv2_pct":0.509090909090909,"adv3_pct":0.625,"adv_home_pct":0.0,"money_kl_pct":0.0,"money_kl_tries":3,"teho_plus":32,"adv_plus":101,"runner_plus":94,"out_avoid_plus":110,"adv1_plus":72,"adv2_plus":96,"adv3_plus":110,"adv_home_plus":0,"money_kl_plus":0,"spark_index":101,"teho_plus_adj":30}],"line":{"player_id":10446,"name":"Veeti Kettunen","born_year":null,"year":2026,"games":17,"team":"Tahko","turns_at_bat":117,"kunnarit":0,"lyodyt":0,"tuodut":6,"karkilyonnit":53,"karki_yritykset":108,"saatot":130,"saatto_yritykset":212,"etenemiset":116,"eteneminen_yritykset":209,"haavat":63,"palot":30,"season_id":1,"tehot":6,"kl_pct":0.49074074074074076,"saatto_pct":0.6132075471698113,"eten_pct":0.5550239234449761,"kunnari_rate":0.0,"lyoty_rate":0.0,"tuotu_rate":0.028708133971291867,"haava_rate":0.5384615384615384,"palo_rate":0.2564102564102564,"tehot_per_turn":0.05128205128205128,"kl_per_turn":0.452991452991453,"hr_rbi_per_turn":0.0,"kl_base0":0.38461538461538464,"kl_base0_tries":26,"kl_base1":0.509090909090909,"kl_base1_tries":55,"kl_base2":0.625,"kl_base2_tries":24,"kl_base3":0.0,"kl_base3_tries":3,"adv1_pct":0.38461538461538464,"adv2_pct":0.509090909090909,"adv3_pct":0.625,"adv_home_pct":0.0,"money_kl_pct":0.0,"money_kl_tries":3,"teho_plus":32,"adv_plus":101,"runner_plus":94,"out_avoid_plus":110,"adv1_plus":72,"adv2_plus":96,"adv3_plus":110,"adv_home_plus":0,"money_kl_plus":0,"spark_index":101,"teho_plus_adj":30,"pct_kl_pct":38,"pct_saatto_pct":62,"pct_eten_pct":32,"pct_kunnari_rate":29,"pct_lyoty_rate":10,"pct_palo_rate":72,"pct_tehot_per_turn":10},"proj":{"player_id":10446,"name":"Veeti Kettunen","as_of":"2026-07-02","age":null,"stats":{"kl_pct":{"rate":0.5073149210142197,"effective_n":99.09699398888503,"observed":0.4965695314890857},"saatto_pct":{"rate":0.6139584471167906,"effective_n":190.83111679082717,"observed":0.61907005775925},"eten_pct":{"rate":0.565076067618723,"effective_n":187.7483439699671,"observed":0.5589750527140528},"kunnari_rate":{"rate":0.003528745320873809,"effective_n":110.57669134025063,"observed":0.0},"lyoty_rate":{"rate":0.030811405531634983,"effective_n":107.53824880469408,"observed":0.0},"haava_rate":{"rate":0.4819758032570581,"effective_n":101.78473240319066,"observed":0.5335822784012811},"palo_rate":{"rate":0.28618033222985767,"effective_n":104.60906594740466,"observed":0.2569609537400245}},"teho_plus_proj":126},"career_json":[{"year":2026,"kl_pct":0.49074074074074076,"teho_plus":32}],"pct_stats":["kl_pct","saatto_pct","eten_pct","kunnari_rate","lyoty_rate","palo_rate","tehot_per_turn"],"base_kl":{"player_id":10446,"turns_at_bat":117,"kl_base0":0.38461538461538464,"kl_base0_tries":26,"kl_base1":0.509090909090909,"kl_base1_tries":55,"kl_base2":0.625,"kl_base2_tries":24,"kl_base3":0.0,"kl_base3_tries":3,"pct_kl_base0":28,"pct_kl_base1":52,"pct_kl_base2":58,"pct_kl_base3":7},"base_keys":["kl_base0","kl_base1","kl_base2","kl_base3"],"comps":[]}