{"player":{"id":10453,"name":"Emma Hakala","born_year":null},"career":[{"year":2023,"season_id":118,"team":"MaJu","age":null,"games":19,"turns_at_bat":92,"vyk":0.33,"spark_index":90,"adv_plus":80,"runner_plus":87,"out_avoid_plus":117,"money_kl_plus":82,"teho_plus":105,"teho_plus_adj":106},{"year":2026,"season_id":130,"team":"MyVe","age":null,"games":16,"turns_at_bat":74,"vyk":0.46,"spark_index":85,"adv_plus":65,"runner_plus":93,"out_avoid_plus":121,"money_kl_plus":74,"teho_plus":151,"teho_plus_adj":151}],"line":{"player_id":10453,"name":"Emma Hakala","born_year":null,"year":2026,"games":16,"team":"MyVe","turns_at_bat":74,"kunnarit":1,"lyodyt":22,"tuodut":1,"karkilyonnit":33,"karki_yritykset":93,"saatot":84,"saatto_yritykset":202,"etenemiset":57,"eteneminen_yritykset":97,"haavat":26,"palot":14,"season_id":130,"tehot":24,"kl_pct":0.3548387096774194,"saatto_pct":0.4158415841584158,"eten_pct":0.5876288659793815,"kunnari_rate":0.013513513513513514,"lyoty_rate":0.2972972972972973,"tuotu_rate":0.010309278350515464,"haava_rate":0.35135135135135137,"palo_rate":0.1891891891891892,"tehot_per_turn":0.32432432432432434,"kl_per_turn":0.44594594594594594,"hr_rbi_per_turn":0.3108108108108108,"kl_base0":0.6666666666666666,"kl_base0_tries":3,"kl_base1":0.25,"kl_base1_tries":4,"kl_base2":0.3333333333333333,"kl_base2_tries":21,"kl_base3":0.35384615384615387,"kl_base3_tries":65,"adv1_pct":0.6666666666666666,"adv2_pct":0.25,"adv3_pct":0.3333333333333333,"adv_home_pct":0.35384615384615387,"money_kl_pct":0.35384615384615387,"money_kl_tries":65,"pos":null,"teho_plus":151,"adv_plus":65,"runner_plus":93,"out_avoid_plus":121,"adv1_plus":115,"adv2_plus":43,"adv3_plus":52,"adv_home_plus":74,"money_kl_plus":74,"spark_index":85,"run_value":12.411958954792274,"raa":3.4,"jyk":7.0,"vyk":0.46,"teho_plus_adj":151,"pct_kl_pct":1,"pct_saatto_pct":1,"pct_eten_pct":24,"pct_kunnari_rate":83,"pct_lyoty_rate":95,"pct_palo_rate":88,"pct_tehot_per_turn":86},"proj":{"player_id":10453,"name":"Emma Hakala","as_of":"2026-07-12","age":null,"stats":{"kl_pct":{"rate":0.4455236738717255,"effective_n":87.71627416238894,"observed":0.3610676925649697},"saatto_pct":{"rate":0.45957699204397257,"effective_n":180.26006995636243,"observed":0.42031504509317413},"eten_pct":{"rate":0.606589099321194,"effective_n":87.41237989411486,"observed":0.5907890308234518},"kunnari_rate":{"rate":0.008268666877654846,"effective_n":79.12888711915853,"observed":0.01226374358434858},"lyoty_rate":{"rate":0.190457997851494,"effective_n":70.37067165363739,"observed":0.2956943746413251},"haava_rate":{"rate":0.3680777205945768,"effective_n":63.44710883866275,"observed":0.35466702250576204},"palo_rate":{"rate":0.2661647773570031,"effective_n":66.14295646587613,"observed":0.1863010151541729}},"teho_plus_proj":177},"translation":{"wrc_plus":127,"tier":"All-Star","rows":[{"pesis_label":"Kärkilyönti-% (advance the lead runner)","pesis_value":0.3548387096774194,"percentile":1,"mlb_stat":"AVG","mlb_value":"0.101"},{"pesis_label":"Kärkilyönnit per turn (base hits)","pesis_value":0.44594594594594594,"percentile":18,"mlb_stat":"H / 600 PA","mlb_value":"130"},{"pesis_label":"Lyödyt per turn (runs batted home)","pesis_value":0.2972972972972973,"percentile":95,"mlb_stat":"RBI / 600 PA","mlb_value":"105"},{"pesis_label":"Tuodut per advance (runs scored)","pesis_value":0.010309278350515464,"percentile":5,"mlb_stat":"R / 600 PA","mlb_value":"46"},{"pesis_label":"Palot per turn (burned outs)","pesis_value":0.1891891891891892,"percentile":88,"mlb_stat":"K%","mlb_value":"15.7%"}]},"pitching":null,"career_json":[{"year":2023,"kl_pct":0.4897959183673469,"teho_plus":105},{"year":2026,"kl_pct":0.3548387096774194,"teho_plus":151}],"pct_stats":["kl_pct","saatto_pct","eten_pct","kunnari_rate","lyoty_rate","palo_rate","tehot_per_turn"],"base_kl":{"player_id":10453,"turns_at_bat":74,"kl_base0":0.6666666666666666,"kl_base0_tries":3,"kl_base1":0.25,"kl_base1_tries":4,"kl_base2":0.3333333333333333,"kl_base2_tries":21,"kl_base3":0.35384615384615387,"kl_base3_tries":65,"pct_kl_base0":77,"pct_kl_base1":5,"pct_kl_base2":5,"pct_kl_base3":24},"base_keys":["kl_base0","kl_base1","kl_base2","kl_base3"],"comps":[]}