{"player":{"id":10453,"name":"Emma Hakala","born_year":null},"career":[{"year":2023,"age":null,"games":19,"turns_at_bat":92,"vyk":0.33,"spark_index":90,"adv_plus":80,"runner_plus":87,"out_avoid_plus":117,"money_kl_plus":82,"teho_plus":105,"teho_plus_adj":106},{"year":2026,"age":null,"games":14,"turns_at_bat":66,"vyk":0.5,"spark_index":85,"adv_plus":65,"runner_plus":94,"out_avoid_plus":120,"money_kl_plus":76,"teho_plus":157,"teho_plus_adj":158}],"line":{"player_id":10453,"name":"Emma Hakala","born_year":null,"year":2026,"games":14,"team":"MyVe","turns_at_bat":66,"kunnarit":1,"lyodyt":20,"tuodut":1,"karkilyonnit":30,"karki_yritykset":85,"saatot":77,"saatto_yritykset":183,"etenemiset":52,"eteneminen_yritykset":87,"haavat":22,"palot":13,"season_id":4,"tehot":22,"kl_pct":0.35294117647058826,"saatto_pct":0.4207650273224044,"eten_pct":0.5977011494252874,"kunnari_rate":0.015151515151515152,"lyoty_rate":0.30303030303030304,"tuotu_rate":0.011494252873563218,"haava_rate":0.3333333333333333,"palo_rate":0.19696969696969696,"tehot_per_turn":0.3333333333333333,"kl_per_turn":0.45454545454545453,"hr_rbi_per_turn":0.3181818181818182,"kl_base0":0.6666666666666666,"kl_base0_tries":3,"kl_base1":0.0,"kl_base1_tries":3,"kl_base2":0.3333333333333333,"kl_base2_tries":21,"kl_base3":0.3620689655172414,"kl_base3_tries":58,"adv1_pct":0.6666666666666666,"adv2_pct":0.0,"adv3_pct":0.3333333333333333,"adv_home_pct":0.3620689655172414,"money_kl_pct":0.3620689655172414,"money_kl_tries":58,"pos":null,"teho_plus":157,"adv_plus":65,"runner_plus":94,"out_avoid_plus":120,"adv1_plus":115,"adv2_plus":0,"adv3_plus":53,"adv_home_plus":76,"money_kl_plus":76,"spark_index":85,"run_value":12.055779317854737,"raa":3.8,"jyk":7.4,"vyk":0.5,"teho_plus_adj":158,"pct_kl_pct":0,"pct_saatto_pct":2,"pct_eten_pct":27,"pct_kunnari_rate":86,"pct_lyoty_rate":95,"pct_palo_rate":85,"pct_tehot_per_turn":89},"proj":{"player_id":10453,"name":"Emma Hakala","as_of":"2026-07-02","age":null,"stats":{"kl_pct":{"rate":0.4477346627256225,"effective_n":82.20008905687008,"observed":0.3597774074250515},"saatto_pct":{"rate":0.46666720776923604,"effective_n":168.03291854535718,"observed":0.42637165464792637},"eten_pct":{"rate":0.6142349665828972,"effective_n":80.66930233709971,"observed":0.6022475008004364},"kunnari_rate":{"rate":0.008454888276280258,"effective_n":72.60185340399933,"observed":0.013636565372109782},"lyoty_rate":{"rate":0.18813821068267267,"effective_n":64.32542835366257,"observed":0.30154922337585277},"haava_rate":{"rate":0.3608786970513111,"effective_n":58.38615167477307,"observed":0.33408506183034636},"palo_rate":{"rate":0.27370105340868617,"effective_n":60.59115177300029,"observed":0.1947822339102419}},"teho_plus_proj":179},"translation":{"wrc_plus":131,"tier":"All-Star","rows":[{"pesis_label":"Kärkilyönti-% (advance the lead runner)","pesis_value":0.35294117647058826,"percentile":0,"mlb_stat":"AVG","mlb_value":"0.192"},{"pesis_label":"Kärkilyönnit per turn (base hits)","pesis_value":0.45454545454545453,"percentile":20,"mlb_stat":"H / 600 PA","mlb_value":"131"},{"pesis_label":"Lyödyt per turn (runs batted home)","pesis_value":0.30303030303030304,"percentile":95,"mlb_stat":"RBI / 600 PA","mlb_value":"105"},{"pesis_label":"Tuodut per advance (runs scored)","pesis_value":0.011494252873563218,"percentile":6,"mlb_stat":"R / 600 PA","mlb_value":"48"},{"pesis_label":"Palot per turn (burned outs)","pesis_value":0.19696969696969696,"percentile":85,"mlb_stat":"K%","mlb_value":"16.5%"}]},"career_json":[{"year":2023,"kl_pct":0.4897959183673469,"teho_plus":105},{"year":2026,"kl_pct":0.35294117647058826,"teho_plus":157}],"pct_stats":["kl_pct","saatto_pct","eten_pct","kunnari_rate","lyoty_rate","palo_rate","tehot_per_turn"],"base_kl":{"player_id":10453,"turns_at_bat":66,"kl_base0":0.6666666666666666,"kl_base0_tries":3,"kl_base1":0.0,"kl_base1_tries":3,"kl_base2":0.3333333333333333,"kl_base2_tries":21,"kl_base3":0.3620689655172414,"kl_base3_tries":58,"pct_kl_base0":74,"pct_kl_base1":2,"pct_kl_base2":6,"pct_kl_base3":24},"base_keys":["kl_base0","kl_base1","kl_base2","kl_base3"],"comps":[]}