{"player":{"id":10453,"name":"Emma Hakala","born_year":null},"career":[{"year":2023,"season_id":118,"team":"MaJu","age":null,"games":19,"turns_at_bat":92,"vyk":0.33,"spark_index":90,"adv_plus":80,"runner_plus":87,"out_avoid_plus":117,"money_kl_plus":82,"teho_plus":105,"teho_plus_adj":106},{"year":2026,"season_id":130,"team":"MyVe","age":null,"games":15,"turns_at_bat":69,"vyk":0.47,"spark_index":84,"adv_plus":65,"runner_plus":92,"out_avoid_plus":119,"money_kl_plus":77,"teho_plus":155,"teho_plus_adj":157}],"line":{"player_id":10453,"name":"Emma Hakala","born_year":null,"year":2026,"games":15,"team":"MyVe","turns_at_bat":69,"kunnarit":1,"lyodyt":21,"tuodut":1,"karkilyonnit":32,"karki_yritykset":88,"saatot":80,"saatto_yritykset":191,"etenemiset":53,"eteneminen_yritykset":91,"haavat":24,"palot":14,"season_id":130,"tehot":23,"kl_pct":0.36363636363636365,"saatto_pct":0.418848167539267,"eten_pct":0.5824175824175825,"kunnari_rate":0.014492753623188406,"lyoty_rate":0.30434782608695654,"tuotu_rate":0.01098901098901099,"haava_rate":0.34782608695652173,"palo_rate":0.2028985507246377,"tehot_per_turn":0.3333333333333333,"kl_per_turn":0.463768115942029,"hr_rbi_per_turn":0.3188405797101449,"kl_base0":0.6666666666666666,"kl_base0_tries":3,"kl_base1":0.25,"kl_base1_tries":4,"kl_base2":0.3333333333333333,"kl_base2_tries":21,"kl_base3":0.36666666666666664,"kl_base3_tries":60,"adv1_pct":0.6666666666666666,"adv2_pct":0.25,"adv3_pct":0.3333333333333333,"adv_home_pct":0.36666666666666664,"money_kl_pct":0.36666666666666664,"money_kl_tries":60,"pos":null,"teho_plus":155,"adv_plus":65,"runner_plus":92,"out_avoid_plus":119,"adv1_plus":115,"adv2_plus":43,"adv3_plus":53,"adv_home_plus":77,"money_kl_plus":77,"spark_index":84,"run_value":12.073908068778362,"raa":3.6,"jyk":7.1,"vyk":0.47,"teho_plus_adj":157,"pct_kl_pct":1,"pct_saatto_pct":1,"pct_eten_pct":19,"pct_kunnari_rate":85,"pct_lyoty_rate":95,"pct_palo_rate":84,"pct_tehot_per_turn":86},"proj":{"player_id":10453,"name":"Emma Hakala","as_of":"2026-07-09","age":null,"stats":{"kl_pct":{"rate":0.4537067457304193,"effective_n":83.4803455570416,"observed":0.3707728790928643},"saatto_pct":{"rate":0.46411158417506665,"effective_n":171.35208099494727,"observed":0.42398283426209893},"eten_pct":{"rate":0.6035283426576921,"effective_n":82.4214867790735,"observed":0.5852209450073997},"kunnari_rate":{"rate":0.008448460561322441,"effective_n":74.5855057241186,"observed":0.013089168443876658},"lyoty_rate":{"rate":0.19048909082353588,"effective_n":65.97769125869937,"observed":0.3029901084851857},"haava_rate":{"rate":0.3675579487200908,"effective_n":59.358034929743546,"observed":0.35080994316463326},"palo_rate":{"rate":0.27513214859596397,"effective_n":61.90282296776755,"observed":0.20146998521508563}},"teho_plus_proj":177},"translation":{"wrc_plus":127,"tier":"All-Star","rows":[{"pesis_label":"Kärkilyönti-% (advance the lead runner)","pesis_value":0.36363636363636365,"percentile":1,"mlb_stat":"AVG","mlb_value":"0.101"},{"pesis_label":"Kärkilyönnit per turn (base hits)","pesis_value":0.463768115942029,"percentile":25,"mlb_stat":"H / 600 PA","mlb_value":"135"},{"pesis_label":"Lyödyt per turn (runs batted home)","pesis_value":0.30434782608695654,"percentile":95,"mlb_stat":"RBI / 600 PA","mlb_value":"105"},{"pesis_label":"Tuodut per advance (runs scored)","pesis_value":0.01098901098901099,"percentile":6,"mlb_stat":"R / 600 PA","mlb_value":"48"},{"pesis_label":"Palot per turn (burned outs)","pesis_value":0.2028985507246377,"percentile":84,"mlb_stat":"K%","mlb_value":"16.7%"}]},"pitching":null,"career_json":[{"year":2023,"kl_pct":0.4897959183673469,"teho_plus":105},{"year":2026,"kl_pct":0.36363636363636365,"teho_plus":155}],"pct_stats":["kl_pct","saatto_pct","eten_pct","kunnari_rate","lyoty_rate","palo_rate","tehot_per_turn"],"base_kl":{"player_id":10453,"turns_at_bat":69,"kl_base0":0.6666666666666666,"kl_base0_tries":3,"kl_base1":0.25,"kl_base1_tries":4,"kl_base2":0.3333333333333333,"kl_base2_tries":21,"kl_base3":0.36666666666666664,"kl_base3_tries":60,"pct_kl_base0":77,"pct_kl_base1":5,"pct_kl_base2":5,"pct_kl_base3":26},"base_keys":["kl_base0","kl_base1","kl_base2","kl_base3"],"comps":[]}