{"player":{"id":10453,"name":"Emma Hakala","born_year":null},"career":[{"player_id":10453,"name":"Emma Hakala","born_year":null,"year":2026,"games":14,"team":"MyVe","turns_at_bat":66,"kunnarit":1,"lyodyt":20,"tuodut":1,"karkilyonnit":30,"karki_yritykset":85,"saatot":77,"saatto_yritykset":183,"etenemiset":52,"eteneminen_yritykset":87,"haavat":22,"palot":13,"season_id":4,"tehot":22,"kl_pct":0.35294117647058826,"saatto_pct":0.4207650273224044,"eten_pct":0.5977011494252874,"kunnari_rate":0.015151515151515152,"lyoty_rate":0.30303030303030304,"tuotu_rate":0.011494252873563218,"haava_rate":0.3333333333333333,"palo_rate":0.19696969696969696,"tehot_per_turn":0.3333333333333333,"kl_per_turn":0.45454545454545453,"hr_rbi_per_turn":0.3181818181818182,"kl_base0":0.6666666666666666,"kl_base0_tries":3,"kl_base1":0.0,"kl_base1_tries":3,"kl_base2":0.3333333333333333,"kl_base2_tries":21,"kl_base3":0.3620689655172414,"kl_base3_tries":58,"adv1_pct":0.6666666666666666,"adv2_pct":0.0,"adv3_pct":0.3333333333333333,"adv_home_pct":0.3620689655172414,"money_kl_pct":0.3620689655172414,"money_kl_tries":58,"teho_plus":157,"adv_plus":65,"runner_plus":94,"out_avoid_plus":120,"adv1_plus":115,"adv2_plus":0,"adv3_plus":53,"adv_home_plus":76,"money_kl_plus":76,"spark_index":85,"run_value":12.055779317854737,"raa":3.8,"jyk":7.4,"vyk":0.5,"teho_plus_adj":162}],"line":{"player_id":10453,"name":"Emma Hakala","born_year":null,"year":2026,"games":14,"team":"MyVe","turns_at_bat":66,"kunnarit":1,"lyodyt":20,"tuodut":1,"karkilyonnit":30,"karki_yritykset":85,"saatot":77,"saatto_yritykset":183,"etenemiset":52,"eteneminen_yritykset":87,"haavat":22,"palot":13,"season_id":4,"tehot":22,"kl_pct":0.35294117647058826,"saatto_pct":0.4207650273224044,"eten_pct":0.5977011494252874,"kunnari_rate":0.015151515151515152,"lyoty_rate":0.30303030303030304,"tuotu_rate":0.011494252873563218,"haava_rate":0.3333333333333333,"palo_rate":0.19696969696969696,"tehot_per_turn":0.3333333333333333,"kl_per_turn":0.45454545454545453,"hr_rbi_per_turn":0.3181818181818182,"kl_base0":0.6666666666666666,"kl_base0_tries":3,"kl_base1":0.0,"kl_base1_tries":3,"kl_base2":0.3333333333333333,"kl_base2_tries":21,"kl_base3":0.3620689655172414,"kl_base3_tries":58,"adv1_pct":0.6666666666666666,"adv2_pct":0.0,"adv3_pct":0.3333333333333333,"adv_home_pct":0.3620689655172414,"money_kl_pct":0.3620689655172414,"money_kl_tries":58,"teho_plus":157,"adv_plus":65,"runner_plus":94,"out_avoid_plus":120,"adv1_plus":115,"adv2_plus":0,"adv3_plus":53,"adv_home_plus":76,"money_kl_plus":76,"spark_index":85,"run_value":12.055779317854737,"raa":3.8,"jyk":7.4,"vyk":0.5,"teho_plus_adj":162,"pct_kl_pct":0,"pct_saatto_pct":2,"pct_eten_pct":27,"pct_kunnari_rate":86,"pct_lyoty_rate":95,"pct_palo_rate":85,"pct_tehot_per_turn":89},"proj":{"player_id":10453,"name":"Emma Hakala","as_of":"2026-07-02","age":null,"stats":{"kl_pct":{"rate":0.4466222723627263,"effective_n":78.70657341261166,"observed":0.35391289213821053},"saatto_pct":{"rate":0.4663145840143919,"effective_n":165.35570906035463,"observed":0.4252813207292981},"eten_pct":{"rate":0.6149176665569239,"effective_n":79.19154964406805,"observed":0.6031375523029088},"kunnari_rate":{"rate":0.008915960245052788,"effective_n":62.6418139581646,"observed":0.01580477731282123},"lyoty_rate":{"rate":0.18715413841174922,"effective_n":61.05056171708538,"observed":0.3053592128102378},"haava_rate":{"rate":0.3607945628645358,"effective_n":58.03259061095258,"observed":0.33369271109384335},"palo_rate":{"rate":0.27415728577489656,"effective_n":59.51486702396829,"observed":0.19442454305082454}},"teho_plus_proj":179},"career_json":[{"year":2026,"kl_pct":0.35294117647058826,"teho_plus":157}],"pct_stats":["kl_pct","saatto_pct","eten_pct","kunnari_rate","lyoty_rate","palo_rate","tehot_per_turn"],"base_kl":{"player_id":10453,"turns_at_bat":66,"kl_base0":0.6666666666666666,"kl_base0_tries":3,"kl_base1":0.0,"kl_base1_tries":3,"kl_base2":0.3333333333333333,"kl_base2_tries":21,"kl_base3":0.3620689655172414,"kl_base3_tries":58,"pct_kl_base0":74,"pct_kl_base1":2,"pct_kl_base2":6,"pct_kl_base3":24},"base_keys":["kl_base0","kl_base1","kl_base2","kl_base3"],"comps":[]}