{"player":{"id":10468,"name":"Kasperi Vehkaoja","born_year":null},"career":[{"player_id":10468,"name":"Kasperi Vehkaoja","born_year":null,"year":2026,"games":15,"team":"IPV","turns_at_bat":92,"kunnarit":2,"lyodyt":11,"tuodut":7,"karkilyonnit":50,"karki_yritykset":89,"saatot":164,"saatto_yritykset":236,"etenemiset":136,"eteneminen_yritykset":197,"haavat":45,"palot":16,"season_id":1,"tehot":20,"kl_pct":0.5617977528089888,"saatto_pct":0.6949152542372882,"eten_pct":0.6903553299492385,"kunnari_rate":0.021739130434782608,"lyoty_rate":0.11956521739130435,"tuotu_rate":0.03553299492385787,"haava_rate":0.4891304347826087,"palo_rate":0.17391304347826086,"tehot_per_turn":0.21739130434782608,"kl_per_turn":0.5434782608695652,"hr_rbi_per_turn":0.14130434782608695,"kl_base0":0.46153846153846156,"kl_base0_tries":13,"kl_base1":0.5,"kl_base1_tries":12,"kl_base2":0.6578947368421053,"kl_base2_tries":38,"kl_base3":0.5,"kl_base3_tries":26,"adv1_pct":0.46153846153846156,"adv2_pct":0.5,"adv3_pct":0.6578947368421053,"adv_home_pct":0.5,"money_kl_pct":0.5,"money_kl_tries":26,"teho_plus":135,"adv_plus":116,"runner_plus":117,"out_avoid_plus":122,"adv1_plus":86,"adv2_plus":94,"adv3_plus":115,"adv_home_plus":111,"money_kl_plus":111,"spark_index":118,"teho_plus_adj":133}],"line":{"player_id":10468,"name":"Kasperi Vehkaoja","born_year":null,"year":2026,"games":15,"team":"IPV","turns_at_bat":92,"kunnarit":2,"lyodyt":11,"tuodut":7,"karkilyonnit":50,"karki_yritykset":89,"saatot":164,"saatto_yritykset":236,"etenemiset":136,"eteneminen_yritykset":197,"haavat":45,"palot":16,"season_id":1,"tehot":20,"kl_pct":0.5617977528089888,"saatto_pct":0.6949152542372882,"eten_pct":0.6903553299492385,"kunnari_rate":0.021739130434782608,"lyoty_rate":0.11956521739130435,"tuotu_rate":0.03553299492385787,"haava_rate":0.4891304347826087,"palo_rate":0.17391304347826086,"tehot_per_turn":0.21739130434782608,"kl_per_turn":0.5434782608695652,"hr_rbi_per_turn":0.14130434782608695,"kl_base0":0.46153846153846156,"kl_base0_tries":13,"kl_base1":0.5,"kl_base1_tries":12,"kl_base2":0.6578947368421053,"kl_base2_tries":38,"kl_base3":0.5,"kl_base3_tries":26,"adv1_pct":0.46153846153846156,"adv2_pct":0.5,"adv3_pct":0.6578947368421053,"adv_home_pct":0.5,"money_kl_pct":0.5,"money_kl_tries":26,"teho_plus":135,"adv_plus":116,"runner_plus":117,"out_avoid_plus":122,"adv1_plus":86,"adv2_plus":94,"adv3_plus":115,"adv_home_plus":111,"money_kl_plus":111,"spark_index":118,"teho_plus_adj":133,"pct_kl_pct":65,"pct_saatto_pct":90,"pct_eten_pct":97,"pct_kunnari_rate":93,"pct_lyoty_rate":78,"pct_palo_rate":95,"pct_tehot_per_turn":75},"proj":{"player_id":10468,"name":"Kasperi Vehkaoja","as_of":"2026-07-02","age":null,"stats":{"kl_pct":{"rate":0.5428751952588289,"effective_n":81.61349521749986,"observed":0.5559708315950478},"saatto_pct":{"rate":0.6760162786820028,"effective_n":210.73949277777868,"observed":0.6924240605577759},"eten_pct":{"rate":0.6660846492630763,"effective_n":177.16937524414976,"observed":0.6881255557795014},"kunnari_rate":{"rate":0.01259007299315442,"effective_n":87.20352288508006,"observed":0.0205847309547118},"lyoty_rate":{"rate":0.09371080868960324,"effective_n":84.94417993421142,"observed":0.11394230259401403},"haava_rate":{"rate":0.4613187071786334,"effective_n":80.68361335481397,"observed":0.5008191896492047},"palo_rate":{"rate":0.24538979757524557,"effective_n":82.77212911565591,"observed":0.16903734982168472}},"teho_plus_proj":190},"career_json":[{"year":2026,"kl_pct":0.5617977528089888,"teho_plus":135}],"pct_stats":["kl_pct","saatto_pct","eten_pct","kunnari_rate","lyoty_rate","palo_rate","tehot_per_turn"],"base_kl":{"player_id":10468,"turns_at_bat":92,"kl_base0":0.46153846153846156,"kl_base0_tries":13,"kl_base1":0.5,"kl_base1_tries":12,"kl_base2":0.6578947368421053,"kl_base2_tries":38,"kl_base3":0.5,"kl_base3_tries":26,"pct_kl_base0":42,"pct_kl_base1":48,"pct_kl_base2":68,"pct_kl_base3":59},"base_keys":["kl_base0","kl_base1","kl_base2","kl_base3"],"log":[{"player_id":10468,"season_id":1,"match_id":129044,"date":"2026-05-05","team":"IPV","opponent":"Manse","home":0,"turns_at_bat":4,"kunnarit":0,"lyodyt":0,"tuodut":0,"karkilyonnit":2,"karki_yritykset":4,"saatot":6,"saatto_yritykset":8,"etenemiset":4,"eteneminen_yritykset":5,"haavat":0,"palot":1,"stadium":"Kaupin pesäpallostadion, Tampere","tehot":0,"kl_pct":0.5},{"player_id":10468,"season_id":1,"match_id":128924,"date":"2026-05-09","team":"IPV","opponent":"KeKi","home":1,"turns_at_bat":6,"kunnarit":2,"lyodyt":6,"tuodut":2,"karkilyonnit":11,"karki_yritykset":11,"saatot":29,"saatto_yritykset":30,"etenemiset":20,"eteneminen_yritykset":23,"haavat":2,"palot":1,"stadium":"Tornator Stadion, Imatra","tehot":10,"kl_pct":1.0},{"player_id":10468,"season_id":1,"match_id":128874,"date":"2026-05-13","team":"IPV","opponent":"Manse","home":1,"turns_at_bat":5,"kunnarit":0,"lyodyt":1,"tuodut":0,"karkilyonnit":2,"karki_yritykset":5,"saatot":9,"saatto_yritykset":13,"etenemiset":8,"eteneminen_yritykset":10,"haavat":1,"palot":1,"stadium":"Tornator Stadion, Imatra","tehot":1,"kl_pct":0.4},{"player_id":10468,"season_id":1,"match_id":129043,"date":"2026-05-15","team":"IPV","opponent":"JoMa","home":0,"turns_at_bat":7,"kunnarit":0,"lyodyt":0,"tuodut":0,"karkilyonnit":3,"karki_yritykset":5,"saatot":6,"saatto_yritykset":13,"etenemiset":3,"eteneminen_yritykset":9,"haavat":5,"palot":1,"stadium":"Ilosaarirock Stadion, Joensuu","tehot":0,"kl_pct":0.6},{"player_id":10468,"season_id":1,"match_id":128920,"date":"2026-05-17","team":"IPV","opponent":"AA","home":1,"turns_at_bat":6,"kunnarit":0,"lyodyt":0,"tuodut":2,"karkilyonnit":4,"karki_yritykset":5,"saatot":11,"saatto_yritykset":13,"etenemiset":10,"eteneminen_yritykset":13,"haavat":0,"palot":3,"stadium":"Tornator Stadion, Imatra","tehot":2,"kl_pct":0.8},{"player_id":10468,"season_id":1,"match_id":128940,"date":"2026-05-19","team":"IPV","opponent":"Manse","home":0,"turns_at_bat":7,"kunnarit":0,"lyodyt":0,"tuodut":0,"karkilyonnit":3,"karki_yritykset":7,"saatot":4,"saatto_yritykset":16,"etenemiset":3,"eteneminen_yritykset":10,"haavat":5,"palot":2,"stadium":"Kaupin pesäpallostadion, Tampere","tehot":0,"kl_pct":0.42857142857142855},{"player_id":10468,"season_id":1,"match_id":129039,"date":"2026-05-29","team":"IPV","opponent":"KiPa","home":1,"turns_at_bat":5,"kunnarit":0,"lyodyt":1,"tuodut":0,"karkilyonnit":3,"karki_yritykset":7,"saatot":16,"saatto_yritykset":20,"etenemiset":14,"eteneminen_yritykset":16,"haavat":1,"palot":1,"stadium":"Tornator Stadion, Imatra","tehot":1,"kl_pct":0.42857142857142855},{"player_id":10468,"season_id":1,"match_id":128921,"date":"2026-06-08","team":"IPV","opponent":"PattU","home":1,"turns_at_bat":8,"kunnarit":0,"lyodyt":2,"tuodut":0,"karkilyonnit":6,"karki_yritykset":9,"saatot":20,"saatto_yritykset":27,"etenemiset":14,"eteneminen_yritykset":20,"haavat":5,"palot":1,"stadium":"Tornator Stadion, Imatra","tehot":2,"kl_pct":0.6666666666666666},{"player_id":10468,"season_id":1,"match_id":128987,"date":"2026-06-13","team":"IPV","opponent":"PattU","home":0,"turns_at_bat":5,"kunnarit":0,"lyodyt":0,"tuodut":1,"karkilyonnit":1,"karki_yritykset":3,"saatot":7,"saatto_yritykset":10,"etenemiset":8,"eteneminen_yritykset":11,"haavat":2,"palot":1,"stadium":"MiiluAreena, Raahe","tehot":1,"kl_pct":0.3333333333333333},{"player_id":10468,"season_id":1,"match_id":128990,"date":"2026-06-14","team":"IPV","opponent":"KeKi","home":0,"turns_at_bat":5,"kunnarit":0,"lyodyt":0,"tuodut":0,"karkilyonnit":2,"karki_yritykset":3,"saatot":6,"saatto_yritykset":9,"etenemiset":5,"eteneminen_yritykset":9,"haavat":3,"palot":1,"stadium":"Autofix1.com Areena, Kempele","tehot":0,"kl_pct":0.6666666666666666},{"player_id":10468,"season_id":1,"match_id":129040,"date":"2026-06-16","team":"IPV","opponent":"ViVe","home":0,"turns_at_bat":7,"kunnarit":0,"lyodyt":1,"tuodut":0,"karkilyonnit":2,"karki_yritykset":6,"saatot":9,"saatto_yritykset":16,"etenemiset":10,"eteneminen_yritykset":14,"haavat":4,"palot":0,"stadium":"Saarikenttä, Vimpeli","tehot":1,