{"player":{"id":10471,"name":"Linnea Nikola","born_year":null},"career":[{"player_id":10471,"name":"Linnea Nikola","born_year":null,"year":2026,"games":15,"team":"Mailattaret","turns_at_bat":77,"kunnarit":0,"lyodyt":1,"tuodut":0,"karkilyonnit":35,"karki_yritykset":84,"saatot":86,"saatto_yritykset":161,"etenemiset":68,"eteneminen_yritykset":138,"haavat":45,"palot":25,"season_id":2,"tehot":1,"kl_pct":0.4166666666666667,"saatto_pct":0.5341614906832298,"eten_pct":0.4927536231884058,"kunnari_rate":0.0,"lyoty_rate":0.012987012987012988,"tuotu_rate":0.0,"haava_rate":0.5844155844155844,"palo_rate":0.3246753246753247,"tehot_per_turn":0.012987012987012988,"kl_per_turn":0.45454545454545453,"hr_rbi_per_turn":0.012987012987012988,"kl_base0":0.3,"kl_base0_tries":20,"kl_base1":0.45454545454545453,"kl_base1_tries":33,"kl_base2":0.48148148148148145,"kl_base2_tries":27,"kl_base3":0.25,"kl_base3_tries":4,"adv1_pct":0.3,"adv2_pct":0.45454545454545453,"adv3_pct":0.48148148148148145,"adv_home_pct":0.25,"money_kl_pct":0.25,"money_kl_tries":4,"teho_plus":8,"adv_plus":86,"runner_plus":83,"out_avoid_plus":103,"adv1_plus":60,"adv2_plus":82,"adv3_plus":80,"adv_home_plus":56,"money_kl_plus":56,"spark_index":88,"teho_plus_adj":7}],"line":{"player_id":10471,"name":"Linnea Nikola","born_year":null,"year":2026,"games":15,"team":"Mailattaret","turns_at_bat":77,"kunnarit":0,"lyodyt":1,"tuodut":0,"karkilyonnit":35,"karki_yritykset":84,"saatot":86,"saatto_yritykset":161,"etenemiset":68,"eteneminen_yritykset":138,"haavat":45,"palot":25,"season_id":2,"tehot":1,"kl_pct":0.4166666666666667,"saatto_pct":0.5341614906832298,"eten_pct":0.4927536231884058,"kunnari_rate":0.0,"lyoty_rate":0.012987012987012988,"tuotu_rate":0.0,"haava_rate":0.5844155844155844,"palo_rate":0.3246753246753247,"tehot_per_turn":0.012987012987012988,"kl_per_turn":0.45454545454545453,"hr_rbi_per_turn":0.012987012987012988,"kl_base0":0.3,"kl_base0_tries":20,"kl_base1":0.45454545454545453,"kl_base1_tries":33,"kl_base2":0.48148148148148145,"kl_base2_tries":27,"kl_base3":0.25,"kl_base3_tries":4,"adv1_pct":0.3,"adv2_pct":0.45454545454545453,"adv3_pct":0.48148148148148145,"adv_home_pct":0.25,"money_kl_pct":0.25,"money_kl_tries":4,"teho_plus":8,"adv_plus":86,"runner_plus":83,"out_avoid_plus":103,"adv1_plus":60,"adv2_plus":82,"adv3_plus":80,"adv_home_plus":56,"money_kl_plus":56,"spark_index":88,"teho_plus_adj":7,"pct_kl_pct":18,"pct_saatto_pct":30,"pct_eten_pct":16,"pct_kunnari_rate":35,"pct_lyoty_rate":39,"pct_palo_rate":47,"pct_tehot_per_turn":2},"proj":{"player_id":10471,"name":"Linnea Nikola","as_of":"2026-06-29","age":null,"stats":{"kl_pct":{"rate":0.4643088119840727,"effective_n":78.3564710241924,"observed":0.41593997165332863},"saatto_pct":{"rate":0.549363205697822,"effective_n":147.09586798166976,"observed":0.5360294286007081},"eten_pct":{"rate":0.5229311233620216,"effective_n":125.95208493189865,"observed":0.49374410806259966},"kunnari_rate":{"rate":0.0034326538074220202,"effective_n":73.42516752969213,"observed":0.0},"lyoty_rate":{"rate":0.04759142778438901,"effective_n":71.72805205970931,"observed":0.013247339137194275},"haava_rate":{"rate":0.4769159330912043,"effective_n":68.50309873398456,"observed":0.5863160813206099},"palo_rate":{"rate":0.3341534903790508,"effective_n":70.08808683895124,"observed":0.32379191254080986}},"teho_plus_proj":120},"career_json":[{"year":2026,"kl_pct":0.4166666666666667,"teho_plus":8}],"pct_stats":["kl_pct","saatto_pct","eten_pct","kunnari_rate","lyoty_rate","palo_rate","tehot_per_turn"],"base_kl":{"player_id":10471,"turns_at_bat":77,"kl_base0":0.3,"kl_base0_tries":20,"kl_base1":0.45454545454545453,"kl_base1_tries":33,"kl_base2":0.48148148148148145,"kl_base2_tries":27,"kl_base3":0.25,"kl_base3_tries":4,"pct_kl_base0":25,"pct_kl_base1":32,"pct_kl_base2":31,"pct_kl_base3":23},"base_keys":["kl_base0","kl_base1","kl_base2","kl_base3"],"log":[{"player_id":10471,"season_id":2,"match_id":129190,"date":"2026-05-09","team":"Mailattaret","opponent":"Roihuttaret","home":0,"turns_at_bat":5,"kunnarit":0,"lyodyt":0,"tuodut":0,"karkilyonnit":1,"karki_yritykset":3,"saatot":4,"saatto_yritykset":8,"etenemiset":4,"eteneminen_yritykset":8,"haavat":2,"palot":2,"stadium":"Roihuvuoren pesäpallokenttä, Helsinki","tehot":0,"kl_pct":0.3333333333333333},{"player_id":10471,"season_id":2,"match_id":129083,"date":"2026-05-10","team":"Mailattaret","opponent":"PöU Pesis","home":0,"turns_at_bat":3,"kunnarit":0,"lyodyt":0,"tuodut":0,"karkilyonnit":2,"karki_yritykset":4,"saatot":3,"saatto_yritykset":6,"etenemiset":1,"eteneminen_yritykset":3,"haavat":2,"palot":0,"stadium":"Kyrön Sähkö Center, Pöytyä","tehot":0,"kl_pct":0.5},{"player_id":10471,"season_id":2,"match_id":129158,"date":"2026-05-13","team":"Mailattaret","opponent":"Virkiä","home":1,"turns_at_bat":4,"kunnarit":0,"lyodyt":0,"tuodut":0,"karkilyonnit":1,"karki_yritykset":6,"saatot":3,"saatto_yritykset":10,"etenemiset":2,"eteneminen_yritykset":6,"haavat":3,"palot":1,"stadium":"Hietalahden Pesäpallostadion, Vaasa","tehot":0,"kl_pct":0.16666666666666666},{"player_id":10471,"season_id":2,"match_id":129118,"date":"2026-05-15","team":"Mailattaret","opponent":"Pesäkarhut","home":0,"turns_at_bat":4,"kunnarit":0,"lyodyt":0,"tuodut":0,"karkilyonnit":2,"karki_yritykset":4,"saatot":4,"saatto_yritykset":7,"etenemiset":3,"eteneminen_yritykset":6,"haavat":2,"palot":1,"stadium":"Huikoo Areena, Pori","tehot":0,"kl_pct":0.5},{"player_id":10471,"season_id":2,"match_id":129126,"date":"2026-05-17","team":"Mailattaret","opponent":"Jussittaret","home":1,"turns_at_bat":4,"kunnarit":0,"lyodyt":0,"tuodut":0,"karkilyonnit":2,"karki_yritykset":5,"saatot":4,"saatto_yritykset":8,"etenemiset":2,"eteneminen_yritykset":6,"haavat":1,"palot":3,"stadium":"Hietalahden Pesäpallostadion, Vaasa","tehot":0,"kl_pct":0.4},{"player_id":10471,"season_id":2,"match_id":129220,"date":"2026-05-24","team":"Mailattaret","opponent":"Virkiä","home":0,"turns_at_bat":4,"kunnarit":0,"lyodyt":0,"tuodut":0,"karkilyonnit":4,"karki_yritykset":4,"saatot":4,"saatto_yritykset":5,"etenemiset":6,"eteneminen_yritykset":10,"haavat":1,"palot":3,"stadium":"K Power Stadion, Lapua","tehot":0,"kl_pct":1.0},{"player_id":10471,"season_id":2,"match_id":129216,"date":"2026-05-28","team":"Mailattaret","opponent":"Lippo Naiset","home":1,"turns_at_bat":3,"kunnarit":0,"lyodyt":0,"tuodut":0,"karkilyonnit":1,"karki_yritykset":3,"saatot":3,"saatto_yritykset":8,"etenemiset":3,"eteneminen_yritykset":6,"haavat":2,"palot":1,"stadium":"Hietalahden Pesäpallostadion, Vaasa","tehot":0,"kl_pct":0.3333333333333333},{"player_id":10471,"season_id":2,"match_id":129173,"date":"2026-06-01","team":"Mailattaret","opponent":"JoMa","home":1,"turns_at_bat":4,"kunnarit":0,"lyodyt":0,"tuodut":0,"karkilyonnit":2,"karki_yritykset":4,"saatot":4,"saatto_yritykset":7,"etenemiset":6,"eteneminen_yritykset":10,"haavat":2,"palot":2,"stadium":"Hietalahden Pesäpallostadion, Vaasa","tehot":0,"kl_pct":0.5},{"player_id":10471,"season_id":2,"match_id":129113,"date":"2026-06-05","team":"Mailattaret","opponent":"Lippo Naiset","home":0,"turns_at_bat":7,"kunnarit":0,"lyodyt":0,"tuodut":0,"karkilyonnit":1,"karki_yritykset":8,"saatot":6,"saatto_yritykset":16,"etenemiset":5,"eteneminen_yritykset":12,"haavat":7,"palot":0,"stadium":"Hielo Stadion Raksila, Oulu","tehot":0,"kl_pct":0.125},{"player_id":10471,"season_id":2,"match_id":129184,"date":"2026-06-10","team":"Mailattaret","opponent":"Pesäkarhut","home":1,"turns_at_bat":7,"kunnarit":0,"lyodyt":0,"tuodut":0,"karkilyonnit":4,"karki_yritykset":6,"saatot":11,"saatto_yritykset":15,"etenemiset":7,"eteneminen_yritykset":14,"haavat":5,"palot":2,"stadium":"Hietalahden Pesäpallostadion, Vaasa","tehot":0,"kl_pct":0.6666666666666666},{"player_id":10471,"season_id":2,"match_id":129206,"date":"2026-06-12","team":"Mailattaret","opponent":"Roihuttaret","home":0,"turns_at_bat":7,"kunnarit":0,"lyodyt":1,"tuodut":0,"karkilyonnit":5,"karki_yritykset":9,"saatot":12,"saatto_yritykset":18,"etenemiset":7,"eteneminen_yritykset":13,"haavat":4,"palot":2,