{"player":{"id":10488,"name":"Oona Winter","born_year":null},"career":[{"player_id":10488,"name":"Oona Winter","born_year":null,"year":2026,"games":11,"team":"Mailattaret","turns_at_bat":64,"kunnarit":1,"lyodyt":0,"tuodut":3,"karkilyonnit":30,"karki_yritykset":65,"saatot":58,"saatto_yritykset":103,"etenemiset":48,"eteneminen_yritykset":95,"haavat":29,"palot":18,"season_id":2,"tehot":4,"kl_pct":0.46153846153846156,"saatto_pct":0.5631067961165048,"eten_pct":0.5052631578947369,"kunnari_rate":0.015625,"lyoty_rate":0.0,"tuotu_rate":0.031578947368421054,"haava_rate":0.453125,"palo_rate":0.28125,"tehot_per_turn":0.0625,"kl_per_turn":0.46875,"hr_rbi_per_turn":0.015625,"kl_base0":0.26666666666666666,"kl_base0_tries":15,"kl_base1":0.525,"kl_base1_tries":40,"kl_base2":0.5714285714285714,"kl_base2_tries":7,"kl_base3":0.3333333333333333,"kl_base3_tries":3,"adv1_pct":0.26666666666666666,"adv2_pct":0.525,"adv3_pct":0.5714285714285714,"adv_home_pct":0.3333333333333333,"money_kl_pct":0.3333333333333333,"money_kl_tries":3,"teho_plus":36,"adv_plus":91,"runner_plus":85,"out_avoid_plus":109,"adv1_plus":53,"adv2_plus":94,"adv3_plus":95,"adv_home_plus":74,"money_kl_plus":74,"spark_index":93,"teho_plus_adj":36}],"line":{"player_id":10488,"name":"Oona Winter","born_year":null,"year":2026,"games":11,"team":"Mailattaret","turns_at_bat":64,"kunnarit":1,"lyodyt":0,"tuodut":3,"karkilyonnit":30,"karki_yritykset":65,"saatot":58,"saatto_yritykset":103,"etenemiset":48,"eteneminen_yritykset":95,"haavat":29,"palot":18,"season_id":2,"tehot":4,"kl_pct":0.46153846153846156,"saatto_pct":0.5631067961165048,"eten_pct":0.5052631578947369,"kunnari_rate":0.015625,"lyoty_rate":0.0,"tuotu_rate":0.031578947368421054,"haava_rate":0.453125,"palo_rate":0.28125,"tehot_per_turn":0.0625,"kl_per_turn":0.46875,"hr_rbi_per_turn":0.015625,"kl_base0":0.26666666666666666,"kl_base0_tries":15,"kl_base1":0.525,"kl_base1_tries":40,"kl_base2":0.5714285714285714,"kl_base2_tries":7,"kl_base3":0.3333333333333333,"kl_base3_tries":3,"adv1_pct":0.26666666666666666,"adv2_pct":0.525,"adv3_pct":0.5714285714285714,"adv_home_pct":0.3333333333333333,"money_kl_pct":0.3333333333333333,"money_kl_tries":3,"teho_plus":36,"adv_plus":91,"runner_plus":85,"out_avoid_plus":109,"adv1_plus":53,"adv2_plus":94,"adv3_plus":95,"adv_home_plus":74,"money_kl_plus":74,"spark_index":93,"teho_plus_adj":36,"pct_kl_pct":31,"pct_saatto_pct":44,"pct_eten_pct":18,"pct_kunnari_rate":86,"pct_lyoty_rate":12,"pct_palo_rate":64,"pct_tehot_per_turn":20},"proj":{"player_id":10488,"name":"Oona Winter","as_of":"2026-06-24","age":null,"stats":{"kl_pct":{"rate":0.49611347239838954,"effective_n":60.60412949668864,"observed":0.46506390487521365},"saatto_pct":{"rate":0.576156392390806,"effective_n":94.23572603165947,"observed":0.5667160656132962},"eten_pct":{"rate":0.5389091448854032,"effective_n":86.41390290485096,"observed":0.5056128319425603},"kunnari_rate":{"rate":0.009062328216782416,"effective_n":60.993652671864616,"observed":0.016005964639416472},"lyoty_rate":{"rate":0.04493236300706422,"effective_n":59.55973782626334,"observed":0.0},"haava_rate":{"rate":0.42188403102861355,"effective_n":56.82253156969378,"observed":0.4569239860325608},"palo_rate":{"rate":0.31587570841590734,"effective_n":58.16987102075301,"observed":0.27825407223270365}},"teho_plus_proj":125},"career_json":[{"year":2026,"kl_pct":0.46153846153846156,"teho_plus":36}],"pct_stats":["kl_pct","saatto_pct","eten_pct","kunnari_rate","lyoty_rate","palo_rate","tehot_per_turn"],"base_kl":{"player_id":10488,"turns_at_bat":64,"kl_base0":0.26666666666666666,"kl_base0_tries":15,"kl_base1":0.525,"kl_base1_tries":40,"kl_base2":0.5714285714285714,"kl_base2_tries":7,"kl_base3":0.3333333333333333,"kl_base3_tries":3,"pct_kl_base0":20,"pct_kl_base1":51,"pct_kl_base2":51,"pct_kl_base3":33},"base_keys":["kl_base0","kl_base1","kl_base2","kl_base3"],"log":[{"player_id":10488,"season_id":2,"match_id":129190,"date":"2026-05-09","team":"Mailattaret","opponent":"Roihuttaret","home":0,"turns_at_bat":6,"kunnarit":0,"lyodyt":0,"tuodut":1,"karkilyonnit":4,"karki_yritykset":5,"saatot":8,"saatto_yritykset":10,"etenemiset":9,"eteneminen_yritykset":13,"haavat":2,"palot":2,"stadium":"Roihuvuoren pesäpallokenttä, Helsinki","tehot":1,"kl_pct":0.8},{"player_id":10488,"season_id":2,"match_id":129083,"date":"2026-05-10","team":"Mailattaret","opponent":"PöU Pesis","home":0,"turns_at_bat":5,"kunnarit":0,"lyodyt":0,"tuodut":0,"karkilyonnit":2,"karki_yritykset":4,"saatot":3,"saatto_yritykset":6,"etenemiset":5,"eteneminen_yritykset":10,"haavat":2,"palot":3,"stadium":"Kyrön Sähkö Center, Pöytyä","tehot":0,"kl_pct":0.5},{"player_id":10488,"season_id":2,"match_id":129158,"date":"2026-05-13","team":"Mailattaret","opponent":"Virkiä","home":1,"turns_at_bat":5,"kunnarit":0,"lyodyt":0,"tuodut":0,"karkilyonnit":0,"karki_yritykset":6,"saatot":1,"saatto_yritykset":7,"etenemiset":1,"eteneminen_yritykset":5,"haavat":2,"palot":2,"stadium":"Hietalahden Pesäpallostadion, Vaasa","tehot":0,"kl_pct":0.0},{"player_id":10488,"season_id":2,"match_id":129220,"date":"2026-05-24","team":"Mailattaret","opponent":"Virkiä","home":0,"turns_at_bat":7,"kunnarit":0,"lyodyt":0,"tuodut":0,"karkilyonnit":2,"karki_yritykset":6,"saatot":4,"saatto_yritykset":9,"etenemiset":2,"eteneminen_yritykset":6,"haavat":3,"palot":1,"stadium":"K Power Stadion, Lapua","tehot":0,"kl_pct":0.3333333333333333},{"player_id":10488,"season_id":2,"match_id":129216,"date":"2026-05-28","team":"Mailattaret","opponent":"Lippo Naiset","home":1,"turns_at_bat":6,"kunnarit":0,"lyodyt":0,"tuodut":1,"karkilyonnit":1,"karki_yritykset":7,"saatot":2,"saatto_yritykset":8,"etenemiset":2,"eteneminen_yritykset":5,"haavat":2,"palot":1,"stadium":"Hietalahden Pesäpallostadion, Vaasa","tehot":1,"kl_pct":0.14285714285714285},{"player_id":10488,"season_id":2,"match_id":129173,"date":"2026-06-01","team":"Mailattaret","opponent":"JoMa","home":1,"turns_at_bat":6,"kunnarit":0,"lyodyt":0,"tuodut":0,"karkilyonnit":1,"karki_yritykset":5,"saatot":1,"saatto_yritykset":6,"etenemiset":0,"eteneminen_yritykset":5,"haavat":3,"palot":2,"stadium":"Hietalahden Pesäpallostadion, Vaasa","tehot":0,"kl_pct":0.2},{"player_id":10488,"season_id":2,"match_id":129113,"date":"2026-06-05","team":"Mailattaret","opponent":"Lippo Naiset","home":0,"turns_at_bat":6,"kunnarit":0,"lyodyt":0,"tuodut":0,"karkilyonnit":4,"karki_yritykset":7,"saatot":9,"saatto_yritykset":13,"etenemiset":7,"eteneminen_yritykset":10,"haavat":2,"palot":1,"stadium":"Hielo Stadion Raksila, Oulu","tehot":0,"kl_pct":0.5714285714285714},{"player_id":10488,"season_id":2,"match_id":129184,"date":"2026-06-10","team":"Mailattaret","opponent":"Pesäkarhut","home":1,"turns_at_bat":6,"kunnarit":0,"lyodyt":0,"tuodut":0,"karkilyonnit":6,"karki_yritykset":6,"saatot":10,"saatto_yritykset":11,"etenemiset":8,"eteneminen_yritykset":13,"haavat":4,"palot":1,"stadium":"Hietalahden Pesäpallostadion, Vaasa","tehot":0,"kl_pct":1.0},{"player_id":10488,"season_id":2,"match_id":129206,"date":"2026-06-12","team":"Mailattaret","opponent":"Roihuttaret","home":0,"turns_at_bat":6,"kunnarit":1,"lyodyt":0,"tuodut":1,"karkilyonnit":5,"karki_yritykset":10,"saatot":9,"saatto_yritykset":15,"etenemiset":6,"eteneminen_yritykset":12,"haavat":3,"palot":3,"stadium":"Roihuvuoren pesäpallokenttä, Helsinki","tehot":2,"kl_pct":0.5},{"player_id":10488,"season_id":2,"match_id":129205,"date":"2026-06-16","team":"Mailattaret","opponent":"Roihuttaret","home":1,"turns_at_bat":6,"kunnarit":0,"lyodyt":0,"tuodut":0,"karkilyonnit":3,"karki_yritykset":5,"saatot":6,"saatto_yritykset":10,"etenemiset":4,"eteneminen_yritykset":9,"haavat":5,"palot":0,"stadium":"Hietalahden Pesäpallostadion, Vaasa","tehot":0,"kl_pct":0.6},{"player_id":10488,"season_id":2,"match_id":129166,"date":"2026-06-23","team":"Mailattaret","opponent":"Manse","home":1,"turns_at_bat":5,"kunnarit":0,"lyodyt":0,"tuodut":0,"karkilyonnit":2,"karki_yritykset":4,"saatot":5,"saatto_yritykset":8,"etenemiset":4,"eteneminen_yritykset":7,"haavat":1,"palot":2,