{"player":{"id":10493,"name":"Iida Pajunen","born_year":null},"career":[{"player_id":10493,"name":"Iida Pajunen","born_year":null,"year":2026,"games":14,"team":"Kirittäret","turns_at_bat":109,"kunnarit":1,"lyodyt":1,"tuodut":18,"karkilyonnit":52,"karki_yritykset":98,"saatot":95,"saatto_yritykset":157,"etenemiset":117,"eteneminen_yritykset":197,"haavat":46,"palot":34,"season_id":2,"tehot":20,"kl_pct":0.5306122448979592,"saatto_pct":0.6050955414012739,"eten_pct":0.5939086294416244,"kunnari_rate":0.009174311926605505,"lyoty_rate":0.009174311926605505,"tuotu_rate":0.09137055837563451,"haava_rate":0.42201834862385323,"palo_rate":0.3119266055045872,"tehot_per_turn":0.1834862385321101,"kl_per_turn":0.47706422018348627,"hr_rbi_per_turn":0.01834862385321101,"kl_base0":0.35555555555555557,"kl_base0_tries":45,"kl_base1":0.6666666666666666,"kl_base1_tries":39,"kl_base2":0.7272727272727273,"kl_base2_tries":11,"kl_base3":0.6666666666666666,"kl_base3_tries":3,"adv1_pct":0.35555555555555557,"adv2_pct":0.6666666666666666,"adv3_pct":0.7272727272727273,"adv_home_pct":0.6666666666666666,"money_kl_pct":0.6666666666666666,"money_kl_tries":3,"teho_plus":106,"adv_plus":100,"runner_plus":100,"out_avoid_plus":105,"adv1_plus":71,"adv2_plus":120,"adv3_plus":121,"adv_home_plus":149,"money_kl_plus":149,"spark_index":101,"teho_plus_adj":104}],"line":{"player_id":10493,"name":"Iida Pajunen","born_year":null,"year":2026,"games":14,"team":"Kirittäret","turns_at_bat":109,"kunnarit":1,"lyodyt":1,"tuodut":18,"karkilyonnit":52,"karki_yritykset":98,"saatot":95,"saatto_yritykset":157,"etenemiset":117,"eteneminen_yritykset":197,"haavat":46,"palot":34,"season_id":2,"tehot":20,"kl_pct":0.5306122448979592,"saatto_pct":0.6050955414012739,"eten_pct":0.5939086294416244,"kunnari_rate":0.009174311926605505,"lyoty_rate":0.009174311926605505,"tuotu_rate":0.09137055837563451,"haava_rate":0.42201834862385323,"palo_rate":0.3119266055045872,"tehot_per_turn":0.1834862385321101,"kl_per_turn":0.47706422018348627,"hr_rbi_per_turn":0.01834862385321101,"kl_base0":0.35555555555555557,"kl_base0_tries":45,"kl_base1":0.6666666666666666,"kl_base1_tries":39,"kl_base2":0.7272727272727273,"kl_base2_tries":11,"kl_base3":0.6666666666666666,"kl_base3_tries":3,"adv1_pct":0.35555555555555557,"adv2_pct":0.6666666666666666,"adv3_pct":0.7272727272727273,"adv_home_pct":0.6666666666666666,"money_kl_pct":0.6666666666666666,"money_kl_tries":3,"teho_plus":106,"adv_plus":100,"runner_plus":100,"out_avoid_plus":105,"adv1_plus":71,"adv2_plus":120,"adv3_plus":121,"adv_home_plus":149,"money_kl_plus":149,"spark_index":101,"teho_plus_adj":104,"pct_kl_pct":59,"pct_saatto_pct":57,"pct_eten_pct":55,"pct_kunnari_rate":71,"pct_lyoty_rate":25,"pct_palo_rate":53,"pct_tehot_per_turn":61},"proj":{"player_id":10493,"name":"Iida Pajunen","as_of":"2026-06-29","age":null,"stats":{"kl_pct":{"rate":0.5313537410053805,"effective_n":90.98732130859948,"observed":0.5339110654994111},"saatto_pct":{"rate":0.6067729815120775,"effective_n":143.9346972959798,"observed":0.6091007560048891},"eten_pct":{"rate":0.5944117394973355,"effective_n":179.08451240865773,"observed":0.5938414242770966},"kunnari_rate":{"rate":0.007022923439107856,"effective_n":103.62789360713055,"observed":0.00874822315038753},"lyoty_rate":{"rate":0.03946760841775828,"effective_n":101.08307639332659,"observed":0.008667792673673418},"haava_rate":{"rate":0.412253261288843,"effective_n":96.25791226019925,"observed":0.42293271559340556},"palo_rate":{"rate":0.32750780894246345,"effective_n":98.62756728414456,"observed":0.31475399459947917}},"teho_plus_proj":130},"career_json":[{"year":2026,"kl_pct":0.5306122448979592,"teho_plus":106}],"pct_stats":["kl_pct","saatto_pct","eten_pct","kunnari_rate","lyoty_rate","palo_rate","tehot_per_turn"],"base_kl":{"player_id":10493,"turns_at_bat":109,"kl_base0":0.35555555555555557,"kl_base0_tries":45,"kl_base1":0.6666666666666666,"kl_base1_tries":39,"kl_base2":0.7272727272727273,"kl_base2_tries":11,"kl_base3":0.6666666666666666,"kl_base3_tries":3,"pct_kl_base0":36,"pct_kl_base1":79,"pct_kl_base2":76,"pct_kl_base3":85},"base_keys":["kl_base0","kl_base1","kl_base2","kl_base3"],"log":[{"player_id":10493,"season_id":2,"match_id":129103,"date":"2026-05-08","team":"Kirittäret","opponent":"Manse","home":1,"turns_at_bat":8,"kunnarit":0,"lyodyt":0,"tuodut":0,"karkilyonnit":1,"karki_yritykset":7,"saatot":2,"saatto_yritykset":8,"etenemiset":1,"eteneminen_yritykset":6,"haavat":3,"palot":2,"stadium":"Hippoksen pesäpallostadion, Jyväskylä","tehot":0,"kl_pct":0.14285714285714285},{"player_id":10493,"season_id":2,"match_id":129161,"date":"2026-05-11","team":"Kirittäret","opponent":"Virkiä","home":0,"turns_at_bat":6,"kunnarit":1,"lyodyt":0,"tuodut":3,"karkilyonnit":6,"karki_yritykset":8,"saatot":6,"saatto_yritykset":8,"etenemiset":12,"eteneminen_yritykset":16,"haavat":1,"palot":3,"stadium":"K Power Stadion, Lapua","tehot":4,"kl_pct":0.75},{"player_id":10493,"season_id":2,"match_id":129128,"date":"2026-05-13","team":"Kirittäret","opponent":"Fera","home":0,"turns_at_bat":7,"kunnarit":0,"lyodyt":0,"tuodut":0,"karkilyonnit":1,"karki_yritykset":3,"saatot":3,"saatto_yritykset":7,"etenemiset":6,"eteneminen_yritykset":12,"haavat":5,"palot":1,"stadium":"Buena Vista Areena, Rauma","tehot":0,"kl_pct":0.3333333333333333},{"player_id":10493,"season_id":2,"match_id":129086,"date":"2026-05-16","team":"Kirittäret","opponent":"PöU Pesis","home":1,"turns_at_bat":6,"kunnarit":0,"lyodyt":1,"tuodut":0,"karkilyonnit":2,"karki_yritykset":4,"saatot":6,"saatto_yritykset":8,"etenemiset":6,"eteneminen_yritykset":9,"haavat":2,"palot":1,"stadium":"Hippoksen pesäpallostadion, Jyväskylä","tehot":1,"kl_pct":0.5},{"player_id":10493,"season_id":2,"match_id":129076,"date":"2026-05-22","team":"Kirittäret","opponent":"Jyske","home":1,"turns_at_bat":8,"kunnarit":0,"lyodyt":0,"tuodut":2,"karkilyonnit":4,"karki_yritykset":7,"saatot":5,"saatto_yritykset":9,"etenemiset":8,"eteneminen_yritykset":13,"haavat":5,"palot":0,"stadium":"Hippoksen pesäpallostadion, Jyväskylä","tehot":2,"kl_pct":0.5714285714285714},{"player_id":10493,"season_id":2,"match_id":129132,"date":"2026-05-26","team":"Kirittäret","opponent":"Jussittaret","home":1,"turns_at_bat":6,"kunnarit":0,"lyodyt":0,"tuodut":0,"karkilyonnit":2,"karki_yritykset":5,"saatot":4,"saatto_yritykset":7,"etenemiset":6,"eteneminen_yritykset":11,"haavat":2,"palot":3,"stadium":"Hippoksen pesäpallostadion, Jyväskylä","tehot":0,"kl_pct":0.4},{"player_id":10493,"season_id":2,"match_id":129130,"date":"2026-05-29","team":"Kirittäret","opponent":"Roihuttaret","home":0,"turns_at_bat":8,"kunnarit":0,"lyodyt":0,"tuodut":1,"karkilyonnit":2,"karki_yritykset":7,"saatot":2,"saatto_yritykset":7,"etenemiset":7,"eteneminen_yritykset":14,"haavat":5,"palot":2,"stadium":"Roihuvuoren pesäpallokenttä, Helsinki","tehot":1,"kl_pct":0.2857142857142857},{"player_id":10493,"season_id":2,"match_id":129142,"date":"2026-06-02","team":"Kirittäret","opponent":"Jyske","home":0,"turns_at_bat":7,"kunnarit":0,"lyodyt":0,"tuodut":2,"karkilyonnit":4,"karki_yritykset":7,"saatot":7,"saatto_yritykset":12,"etenemiset":11,"eteneminen_yritykset":15,"haavat":2,"palot":2,"stadium":"Laserkeskus Areena, Laitila","tehot":2,"kl_pct":0.5714285714285714},{"player_id":10493,"season_id":2,"match_id":129200,"date":"2026-06-06","team":"Kirittäret","opponent":"Fera","home":1,"turns_at_bat":8,"kunnarit":0,"lyodyt":0,"tuodut":3,"karkilyonnit":5,"karki_yritykset":8,"saatot":8,"saatto_yritykset":12,"etenemiset":13,"eteneminen_yritykset":18,"haavat":1,"palot":4,"stadium":"Hippoksen pesäpallostadion, Jyväskylä","tehot":3,"kl_pct":0.625},{"player_id":10493,"season_id":2,"match_id":129152,"date":"2026-06-10","team":"Kirittäret","opponent":"PöU Pesis","home":0,"turns_at_bat":9,"kunnarit":0,"lyodyt":0,"tuodut":3,"karkilyonnit":7,"karki_yritykset":9,"saatot":11,"saatto_yritykset":15,"etenemiset":10,"eteneminen_yritykset":16,"haavat":3,"palot":3,"stadium":"Kyrön Sähkö Center, Pöytyä","tehot":3,"kl_pct":0.7777777777777778},{"player_id":10493,