{"player":{"id":10497,"name":"Tony Latvala","born_year":null},"career":[{"player_id":10497,"name":"Tony Latvala","born_year":null,"year":2026,"games":17,"team":"KoU","turns_at_bat":98,"kunnarit":0,"lyodyt":0,"tuodut":4,"karkilyonnit":44,"karki_yritykset":90,"saatot":67,"saatto_yritykset":129,"etenemiset":79,"eteneminen_yritykset":169,"haavat":48,"palot":42,"season_id":1,"tehot":4,"kl_pct":0.4888888888888889,"saatto_pct":0.5193798449612403,"eten_pct":0.46745562130177515,"kunnari_rate":0.0,"lyoty_rate":0.0,"tuotu_rate":0.023668639053254437,"haava_rate":0.4897959183673469,"palo_rate":0.42857142857142855,"tehot_per_turn":0.04081632653061224,"kl_per_turn":0.4489795918367347,"hr_rbi_per_turn":0.0,"kl_base0":0.4642857142857143,"kl_base0_tries":56,"kl_base1":0.5806451612903226,"kl_base1_tries":31,"kl_base2":0.0,"kl_base2_tries":2,"kl_base3":0.0,"kl_base3_tries":1,"adv1_pct":0.4642857142857143,"adv2_pct":0.5806451612903226,"adv3_pct":0.0,"adv_home_pct":0.0,"money_kl_pct":0.0,"money_kl_tries":1,"teho_plus":25,"adv_plus":89,"runner_plus":80,"out_avoid_plus":85,"adv1_plus":87,"adv2_plus":110,"adv3_plus":0,"adv_home_plus":0,"money_kl_plus":0,"spark_index":86,"teho_plus_adj":25}],"line":{"player_id":10497,"name":"Tony Latvala","born_year":null,"year":2026,"games":17,"team":"KoU","turns_at_bat":98,"kunnarit":0,"lyodyt":0,"tuodut":4,"karkilyonnit":44,"karki_yritykset":90,"saatot":67,"saatto_yritykset":129,"etenemiset":79,"eteneminen_yritykset":169,"haavat":48,"palot":42,"season_id":1,"tehot":4,"kl_pct":0.4888888888888889,"saatto_pct":0.5193798449612403,"eten_pct":0.46745562130177515,"kunnari_rate":0.0,"lyoty_rate":0.0,"tuotu_rate":0.023668639053254437,"haava_rate":0.4897959183673469,"palo_rate":0.42857142857142855,"tehot_per_turn":0.04081632653061224,"kl_per_turn":0.4489795918367347,"hr_rbi_per_turn":0.0,"kl_base0":0.4642857142857143,"kl_base0_tries":56,"kl_base1":0.5806451612903226,"kl_base1_tries":31,"kl_base2":0.0,"kl_base2_tries":2,"kl_base3":0.0,"kl_base3_tries":1,"adv1_pct":0.4642857142857143,"adv2_pct":0.5806451612903226,"adv3_pct":0.0,"adv_home_pct":0.0,"money_kl_pct":0.0,"money_kl_tries":1,"teho_plus":25,"adv_plus":89,"runner_plus":80,"out_avoid_plus":85,"adv1_plus":87,"adv2_plus":110,"adv3_plus":0,"adv_home_plus":0,"money_kl_plus":0,"spark_index":86,"teho_plus_adj":25,"pct_kl_pct":36,"pct_saatto_pct":21,"pct_eten_pct":5,"pct_kunnari_rate":29,"pct_lyoty_rate":10,"pct_palo_rate":15,"pct_tehot_per_turn":4},"proj":{"player_id":10497,"name":"Tony Latvala","as_of":"2026-07-02","age":null,"stats":{"kl_pct":{"rate":0.5031999816646427,"effective_n":80.76467565540301,"observed":0.4869585722673984},"saatto_pct":{"rate":0.5377592016216581,"effective_n":111.53005654781529,"observed":0.5191766283095359},"eten_pct":{"rate":0.497299656153131,"effective_n":146.54226794853068,"observed":0.46635789387768933},"kunnari_rate":{"rate":0.003851109246281451,"effective_n":91.27586070302047,"observed":0.0},"lyoty_rate":{"rate":0.03437127338703029,"effective_n":88.11472102149372,"observed":0.0},"haava_rate":{"rate":0.4570144289185153,"effective_n":82.16605181680502,"observed":0.4905637326518676},"palo_rate":{"rate":0.3781719517159291,"effective_n":85.07991732014973,"observed":0.42874461096417155}},"teho_plus_proj":116},"career_json":[{"year":2026,"kl_pct":0.4888888888888889,"teho_plus":25}],"pct_stats":["kl_pct","saatto_pct","eten_pct","kunnari_rate","lyoty_rate","palo_rate","tehot_per_turn"],"base_kl":{"player_id":10497,"turns_at_bat":98,"kl_base0":0.4642857142857143,"kl_base0_tries":56,"kl_base1":0.5806451612903226,"kl_base1_tries":31,"kl_base2":0.0,"kl_base2_tries":2,"kl_base3":0.0,"kl_base3_tries":1,"pct_kl_base0":43,"pct_kl_base1":68,"pct_kl_base2":1,"pct_kl_base3":7},"base_keys":["kl_base0","kl_base1","kl_base2","kl_base3"],"comps":[]}