{"player":{"id":10533,"name":"Miska Mäkiviita","born_year":null},"career":[{"player_id":10533,"name":"Miska Mäkiviita","born_year":null,"year":2026,"games":17,"team":"KoU","turns_at_bat":116,"kunnarit":1,"lyodyt":0,"tuodut":8,"karkilyonnit":53,"karki_yritykset":116,"saatot":90,"saatto_yritykset":170,"etenemiset":108,"eteneminen_yritykset":206,"haavat":54,"palot":44,"season_id":1,"tehot":9,"kl_pct":0.45689655172413796,"saatto_pct":0.5294117647058824,"eten_pct":0.5242718446601942,"kunnari_rate":0.008620689655172414,"lyoty_rate":0.0,"tuotu_rate":0.038834951456310676,"haava_rate":0.46551724137931033,"palo_rate":0.3793103448275862,"tehot_per_turn":0.07758620689655173,"kl_per_turn":0.45689655172413796,"hr_rbi_per_turn":0.008620689655172414,"kl_base0":0.45454545454545453,"kl_base0_tries":55,"kl_base1":0.52,"kl_base1_tries":50,"kl_base2":0.125,"kl_base2_tries":8,"kl_base3":0.3333333333333333,"kl_base3_tries":3,"adv1_pct":0.45454545454545453,"adv2_pct":0.52,"adv3_pct":0.125,"adv_home_pct":0.3333333333333333,"money_kl_pct":0.3333333333333333,"money_kl_tries":3,"teho_plus":48,"adv_plus":88,"runner_plus":89,"out_avoid_plus":92,"adv1_plus":85,"adv2_plus":98,"adv3_plus":22,"adv_home_plus":74,"money_kl_plus":74,"spark_index":89,"run_value":3.180916871486666,"raa":-5.2,"jyk":-0.4,"vyk":-0.04,"teho_plus_adj":49}],"line":{"player_id":10533,"name":"Miska Mäkiviita","born_year":null,"year":2026,"games":17,"team":"KoU","turns_at_bat":116,"kunnarit":1,"lyodyt":0,"tuodut":8,"karkilyonnit":53,"karki_yritykset":116,"saatot":90,"saatto_yritykset":170,"etenemiset":108,"eteneminen_yritykset":206,"haavat":54,"palot":44,"season_id":1,"tehot":9,"kl_pct":0.45689655172413796,"saatto_pct":0.5294117647058824,"eten_pct":0.5242718446601942,"kunnari_rate":0.008620689655172414,"lyoty_rate":0.0,"tuotu_rate":0.038834951456310676,"haava_rate":0.46551724137931033,"palo_rate":0.3793103448275862,"tehot_per_turn":0.07758620689655173,"kl_per_turn":0.45689655172413796,"hr_rbi_per_turn":0.008620689655172414,"kl_base0":0.45454545454545453,"kl_base0_tries":55,"kl_base1":0.52,"kl_base1_tries":50,"kl_base2":0.125,"kl_base2_tries":8,"kl_base3":0.3333333333333333,"kl_base3_tries":3,"adv1_pct":0.45454545454545453,"adv2_pct":0.52,"adv3_pct":0.125,"adv_home_pct":0.3333333333333333,"money_kl_pct":0.3333333333333333,"money_kl_tries":3,"teho_plus":48,"adv_plus":88,"runner_plus":89,"out_avoid_plus":92,"adv1_plus":85,"adv2_plus":98,"adv3_plus":22,"adv_home_plus":74,"money_kl_plus":74,"spark_index":89,"run_value":3.180916871486666,"raa":-5.2,"jyk":-0.4,"vyk":-0.04,"teho_plus_adj":49,"pct_kl_pct":30,"pct_saatto_pct":27,"pct_eten_pct":16,"pct_kunnari_rate":62,"pct_lyoty_rate":10,"pct_palo_rate":28,"pct_tehot_per_turn":19},"proj":{"player_id":10533,"name":"Miska Mäkiviita","as_of":"2026-07-02","age":null,"stats":{"kl_pct":{"rate":0.48332713137239847,"effective_n":105.85434423966177,"observed":0.45967101033479385},"saatto_pct":{"rate":0.5446657569301597,"effective_n":149.05883034553162,"observed":0.5326151240639218},"eten_pct":{"rate":0.5375516069323862,"effective_n":181.60497136004668,"observed":0.5236660923436621},"kunnari_rate":{"rate":0.007762010578658383,"effective_n":108.84827485279398,"observed":0.00884420364904776},"lyoty_rate":{"rate":0.031152922231833916,"effective_n":105.4823439551831,"observed":0.0},"haava_rate":{"rate":0.443509962798667,"effective_n":99.14110992374047,"observed":0.4576934555805126},"palo_rate":{"rate":0.3593453120201717,"effective_n":102.24848501966947,"observed":0.38669619640053216}},"teho_plus_proj":124},"career_json":[{"year":2026,"kl_pct":0.45689655172413796,"teho_plus":48}],"pct_stats":["kl_pct","saatto_pct","eten_pct","kunnari_rate","lyoty_rate","palo_rate","tehot_per_turn"],"base_kl":{"player_id":10533,"turns_at_bat":116,"kl_base0":0.45454545454545453,"kl_base0_tries":55,"kl_base1":0.52,"kl_base1_tries":50,"kl_base2":0.125,"kl_base2_tries":8,"kl_base3":0.3333333333333333,"kl_base3_tries":3,"pct_kl_base0":41,"pct_kl_base1":55,"pct_kl_base2":3,"pct_kl_base3":31},"base_keys":["kl_base0","kl_base1","kl_base2","kl_base3"],"comps":[]}