{"player":{"id":10559,"name":"Samuel Huotari","born_year":null},"career":[{"year":2023,"age":null,"games":5,"turns_at_bat":26,"vyk":0.29,"spark_index":109,"adv_plus":106,"runner_plus":106,"out_avoid_plus":120,"money_kl_plus":145,"teho_plus":156,"teho_plus_adj":157},{"year":2024,"age":null,"games":26,"turns_at_bat":165,"vyk":0.48,"spark_index":104,"adv_plus":102,"runner_plus":101,"out_avoid_plus":112,"money_kl_plus":110,"teho_plus":84,"teho_plus_adj":84},{"year":2025,"age":null,"games":33,"turns_at_bat":174,"vyk":0.84,"spark_index":99,"adv_plus":94,"runner_plus":100,"out_avoid_plus":110,"money_kl_plus":101,"teho_plus":92,"teho_plus_adj":91},{"year":2026,"age":null,"games":14,"turns_at_bat":91,"vyk":0.49,"spark_index":108,"adv_plus":113,"runner_plus":100,"out_avoid_plus":107,"money_kl_plus":152,"teho_plus":109,"teho_plus_adj":110}],"line":{"player_id":10559,"name":"Samuel Huotari","born_year":null,"year":2026,"games":14,"team":"SoJy","turns_at_bat":91,"kunnarit":0,"lyodyt":13,"tuodut":3,"karkilyonnit":51,"karki_yritykset":84,"saatot":135,"saatto_yritykset":206,"etenemiset":104,"eteneminen_yritykset":176,"haavat":47,"palot":25,"season_id":1,"tehot":16,"kl_pct":0.6071428571428571,"saatto_pct":0.6553398058252428,"eten_pct":0.5909090909090909,"kunnari_rate":0.0,"lyoty_rate":0.14285714285714285,"tuotu_rate":0.017045454545454544,"haava_rate":0.5164835164835165,"palo_rate":0.27472527472527475,"tehot_per_turn":0.17582417582417584,"kl_per_turn":0.5604395604395604,"hr_rbi_per_turn":0.14285714285714285,"kl_base0":0.4166666666666667,"kl_base0_tries":12,"kl_base1":0.4782608695652174,"kl_base1_tries":23,"kl_base2":0.7333333333333333,"kl_base2_tries":30,"kl_base3":0.6842105263157895,"kl_base3_tries":19,"adv1_pct":0.4166666666666667,"adv2_pct":0.4782608695652174,"adv3_pct":0.7333333333333333,"adv_home_pct":0.6842105263157895,"money_kl_pct":0.6842105263157895,"money_kl_tries":19,"pos":"3P","teho_plus":109,"adv_plus":113,"runner_plus":100,"out_avoid_plus":107,"adv1_plus":78,"adv2_plus":90,"adv3_plus":129,"adv_home_plus":152,"money_kl_plus":152,"spark_index":108,"run_value":8.314714170122254,"raa":1.7,"jyk":5.5,"vyk":0.49,"teho_plus_adj":110,"pct_kl_pct":75,"pct_saatto_pct":79,"pct_eten_pct":50,"pct_kunnari_rate":29,"pct_lyoty_rate":82,"pct_palo_rate":61,"pct_tehot_per_turn":65},"proj":{"player_id":10559,"name":"Samuel Huotari","as_of":"2026-06-30","age":null,"stats":{"kl_pct":{"rate":0.5433278812502127,"effective_n":143.73279094104393,"observed":0.5509527371081128},"saatto_pct":{"rate":0.6231676017415122,"effective_n":279.3758507510281,"observed":0.6279776830312039},"eten_pct":{"rate":0.5886496652102433,"effective_n":240.21895976704562,"observed":0.588787974171036},"kunnari_rate":{"rate":0.005716512892372002,"effective_n":210.60551615974288,"observed":0.005110332788865118},"lyoty_rate":{"rate":0.09565638827335458,"effective_n":161.15018652541514,"observed":0.10728649597390445},"haava_rate":{"rate":0.4612899853974488,"effective_n":112.08870596125963,"observed":0.4896975707073037},"palo_rate":{"rate":0.2916747722782309,"effective_n":131.19341730512136,"observed":0.27172669301272406}},"teho_plus_proj":172},"translation":{"wrc_plus":110,"tier":"solid starter","rows":[{"pesis_label":"Kärkilyönti-% (advance the lead runner)","pesis_value":0.6071428571428571,"percentile":75,"mlb_stat":"AVG","mlb_value":"0.270"},{"pesis_label":"Kärkilyönnit per turn (base hits)","pesis_value":0.5604395604395604,"percentile":70,"mlb_stat":"H / 600 PA","mlb_value":"162"},{"pesis_label":"Lyödyt per turn (runs batted home)","pesis_value":0.14285714285714285,"percentile":82,"mlb_stat":"RBI / 600 PA","mlb_value":"90"},{"pesis_label":"Tuodut per advance (runs scored)","pesis_value":0.017045454545454544,"percentile":16,"mlb_stat":"R / 600 PA","mlb_value":"58"},{"pesis_label":"Palot per turn (burned outs)","pesis_value":0.27472527472527475,"percentile":61,"mlb_stat":"K%","mlb_value":"20.7%"}]},"career_json":[{"year":2023,"kl_pct":0.5925925925925926,"teho_plus":156},{"year":2024,"kl_pct":0.546875,"teho_plus":84},{"year":2025,"kl_pct":0.4675324675324675,"teho_plus":92},{"year":2026,"kl_pct":0.6071428571428571,"teho_plus":109}],"pct_stats":["kl_pct","saatto_pct","eten_pct","kunnari_rate","lyoty_rate","palo_rate","tehot_per_turn"],"base_kl":{"player_id":10559,"turns_at_bat":91,"kl_base0":0.4166666666666667,"kl_base0_tries":12,"kl_base1":0.4782608695652174,"kl_base1_tries":23,"kl_base2":0.7333333333333333,"kl_base2_tries":30,"kl_base3":0.6842105263157895,"kl_base3_tries":19,"pct_kl_base0":33,"pct_kl_base1":41,"pct_kl_base2":80,"pct_kl_base3":82},"base_keys":["kl_base0","kl_base1","kl_base2","kl_base3"],"comps":[]}