{"player":{"id":10564,"name":"Pinja Huhtala","born_year":null},"career":[{"year":2024,"season_id":122,"team":"PesäKuula","age":null,"games":4,"turns_at_bat":21,"vyk":0.04,"spark_index":95,"adv_plus":83,"runner_plus":88,"out_avoid_plus":137,"money_kl_plus":122,"teho_plus":117,"teho_plus_adj":116},{"year":2025,"season_id":126,"team":"PesäKuula","age":null,"games":22,"turns_at_bat":113,"vyk":0.54,"spark_index":97,"adv_plus":90,"runner_plus":96,"out_avoid_plus":115,"money_kl_plus":95,"teho_plus":100,"teho_plus_adj":101},{"year":2026,"season_id":130,"team":"PesäKuula","age":null,"games":17,"turns_at_bat":84,"vyk":0.66,"spark_index":99,"adv_plus":84,"runner_plus":106,"out_avoid_plus":128,"money_kl_plus":90,"teho_plus":159,"teho_plus_adj":153}],"line":{"player_id":10564,"name":"Pinja Huhtala","born_year":null,"year":2026,"games":17,"team":"PesäKuula","turns_at_bat":84,"kunnarit":1,"lyodyt":24,"tuodut":4,"karkilyonnit":48,"karki_yritykset":110,"saatot":136,"saatto_yritykset":246,"etenemiset":96,"eteneminen_yritykset":143,"haavat":35,"palot":12,"season_id":130,"tehot":29,"kl_pct":0.43636363636363634,"saatto_pct":0.5528455284552846,"eten_pct":0.6713286713286714,"kunnari_rate":0.011904761904761904,"lyoty_rate":0.2857142857142857,"tuotu_rate":0.027972027972027972,"haava_rate":0.4166666666666667,"palo_rate":0.14285714285714285,"tehot_per_turn":0.34523809523809523,"kl_per_turn":0.5714285714285714,"hr_rbi_per_turn":0.2976190476190476,"kl_base0":0.0,"kl_base0_tries":4,"kl_base1":0.3333333333333333,"kl_base1_tries":12,"kl_base2":0.5277777777777778,"kl_base2_tries":36,"kl_base3":0.43103448275862066,"kl_base3_tries":58,"adv1_pct":0.0,"adv2_pct":0.3333333333333333,"adv3_pct":0.5277777777777778,"adv_home_pct":0.43103448275862066,"money_kl_pct":0.43103448275862066,"money_kl_tries":58,"pos":null,"teho_plus":159,"adv_plus":84,"runner_plus":106,"out_avoid_plus":128,"adv1_plus":0,"adv2_plus":58,"adv3_plus":83,"adv_home_plus":90,"money_kl_plus":90,"spark_index":99,"run_value":19.01459595957125,"raa":5.0,"jyk":10.1,"vyk":0.66,"teho_plus_adj":153,"pct_kl_pct":12,"pct_saatto_pct":17,"pct_eten_pct":77,"pct_kunnari_rate":80,"pct_lyoty_rate":94,"pct_palo_rate":97,"pct_tehot_per_turn":90},"proj":{"player_id":10564,"name":"Pinja Huhtala","as_of":"2026-07-22","age":null,"stats":{"kl_pct":{"rate":0.4867180593540601,"effective_n":139.8866819516047,"observed":0.45132061143279645},"saatto_pct":{"rate":0.5632970224142066,"effective_n":280.44168397673,"observed":0.5528074397175881},"eten_pct":{"rate":0.6454704972623068,"effective_n":168.98249096228807,"observed":0.6487024133915552},"kunnari_rate":{"rate":0.006484982688407136,"effective_n":134.80668202076816,"observed":0.007041783262371564},"lyoty_rate":{"rate":0.19023256334981312,"effective_n":112.92109403311586,"observed":0.2553398684203267},"haava_rate":{"rate":0.40389289118507327,"effective_n":87.2603637138085,"observed":0.43614176067267024},"palo_rate":{"rate":0.24205797787605765,"effective_n":97.88809496741622,"observed":0.16792666408910317}},"teho_plus_proj":180},"translation":{"wrc_plus":132,"tier":"All-Star","rows":[{"pesis_label":"Kärkilyönti-% (advance the lead runner)","pesis_value":0.43636363636363634,"percentile":12,"mlb_stat":"AVG","mlb_value":"0.153"},{"pesis_label":"Kärkilyönnit per turn (base hits)","pesis_value":0.5714285714285714,"percentile":62,"mlb_stat":"H / 600 PA","mlb_value":"157"},{"pesis_label":"Lyödyt per turn (runs batted home)","pesis_value":0.2857142857142857,"percentile":94,"mlb_stat":"RBI / 600 PA","mlb_value":"103"},{"pesis_label":"Tuodut per advance (runs scored)","pesis_value":0.027972027972027972,"percentile":24,"mlb_stat":"R / 600 PA","mlb_value":"63"},{"pesis_label":"Palot per turn (burned outs)","pesis_value":0.14285714285714285,"percentile":97,"mlb_stat":"K%","mlb_value":"11.9%"}]},"pitching":null,"career_json":[{"year":2024,"kl_pct":0.42857142857142855,"teho_plus":117},{"year":2025,"kl_pct":0.5,"teho_plus":100},{"year":2026,"kl_pct":0.43636363636363634,"teho_plus":159}],"pct_stats":["kl_pct","saatto_pct","eten_pct","kunnari_rate","lyoty_rate","palo_rate","tehot_per_turn"],"base_kl":{"player_id":10564,"turns_at_bat":84,"kl_base0":0.0,"kl_base0_tries":4,"kl_base1":0.3333333333333333,"kl_base1_tries":12,"kl_base2":0.5277777777777778,"kl_base2_tries":36,"kl_base3":0.43103448275862066,"kl_base3_tries":58,"pct_kl_base0":4,"pct_kl_base1":10,"pct_kl_base2":21,"pct_kl_base3":36},"base_keys":["kl_base0","kl_base1","kl_base2","kl_base3"],"comps":[]}