{"player":{"id":10564,"name":"Pinja Huhtala","born_year":null},"career":[{"year":2024,"season_id":122,"team":"PesäKuula","age":null,"games":4,"turns_at_bat":21,"vyk":0.06,"spark_index":95,"adv_plus":83,"runner_plus":88,"out_avoid_plus":137,"money_kl_plus":122,"teho_plus":117,"teho_plus_adj":116},{"year":2025,"season_id":126,"team":"PesäKuula","age":null,"games":22,"turns_at_bat":113,"vyk":0.45,"spark_index":97,"adv_plus":90,"runner_plus":96,"out_avoid_plus":115,"money_kl_plus":95,"teho_plus":100,"teho_plus_adj":101},{"year":2026,"season_id":130,"team":"PesäKuula","age":null,"games":14,"turns_at_bat":71,"vyk":0.62,"spark_index":102,"adv_plus":86,"runner_plus":109,"out_avoid_plus":131,"money_kl_plus":86,"teho_plus":157,"teho_plus_adj":151}],"line":{"player_id":10564,"name":"Pinja Huhtala","born_year":null,"year":2026,"games":14,"team":"PesäKuula","turns_at_bat":71,"kunnarit":1,"lyodyt":20,"tuodut":3,"karkilyonnit":42,"karki_yritykset":96,"saatot":122,"saatto_yritykset":216,"etenemiset":85,"eteneminen_yritykset":123,"haavat":29,"palot":9,"season_id":130,"tehot":24,"kl_pct":0.4375,"saatto_pct":0.5648148148148148,"eten_pct":0.6910569105691057,"kunnari_rate":0.014084507042253521,"lyoty_rate":0.28169014084507044,"tuotu_rate":0.024390243902439025,"haava_rate":0.4084507042253521,"palo_rate":0.1267605633802817,"tehot_per_turn":0.3380281690140845,"kl_per_turn":0.5915492957746479,"hr_rbi_per_turn":0.29577464788732394,"kl_base0":0.0,"kl_base0_tries":3,"kl_base1":0.3333333333333333,"kl_base1_tries":12,"kl_base2":0.5666666666666667,"kl_base2_tries":30,"kl_base3":0.4117647058823529,"kl_base3_tries":51,"adv1_pct":0.0,"adv2_pct":0.3333333333333333,"adv3_pct":0.5666666666666667,"adv_home_pct":0.4117647058823529,"money_kl_pct":0.4117647058823529,"money_kl_tries":51,"pos":null,"teho_plus":157,"adv_plus":86,"runner_plus":109,"out_avoid_plus":131,"adv1_plus":0,"adv2_plus":57,"adv3_plus":89,"adv_home_plus":86,"money_kl_plus":86,"spark_index":102,"run_value":14.398270760096658,"raa":5.7,"jyk":9.3,"vyk":0.62,"teho_plus_adj":151,"pct_kl_pct":12,"pct_saatto_pct":21,"pct_eten_pct":82,"pct_kunnari_rate":84,"pct_lyoty_rate":94,"pct_palo_rate":98,"pct_tehot_per_turn":88},"proj":{"player_id":10564,"name":"Pinja Huhtala","as_of":"2026-07-08","age":null,"stats":{"kl_pct":{"rate":0.48975762828822395,"effective_n":131.62772089662707,"observed":0.45359279264881575},"saatto_pct":{"rate":0.5721368522787611,"effective_n":265.76326453118656,"observed":0.5625225284719235},"eten_pct":{"rate":0.6546422523473558,"effective_n":158.0212518932667,"observed":0.6612665040764676},"kunnari_rate":{"rate":0.00669718434303727,"effective_n":125.46852628064947,"observed":0.007780933408837529},"lyoty_rate":{"rate":0.18333161491041283,"effective_n":104.5157642642162,"observed":0.24887157804174734},"haava_rate":{"rate":0.4018087646201828,"effective_n":80.17139157299926,"observed":0.4321307141778543},"palo_rate":{"rate":0.2399508322148441,"effective_n":90.19388992587457,"observed":0.15818918321911404}},"teho_plus_proj":180},"translation":{"wrc_plus":129,"tier":"All-Star","rows":[{"pesis_label":"Kärkilyönti-% (advance the lead runner)","pesis_value":0.4375,"percentile":12,"mlb_stat":"AVG","mlb_value":"0.175"},{"pesis_label":"Kärkilyönnit per turn (base hits)","pesis_value":0.5915492957746479,"percentile":62,"mlb_stat":"H / 600 PA","mlb_value":"157"},{"pesis_label":"Lyödyt per turn (runs batted home)","pesis_value":0.28169014084507044,"percentile":94,"mlb_stat":"RBI / 600 PA","mlb_value":"103"},{"pesis_label":"Tuodut per advance (runs scored)","pesis_value":0.024390243902439025,"percentile":22,"mlb_stat":"R / 600 PA","mlb_value":"62"},{"pesis_label":"Palot per turn (burned outs)","pesis_value":0.1267605633802817,"percentile":98,"mlb_stat":"K%","mlb_value":"10.9%"}]},"pitching":null,"career_json":[{"year":2024,"kl_pct":0.42857142857142855,"teho_plus":117},{"year":2025,"kl_pct":0.5,"teho_plus":100},{"year":2026,"kl_pct":0.4375,"teho_plus":157}],"pct_stats":["kl_pct","saatto_pct","eten_pct","kunnari_rate","lyoty_rate","palo_rate","tehot_per_turn"],"base_kl":{"player_id":10564,"turns_at_bat":71,"kl_base0":0.0,"kl_base0_tries":3,"kl_base1":0.3333333333333333,"kl_base1_tries":12,"kl_base2":0.5666666666666667,"kl_base2_tries":30,"kl_base3":0.4117647058823529,"kl_base3_tries":51,"pct_kl_base0":6,"pct_kl_base1":11,"pct_kl_base2":30,"pct_kl_base3":33},"base_keys":["kl_base0","kl_base1","kl_base2","kl_base3"],"comps":[]}