{"player":{"id":10575,"name":"Jenny Niemelä","born_year":null},"career":[{"year":2024,"season_id":122,"team":"PesäKuula","age":null,"games":16,"turns_at_bat":84,"vyk":0.23,"spark_index":114,"adv_plus":116,"runner_plus":107,"out_avoid_plus":120,"money_kl_plus":71,"teho_plus":58,"teho_plus_adj":57},{"year":2025,"season_id":126,"team":"PesäKuula","age":null,"games":22,"turns_at_bat":128,"vyk":0.35,"spark_index":106,"adv_plus":113,"runner_plus":97,"out_avoid_plus":104,"money_kl_plus":129,"teho_plus":88,"teho_plus_adj":88},{"year":2026,"season_id":130,"team":"PesäKuula","age":null,"games":15,"turns_at_bat":82,"vyk":0.06,"spark_index":106,"adv_plus":112,"runner_plus":101,"out_avoid_plus":99,"money_kl_plus":60,"teho_plus":62,"teho_plus_adj":60}],"line":{"player_id":10575,"name":"Jenny Niemelä","born_year":null,"year":2026,"games":15,"team":"PesäKuula","turns_at_bat":82,"kunnarit":0,"lyodyt":2,"tuodut":9,"karkilyonnit":42,"karki_yritykset":66,"saatot":92,"saatto_yritykset":129,"etenemiset":99,"eteneminen_yritykset":154,"haavat":27,"palot":28,"season_id":130,"tehot":11,"kl_pct":0.6363636363636364,"saatto_pct":0.7131782945736435,"eten_pct":0.6428571428571429,"kunnari_rate":0.0,"lyoty_rate":0.024390243902439025,"tuotu_rate":0.05844155844155844,"haava_rate":0.32926829268292684,"palo_rate":0.34146341463414637,"tehot_per_turn":0.13414634146341464,"kl_per_turn":0.5121951219512195,"hr_rbi_per_turn":0.024390243902439025,"kl_base0":0.65,"kl_base0_tries":20,"kl_base1":0.7916666666666666,"kl_base1_tries":24,"kl_base2":0.5333333333333333,"kl_base2_tries":15,"kl_base3":0.2857142857142857,"kl_base3_tries":7,"adv1_pct":0.65,"adv2_pct":0.7916666666666666,"adv3_pct":0.5333333333333333,"adv_home_pct":0.2857142857142857,"money_kl_pct":0.2857142857142857,"money_kl_tries":7,"pos":"2V","teho_plus":62,"adv_plus":112,"runner_plus":101,"out_avoid_plus":99,"adv1_plus":112,"adv2_plus":136,"adv3_plus":84,"adv_home_plus":60,"money_kl_plus":60,"spark_index":106,"run_value":6.845375729706709,"raa":-3.2,"jyk":0.9,"vyk":0.06,"teho_plus_adj":60,"pct_kl_pct":77,"pct_saatto_pct":76,"pct_eten_pct":59,"pct_kunnari_rate":34,"pct_lyoty_rate":28,"pct_palo_rate":44,"pct_tehot_per_turn":23},"proj":{"player_id":10575,"name":"Jenny Niemelä","as_of":"2026-07-08","age":null,"stats":{"kl_pct":{"rate":0.6108667115134901,"effective_n":102.9063702359761,"observed":0.6352213758161221},"saatto_pct":{"rate":0.6972737972333708,"effective_n":174.13942384618406,"observed":0.7113449573583962},"eten_pct":{"rate":0.6357475542745422,"effective_n":195.17792601326417,"observed":0.6362703472436751},"kunnari_rate":{"rate":0.004222261261270945,"effective_n":156.37144560735177,"observed":0.0031925696123731267},"lyoty_rate":{"rate":0.06134580152908169,"effective_n":125.62313246182075,"observed":0.03818998876608924},"haava_rate":{"rate":0.35918999609894614,"effective_n":93.3425791096783,"observed":0.33957489676975905},"palo_rate":{"rate":0.32858380417412275,"effective_n":106.16711675308133,"observed":0.3259110047083848}},"teho_plus_proj":119},"translation":{"wrc_plus":82,"tier":"bench bat","rows":[{"pesis_label":"Kärkilyönti-% (advance the lead runner)","pesis_value":0.6363636363636364,"percentile":77,"mlb_stat":"AVG","mlb_value":"0.297"},{"pesis_label":"Kärkilyönnit per turn (base hits)","pesis_value":0.5121951219512195,"percentile":42,"mlb_stat":"H / 600 PA","mlb_value":"146"},{"pesis_label":"Lyödyt per turn (runs batted home)","pesis_value":0.024390243902439025,"percentile":28,"mlb_stat":"RBI / 600 PA","mlb_value":"60"},{"pesis_label":"Tuodut per advance (runs scored)","pesis_value":0.05844155844155844,"percentile":63,"mlb_stat":"R / 600 PA","mlb_value":"82"},{"pesis_label":"Palot per turn (burned outs)","pesis_value":0.34146341463414637,"percentile":44,"mlb_stat":"K%","mlb_value":"23.0%"}]},"pitching":null,"career_json":[{"year":2024,"kl_pct":0.6470588235294118,"teho_plus":58},{"year":2025,"kl_pct":0.6388888888888888,"teho_plus":88},{"year":2026,"kl_pct":0.6363636363636364,"teho_plus":62}],"pct_stats":["kl_pct","saatto_pct","eten_pct","kunnari_rate","lyoty_rate","palo_rate","tehot_per_turn"],"base_kl":{"player_id":10575,"turns_at_bat":82,"kl_base0":0.65,"kl_base0_tries":20,"kl_base1":0.7916666666666666,"kl_base1_tries":24,"kl_base2":0.5333333333333333,"kl_base2_tries":15,"kl_base3":0.2857142857142857,"kl_base3_tries":7,"pct_kl_base0":73,"pct_kl_base1":92,"pct_kl_base2":24,"pct_kl_base3":13},"base_keys":["kl_base0","kl_base1","kl_base2","kl_base3"],"comps":[]}