{"player":{"id":10695,"name":"Joel Helimo","born_year":null},"career":[{"player_id":10695,"name":"Joel Helimo","born_year":null,"year":2026,"games":13,"team":"SMJ","turns_at_bat":72,"kunnarit":1,"lyodyt":32,"tuodut":2,"karkilyonnit":43,"karki_yritykset":89,"saatot":133,"saatto_yritykset":225,"etenemiset":93,"eteneminen_yritykset":144,"haavat":32,"palot":19,"season_id":3,"tehot":35,"kl_pct":0.48314606741573035,"saatto_pct":0.5911111111111111,"eten_pct":0.6458333333333334,"kunnari_rate":0.013888888888888888,"lyoty_rate":0.4444444444444444,"tuotu_rate":0.013888888888888888,"haava_rate":0.4444444444444444,"palo_rate":0.2638888888888889,"tehot_per_turn":0.4861111111111111,"kl_per_turn":0.5972222222222222,"hr_rbi_per_turn":0.4583333333333333,"kl_base0":0.0,"kl_base0_tries":2,"kl_base1":0.0,"kl_base1_tries":3,"kl_base2":0.5263157894736842,"kl_base2_tries":19,"kl_base3":0.5076923076923077,"kl_base3_tries":65,"adv1_pct":0.0,"adv2_pct":0.0,"adv3_pct":0.5263157894736842,"adv_home_pct":0.5076923076923077,"money_kl_pct":0.5076923076923077,"money_kl_tries":65,"pos":null,"teho_plus":288,"adv_plus":99,"runner_plus":109,"out_avoid_plus":110,"adv1_plus":0,"adv2_plus":0,"adv3_plus":92,"adv_home_plus":112,"money_kl_plus":112,"spark_index":104,"run_value":17.44754447679617,"raa":9.7,"jyk":13.9,"vyk":1.18,"teho_plus_adj":280}],"line":{"player_id":10695,"name":"Joel Helimo","born_year":null,"year":2026,"games":13,"team":"SMJ","turns_at_bat":72,"kunnarit":1,"lyodyt":32,"tuodut":2,"karkilyonnit":43,"karki_yritykset":89,"saatot":133,"saatto_yritykset":225,"etenemiset":93,"eteneminen_yritykset":144,"haavat":32,"palot":19,"season_id":3,"tehot":35,"kl_pct":0.48314606741573035,"saatto_pct":0.5911111111111111,"eten_pct":0.6458333333333334,"kunnari_rate":0.013888888888888888,"lyoty_rate":0.4444444444444444,"tuotu_rate":0.013888888888888888,"haava_rate":0.4444444444444444,"palo_rate":0.2638888888888889,"tehot_per_turn":0.4861111111111111,"kl_per_turn":0.5972222222222222,"hr_rbi_per_turn":0.4583333333333333,"kl_base0":0.0,"kl_base0_tries":2,"kl_base1":0.0,"kl_base1_tries":3,"kl_base2":0.5263157894736842,"kl_base2_tries":19,"kl_base3":0.5076923076923077,"kl_base3_tries":65,"adv1_pct":0.0,"adv2_pct":0.0,"adv3_pct":0.5263157894736842,"adv_home_pct":0.5076923076923077,"money_kl_pct":0.5076923076923077,"money_kl_tries":65,"pos":null,"teho_plus":288,"adv_plus":99,"runner_plus":109,"out_avoid_plus":110,"adv1_plus":0,"adv2_plus":0,"adv3_plus":92,"adv_home_plus":112,"money_kl_plus":112,"spark_index":104,"run_value":17.44754447679617,"raa":9.7,"jyk":13.9,"vyk":1.18,"teho_plus_adj":280,"pct_kl_pct":32,"pct_saatto_pct":47,"pct_eten_pct":88,"pct_kunnari_rate":79,"pct_lyoty_rate":99,"pct_palo_rate":66,"pct_tehot_per_turn":98},"proj":{"player_id":10695,"name":"Joel Helimo","as_of":"2026-07-02","age":null,"stats":{"kl_pct":{"rate":0.4954018186212681,"effective_n":80.89326261357618,"observed":0.4820136815498853},"saatto_pct":{"rate":0.5931042035337171,"effective_n":198.61325027604934,"observed":0.5932987166212081},"eten_pct":{"rate":0.6309255459390128,"effective_n":127.97435118743148,"observed":0.6467838748852811},"kunnari_rate":{"rate":0.009020023150855755,"effective_n":67.88423289034978,"observed":0.013706626280108202},"lyoty_rate":{"rate":0.24044404887541138,"effective_n":65.9347081336719,"observed":0.4396888893563696},"haava_rate":{"rate":0.42821424740264913,"effective_n":62.238702315543094,"observed":0.4362989366948168},"palo_rate":{"rate":0.3015476674490481,"effective_n":64.05373945807544,"observed":0.26772288182474024}},"teho_plus_proj":260},"career_json":[{"year":2026,"kl_pct":0.48314606741573035,"teho_plus":288}],"pct_stats":["kl_pct","saatto_pct","eten_pct","kunnari_rate","lyoty_rate","palo_rate","tehot_per_turn"],"base_kl":{"player_id":10695,"turns_at_bat":72,"kl_base0":0.0,"kl_base0_tries":2,"kl_base1":0.0,"kl_base1_tries":3,"kl_base2":0.5263157894736842,"kl_base2_tries":19,"kl_base3":0.5076923076923077,"kl_base3_tries":65,"pct_kl_base0":5,"pct_kl_base1":3,"pct_kl_base2":43,"pct_kl_base3":68},"base_keys":["kl_base0","kl_base1","kl_base2","kl_base3"],"comps":[]}