{"player":{"id":107,"name":"Petri Härmä","born_year":null},"career":[{"year":1995,"age":null,"games":29,"turns_at_bat":151,"vyk":-0.02,"spark_index":90,"adv_plus":89,"runner_plus":88,"out_avoid_plus":94,"money_kl_plus":91,"teho_plus":64,"teho_plus_adj":63}],"line":{"player_id":107,"name":"Petri Härmä","born_year":null,"year":1995,"games":29,"team":"RPL-R","turns_at_bat":151,"kunnarit":0,"lyodyt":5,"tuodut":11,"karkilyonnit":69,"karki_yritykset":152,"saatot":140,"saatto_yritykset":256,"etenemiset":148,"eteneminen_yritykset":278,"haavat":72,"palot":58,"season_id":11,"tehot":16,"kl_pct":0.45394736842105265,"saatto_pct":0.546875,"eten_pct":0.5323741007194245,"kunnari_rate":0.0,"lyoty_rate":0.033112582781456956,"tuotu_rate":0.039568345323741004,"haava_rate":0.4768211920529801,"palo_rate":0.3841059602649007,"tehot_per_turn":0.10596026490066225,"kl_per_turn":0.45695364238410596,"hr_rbi_per_turn":0.033112582781456956,"kl_base0":0.36923076923076925,"kl_base0_tries":65,"kl_base1":0.5098039215686274,"kl_base1_tries":51,"kl_base2":0.6363636363636364,"kl_base2_tries":22,"kl_base3":0.35714285714285715,"kl_base3_tries":14,"adv1_pct":0.36923076923076925,"adv2_pct":0.5098039215686274,"adv3_pct":0.6363636363636364,"adv_home_pct":0.35714285714285715,"money_kl_pct":0.35714285714285715,"money_kl_tries":14,"pos":"3V","teho_plus":64,"adv_plus":89,"runner_plus":88,"out_avoid_plus":94,"adv1_plus":75,"adv2_plus":92,"adv3_plus":103,"adv_home_plus":91,"money_kl_plus":91,"spark_index":90,"run_value":4.0455286171190235,"raa":-5.7,"jyk":-0.2,"vyk":-0.02,"teho_plus_adj":63,"pct_kl_pct":37,"pct_saatto_pct":33,"pct_eten_pct":21,"pct_kunnari_rate":21,"pct_lyoty_rate":29,"pct_palo_rate":35,"pct_tehot_per_turn":23},"proj":null,"translation":null,"career_json":[{"year":1995,"kl_pct":0.45394736842105265,"teho_plus":64}],"pct_stats":["kl_pct","saatto_pct","eten_pct","kunnari_rate","lyoty_rate","palo_rate","tehot_per_turn"],"base_kl":{"player_id":107,"turns_at_bat":151,"kl_base0":0.36923076923076925,"kl_base0_tries":65,"kl_base1":0.5098039215686274,"kl_base1_tries":51,"kl_base2":0.6363636363636364,"kl_base2_tries":22,"kl_base3":0.35714285714285715,"kl_base3_tries":14,"pct_kl_base0":25,"pct_kl_base1":50,"pct_kl_base2":68,"pct_kl_base3":47},"base_keys":["kl_base0","kl_base1","kl_base2","kl_base3"],"comps":[]}