{"player":{"id":10754,"name":"Mira Heikkilä","born_year":null},"career":[{"player_id":10754,"name":"Mira Heikkilä","born_year":null,"year":2026,"games":15,"team":"JoMa","turns_at_bat":46,"kunnarit":0,"lyodyt":3,"tuodut":2,"karkilyonnit":30,"karki_yritykset":44,"saatot":68,"saatto_yritykset":97,"etenemiset":49,"eteneminen_yritykset":73,"haavat":15,"palot":9,"season_id":2,"tehot":5,"kl_pct":0.6818181818181818,"saatto_pct":0.7010309278350515,"eten_pct":0.6712328767123288,"kunnari_rate":0.0,"lyoty_rate":0.06521739130434782,"tuotu_rate":0.0273972602739726,"haava_rate":0.32608695652173914,"palo_rate":0.1956521739130435,"tehot_per_turn":0.10869565217391304,"kl_per_turn":0.6521739130434783,"hr_rbi_per_turn":0.06521739130434782,"kl_base0":1.0,"kl_base0_tries":2,"kl_base1":0.6666666666666666,"kl_base1_tries":15,"kl_base2":0.8333333333333334,"kl_base2_tries":18,"kl_base3":0.3333333333333333,"kl_base3_tries":9,"adv1_pct":1.0,"adv2_pct":0.6666666666666666,"adv3_pct":0.8333333333333334,"adv_home_pct":0.3333333333333333,"money_kl_pct":0.3333333333333333,"money_kl_tries":9,"teho_plus":63,"adv_plus":121,"runner_plus":113,"out_avoid_plus":122,"adv1_plus":200,"adv2_plus":120,"adv3_plus":139,"adv_home_plus":74,"money_kl_plus":74,"spark_index":119,"teho_plus_adj":63}],"line":{"player_id":10754,"name":"Mira Heikkilä","born_year":null,"year":2026,"games":15,"team":"JoMa","turns_at_bat":46,"kunnarit":0,"lyodyt":3,"tuodut":2,"karkilyonnit":30,"karki_yritykset":44,"saatot":68,"saatto_yritykset":97,"etenemiset":49,"eteneminen_yritykset":73,"haavat":15,"palot":9,"season_id":2,"tehot":5,"kl_pct":0.6818181818181818,"saatto_pct":0.7010309278350515,"eten_pct":0.6712328767123288,"kunnari_rate":0.0,"lyoty_rate":0.06521739130434782,"tuotu_rate":0.0273972602739726,"haava_rate":0.32608695652173914,"palo_rate":0.1956521739130435,"tehot_per_turn":0.10869565217391304,"kl_per_turn":0.6521739130434783,"hr_rbi_per_turn":0.06521739130434782,"kl_base0":1.0,"kl_base0_tries":2,"kl_base1":0.6666666666666666,"kl_base1_tries":15,"kl_base2":0.8333333333333334,"kl_base2_tries":18,"kl_base3":0.3333333333333333,"kl_base3_tries":9,"adv1_pct":1.0,"adv2_pct":0.6666666666666666,"adv3_pct":0.8333333333333334,"adv_home_pct":0.3333333333333333,"money_kl_pct":0.3333333333333333,"money_kl_tries":9,"teho_plus":63,"adv_plus":121,"runner_plus":113,"out_avoid_plus":122,"adv1_plus":200,"adv2_plus":120,"adv3_plus":139,"adv_home_plus":74,"money_kl_plus":74,"spark_index":119,"teho_plus_adj":63,"pct_kl_pct":92,"pct_saatto_pct":88,"pct_eten_pct":88,"pct_kunnari_rate":35,"pct_lyoty_rate":67,"pct_palo_rate":89,"pct_tehot_per_turn":35},"proj":{"player_id":10754,"name":"Mira Heikkilä","as_of":"2026-06-28","age":null,"stats":{"kl_pct":{"rate":0.589734796423966,"effective_n":40.21862012418598,"observed":0.6826158405525145},"saatto_pct":{"rate":0.6679865456642096,"effective_n":86.03189630866925,"observed":0.7003418720317037},"eten_pct":{"rate":0.6378523925421735,"effective_n":65.37498315374884,"observed":0.6695143208403147},"kunnari_rate":{"rate":0.004061783586043991,"effective_n":43.4655376651199,"observed":0.0},"lyoty_rate":{"rate":0.07424325574000327,"effective_n":42.27248359637383,"observed":0.06640628204469544},"haava_rate":{"rate":0.38085433491923143,"effective_n":40.02383363438887,"observed":0.32808800871425753},"palo_rate":{"rate":0.29382506996879926,"effective_n":41.12593996287632,"observed":0.19771792193271406}},"teho_plus_proj":156},"career_json":[{"year":2026,"kl_pct":0.6818181818181818,"teho_plus":63}],"pct_stats":["kl_pct","saatto_pct","eten_pct","kunnari_rate","lyoty_rate","palo_rate","tehot_per_turn"],"base_kl":{"player_id":10754,"turns_at_bat":46,"kl_base0":1.0,"kl_base0_tries":2,"kl_base1":0.6666666666666666,"kl_base1_tries":15,"kl_base2":0.8333333333333334,"kl_base2_tries":18,"kl_base3":0.3333333333333333,"kl_base3_tries":9,"pct_kl_base0":99,"pct_kl_base1":79,"pct_kl_base2":87,"pct_kl_base3":33},"base_keys":["kl_base0","kl_base1","kl_base2","kl_base3"],"log":[{"player_id":10754,"season_id":2,"match_id":129105,"date":"2026-04-25","team":"JoMa","opponent":"Lippo Naiset","home":1,"turns_at_bat":5,"kunnarit":0,"lyodyt":1,"tuodut":0,"karkilyonnit":5,"karki_yritykset":7,"saatot":8,"saatto_yritykset":12,"etenemiset":3,"eteneminen_yritykset":5,"haavat":2,"palot":0,"stadium":"Campo Elola, Fuengirola (ES)","tehot":1,"kl_pct":0.7142857142857143},{"player_id":10754,"season_id":2,"match_id":129171,"date":"2026-05-09","team":"JoMa","opponent":"Lippo Naiset","home":0,"turns_at_bat":3,"kunnarit":0,"lyodyt":0,"tuodut":0,"karkilyonnit":2,"karki_yritykset":4,"saatot":6,"saatto_yritykset":9,"etenemiset":4,"eteneminen_yritykset":6,"haavat":2,"palot":0,"stadium":"Hielo Stadion Raksila, Oulu","tehot":0,"kl_pct":0.5},{"player_id":10754,"season_id":2,"match_id":129097,"date":"2026-05-14","team":"JoMa","opponent":"Manse","home":0,"turns_at_bat":2,"kunnarit":0,"lyodyt":0,"tuodut":0,"karkilyonnit":2,"karki_yritykset":2,"saatot":6,"saatto_yritykset":6,"etenemiset":4,"eteneminen_yritykset":5,"haavat":1,"palot":0,"stadium":"Kaupin pesäpallostadion, Tampere","tehot":0,"kl_pct":1.0},{"player_id":10754,"season_id":2,"match_id":129201,"date":"2026-05-17","team":"JoMa","opponent":"PöU Pesis","home":1,"turns_at_bat":4,"kunnarit":0,"lyodyt":0,"tuodut":0,"karkilyonnit":2,"karki_yritykset":3,"saatot":7,"saatto_yritykset":8,"etenemiset":5,"eteneminen_yritykset":6,"haavat":0,"palot":1,"stadium":"Ilosaarirock Stadion, Joensuu","tehot":0,"kl_pct":0.6666666666666666},{"player_id":10754,"season_id":2,"match_id":129136,"date":"2026-05-23","team":"JoMa","opponent":"Jyske","home":1,"turns_at_bat":5,"kunnarit":0,"lyodyt":0,"tuodut":0,"karkilyonnit":2,"karki_yritykset":4,"saatot":4,"saatto_yritykset":8,"etenemiset":3,"eteneminen_yritykset":5,"haavat":0,"palot":2,"stadium":"Ilosaarirock Stadion, Joensuu","tehot":0,"kl_pct":0.5},{"player_id":10754,"season_id":2,"match_id":129070,"date":"2026-05-27","team":"JoMa","opponent":"Jyske","home":0,"turns_at_bat":2,"kunnarit":0,"lyodyt":0,"tuodut":0,"karkilyonnit":1,"karki_yritykset":1,"saatot":4,"saatto_yritykset":5,"etenemiset":4,"eteneminen_yritykset":6,"haavat":0,"palot":2,"stadium":"Laserkeskus Areena, Laitila","tehot":0,"kl_pct":1.0},{"player_id":10754,"season_id":2,"match_id":129173,"date":"2026-06-01","team":"JoMa","opponent":"Mailattaret","home":0,"turns_at_bat":5,"kunnarit":0,"lyodyt":0,"tuodut":1,"karkilyonnit":4,"karki_yritykset":5,"saatot":7,"saatto_yritykset":12,"etenemiset":6,"eteneminen_yritykset":10,"haavat":3,"palot":1,"stadium":"Hietalahden Pesäpallostadion, Vaasa","tehot":1,"kl_pct":0.8},{"player_id":10754,"season_id":2,"match_id":129111,"date":"2026-06-02","team":"JoMa","opponent":"Jussittaret","home":0,"turns_at_bat":1,"kunnarit":0,"lyodyt":0,"tuodut":0,"karkilyonnit":1,"karki_yritykset":1,"saatot":2,"saatto_yritykset":2,"etenemiset":1,"eteneminen_yritykset":1,"haavat":0,"palot":0,"stadium":"Unico Areena, Seinäjoki","tehot":0,"kl_pct":1.0},{"player_id":10754,"season_id":2,"match_id":129108,"date":"2026-06-07","team":"JoMa","opponent":"Fera","home":1,"turns_at_bat":3,"kunnarit":0,"lyodyt":0,"tuodut":0,"karkilyonnit":0,"karki_yritykset":2,"saatot":2,"saatto_yritykset":6,"etenemiset":2,"eteneminen_yritykset":3,"haavat":1,"palot":0,"stadium":"Ilosaarirock Stadion, Joensuu","tehot":0,"kl_pct":0.0},{"player_id":10754,"season_id":2,"match_id":129089,"date":"2026-06-11","team":"JoMa","opponent":"Virkiä","home":0,"turns_at_bat":2,"kunnarit":0,"lyodyt":0,"tuodut":0,"karkilyonnit":1,"karki_yritykset":2,"saatot":3,"saatto_yritykset":4,"etenemiset":2,"eteneminen_yritykset":3,"haavat":1,"palot":0,"stadium":"K Power Stadion, Lapua","tehot":0,"kl_pct":0.5},{"player_id":10754,"season_id":2,"match_id":129177,"date":"2026-06-14","team":"JoMa","opponent":"Jussittaret","home":1,"turns_at_bat":1,"kunnarit":0,"lyodyt":0,"tuodut":0,"karkilyonnit":1,"karki_yritykset":1,"saatot":2,"saatto_yritykset":2,"etenemiset":1,"eteneminen_yritykset":2,"haavat":0,"palot":1,"stadium":"Mantun kenttä, Siilinjärvi","tehot":0,