{"player":{"id":10765,"name":"Reino Heikkinen","born_year":null},"career":[{"year":2025,"season_id":123,"team":"SoJy","age":null,"games":5,"turns_at_bat":21,"vyk":0.28,"spark_index":106,"adv_plus":106,"runner_plus":110,"out_avoid_plus":99,"money_kl_plus":215,"teho_plus":254,"teho_plus_adj":252},{"year":2025,"season_id":125,"team":"SiKi","age":null,"games":4,"turns_at_bat":26,"vyk":-0.04,"spark_index":89,"adv_plus":90,"runner_plus":83,"out_avoid_plus":97,"money_kl_plus":71,"teho_plus":42,"teho_plus_adj":47},{"year":2026,"season_id":129,"team":"SiKi","age":null,"games":13,"turns_at_bat":94,"vyk":0.32,"spark_index":102,"adv_plus":106,"runner_plus":97,"out_avoid_plus":97,"money_kl_plus":111,"teho_plus":70,"teho_plus_adj":67}],"line":{"player_id":10765,"name":"Reino Heikkinen","born_year":null,"year":2026,"games":13,"team":"SiKi","turns_at_bat":94,"kunnarit":0,"lyodyt":4,"tuodut":7,"karkilyonnit":49,"karki_yritykset":90,"saatot":126,"saatto_yritykset":203,"etenemiset":106,"eteneminen_yritykset":185,"haavat":46,"palot":33,"season_id":129,"tehot":11,"kl_pct":0.5444444444444444,"saatto_pct":0.6206896551724138,"eten_pct":0.572972972972973,"kunnari_rate":0.0,"lyoty_rate":0.0425531914893617,"tuotu_rate":0.03783783783783784,"haava_rate":0.48936170212765956,"palo_rate":0.35106382978723405,"tehot_per_turn":0.11702127659574468,"kl_per_turn":0.5212765957446809,"hr_rbi_per_turn":0.0425531914893617,"kl_base0":0.3888888888888889,"kl_base0_tries":18,"kl_base1":0.34615384615384615,"kl_base1_tries":26,"kl_base2":0.7631578947368421,"kl_base2_tries":38,"kl_base3":0.5,"kl_base3_tries":8,"adv1_pct":0.3888888888888889,"adv2_pct":0.34615384615384615,"adv3_pct":0.7631578947368421,"adv_home_pct":0.5,"money_kl_pct":0.5,"money_kl_tries":8,"pos":"2K","teho_plus":70,"adv_plus":106,"runner_plus":97,"out_avoid_plus":97,"adv1_plus":82,"adv2_plus":63,"adv3_plus":134,"adv_home_plus":111,"money_kl_plus":111,"spark_index":102,"run_value":8.241038145218695,"raa":-1.4,"jyk":3.7,"vyk":0.32,"teho_plus_adj":67,"pct_kl_pct":62,"pct_saatto_pct":70,"pct_eten_pct":45,"pct_kunnari_rate":31,"pct_lyoty_rate":60,"pct_palo_rate":42,"pct_tehot_per_turn":38},"proj":{"player_id":10765,"name":"Reino Heikkinen","as_of":"2026-07-05","age":null,"stats":{"kl_pct":{"rate":0.5293036227993455,"effective_n":96.63150710390002,"observed":0.5400956538160823},"saatto_pct":{"rate":0.61426811073878,"effective_n":200.86613758276408,"observed":0.6190663957760966},"eten_pct":{"rate":0.5764505803634971,"effective_n":182.7465484947255,"observed":0.5732018336479683},"kunnari_rate":{"rate":0.005607028310891214,"effective_n":110.45272711280535,"observed":0.004685669366368673},"lyoty_rate":{"rate":0.0705301620596422,"effective_n":101.07077089220542,"observed":0.06703120525015818},"haava_rate":{"rate":0.4544283184471581,"effective_n":88.53450417853293,"observed":0.48751073656020577},"palo_rate":{"rate":0.3387111067531201,"effective_n":94.00704736259962,"observed":0.3468734806787741}},"teho_plus_proj":150},"translation":{"wrc_plus":92,"tier":"league-average regular","rows":[{"pesis_label":"Kärkilyönti-% (advance the lead runner)","pesis_value":0.5444444444444444,"percentile":62,"mlb_stat":"AVG","mlb_value":"0.270"},{"pesis_label":"Kärkilyönnit per turn (base hits)","pesis_value":0.5212765957446809,"percentile":64,"mlb_stat":"H / 600 PA","mlb_value":"158"},{"pesis_label":"Lyödyt per turn (runs batted home)","pesis_value":0.0425531914893617,"percentile":60,"mlb_stat":"RBI / 600 PA","mlb_value":"77"},{"pesis_label":"Tuodut per advance (runs scored)","pesis_value":0.03783783783783784,"percentile":50,"mlb_stat":"R / 600 PA","mlb_value":"76"},{"pesis_label":"Palot per turn (burned outs)","pesis_value":0.35106382978723405,"percentile":42,"mlb_stat":"K%","mlb_value":"23.3%"}]},"pitching":null,"career_json":[{"year":2025,"kl_pct":0.5,"teho_plus":254},{"year":2025,"kl_pct":0.5217391304347826,"teho_plus":42},{"year":2026,"kl_pct":0.5444444444444444,"teho_plus":70}],"pct_stats":["kl_pct","saatto_pct","eten_pct","kunnari_rate","lyoty_rate","palo_rate","tehot_per_turn"],"base_kl":{"player_id":10765,"turns_at_bat":94,"kl_base0":0.3888888888888889,"kl_base0_tries":18,"kl_base1":0.34615384615384615,"kl_base1_tries":26,"kl_base2":0.7631578947368421,"kl_base2_tries":38,"kl_base3":0.5,"kl_base3_tries":8,"pct_kl_base0":41,"pct_kl_base1":15,"pct_kl_base2":90,"pct_kl_base3":67},"base_keys":["kl_base0","kl_base1","kl_base2","kl_base3"],"comps":[]}