{"player":{"id":10773,"name":"Nelli Mäenpää","born_year":null},"career":[{"player_id":10773,"name":"Nelli Mäenpää","born_year":null,"year":2026,"games":12,"team":"Jyske","turns_at_bat":66,"kunnarit":0,"lyodyt":0,"tuodut":3,"karkilyonnit":24,"karki_yritykset":56,"saatot":51,"saatto_yritykset":86,"etenemiset":65,"eteneminen_yritykset":112,"haavat":25,"palot":22,"season_id":2,"tehot":3,"kl_pct":0.42857142857142855,"saatto_pct":0.5930232558139535,"eten_pct":0.5803571428571429,"kunnari_rate":0.0,"lyoty_rate":0.0,"tuotu_rate":0.026785714285714284,"haava_rate":0.3787878787878788,"palo_rate":0.3333333333333333,"tehot_per_turn":0.045454545454545456,"kl_per_turn":0.36363636363636365,"hr_rbi_per_turn":0.0,"kl_base0":0.4444444444444444,"kl_base0_tries":27,"kl_base1":0.5,"kl_base1_tries":20,"kl_base2":0.2857142857142857,"kl_base2_tries":7,"kl_base3":0.0,"kl_base3_tries":2,"adv1_pct":0.4444444444444444,"adv2_pct":0.5,"adv3_pct":0.2857142857142857,"adv_home_pct":0.0,"money_kl_pct":0.0,"money_kl_tries":2,"teho_plus":26,"adv_plus":92,"runner_plus":97,"out_avoid_plus":102,"adv1_plus":89,"adv2_plus":90,"adv3_plus":48,"adv_home_plus":0,"money_kl_plus":0,"spark_index":96,"teho_plus_adj":27}],"line":{"player_id":10773,"name":"Nelli Mäenpää","born_year":null,"year":2026,"games":12,"team":"Jyske","turns_at_bat":66,"kunnarit":0,"lyodyt":0,"tuodut":3,"karkilyonnit":24,"karki_yritykset":56,"saatot":51,"saatto_yritykset":86,"etenemiset":65,"eteneminen_yritykset":112,"haavat":25,"palot":22,"season_id":2,"tehot":3,"kl_pct":0.42857142857142855,"saatto_pct":0.5930232558139535,"eten_pct":0.5803571428571429,"kunnari_rate":0.0,"lyoty_rate":0.0,"tuotu_rate":0.026785714285714284,"haava_rate":0.3787878787878788,"palo_rate":0.3333333333333333,"tehot_per_turn":0.045454545454545456,"kl_per_turn":0.36363636363636365,"hr_rbi_per_turn":0.0,"kl_base0":0.4444444444444444,"kl_base0_tries":27,"kl_base1":0.5,"kl_base1_tries":20,"kl_base2":0.2857142857142857,"kl_base2_tries":7,"kl_base3":0.0,"kl_base3_tries":2,"adv1_pct":0.4444444444444444,"adv2_pct":0.5,"adv3_pct":0.2857142857142857,"adv_home_pct":0.0,"money_kl_pct":0.0,"money_kl_tries":2,"teho_plus":26,"adv_plus":92,"runner_plus":97,"out_avoid_plus":102,"adv1_plus":89,"adv2_plus":90,"adv3_plus":48,"adv_home_plus":0,"money_kl_plus":0,"spark_index":96,"teho_plus_adj":27,"pct_kl_pct":22,"pct_saatto_pct":55,"pct_eten_pct":51,"pct_kunnari_rate":35,"pct_lyoty_rate":12,"pct_palo_rate":43,"pct_tehot_per_turn":13},"proj":{"player_id":10773,"name":"Nelli Mäenpää","as_of":"2026-07-02","age":null,"stats":{"kl_pct":{"rate":0.4818620684143783,"effective_n":51.559328252081556,"observed":0.4287811547792998},"saatto_pct":{"rate":0.5938992971591628,"effective_n":76.66816555502155,"observed":0.5915528231589292},"eten_pct":{"rate":0.5839213160113212,"effective_n":100.66002642601256,"observed":0.5776958477724762},"kunnari_rate":{"rate":0.0036338859238623416,"effective_n":62.71394636030185,"observed":0.0},"lyoty_rate":{"rate":0.044423819354432154,"effective_n":61.15735414710001,"observed":0.0},"haava_rate":{"rate":0.39236810838958935,"effective_n":58.205888079161426,"observed":0.37586576908701513},"palo_rate":{"rate":0.34020414375834584,"effective_n":59.65538055070122,"observed":0.33614464577616876}},"teho_plus_proj":129},"career_json":[{"year":2026,"kl_pct":0.42857142857142855,"teho_plus":26}],"pct_stats":["kl_pct","saatto_pct","eten_pct","kunnari_rate","lyoty_rate","palo_rate","tehot_per_turn"],"base_kl":{"player_id":10773,"turns_at_bat":66,"kl_base0":0.4444444444444444,"kl_base0_tries":27,"kl_base1":0.5,"kl_base1_tries":20,"kl_base2":0.2857142857142857,"kl_base2_tries":7,"kl_base3":0.0,"kl_base3_tries":2,"pct_kl_base0":56,"pct_kl_base1":41,"pct_kl_base2":9,"pct_kl_base3":8},"base_keys":["kl_base0","kl_base1","kl_base2","kl_base3"],"log":[{"player_id":10773,"season_id":2,"match_id":129138,"date":"2026-05-08","team":"Jyske","opponent":"Pesäkarhut","home":0,"turns_at_bat":5,"kunnarit":0,"lyodyt":0,"tuodut":0,"karkilyonnit":4,"karki_yritykset":5,"saatot":9,"saatto_yritykset":10,"etenemiset":7,"eteneminen_yritykset":11,"haavat":3,"palot":1,"stadium":"Huikoo Areena, Pori","tehot":0,"kl_pct":0.8},{"player_id":10773,"season_id":2,"match_id":129141,"date":"2026-05-14","team":"Jyske","opponent":"Roihuttaret","home":1,"turns_at_bat":4,"kunnarit":0,"lyodyt":0,"tuodut":1,"karkilyonnit":2,"karki_yritykset":4,"saatot":4,"saatto_yritykset":7,"etenemiset":7,"eteneminen_yritykset":10,"haavat":1,"palot":2,"stadium":"Laserkeskus Areena, Laitila","tehot":1,"kl_pct":0.5},{"player_id":10773,"season_id":2,"match_id":129068,"date":"2026-05-19","team":"Jyske","opponent":"Virkiä","home":1,"turns_at_bat":6,"kunnarit":0,"lyodyt":0,"tuodut":0,"karkilyonnit":1,"karki_yritykset":6,"saatot":5,"saatto_yritykset":10,"etenemiset":4,"eteneminen_yritykset":9,"haavat":4,"palot":1,"stadium":"Laserkeskus Areena, Laitila","tehot":0,"kl_pct":0.16666666666666666},{"player_id":10773,"season_id":2,"match_id":129136,"date":"2026-05-23","team":"Jyske","opponent":"JoMa","home":0,"turns_at_bat":5,"kunnarit":0,"lyodyt":0,"tuodut":0,"karkilyonnit":1,"karki_yritykset":5,"saatot":3,"saatto_yritykset":8,"etenemiset":6,"eteneminen_yritykset":9,"haavat":1,"palot":2,"stadium":"Ilosaarirock Stadion, Joensuu","tehot":0,"kl_pct":0.2},{"player_id":10773,"season_id":2,"match_id":129070,"date":"2026-05-27","team":"Jyske","opponent":"JoMa","home":1,"turns_at_bat":4,"kunnarit":0,"lyodyt":0,"tuodut":0,"karkilyonnit":1,"karki_yritykset":3,"saatot":2,"saatto_yritykset":4,"etenemiset":5,"eteneminen_yritykset":8,"haavat":1,"palot":2,"stadium":"Laserkeskus Areena, Laitila","tehot":0,"kl_pct":0.3333333333333333},{"player_id":10773,"season_id":2,"match_id":129142,"date":"2026-06-02","team":"Jyske","opponent":"Kirittäret","home":1,"turns_at_bat":6,"kunnarit":0,"lyodyt":0,"tuodut":0,"karkilyonnit":4,"karki_yritykset":7,"saatot":7,"saatto_yritykset":10,"etenemiset":5,"eteneminen_yritykset":8,"haavat":1,"palot":2,"stadium":"Laserkeskus Areena, Laitila","tehot":0,"kl_pct":0.5714285714285714},{"player_id":10773,"season_id":2,"match_id":129069,"date":"2026-06-06","team":"Jyske","opponent":"Manse","home":1,"turns_at_bat":7,"kunnarit":0,"lyodyt":0,"tuodut":1,"karkilyonnit":1,"karki_yritykset":5,"saatot":3,"saatto_yritykset":7,"etenemiset":6,"eteneminen_yritykset":10,"haavat":3,"palot":1,"stadium":"Laserkeskus Areena, Laitila","tehot":1,"kl_pct":0.2},{"player_id":10773,"season_id":2,"match_id":129071,"date":"2026-06-13","team":"Jyske","opponent":"Lippo Naiset","home":1,"turns_at_bat":5,"kunnarit":0,"lyodyt":0,"tuodut":1,"karkilyonnit":2,"karki_yritykset":3,"saatot":3,"saatto_yritykset":4,"etenemiset":5,"eteneminen_yritykset":8,"haavat":2,"palot":1,"stadium":"Laserkeskus Areena, Laitila","tehot":1,"kl_pct":0.6666666666666666},{"player_id":10773,"season_id":2,"match_id":129135,"date":"2026-06-17","team":"Jyske","opponent":"Manse","home":0,"turns_at_bat":6,"kunnarit":0,"lyodyt":0,"tuodut":0,"karkilyonnit":2,"karki_yritykset":5,"saatot":3,"saatto_yritykset":6,"etenemiset":5,"eteneminen_yritykset":10,"haavat":3,"palot":2,"stadium":"Kaupin pesäpallostadion, Tampere","tehot":0,"kl_pct":0.4},{"player_id":10773,"season_id":2,"match_id":129133,"date":"2026-06-24","team":"Jyske","opponent":"PöU Pesis","home":0,"turns_at_bat":5,"kunnarit":0,"lyodyt":0,"tuodut":0,"karkilyonnit":1,"karki_yritykset":3,"saatot":3,"saatto_yritykset":5,"etenemiset":3,"eteneminen_yritykset":7,"haavat":2,"palot":2,"stadium":"Kyrön Sähkö Center, Pöytyä","tehot":0,"kl_pct":0.3333333333333333},{"player_id":10773,"season_id":2,"match_id":129212,"date":"2026-06-27","team":"Jyske","opponent":"Fera","home":1,"turns_at_bat":6,"kunnarit":0,"lyodyt":0,"tuodut":0,"karkilyonnit":1,"karki_yritykset":4,"saatot":1,"saatto_yritykset":5,"etenemiset":3,"eteneminen_yritykset":9,"haavat":2,"palot":4,"stadium":"Laserkeskus Areena, Laitila","tehot":0,"kl_pct":0.25},{"player_id":10773,"season_id":2,"match_id":129204,"date":"2026-07-01","team":"Jyske","opponent":"Lippo Naiset","home":1,"turns_at_bat":7,