{"player":{"id":10788,"name":"Perttu Kenttäaho","born_year":null},"career":[{"player_id":10788,"name":"Perttu Kenttäaho","born_year":null,"year":2026,"games":16,"team":"KPL","turns_at_bat":110,"kunnarit":1,"lyodyt":4,"tuodut":8,"karkilyonnit":52,"karki_yritykset":102,"saatot":100,"saatto_yritykset":167,"etenemiset":119,"eteneminen_yritykset":213,"haavat":61,"palot":33,"season_id":1,"tehot":13,"kl_pct":0.5098039215686274,"saatto_pct":0.5988023952095808,"eten_pct":0.5586854460093896,"kunnari_rate":0.00909090909090909,"lyoty_rate":0.03636363636363636,"tuotu_rate":0.03755868544600939,"haava_rate":0.5545454545454546,"palo_rate":0.3,"tehot_per_turn":0.11818181818181818,"kl_per_turn":0.4727272727272727,"hr_rbi_per_turn":0.045454545454545456,"kl_base0":0.4528301886792453,"kl_base0_tries":53,"kl_base1":0.4838709677419355,"kl_base1_tries":31,"kl_base2":0.6153846153846154,"kl_base2_tries":13,"kl_base3":1.0,"kl_base3_tries":5,"adv1_pct":0.4528301886792453,"adv2_pct":0.4838709677419355,"adv3_pct":0.6153846153846154,"adv_home_pct":1.0,"money_kl_pct":1.0,"money_kl_tries":5,"pos":"3K","teho_plus":73,"adv_plus":100,"runner_plus":95,"out_avoid_plus":104,"adv1_plus":85,"adv2_plus":91,"adv3_plus":108,"adv_home_plus":222,"money_kl_plus":222,"spark_index":99,"run_value":5.960561368069387,"raa":-2.0,"jyk":2.6,"vyk":0.23,"teho_plus_adj":72}],"line":{"player_id":10788,"name":"Perttu Kenttäaho","born_year":null,"year":2026,"games":16,"team":"KPL","turns_at_bat":110,"kunnarit":1,"lyodyt":4,"tuodut":8,"karkilyonnit":52,"karki_yritykset":102,"saatot":100,"saatto_yritykset":167,"etenemiset":119,"eteneminen_yritykset":213,"haavat":61,"palot":33,"season_id":1,"tehot":13,"kl_pct":0.5098039215686274,"saatto_pct":0.5988023952095808,"eten_pct":0.5586854460093896,"kunnari_rate":0.00909090909090909,"lyoty_rate":0.03636363636363636,"tuotu_rate":0.03755868544600939,"haava_rate":0.5545454545454546,"palo_rate":0.3,"tehot_per_turn":0.11818181818181818,"kl_per_turn":0.4727272727272727,"hr_rbi_per_turn":0.045454545454545456,"kl_base0":0.4528301886792453,"kl_base0_tries":53,"kl_base1":0.4838709677419355,"kl_base1_tries":31,"kl_base2":0.6153846153846154,"kl_base2_tries":13,"kl_base3":1.0,"kl_base3_tries":5,"adv1_pct":0.4528301886792453,"adv2_pct":0.4838709677419355,"adv3_pct":0.6153846153846154,"adv_home_pct":1.0,"money_kl_pct":1.0,"money_kl_tries":5,"pos":"3K","teho_plus":73,"adv_plus":100,"runner_plus":95,"out_avoid_plus":104,"adv1_plus":85,"adv2_plus":91,"adv3_plus":108,"adv_home_plus":222,"money_kl_plus":222,"spark_index":99,"run_value":5.960561368069387,"raa":-2.0,"jyk":2.6,"vyk":0.23,"teho_plus_adj":72,"pct_kl_pct":45,"pct_saatto_pct":56,"pct_eten_pct":37,"pct_kunnari_rate":67,"pct_lyoty_rate":56,"pct_palo_rate":52,"pct_tehot_per_turn":38},"proj":{"player_id":10788,"name":"Perttu Kenttäaho","as_of":"2026-07-02","age":null,"stats":{"kl_pct":{"rate":0.5138225722673215,"effective_n":94.7033266831346,"observed":0.5067016320679271},"saatto_pct":{"rate":0.5944743762822288,"effective_n":149.66823557673985,"observed":0.5957845509720171},"eten_pct":{"rate":0.5636266271169359,"effective_n":191.70815874096428,"observed":0.5572735982319058},"kunnari_rate":{"rate":0.007900793299539681,"effective_n":104.58471072761738,"observed":0.00918634234719588},"lyoty_rate":{"rate":0.05230419719024362,"effective_n":102.01050033176185,"observed":0.03667853849618172},"haava_rate":{"rate":0.49263580968328363,"effective_n":97.11277394120168,"observed":0.5577019348593081},"palo_rate":{"rate":0.3085108982081847,"effective_n":99.52089059548233,"observed":0.29574808423496834}},"teho_plus_proj":142},"career_json":[{"year":2026,"kl_pct":0.5098039215686274,"teho_plus":73}],"pct_stats":["kl_pct","saatto_pct","eten_pct","kunnari_rate","lyoty_rate","palo_rate","tehot_per_turn"],"base_kl":{"player_id":10788,"turns_at_bat":110,"kl_base0":0.4528301886792453,"kl_base0_tries":53,"kl_base1":0.4838709677419355,"kl_base1_tries":31,"kl_base2":0.6153846153846154,"kl_base2_tries":13,"kl_base3":1.0,"kl_base3_tries":5,"pct_kl_base0":39,"pct_kl_base1":43,"pct_kl_base2":54,"pct_kl_base3":96},"base_keys":["kl_base0","kl_base1","kl_base2","kl_base3"],"comps":[]}