{"player":{"id":10845,"name":"Joonas Nurminen","born_year":null},"career":[{"year":2026,"age":null,"games":12,"turns_at_bat":74,"vyk":0.24,"spark_index":105,"adv_plus":109,"runner_plus":103,"out_avoid_plus":97,"money_kl_plus":0,"teho_plus":72,"teho_plus_adj":72}],"line":{"player_id":10845,"name":"Joonas Nurminen","born_year":null,"year":2026,"games":12,"team":"KaMa","turns_at_bat":74,"kunnarit":0,"lyodyt":0,"tuodut":9,"karkilyonnit":35,"karki_yritykset":64,"saatot":86,"saatto_yritykset":133,"etenemiset":86,"eteneminen_yritykset":141,"haavat":29,"palot":26,"season_id":3,"tehot":9,"kl_pct":0.546875,"saatto_pct":0.6466165413533834,"eten_pct":0.6099290780141844,"kunnari_rate":0.0,"lyoty_rate":0.0,"tuotu_rate":0.06382978723404255,"haava_rate":0.3918918918918919,"palo_rate":0.35135135135135137,"tehot_per_turn":0.12162162162162163,"kl_per_turn":0.47297297297297297,"hr_rbi_per_turn":0.0,"kl_base0":0.42857142857142855,"kl_base0_tries":14,"kl_base1":0.5588235294117647,"kl_base1_tries":34,"kl_base2":0.6666666666666666,"kl_base2_tries":15,"kl_base3":0.0,"kl_base3_tries":1,"adv1_pct":0.42857142857142855,"adv2_pct":0.5588235294117647,"adv3_pct":0.6666666666666666,"adv_home_pct":0.0,"money_kl_pct":0.0,"money_kl_tries":1,"pos":"1V","teho_plus":72,"adv_plus":109,"runner_plus":103,"out_avoid_plus":97,"adv1_plus":90,"adv2_plus":101,"adv3_plus":116,"adv_home_plus":0,"money_kl_plus":0,"spark_index":105,"run_value":6.503657083252818,"raa":-1.4,"jyk":2.8,"vyk":0.24,"teho_plus_adj":72,"pct_kl_pct":58,"pct_saatto_pct":76,"pct_eten_pct":63,"pct_kunnari_rate":31,"pct_lyoty_rate":12,"pct_palo_rate":41,"pct_tehot_per_turn":41},"proj":{"player_id":10845,"name":"Joonas Nurminen","as_of":"2026-07-02","age":null,"stats":{"kl_pct":{"rate":0.5307616683223162,"effective_n":58.701816702806404,"observed":0.5484541513215913},"saatto_pct":{"rate":0.636052846729076,"effective_n":119.05948280880654,"observed":0.6508066367078467},"eten_pct":{"rate":0.6074898428965548,"effective_n":125.7709983209302,"observed":0.6143091749933244},"kunnari_rate":{"rate":0.004032683198233093,"effective_n":69.51558608589238,"observed":0.0},"lyoty_rate":{"rate":0.04137106092779713,"effective_n":67.40674686646548,"observed":0.0},"haava_rate":{"rate":0.41014637861314396,"effective_n":63.43742070001112,"observed":0.3895968938705935},"palo_rate":{"rate":0.3390788565817576,"effective_n":65.38186461967715,"observed":0.35186361164915186}},"teho_plus_proj":135},"translation":{"wrc_plus":94,"tier":"league-average regular","rows":[{"pesis_label":"Kärkilyönti-% (advance the lead runner)","pesis_value":0.546875,"percentile":58,"mlb_stat":"AVG","mlb_value":"0.257"},{"pesis_label":"Kunnarit per turn (home runs)","pesis_value":0.0,"percentile":31,"mlb_stat":"HR / 600 PA","mlb_value":"15"},{"pesis_label":"Lyödyt per turn (runs batted home)","pesis_value":0.0,"percentile":12,"mlb_stat":"RBI / 600 PA","mlb_value":"49"},{"pesis_label":"Tuodut per advance (runs scored)","pesis_value":0.06382978723404255,"percentile":78,"mlb_stat":"R / 600 PA","mlb_value":"90"},{"pesis_label":"Palot per turn (burned outs)","pesis_value":0.35135135135135137,"percentile":41,"mlb_stat":"K%","mlb_value":"23.5%"}],"pace":{"HR":0,"RBI":0,"R":122}},"career_json":[{"year":2026,"kl_pct":0.546875,"teho_plus":72}],"pct_stats":["kl_pct","saatto_pct","eten_pct","kunnari_rate","lyoty_rate","palo_rate","tehot_per_turn"],"base_kl":{"player_id":10845,"turns_at_bat":74,"kl_base0":0.42857142857142855,"kl_base0_tries":14,"kl_base1":0.5588235294117647,"kl_base1_tries":34,"kl_base2":0.6666666666666666,"kl_base2_tries":15,"kl_base3":0.0,"kl_base3_tries":1,"pct_kl_base0":51,"pct_kl_base1":54,"pct_kl_base2":70,"pct_kl_base3":6},"base_keys":["kl_base0","kl_base1","kl_base2","kl_base3"],"comps":[]}