{"player":{"id":10885,"name":"Elias Haikola","born_year":null},"career":[{"year":2021,"season_id":151,"team":"SMJ 2","age":null,"games":10,"turns_at_bat":60,"vyk":0.06,"spark_index":87,"adv_plus":79,"runner_plus":80,"out_avoid_plus":117,"money_kl_plus":59,"teho_plus":45,"teho_plus_adj":47}],"line":{"player_id":10885,"name":"Elias Haikola","born_year":null,"year":2021,"games":10,"team":"SMJ 2","turns_at_bat":60,"kunnarit":0,"lyodyt":4,"tuodut":3,"karkilyonnit":25,"karki_yritykset":56,"saatot":60,"saatto_yritykset":119,"etenemiset":46,"eteneminen_yritykset":91,"haavat":35,"palot":10,"season_id":151,"tehot":7,"kl_pct":0.44642857142857145,"saatto_pct":0.5042016806722689,"eten_pct":0.5054945054945055,"kunnari_rate":0.0,"lyoty_rate":0.06666666666666667,"tuotu_rate":0.03296703296703297,"haava_rate":0.5833333333333334,"palo_rate":0.16666666666666666,"tehot_per_turn":0.11666666666666667,"kl_per_turn":0.4166666666666667,"hr_rbi_per_turn":0.06666666666666667,"kl_base0":0.2727272727272727,"kl_base0_tries":11,"kl_base1":0.25,"kl_base1_tries":12,"kl_base2":0.7142857142857143,"kl_base2_tries":21,"kl_base3":0.3333333333333333,"kl_base3_tries":12,"adv1_pct":0.2727272727272727,"adv2_pct":0.25,"adv3_pct":0.7142857142857143,"adv_home_pct":0.3333333333333333,"money_kl_pct":0.3333333333333333,"money_kl_tries":12,"pos":"3V","teho_plus":45,"adv_plus":79,"runner_plus":80,"out_avoid_plus":117,"adv1_plus":51,"adv2_plus":44,"adv3_plus":107,"adv_home_plus":59,"money_kl_plus":59,"spark_index":87,"run_value":4.096966264286741,"raa":-3.5,"jyk":1.3,"vyk":0.06,"teho_plus_adj":47,"pct_kl_pct":18,"pct_saatto_pct":18,"pct_eten_pct":15,"pct_kunnari_rate":25,"pct_lyoty_rate":46,"pct_palo_rate":93,"pct_tehot_per_turn":15},"proj":null,"translation":null,"pitching":null,"career_json":[{"year":2021,"kl_pct":0.44642857142857145,"teho_plus":45}],"pct_stats":["kl_pct","saatto_pct","eten_pct","kunnari_rate","lyoty_rate","palo_rate","tehot_per_turn"],"base_kl":{"player_id":10885,"turns_at_bat":60,"kl_base0":0.2727272727272727,"kl_base0_tries":11,"kl_base1":0.25,"kl_base1_tries":12,"kl_base2":0.7142857142857143,"kl_base2_tries":21,"kl_base3":0.3333333333333333,"kl_base3_tries":12,"pct_kl_base0":9,"pct_kl_base1":8,"pct_kl_base2":65,"pct_kl_base3":14},"base_keys":["kl_base0","kl_base1","kl_base2","kl_base3"],"comps":[]}