{"player":{"id":10912,"name":"Jasperi Luoma","born_year":null},"career":[{"player_id":10912,"name":"Jasperi Luoma","born_year":null,"year":2026,"games":15,"team":"KPL","turns_at_bat":73,"kunnarit":0,"lyodyt":1,"tuodut":6,"karkilyonnit":32,"karki_yritykset":49,"saatot":56,"saatto_yritykset":92,"etenemiset":77,"eteneminen_yritykset":135,"haavat":30,"palot":28,"season_id":1,"tehot":7,"kl_pct":0.6530612244897959,"saatto_pct":0.6086956521739131,"eten_pct":0.5703703703703704,"kunnari_rate":0.0,"lyoty_rate":0.0136986301369863,"tuotu_rate":0.044444444444444446,"haava_rate":0.410958904109589,"palo_rate":0.3835616438356164,"tehot_per_turn":0.0958904109589041,"kl_per_turn":0.4383561643835616,"hr_rbi_per_turn":0.0136986301369863,"kl_base0":0.7222222222222222,"kl_base0_tries":36,"kl_base1":0.5,"kl_base1_tries":4,"kl_base2":0.375,"kl_base2_tries":8,"kl_base3":1.0,"kl_base3_tries":1,"adv1_pct":0.7222222222222222,"adv2_pct":0.5,"adv3_pct":0.375,"adv_home_pct":1.0,"money_kl_pct":1.0,"money_kl_tries":1,"teho_plus":59,"adv_plus":110,"runner_plus":97,"out_avoid_plus":91,"adv1_plus":135,"adv2_plus":94,"adv3_plus":66,"adv_home_plus":222,"money_kl_plus":222,"spark_index":102,"teho_plus_adj":60}],"line":{"player_id":10912,"name":"Jasperi Luoma","born_year":null,"year":2026,"games":15,"team":"KPL","turns_at_bat":73,"kunnarit":0,"lyodyt":1,"tuodut":6,"karkilyonnit":32,"karki_yritykset":49,"saatot":56,"saatto_yritykset":92,"etenemiset":77,"eteneminen_yritykset":135,"haavat":30,"palot":28,"season_id":1,"tehot":7,"kl_pct":0.6530612244897959,"saatto_pct":0.6086956521739131,"eten_pct":0.5703703703703704,"kunnari_rate":0.0,"lyoty_rate":0.0136986301369863,"tuotu_rate":0.044444444444444446,"haava_rate":0.410958904109589,"palo_rate":0.3835616438356164,"tehot_per_turn":0.0958904109589041,"kl_per_turn":0.4383561643835616,"hr_rbi_per_turn":0.0136986301369863,"kl_base0":0.7222222222222222,"kl_base0_tries":36,"kl_base1":0.5,"kl_base1_tries":4,"kl_base2":0.375,"kl_base2_tries":8,"kl_base3":1.0,"kl_base3_tries":1,"adv1_pct":0.7222222222222222,"adv2_pct":0.5,"adv3_pct":0.375,"adv_home_pct":1.0,"money_kl_pct":1.0,"money_kl_tries":1,"teho_plus":59,"adv_plus":110,"runner_plus":97,"out_avoid_plus":91,"adv1_plus":135,"adv2_plus":94,"adv3_plus":66,"adv_home_plus":222,"money_kl_plus":222,"spark_index":102,"teho_plus_adj":60,"pct_kl_pct":90,"pct_saatto_pct":59,"pct_eten_pct":42,"pct_kunnari_rate":29,"pct_lyoty_rate":35,"pct_palo_rate":28,"pct_tehot_per_turn":30},"proj":{"player_id":10912,"name":"Jasperi Luoma","as_of":"2026-07-02","age":null,"stats":{"kl_pct":{"rate":0.5802020066368461,"effective_n":45.015850730896204,"observed":0.6536958822931038},"saatto_pct":{"rate":0.605072543090081,"effective_n":82.41060704567776,"observed":0.6125960674112686},"eten_pct":{"rate":0.5759580888054446,"effective_n":122.01636986997715,"observed":0.5710296157965143},"kunnari_rate":{"rate":0.004296832297608248,"effective_n":69.35959430447753,"observed":0.0},"lyoty_rate":{"rate":0.044915362609845015,"effective_n":67.63566822583725,"observed":0.012608621431057199},"haava_rate":{"rate":0.42114598841693823,"effective_n":64.36796656944786,"observed":0.40824779906230646},"palo_rate":{"rate":0.3515916867828368,"effective_n":65.97258515420252,"observed":0.38457957815872246}},"teho_plus_proj":138},"career_json":[{"year":2026,"kl_pct":0.6530612244897959,"teho_plus":59}],"pct_stats":["kl_pct","saatto_pct","eten_pct","kunnari_rate","lyoty_rate","palo_rate","tehot_per_turn"],"base_kl":{"player_id":10912,"turns_at_bat":73,"kl_base0":0.7222222222222222,"kl_base0_tries":36,"kl_base1":0.5,"kl_base1_tries":4,"kl_base2":0.375,"kl_base2_tries":8,"kl_base3":1.0,"kl_base3_tries":1,"pct_kl_base0":94,"pct_kl_base1":48,"pct_kl_base2":13,"pct_kl_base3":96},"base_keys":["kl_base0","kl_base1","kl_base2","kl_base3"],"log":[{"player_id":10912,"season_id":1,"match_id":128955,"date":"2026-05-10","team":"KPL","opponent":"KeKi","home":1,"turns_at_bat":6,"kunnarit":0,"lyodyt":1,"tuodut":1,"karkilyonnit":2,"karki_yritykset":5,"saatot":5,"saatto_yritykset":10,"etenemiset":6,"eteneminen_yritykset":11,"haavat":4,"palot":1,"stadium":"KSS Energia Areena, Kouvola","tehot":2,"kl_pct":0.4},{"player_id":10912,"season_id":1,"match_id":128885,"date":"2026-05-15","team":"KPL","opponent":"AA","home":0,"turns_at_bat":7,"kunnarit":0,"lyodyt":0,"tuodut":0,"karkilyonnit":6,"karki_yritykset":8,"saatot":6,"saatto_yritykset":8,"etenemiset":8,"eteneminen_yritykset":14,"haavat":1,"palot":5,"stadium":"Saltex Areena, Alajärvi","tehot":0,"kl_pct":0.75},{"player_id":10912,"season_id":1,"match_id":128880,"date":"2026-05-20","team":"KPL","opponent":"KoU","home":0,"turns_at_bat":5,"kunnarit":0,"lyodyt":0,"tuodut":2,"karkilyonnit":4,"karki_yritykset":4,"saatot":6,"saatto_yritykset":7,"etenemiset":8,"eteneminen_yritykset":11,"haavat":3,"palot":0,"stadium":"Sähkökoje Areena, Koskenkorva (Ilmajoki)","tehot":2,"kl_pct":1.0},{"player_id":10912,"season_id":1,"match_id":129053,"date":"2026-05-22","team":"KPL","opponent":"ViVe","home":1,"turns_at_bat":5,"kunnarit":0,"lyodyt":0,"tuodut":0,"karkilyonnit":1,"karki_yritykset":2,"saatot":1,"saatto_yritykset":4,"etenemiset":6,"eteneminen_yritykset":11,"haavat":2,"palot":3,"stadium":"KSS Energia Areena, Kouvola","tehot":0,"kl_pct":0.5},{"player_id":10912,"season_id":1,"match_id":128882,"date":"2026-05-29","team":"KPL","opponent":"JoMa","home":0,"turns_at_bat":5,"kunnarit":0,"lyodyt":0,"tuodut":0,"karkilyonnit":1,"karki_yritykset":1,"saatot":5,"saatto_yritykset":7,"etenemiset":5,"eteneminen_yritykset":8,"haavat":1,"palot":2,"stadium":"Ilosaarirock Stadion, Joensuu","tehot":0,"kl_pct":1.0},{"player_id":10912,"season_id":1,"match_id":129061,"date":"2026-05-31","team":"KPL","opponent":"JoMa","home":1,"turns_at_bat":6,"kunnarit":0,"lyodyt":0,"tuodut":0,"karkilyonnit":3,"karki_yritykset":4,"saatot":4,"saatto_yritykset":11,"etenemiset":4,"eteneminen_yritykset":9,"haavat":3,"palot":2,"stadium":"KSS Energia Areena, Kouvola","tehot":0,"kl_pct":0.75},{"player_id":10912,"season_id":1,"match_id":128883,"date":"2026-06-05","team":"KPL","opponent":"ViVe","home":1,"turns_at_bat":0,"kunnarit":0,"lyodyt":0,"tuodut":0,"karkilyonnit":0,"karki_yritykset":0,"saatot":0,"saatto_yritykset":0,"etenemiset":0,"eteneminen_yritykset":0,"haavat":0,"palot":0,"stadium":"KSS Energia Areena, Kouvola","tehot":0,"kl_pct":null},{"player_id":10912,"season_id":1,"match_id":128952,"date":"2026-06-09","team":"KPL","opponent":"PattU","home":1,"turns_at_bat":5,"kunnarit":0,"lyodyt":0,"tuodut":0,"karkilyonnit":2,"karki_yritykset":5,"saatot":4,"saatto_yritykset":9,"etenemiset":3,"eteneminen_yritykset":7,"haavat":2,"palot":2,"stadium":"KSS Energia Areena, Kouvola","tehot":0,"kl_pct":0.4},{"player_id":10912,"season_id":1,"match_id":128951,"date":"2026-06-12","team":"KPL","opponent":"AA","home":1,"turns_at_bat":9,"kunnarit":0,"lyodyt":0,"tuodut":0,"karkilyonnit":4,"karki_yritykset":8,"saatot":6,"saatto_yritykset":10,"etenemiset":8,"eteneminen_yritykset":16,"haavat":5,"palot":3,"stadium":"KSS Energia Areena, Kouvola","tehot":0,"kl_pct":0.5},{"player_id":10912,"season_id":1,"match_id":129063,"date":"2026-06-14","team":"KPL","opponent":"SoJy","home":1,"turns_at_bat":3,"kunnarit":0,"lyodyt":0,"tuodut":0,"karkilyonnit":0,"karki_yritykset":0,"saatot":2,"saatto_yritykset":4,"etenemiset":2,"eteneminen_yritykset":5,"haavat":2,"palot":1,"stadium":"KSS Energia Areena, Kouvola","tehot":0,"kl_pct":null},{"player_id":10912,"season_id":1,"match_id":128947,"date":"2026-06-17","team":"KPL","opponent":"SoJy","home":0,"turns_at_bat":1,"kunnarit":0,"lyodyt":0,"tuodut":0,"karkilyonnit":1,"karki_yritykset":1,"saatot":2,"saatto_yritykset":3,"etenemiset":1,"eteneminen_yritykset":1,"haavat":0,"palot":0,"stadium":"Terrafame Stadion, Sotkamo","tehot":0,"kl_pct":1.0},{"player_id":10912,"season_id":1,"match_id":129057,"date":"2026-06-24","team":"KPL","opponent":"KeKi","home":1,"turns_at_bat":4,"kunnarit":0,"lyodyt":0,"tuodut":1,"karkilyonnit":1,"karki_yritykset":3,"saatot":1,"saatto_yritykset":4,"etenemiset":4,