{"player":{"id":10919,"name":"Miki Likander","born_year":null},"career":[{"player_id":10919,"name":"Miki Likander","born_year":null,"year":2026,"games":15,"team":"KoU","turns_at_bat":101,"kunnarit":0,"lyodyt":0,"tuodut":8,"karkilyonnit":39,"karki_yritykset":87,"saatot":67,"saatto_yritykset":133,"etenemiset":87,"eteneminen_yritykset":171,"haavat":47,"palot":37,"season_id":1,"tehot":8,"kl_pct":0.4482758620689655,"saatto_pct":0.5037593984962406,"eten_pct":0.5087719298245614,"kunnari_rate":0.0,"lyoty_rate":0.0,"tuotu_rate":0.04678362573099415,"haava_rate":0.46534653465346537,"palo_rate":0.36633663366336633,"tehot_per_turn":0.07920792079207921,"kl_per_turn":0.38613861386138615,"hr_rbi_per_turn":0.0,"kl_base0":0.4888888888888889,"kl_base0_tries":45,"kl_base1":0.42857142857142855,"kl_base1_tries":35,"kl_base2":0.3333333333333333,"kl_base2_tries":6,"kl_base3":0.0,"kl_base3_tries":1,"adv1_pct":0.4888888888888889,"adv2_pct":0.42857142857142855,"adv3_pct":0.3333333333333333,"adv_home_pct":0.0,"money_kl_pct":0.0,"money_kl_tries":1,"teho_plus":49,"adv_plus":85,"runner_plus":87,"out_avoid_plus":94,"adv1_plus":91,"adv2_plus":81,"adv3_plus":58,"adv_home_plus":0,"money_kl_plus":0,"spark_index":87,"run_value":2.0338913234035574,"raa":-5.3,"jyk":-1.1,"vyk":-0.1,"teho_plus_adj":50}],"line":{"player_id":10919,"name":"Miki Likander","born_year":null,"year":2026,"games":15,"team":"KoU","turns_at_bat":101,"kunnarit":0,"lyodyt":0,"tuodut":8,"karkilyonnit":39,"karki_yritykset":87,"saatot":67,"saatto_yritykset":133,"etenemiset":87,"eteneminen_yritykset":171,"haavat":47,"palot":37,"season_id":1,"tehot":8,"kl_pct":0.4482758620689655,"saatto_pct":0.5037593984962406,"eten_pct":0.5087719298245614,"kunnari_rate":0.0,"lyoty_rate":0.0,"tuotu_rate":0.04678362573099415,"haava_rate":0.46534653465346537,"palo_rate":0.36633663366336633,"tehot_per_turn":0.07920792079207921,"kl_per_turn":0.38613861386138615,"hr_rbi_per_turn":0.0,"kl_base0":0.4888888888888889,"kl_base0_tries":45,"kl_base1":0.42857142857142855,"kl_base1_tries":35,"kl_base2":0.3333333333333333,"kl_base2_tries":6,"kl_base3":0.0,"kl_base3_tries":1,"adv1_pct":0.4888888888888889,"adv2_pct":0.42857142857142855,"adv3_pct":0.3333333333333333,"adv_home_pct":0.0,"money_kl_pct":0.0,"money_kl_tries":1,"teho_plus":49,"adv_plus":85,"runner_plus":87,"out_avoid_plus":94,"adv1_plus":91,"adv2_plus":81,"adv3_plus":58,"adv_home_plus":0,"money_kl_plus":0,"spark_index":87,"run_value":2.0338913234035574,"raa":-5.3,"jyk":-1.1,"vyk":-0.1,"teho_plus_adj":50,"pct_kl_pct":25,"pct_saatto_pct":15,"pct_eten_pct":10,"pct_kunnari_rate":29,"pct_lyoty_rate":10,"pct_palo_rate":31,"pct_tehot_per_turn":20},"proj":{"player_id":10919,"name":"Miki Likander","as_of":"2026-07-02","age":null,"stats":{"kl_pct":{"rate":0.4820248643904068,"effective_n":79.67725487941908,"observed":0.4496161273861379},"saatto_pct":{"rate":0.5257663786698841,"effective_n":117.55613476832795,"observed":0.5040556582944171},"eten_pct":{"rate":0.5279316862401338,"effective_n":152.07421403789743,"observed":0.5081868890513803},"kunnari_rate":{"rate":0.003785495172920165,"effective_n":94.93790997012945,"observed":0.0},"lyoty_rate":{"rate":0.033577469589830565,"effective_n":92.0891153264312,"observed":0.0},"haava_rate":{"rate":0.4456711618088533,"effective_n":86.73024063242143,"observed":0.46437613836808733},"palo_rate":{"rate":0.34975133808636005,"effective_n":89.35486814358875,"observed":0.3724593182925918}},"teho_plus_proj":121},"career_json":[{"year":2026,"kl_pct":0.4482758620689655,"teho_plus":49}],"pct_stats":["kl_pct","saatto_pct","eten_pct","kunnari_rate","lyoty_rate","palo_rate","tehot_per_turn"],"base_kl":{"player_id":10919,"turns_at_bat":101,"kl_base0":0.4888888888888889,"kl_base0_tries":45,"kl_base1":0.42857142857142855,"kl_base1_tries":35,"kl_base2":0.3333333333333333,"kl_base2_tries":6,"kl_base3":0.0,"kl_base3_tries":1,"pct_kl_base0":49,"pct_kl_base1":32,"pct_kl_base2":8,"pct_kl_base3":7},"base_keys":["kl_base0","kl_base1","kl_base2","kl_base3"],"comps":[]}