{"player":{"id":10959,"name":"Juha Hannila","born_year":null},"career":[{"player_id":10959,"name":"Juha Hannila","born_year":null,"year":2026,"games":14,"team":"SiKi","turns_at_bat":95,"kunnarit":0,"lyodyt":0,"tuodut":10,"karkilyonnit":46,"karki_yritykset":87,"saatot":83,"saatto_yritykset":139,"etenemiset":104,"eteneminen_yritykset":181,"haavat":40,"palot":37,"season_id":3,"tehot":10,"kl_pct":0.5287356321839081,"saatto_pct":0.5971223021582733,"eten_pct":0.574585635359116,"kunnari_rate":0.0,"lyoty_rate":0.0,"tuotu_rate":0.055248618784530384,"haava_rate":0.42105263157894735,"palo_rate":0.3894736842105263,"tehot_per_turn":0.10526315789473684,"kl_per_turn":0.4842105263157895,"hr_rbi_per_turn":0.0,"kl_base0":0.4594594594594595,"kl_base0_tries":37,"kl_base1":0.5833333333333334,"kl_base1_tries":48,"kl_base2":1.0,"kl_base2_tries":1,"kl_base3":0.0,"kl_base3_tries":1,"adv1_pct":0.4594594594594595,"adv2_pct":0.5833333333333334,"adv3_pct":1.0,"adv_home_pct":0.0,"money_kl_pct":0.0,"money_kl_tries":1,"pos":"3V","teho_plus":62,"adv_plus":101,"runner_plus":97,"out_avoid_plus":91,"adv1_plus":96,"adv2_plus":105,"adv3_plus":174,"adv_home_plus":0,"money_kl_plus":0,"spark_index":98,"run_value":7.11127692594517,"raa":-3.1,"jyk":2.4,"vyk":0.2,"teho_plus_adj":63}],"line":{"player_id":10959,"name":"Juha Hannila","born_year":null,"year":2026,"games":14,"team":"SiKi","turns_at_bat":95,"kunnarit":0,"lyodyt":0,"tuodut":10,"karkilyonnit":46,"karki_yritykset":87,"saatot":83,"saatto_yritykset":139,"etenemiset":104,"eteneminen_yritykset":181,"haavat":40,"palot":37,"season_id":3,"tehot":10,"kl_pct":0.5287356321839081,"saatto_pct":0.5971223021582733,"eten_pct":0.574585635359116,"kunnari_rate":0.0,"lyoty_rate":0.0,"tuotu_rate":0.055248618784530384,"haava_rate":0.42105263157894735,"palo_rate":0.3894736842105263,"tehot_per_turn":0.10526315789473684,"kl_per_turn":0.4842105263157895,"hr_rbi_per_turn":0.0,"kl_base0":0.4594594594594595,"kl_base0_tries":37,"kl_base1":0.5833333333333334,"kl_base1_tries":48,"kl_base2":1.0,"kl_base2_tries":1,"kl_base3":0.0,"kl_base3_tries":1,"adv1_pct":0.4594594594594595,"adv2_pct":0.5833333333333334,"adv3_pct":1.0,"adv_home_pct":0.0,"money_kl_pct":0.0,"money_kl_tries":1,"pos":"3V","teho_plus":62,"adv_plus":101,"runner_plus":97,"out_avoid_plus":91,"adv1_plus":96,"adv2_plus":105,"adv3_plus":174,"adv_home_plus":0,"money_kl_plus":0,"spark_index":98,"run_value":7.11127692594517,"raa":-3.1,"jyk":2.4,"vyk":0.2,"teho_plus_adj":63,"pct_kl_pct":48,"pct_saatto_pct":54,"pct_eten_pct":41,"pct_kunnari_rate":31,"pct_lyoty_rate":12,"pct_palo_rate":29,"pct_tehot_per_turn":32},"proj":{"player_id":10959,"name":"Juha Hannila","as_of":"2026-06-27","age":null,"stats":{"kl_pct":{"rate":0.5239449045956127,"effective_n":80.02890476230554,"observed":0.5318117506096706},"saatto_pct":{"rate":0.5975716459853655,"effective_n":125.2160262539281,"observed":0.5993072910229507},"eten_pct":{"rate":0.5799034379076098,"effective_n":164.01457346892067,"observed":0.5767229519744287},"kunnari_rate":{"rate":0.0036365277404411915,"effective_n":90.16100367191318,"observed":0.0},"lyoty_rate":{"rate":0.03633054452925781,"effective_n":87.85802648429214,"observed":0.0},"haava_rate":{"rate":0.42037658428033386,"effective_n":83.47165033720788,"observed":0.41701513472315926},"palo_rate":{"rate":0.36187334878993993,"effective_n":85.6291064087654,"observed":0.39293113525067125}},"teho_plus_proj":127},"career_json":[{"year":2026,"kl_pct":0.5287356321839081,"teho_plus":62}],"pct_stats":["kl_pct","saatto_pct","eten_pct","kunnari_rate","lyoty_rate","palo_rate","tehot_per_turn"],"base_kl":{"player_id":10959,"turns_at_bat":95,"kl_base0":0.4594594594594595,"kl_base0_tries":37,"kl_base1":0.5833333333333334,"kl_base1_tries":48,"kl_base2":1.0,"kl_base2_tries":1,"kl_base3":0.0,"kl_base3_tries":1,"pct_kl_base0":57,"pct_kl_base1":58,"pct_kl_base2":96,"pct_kl_base3":6},"base_keys":["kl_base0","kl_base1","kl_base2","kl_base3"],"comps":[]}