{"player":{"id":11011,"name":"Onni Kaski","born_year":null},"career":[{"player_id":11011,"name":"Onni Kaski","born_year":null,"year":2026,"games":15,"team":"KaMa","turns_at_bat":113,"kunnarit":0,"lyodyt":0,"tuodut":8,"karkilyonnit":58,"karki_yritykset":98,"saatot":58,"saatto_yritykset":104,"etenemiset":121,"eteneminen_yritykset":224,"haavat":40,"palot":63,"season_id":3,"tehot":8,"kl_pct":0.5918367346938775,"saatto_pct":0.5576923076923077,"eten_pct":0.5401785714285714,"kunnari_rate":0.0,"lyoty_rate":0.0,"tuotu_rate":0.03571428571428571,"haava_rate":0.35398230088495575,"palo_rate":0.5575221238938053,"tehot_per_turn":0.07079646017699115,"kl_per_turn":0.5132743362831859,"hr_rbi_per_turn":0.0,"kl_base0":0.5957446808510638,"kl_base0_tries":94,"kl_base1":0.6666666666666666,"kl_base1_tries":3,"kl_base2":0.0,"kl_base2_tries":1,"kl_base3":null,"kl_base3_tries":0,"adv1_pct":0.5957446808510638,"adv2_pct":0.6666666666666666,"adv3_pct":0.0,"adv_home_pct":null,"money_kl_pct":null,"money_kl_tries":0,"teho_plus":42,"adv_plus":102,"runner_plus":92,"out_avoid_plus":66,"adv1_plus":125,"adv2_plus":121,"adv3_plus":0,"adv_home_plus":null,"money_kl_plus":null,"spark_index":92,"run_value":6.281617656571267,"raa":-5.8,"jyk":0.7,"vyk":0.06,"teho_plus_adj":41}],"line":{"player_id":11011,"name":"Onni Kaski","born_year":null,"year":2026,"games":15,"team":"KaMa","turns_at_bat":113,"kunnarit":0,"lyodyt":0,"tuodut":8,"karkilyonnit":58,"karki_yritykset":98,"saatot":58,"saatto_yritykset":104,"etenemiset":121,"eteneminen_yritykset":224,"haavat":40,"palot":63,"season_id":3,"tehot":8,"kl_pct":0.5918367346938775,"saatto_pct":0.5576923076923077,"eten_pct":0.5401785714285714,"kunnari_rate":0.0,"lyoty_rate":0.0,"tuotu_rate":0.03571428571428571,"haava_rate":0.35398230088495575,"palo_rate":0.5575221238938053,"tehot_per_turn":0.07079646017699115,"kl_per_turn":0.5132743362831859,"hr_rbi_per_turn":0.0,"kl_base0":0.5957446808510638,"kl_base0_tries":94,"kl_base1":0.6666666666666666,"kl_base1_tries":3,"kl_base2":0.0,"kl_base2_tries":1,"kl_base3":null,"kl_base3_tries":0,"adv1_pct":0.5957446808510638,"adv2_pct":0.6666666666666666,"adv3_pct":0.0,"adv_home_pct":null,"money_kl_pct":null,"money_kl_tries":0,"teho_plus":42,"adv_plus":102,"runner_plus":92,"out_avoid_plus":66,"adv1_plus":125,"adv2_plus":121,"adv3_plus":0,"adv_home_plus":null,"money_kl_plus":null,"spark_index":92,"run_value":6.281617656571267,"raa":-5.8,"jyk":0.7,"vyk":0.06,"teho_plus_adj":41,"pct_kl_pct":84,"pct_saatto_pct":29,"pct_eten_pct":25,"pct_kunnari_rate":31,"pct_lyoty_rate":12,"pct_palo_rate":0,"pct_tehot_per_turn":12},"proj":{"player_id":11011,"name":"Onni Kaski","as_of":"2026-07-02","age":null,"stats":{"kl_pct":{"rate":0.5617762187083524,"effective_n":90.36662102785607,"observed":0.5938616711046453},"saatto_pct":{"rate":0.570913241422011,"effective_n":93.12832687660168,"observed":0.5617967283650829},"eten_pct":{"rate":0.5520756495652906,"effective_n":201.39244134985054,"observed":0.5425766065622453},"kunnari_rate":{"rate":0.0033690387154830456,"effective_n":106.84699831426487,"observed":0.0},"lyoty_rate":{"rate":0.033154698453281554,"effective_n":103.93693172550373,"observed":0.0},"haava_rate":{"rate":0.38701742932821726,"effective_n":98.42810431335039,"observed":0.3502748621264656},"palo_rate":{"rate":0.4577465879502698,"effective_n":101.13201186783789,"observed":0.5598834825271491}},"teho_plus_proj":120},"career_json":[{"year":2026,"kl_pct":0.5918367346938775,"teho_plus":42}],"pct_stats":["kl_pct","saatto_pct","eten_pct","kunnari_rate","lyoty_rate","palo_rate","tehot_per_turn"],"base_kl":{"player_id":11011,"turns_at_bat":113,"kl_base0":0.5957446808510638,"kl_base0_tries":94,"kl_base1":0.6666666666666666,"kl_base1_tries":3,"kl_base2":0.0,"kl_base2_tries":1,"kl_base3":null,"kl_base3_tries":0,"pct_kl_base0":93,"pct_kl_base1":80,"pct_kl_base2":1,"pct_kl_base3":null},"base_keys":["kl_base0","kl_base1","kl_base2","kl_base3"],"comps":[]}