{"player":{"id":11037,"name":"Annika Utriainen","born_year":null},"career":[{"year":2024,"age":null,"games":7,"turns_at_bat":16,"vyk":0.09,"spark_index":104,"adv_plus":97,"runner_plus":88,"out_avoid_plus":144,"money_kl_plus":44,"teho_plus":34,"teho_plus_adj":31},{"year":2024,"age":null,"games":14,"turns_at_bat":95,"vyk":0.86,"spark_index":109,"adv_plus":110,"runner_plus":109,"out_avoid_plus":107,"money_kl_plus":122,"teho_plus":160,"teho_plus_adj":156},{"year":2025,"age":null,"games":22,"turns_at_bat":110,"vyk":0.62,"spark_index":106,"adv_plus":104,"runner_plus":103,"out_avoid_plus":113,"money_kl_plus":96,"teho_plus":131,"teho_plus_adj":135},{"year":2026,"age":null,"games":13,"turns_at_bat":79,"vyk":0.86,"spark_index":111,"adv_plus":110,"runner_plus":113,"out_avoid_plus":112,"money_kl_plus":124,"teho_plus":179,"teho_plus_adj":186}],"line":{"player_id":11037,"name":"Annika Utriainen","born_year":null,"year":2026,"games":13,"team":"HP","turns_at_bat":79,"kunnarit":1,"lyodyt":22,"tuodut":7,"karkilyonnit":48,"karki_yritykset":81,"saatot":159,"saatto_yritykset":225,"etenemiset":123,"eteneminen_yritykset":172,"haavat":29,"palot":20,"season_id":4,"tehot":30,"kl_pct":0.5925925925925926,"saatto_pct":0.7066666666666667,"eten_pct":0.7151162790697675,"kunnari_rate":0.012658227848101266,"lyoty_rate":0.27848101265822783,"tuotu_rate":0.040697674418604654,"haava_rate":0.3670886075949367,"palo_rate":0.25316455696202533,"tehot_per_turn":0.379746835443038,"kl_per_turn":0.6075949367088608,"hr_rbi_per_turn":0.2911392405063291,"kl_base0":1.0,"kl_base0_tries":1,"kl_base1":0.3333333333333333,"kl_base1_tries":9,"kl_base2":0.65625,"kl_base2_tries":32,"kl_base3":0.5897435897435898,"kl_base3_tries":39,"adv1_pct":1.0,"adv2_pct":0.3333333333333333,"adv3_pct":0.65625,"adv_home_pct":0.5897435897435898,"money_kl_pct":0.5897435897435898,"money_kl_tries":39,"pos":"S","teho_plus":179,"adv_plus":110,"runner_plus":113,"out_avoid_plus":112,"adv1_plus":172,"adv2_plus":58,"adv3_plus":103,"adv_home_plus":124,"money_kl_plus":124,"spark_index":111,"run_value":18.270979360764894,"raa":8.4,"jyk":12.7,"vyk":0.86,"teho_plus_adj":186,"pct_kl_pct":59,"pct_saatto_pct":74,"pct_eten_pct":91,"pct_kunnari_rate":79,"pct_lyoty_rate":91,"pct_palo_rate":71,"pct_tehot_per_turn":94},"proj":{"player_id":11037,"name":"Annika Utriainen","as_of":"2026-07-02","age":null,"stats":{"kl_pct":{"rate":0.581487811418474,"effective_n":115.43472655964855,"observed":0.5883756408123042},"saatto_pct":{"rate":0.6868731635949583,"effective_n":269.7238835392702,"observed":0.6944262909299321},"eten_pct":{"rate":0.6850976718485264,"effective_n":213.2536971742654,"observed":0.6971777192097469},"kunnari_rate":{"rate":0.009040949135932516,"effective_n":151.02303520183148,"observed":0.011997628317090517},"lyoty_rate":{"rate":0.17774288612314293,"effective_n":119.58492836208954,"observed":0.231793058626304},"haava_rate":{"rate":0.38037896950041805,"effective_n":87.61105660418757,"observed":0.3847808111164051},"palo_rate":{"rate":0.28942874835441984,"effective_n":100.1936604668829,"observed":0.25426118827229055}},"teho_plus_proj":185},"translation":{"wrc_plus":139,"tier":"All-Star","rows":[{"pesis_label":"Kärkilyönti-% (advance the lead runner)","pesis_value":0.5925925925925926,"percentile":59,"mlb_stat":"AVG","mlb_value":"0.265"},{"pesis_label":"Kärkilyönnit per turn (base hits)","pesis_value":0.6075949367088608,"percentile":68,"mlb_stat":"H / 600 PA","mlb_value":"160"},{"pesis_label":"Lyödyt per turn (runs batted home)","pesis_value":0.27848101265822783,"percentile":91,"mlb_stat":"RBI / 600 PA","mlb_value":"99"},{"pesis_label":"Tuodut per advance (runs scored)","pesis_value":0.040697674418604654,"percentile":40,"mlb_stat":"R / 600 PA","mlb_value":"71"},{"pesis_label":"Palot per turn (burned outs)","pesis_value":0.25316455696202533,"percentile":71,"mlb_stat":"K%","mlb_value":"19.2%"}]},"pitching":null,"career_json":[{"year":2024,"kl_pct":0.6,"teho_plus":34},{"year":2024,"kl_pct":0.5833333333333334,"teho_plus":160},{"year":2025,"kl_pct":0.5795454545454546,"teho_plus":131},{"year":2026,"kl_pct":0.5925925925925926,"teho_plus":179}],"pct_stats":["kl_pct","saatto_pct","eten_pct","kunnari_rate","lyoty_rate","palo_rate","tehot_per_turn"],"base_kl":{"player_id":11037,"turns_at_bat":79,"kl_base0":1.0,"kl_base0_tries":1,"kl_base1":0.3333333333333333,"kl_base1_tries":9,"kl_base2":0.65625,"kl_base2_tries":32,"kl_base3":0.5897435897435898,"kl_base3_tries":39,"pct_kl_base0":97,"pct_kl_base1":12,"pct_kl_base2":51,"pct_kl_base3":71},"base_keys":["kl_base0","kl_base1","kl_base2","kl_base3"],"comps":[]}