{"player":{"id":11048,"name":"Eerika Marttila","born_year":null},"career":[{"year":2022,"season_id":114,"team":"HP","age":null,"games":22,"turns_at_bat":82,"vyk":-0.18,"spark_index":91,"adv_plus":83,"runner_plus":81,"out_avoid_plus":124,"money_kl_plus":68,"teho_plus":35,"teho_plus_adj":35}],"line":{"player_id":11048,"name":"Eerika Marttila","born_year":null,"year":2022,"games":22,"team":"HP","turns_at_bat":82,"kunnarit":0,"lyodyt":3,"tuodut":3,"karkilyonnit":31,"karki_yritykset":73,"saatot":82,"saatto_yritykset":153,"etenemiset":61,"eteneminen_yritykset":121,"haavat":47,"palot":13,"season_id":114,"tehot":6,"kl_pct":0.4246575342465753,"saatto_pct":0.5359477124183006,"eten_pct":0.5041322314049587,"kunnari_rate":0.0,"lyoty_rate":0.036585365853658534,"tuotu_rate":0.024793388429752067,"haava_rate":0.573170731707317,"palo_rate":0.15853658536585366,"tehot_per_turn":0.07317073170731707,"kl_per_turn":0.3780487804878049,"hr_rbi_per_turn":0.036585365853658534,"kl_base0":0.2222222222222222,"kl_base0_tries":9,"kl_base1":0.4418604651162791,"kl_base1_tries":43,"kl_base2":0.5833333333333334,"kl_base2_tries":12,"kl_base3":0.3333333333333333,"kl_base3_tries":9,"adv1_pct":0.2222222222222222,"adv2_pct":0.4418604651162791,"adv3_pct":0.5833333333333334,"adv_home_pct":0.3333333333333333,"money_kl_pct":0.3333333333333333,"money_kl_tries":9,"pos":"3P","teho_plus":35,"adv_plus":83,"runner_plus":81,"out_avoid_plus":124,"adv1_plus":41,"adv2_plus":78,"adv3_plus":91,"adv_home_plus":68,"money_kl_plus":68,"spark_index":91,"run_value":5.047159240202522,"raa":-6.6,"jyk":-2.7,"vyk":-0.18,"teho_plus_adj":35,"pct_kl_pct":11,"pct_saatto_pct":19,"pct_eten_pct":6,"pct_kunnari_rate":22,"pct_lyoty_rate":36,"pct_palo_rate":97,"pct_tehot_per_turn":5},"proj":null,"translation":null,"pitching":null,"career_json":[{"year":2022,"kl_pct":0.4246575342465753,"teho_plus":35}],"pct_stats":["kl_pct","saatto_pct","eten_pct","kunnari_rate","lyoty_rate","palo_rate","tehot_per_turn"],"base_kl":{"player_id":11048,"turns_at_bat":82,"kl_base0":0.2222222222222222,"kl_base0_tries":9,"kl_base1":0.4418604651162791,"kl_base1_tries":43,"kl_base2":0.5833333333333334,"kl_base2_tries":12,"kl_base3":0.3333333333333333,"kl_base3_tries":9,"pct_kl_base0":7,"pct_kl_base1":27,"pct_kl_base2":37,"pct_kl_base3":16},"base_keys":["kl_base0","kl_base1","kl_base2","kl_base3"],"comps":[]}