{"player":{"id":11046,"name":"Taru Toikka","born_year":null},"career":[{"player_id":11046,"name":"Taru Toikka","born_year":null,"year":2026,"games":15,"team":"Pesäkarhut","turns_at_bat":65,"kunnarit":0,"lyodyt":28,"tuodut":0,"karkilyonnit":39,"karki_yritykset":85,"saatot":90,"saatto_yritykset":178,"etenemiset":53,"eteneminen_yritykset":93,"haavat":26,"palot":14,"season_id":2,"tehot":28,"kl_pct":0.4588235294117647,"saatto_pct":0.5056179775280899,"eten_pct":0.5698924731182796,"kunnari_rate":0.0,"lyoty_rate":0.4307692307692308,"tuotu_rate":0.0,"haava_rate":0.4,"palo_rate":0.2153846153846154,"tehot_per_turn":0.4307692307692308,"kl_per_turn":0.6,"hr_rbi_per_turn":0.4307692307692308,"kl_base0":0.25,"kl_base0_tries":4,"kl_base1":0.3333333333333333,"kl_base1_tries":3,"kl_base2":0.42857142857142855,"kl_base2_tries":21,"kl_base3":0.49122807017543857,"kl_base3_tries":57,"adv1_pct":0.25,"adv2_pct":0.3333333333333333,"adv3_pct":0.42857142857142855,"adv_home_pct":0.49122807017543857,"money_kl_pct":0.49122807017543857,"money_kl_tries":57,"teho_plus":249,"adv_plus":85,"runner_plus":96,"out_avoid_plus":119,"adv1_plus":50,"adv2_plus":60,"adv3_plus":71,"adv_home_plus":110,"money_kl_plus":110,"spark_index":95,"teho_plus_adj":256}],"line":{"player_id":11046,"name":"Taru Toikka","born_year":null,"year":2026,"games":15,"team":"Pesäkarhut","turns_at_bat":65,"kunnarit":0,"lyodyt":28,"tuodut":0,"karkilyonnit":39,"karki_yritykset":85,"saatot":90,"saatto_yritykset":178,"etenemiset":53,"eteneminen_yritykset":93,"haavat":26,"palot":14,"season_id":2,"tehot":28,"kl_pct":0.4588235294117647,"saatto_pct":0.5056179775280899,"eten_pct":0.5698924731182796,"kunnari_rate":0.0,"lyoty_rate":0.4307692307692308,"tuotu_rate":0.0,"haava_rate":0.4,"palo_rate":0.2153846153846154,"tehot_per_turn":0.4307692307692308,"kl_per_turn":0.6,"hr_rbi_per_turn":0.4307692307692308,"kl_base0":0.25,"kl_base0_tries":4,"kl_base1":0.3333333333333333,"kl_base1_tries":3,"kl_base2":0.42857142857142855,"kl_base2_tries":21,"kl_base3":0.49122807017543857,"kl_base3_tries":57,"adv1_pct":0.25,"adv2_pct":0.3333333333333333,"adv3_pct":0.42857142857142855,"adv_home_pct":0.49122807017543857,"money_kl_pct":0.49122807017543857,"money_kl_tries":57,"teho_plus":249,"adv_plus":85,"runner_plus":96,"out_avoid_plus":119,"adv1_plus":50,"adv2_plus":60,"adv3_plus":71,"adv_home_plus":110,"money_kl_plus":110,"spark_index":95,"teho_plus_adj":256,"pct_kl_pct":30,"pct_saatto_pct":23,"pct_eten_pct":44,"pct_kunnari_rate":35,"pct_lyoty_rate":97,"pct_palo_rate":86,"pct_tehot_per_turn":94},"proj":{"player_id":11046,"name":"Taru Toikka","as_of":"2026-07-01","age":null,"stats":{"kl_pct":{"rate":0.48929641269116364,"effective_n":78.4238361673106,"observed":0.4600864721249159},"saatto_pct":{"rate":0.5230876711659359,"effective_n":158.94652012694985,"observed":0.5041356054368871},"eten_pct":{"rate":0.5791359479549574,"effective_n":81.96783263245928,"observed":0.5685717525572651},"kunnari_rate":{"rate":0.003660719794852514,"effective_n":61.37461345871463,"observed":0.0},"lyoty_rate":{"rate":0.22940009448582993,"effective_n":59.658959116425656,"observed":0.4319054505398838},"haava_rate":{"rate":0.39924727348637107,"effective_n":56.40931149099535,"observed":0.3944144400834085},"palo_rate":{"rate":0.28896105217876616,"effective_n":58.004652536296085,"observed":0.21411156970628328}},"teho_plus_proj":236},"career_json":[{"year":2026,"kl_pct":0.4588235294117647,"teho_plus":249}],"pct_stats":["kl_pct","saatto_pct","eten_pct","kunnari_rate","lyoty_rate","palo_rate","tehot_per_turn"],"base_kl":{"player_id":11046,"turns_at_bat":65,"kl_base0":0.25,"kl_base0_tries":4,"kl_base1":0.3333333333333333,"kl_base1_tries":3,"kl_base2":0.42857142857142855,"kl_base2_tries":21,"kl_base3":0.49122807017543857,"kl_base3_tries":57,"pct_kl_base0":16,"pct_kl_base1":14,"pct_kl_base2":22,"pct_kl_base3":57},"base_keys":["kl_base0","kl_base1","kl_base2","kl_base3"],"log":[{"player_id":11046,"season_id":2,"match_id":129138,"date":"2026-05-08","team":"Pesäkarhut","opponent":"Jyske","home":1,"turns_at_bat":5,"kunnarit":0,"lyodyt":0,"tuodut":0,"karkilyonnit":0,"karki_yritykset":5,"saatot":6,"saatto_yritykset":12,"etenemiset":7,"eteneminen_yritykset":10,"haavat":2,"palot":1,"stadium":"Huikoo Areena, Pori","tehot":0,"kl_pct":0.0},{"player_id":11046,"season_id":2,"match_id":129118,"date":"2026-05-15","team":"Pesäkarhut","opponent":"Mailattaret","home":1,"turns_at_bat":6,"kunnarit":0,"lyodyt":2,"tuodut":0,"karkilyonnit":3,"karki_yritykset":6,"saatot":6,"saatto_yritykset":17,"etenemiset":3,"eteneminen_yritykset":7,"haavat":4,"palot":0,"stadium":"Huikoo Areena, Pori","tehot":2,"kl_pct":0.5},{"player_id":11046,"season_id":2,"match_id":129185,"date":"2026-05-17","team":"Pesäkarhut","opponent":"Fera","home":0,"turns_at_bat":4,"kunnarit":0,"lyodyt":4,"tuodut":0,"karkilyonnit":6,"karki_yritykset":9,"saatot":14,"saatto_yritykset":17,"etenemiset":8,"eteneminen_yritykset":11,"haavat":1,"palot":2,"stadium":"Buena Vista Areena, Rauma","tehot":4,"kl_pct":0.6666666666666666},{"player_id":11046,"season_id":2,"match_id":129082,"date":"2026-05-20","team":"Pesäkarhut","opponent":"PöU Pesis","home":0,"turns_at_bat":3,"kunnarit":0,"lyodyt":2,"tuodut":0,"karkilyonnit":3,"karki_yritykset":3,"saatot":6,"saatto_yritykset":7,"etenemiset":4,"eteneminen_yritykset":7,"haavat":2,"palot":1,"stadium":"Kyrön Sähkö Center, Pöytyä","tehot":2,"kl_pct":1.0},{"player_id":11046,"season_id":2,"match_id":129188,"date":"2026-05-22","team":"Pesäkarhut","opponent":"Jussittaret","home":0,"turns_at_bat":5,"kunnarit":0,"lyodyt":2,"tuodut":0,"karkilyonnit":2,"karki_yritykset":6,"saatot":5,"saatto_yritykset":12,"etenemiset":3,"eteneminen_yritykset":5,"haavat":2,"palot":0,"stadium":"Unico Areena, Seinäjoki","tehot":2,"kl_pct":0.3333333333333333},{"player_id":11046,"season_id":2,"match_id":129122,"date":"2026-05-23","team":"Pesäkarhut","opponent":"Jussittaret","home":1,"turns_at_bat":4,"kunnarit":0,"lyodyt":2,"tuodut":0,"karkilyonnit":3,"karki_yritykset":5,"saatot":5,"saatto_yritykset":10,"etenemiset":2,"eteneminen_yritykset":5,"haavat":1,"palot":2,"stadium":"Huikoo Areena, Pori","tehot":2,"kl_pct":0.6},{"player_id":11046,"season_id":2,"match_id":129157,"date":"2026-05-29","team":"Pesäkarhut","opponent":"Virkiä","home":1,"turns_at_bat":4,"kunnarit":0,"lyodyt":0,"tuodut":0,"karkilyonnit":0,"karki_yritykset":4,"saatot":0,"saatto_yritykset":6,"etenemiset":0,"eteneminen_yritykset":3,"haavat":2,"palot":1,"stadium":"Huikoo Areena, Pori","tehot":0,"kl_pct":0.0},{"player_id":11046,"season_id":2,"match_id":129148,"date":"2026-06-03","team":"Pesäkarhut","opponent":"PöU Pesis","home":1,"turns_at_bat":5,"kunnarit":0,"lyodyt":3,"tuodut":0,"karkilyonnit":3,"karki_yritykset":6,"saatot":11,"saatto_yritykset":15,"etenemiset":8,"eteneminen_yritykset":11,"haavat":2,"palot":1,"stadium":"Huikoo Areena, Pori","tehot":3,"kl_pct":0.5},{"player_id":11046,"season_id":2,"match_id":129112,"date":"2026-06-06","team":"Pesäkarhut","opponent":"Lippo Naiset","home":0,"turns_at_bat":4,"kunnarit":0,"lyodyt":2,"tuodut":0,"karkilyonnit":2,"karki_yritykset":6,"saatot":3,"saatto_yritykset":14,"etenemiset":1,"eteneminen_yritykset":4,"haavat":3,"palot":0,"stadium":"Hielo Stadion Raksila, Oulu","tehot":2,"kl_pct":0.3333333333333333},{"player_id":11046,"season_id":2,"match_id":129184,"date":"2026-06-10","team":"Pesäkarhut","opponent":"Mailattaret","home":0,"turns_at_bat":5,"kunnarit":0,"lyodyt":3,"tuodut":0,"karkilyonnit":3,"karki_yritykset":6,"saatot":11,"saatto_yritykset":17,"etenemiset":8,"eteneminen_yritykset":12,"haavat":0,"palot":4,"stadium":"Hietalahden Pesäpallostadion, Vaasa","tehot":3,"kl_pct":0.5},{"player_id":11046,"season_id":2,"match_id":129178,"date":"2026-06-12","team":"Pesäkarhut","opponent":"Lippo Naiset","home":1,"turns_at_bat":5,"kunnarit":0,"lyodyt":2,"tuodut":0,"karkilyonnit":2,"karki_yritykset":5,"saatot":4,"saatto_yritykset":11,"etenemiset":2,"eteneminen_yritykset":5,"haavat":3,"palot":0,"stadium":"Huikoo Areena, Pori","tehot":2,"kl_pct":0.4},{"player_id":11046,