{"player":{"id":11052,"name":"Erica Niemi","born_year":null},"career":[{"year":2025,"age":null,"games":4,"turns_at_bat":21,"vyk":-0.01,"spark_index":80,"adv_plus":65,"runner_plus":77,"out_avoid_plus":121,"money_kl_plus":0,"teho_plus":43,"teho_plus_adj":41},{"year":2026,"age":null,"games":14,"turns_at_bat":84,"vyk":0.04,"spark_index":84,"adv_plus":82,"runner_plus":90,"out_avoid_plus":80,"money_kl_plus":70,"teho_plus":78,"teho_plus_adj":83}],"line":{"player_id":11052,"name":"Erica Niemi","born_year":null,"year":2026,"games":14,"team":"Jana","turns_at_bat":84,"kunnarit":1,"lyodyt":2,"tuodut":11,"karkilyonnit":32,"karki_yritykset":70,"saatot":56,"saatto_yritykset":106,"etenemiset":88,"eteneminen_yritykset":155,"haavat":28,"palot":39,"season_id":4,"tehot":14,"kl_pct":0.45714285714285713,"saatto_pct":0.5283018867924528,"eten_pct":0.567741935483871,"kunnari_rate":0.011904761904761904,"lyoty_rate":0.023809523809523808,"tuotu_rate":0.07096774193548387,"haava_rate":0.3333333333333333,"palo_rate":0.4642857142857143,"tehot_per_turn":0.16666666666666666,"kl_per_turn":0.38095238095238093,"hr_rbi_per_turn":0.03571428571428571,"kl_base0":0.4186046511627907,"kl_base0_tries":43,"kl_base1":0.6666666666666666,"kl_base1_tries":12,"kl_base2":0.5,"kl_base2_tries":6,"kl_base3":0.3333333333333333,"kl_base3_tries":9,"adv1_pct":0.4186046511627907,"adv2_pct":0.6666666666666666,"adv3_pct":0.5,"adv_home_pct":0.3333333333333333,"money_kl_pct":0.3333333333333333,"money_kl_tries":9,"pos":"1V","teho_plus":78,"adv_plus":82,"runner_plus":90,"out_avoid_plus":80,"adv1_plus":72,"adv2_plus":116,"adv3_plus":79,"adv_home_plus":70,"money_kl_plus":70,"spark_index":84,"run_value":6.5148253649367085,"raa":-3.9,"jyk":0.6,"vyk":0.04,"teho_plus_adj":83,"pct_kl_pct":14,"pct_saatto_pct":11,"pct_eten_pct":12,"pct_kunnari_rate":77,"pct_lyoty_rate":30,"pct_palo_rate":15,"pct_tehot_per_turn":36},"proj":{"player_id":11052,"name":"Erica Niemi","as_of":"2026-06-28","age":null,"stats":{"kl_pct":{"rate":0.49979360937006784,"effective_n":70.4586710248214,"observed":0.4415104007811434},"saatto_pct":{"rate":0.553072567471631,"effective_n":103.35515183908564,"observed":0.5210009682499674},"eten_pct":{"rate":0.5787311091900671,"effective_n":147.3047202013268,"observed":0.5601151859029205},"kunnari_rate":{"rate":0.007325186306649175,"effective_n":90.41438293853366,"observed":0.009986655828662469},"lyoty_rate":{"rate":0.05792121300501159,"effective_n":85.25919733813171,"observed":0.021301728654024774},"haava_rate":{"rate":0.3621406236692239,"effective_n":77.49842813023977,"observed":0.34358302678839975},"palo_rate":{"rate":0.3921877793551774,"effective_n":81.03520166053522,"observed":0.45015216778750233}},"teho_plus_proj":112},"translation":{"wrc_plus":91,"tier":"league-average regular","rows":[{"pesis_label":"Kärkilyönti-% (advance the lead runner)","pesis_value":0.45714285714285713,"percentile":14,"mlb_stat":"AVG","mlb_value":"0.224"},{"pesis_label":"Kärkilyönnit per turn (base hits)","pesis_value":0.38095238095238093,"percentile":7,"mlb_stat":"H / 600 PA","mlb_value":"118"},{"pesis_label":"Lyödyt per turn (runs batted home)","pesis_value":0.023809523809523808,"percentile":30,"mlb_stat":"RBI / 600 PA","mlb_value":"62"},{"pesis_label":"Tuodut per advance (runs scored)","pesis_value":0.07096774193548387,"percentile":72,"mlb_stat":"R / 600 PA","mlb_value":"86"},{"pesis_label":"Palot per turn (burned outs)","pesis_value":0.4642857142857143,"percentile":15,"mlb_stat":"K%","mlb_value":"27.9%"}]},"career_json":[{"year":2025,"kl_pct":0.29411764705882354,"teho_plus":43},{"year":2026,"kl_pct":0.45714285714285713,"teho_plus":78}],"pct_stats":["kl_pct","saatto_pct","eten_pct","kunnari_rate","lyoty_rate","palo_rate","tehot_per_turn"],"base_kl":{"player_id":11052,"turns_at_bat":84,"kl_base0":0.4186046511627907,"kl_base0_tries":43,"kl_base1":0.6666666666666666,"kl_base1_tries":12,"kl_base2":0.5,"kl_base2_tries":6,"kl_base3":0.3333333333333333,"kl_base3_tries":9,"pct_kl_base0":30,"pct_kl_base1":73,"pct_kl_base2":20,"pct_kl_base3":20},"base_keys":["kl_base0","kl_base1","kl_base2","kl_base3"],"comps":[]}