{"player":{"id":11092,"name":"Wilma Parikka","born_year":null},"career":[{"year":2021,"season_id":173,"team":"LMV","age":null,"games":12,"turns_at_bat":72,"vyk":0.16,"spark_index":94,"adv_plus":93,"runner_plus":94,"out_avoid_plus":95,"money_kl_plus":140,"teho_plus":107,"teho_plus_adj":106},{"year":2022,"season_id":174,"team":"LMV","age":null,"games":10,"turns_at_bat":58,"vyk":0.13,"spark_index":93,"adv_plus":88,"runner_plus":87,"out_avoid_plus":116,"money_kl_plus":101,"teho_plus":82,"teho_plus_adj":82}],"line":{"player_id":11092,"name":"Wilma Parikka","born_year":null,"year":2022,"games":10,"team":"LMV","turns_at_bat":58,"kunnarit":0,"lyodyt":10,"tuodut":4,"karkilyonnit":30,"karki_yritykset":53,"saatot":67,"saatto_yritykset":118,"etenemiset":58,"eteneminen_yritykset":102,"haavat":33,"palot":11,"season_id":174,"tehot":14,"kl_pct":0.5660377358490566,"saatto_pct":0.5677966101694916,"eten_pct":0.5686274509803921,"kunnari_rate":0.0,"lyoty_rate":0.1724137931034483,"tuotu_rate":0.0392156862745098,"haava_rate":0.5689655172413793,"palo_rate":0.1896551724137931,"tehot_per_turn":0.2413793103448276,"kl_per_turn":0.5172413793103449,"hr_rbi_per_turn":0.1724137931034483,"kl_base0":0.7272727272727273,"kl_base0_tries":11,"kl_base1":0.38461538461538464,"kl_base1_tries":13,"kl_base2":0.5833333333333334,"kl_base2_tries":12,"kl_base3":0.5882352941176471,"kl_base3_tries":17,"adv1_pct":0.7272727272727273,"adv2_pct":0.38461538461538464,"adv3_pct":0.5833333333333334,"adv_home_pct":0.5882352941176471,"money_kl_pct":0.5882352941176471,"money_kl_tries":17,"pos":"2K","teho_plus":82,"adv_plus":88,"runner_plus":87,"out_avoid_plus":116,"adv1_plus":126,"adv2_plus":63,"adv3_plus":84,"adv_home_plus":101,"money_kl_plus":101,"spark_index":93,"run_value":8.131729984873024,"raa":-1.6,"jyk":3.0,"vyk":0.13,"teho_plus_adj":82,"pct_kl_pct":34,"pct_saatto_pct":20,"pct_eten_pct":15,"pct_kunnari_rate":27,"pct_lyoty_rate":74,"pct_palo_rate":89,"pct_tehot_per_turn":43},"proj":null,"translation":null,"pitching":null,"career_json":[{"year":2021,"kl_pct":0.6206896551724138,"teho_plus":107},{"year":2022,"kl_pct":0.5660377358490566,"teho_plus":82}],"pct_stats":["kl_pct","saatto_pct","eten_pct","kunnari_rate","lyoty_rate","palo_rate","tehot_per_turn"],"base_kl":{"player_id":11092,"turns_at_bat":58,"kl_base0":0.7272727272727273,"kl_base0_tries":11,"kl_base1":0.38461538461538464,"kl_base1_tries":13,"kl_base2":0.5833333333333334,"kl_base2_tries":12,"kl_base3":0.5882352941176471,"kl_base3_tries":17,"pct_kl_base0":86,"pct_kl_base1":10,"pct_kl_base2":27,"pct_kl_base3":56},"base_keys":["kl_base0","kl_base1","kl_base2","kl_base3"],"comps":[]}