{"player":{"id":11144,"name":"Elmeri Koivusalmi","born_year":null},"career":[{"player_id":11144,"name":"Elmeri Koivusalmi","born_year":null,"year":2026,"games":19,"team":"AA","turns_at_bat":143,"kunnarit":1,"lyodyt":1,"tuodut":16,"karkilyonnit":85,"karki_yritykset":132,"saatot":155,"saatto_yritykset":229,"etenemiset":190,"eteneminen_yritykset":311,"haavat":48,"palot":73,"season_id":1,"tehot":18,"kl_pct":0.6439393939393939,"saatto_pct":0.6768558951965066,"eten_pct":0.6109324758842444,"kunnari_rate":0.006993006993006993,"lyoty_rate":0.006993006993006993,"tuotu_rate":0.05144694533762058,"haava_rate":0.3356643356643357,"palo_rate":0.5104895104895105,"tehot_per_turn":0.1258741258741259,"kl_per_turn":0.5944055944055944,"hr_rbi_per_turn":0.013986013986013986,"kl_base0":0.7058823529411765,"kl_base0_tries":51,"kl_base1":0.5652173913043478,"kl_base1_tries":69,"kl_base2":0.8,"kl_base2_tries":10,"kl_base3":1.0,"kl_base3_tries":2,"adv1_pct":0.7058823529411765,"adv2_pct":0.5652173913043478,"adv3_pct":0.8,"adv_home_pct":1.0,"money_kl_pct":1.0,"money_kl_tries":2,"pos":"3K","teho_plus":78,"adv_plus":117,"runner_plus":104,"out_avoid_plus":72,"adv1_plus":132,"adv2_plus":107,"adv3_plus":140,"adv_home_plus":222,"money_kl_plus":222,"spark_index":104,"run_value":7.115900811665356,"raa":-3.2,"jyk":2.7,"vyk":0.24,"teho_plus_adj":77}],"line":{"player_id":11144,"name":"Elmeri Koivusalmi","born_year":null,"year":2026,"games":19,"team":"AA","turns_at_bat":143,"kunnarit":1,"lyodyt":1,"tuodut":16,"karkilyonnit":85,"karki_yritykset":132,"saatot":155,"saatto_yritykset":229,"etenemiset":190,"eteneminen_yritykset":311,"haavat":48,"palot":73,"season_id":1,"tehot":18,"kl_pct":0.6439393939393939,"saatto_pct":0.6768558951965066,"eten_pct":0.6109324758842444,"kunnari_rate":0.006993006993006993,"lyoty_rate":0.006993006993006993,"tuotu_rate":0.05144694533762058,"haava_rate":0.3356643356643357,"palo_rate":0.5104895104895105,"tehot_per_turn":0.1258741258741259,"kl_per_turn":0.5944055944055944,"hr_rbi_per_turn":0.013986013986013986,"kl_base0":0.7058823529411765,"kl_base0_tries":51,"kl_base1":0.5652173913043478,"kl_base1_tries":69,"kl_base2":0.8,"kl_base2_tries":10,"kl_base3":1.0,"kl_base3_tries":2,"adv1_pct":0.7058823529411765,"adv2_pct":0.5652173913043478,"adv3_pct":0.8,"adv_home_pct":1.0,"money_kl_pct":1.0,"money_kl_tries":2,"pos":"3K","teho_plus":78,"adv_plus":117,"runner_plus":104,"out_avoid_plus":72,"adv1_plus":132,"adv2_plus":107,"adv3_plus":140,"adv_home_plus":222,"money_kl_plus":222,"spark_index":104,"run_value":7.115900811665356,"raa":-3.2,"jyk":2.7,"vyk":0.24,"teho_plus_adj":77,"pct_kl_pct":88,"pct_saatto_pct":88,"pct_eten_pct":65,"pct_kunnari_rate":58,"pct_lyoty_rate":20,"pct_palo_rate":7,"pct_tehot_per_turn":45},"proj":{"player_id":11144,"name":"Elmeri Koivusalmi","as_of":"2026-07-01","age":null,"stats":{"kl_pct":{"rate":0.6065744031737608,"effective_n":120.80317559581884,"observed":0.647059540292634},"saatto_pct":{"rate":0.6660472549941061,"effective_n":203.84365067482435,"observed":0.6810538871480445},"eten_pct":{"rate":0.6095639920038256,"effective_n":276.93986370984436,"observed":0.6134599308546429},"kunnari_rate":{"rate":0.007096766316079334,"effective_n":134.43565537649428,"observed":0.007379173071591636},"lyoty_rate":{"rate":0.03215870060353449,"effective_n":130.4056072449461,"observed":0.007576774595475014},"haava_rate":{"rate":0.37676520992710055,"effective_n":122.81328327098522,"observed":0.33386831856605215},"palo_rate":{"rate":0.43918786194941484,"effective_n":126.53379975678638,"observed":0.5117691841244558}},"teho_plus_proj":138},"career_json":[{"year":2026,"kl_pct":0.6439393939393939,"teho_plus":78}],"pct_stats":["kl_pct","saatto_pct","eten_pct","kunnari_rate","lyoty_rate","palo_rate","tehot_per_turn"],"base_kl":{"player_id":11144,"turns_at_bat":143,"kl_base0":0.7058823529411765,"kl_base0_tries":51,"kl_base1":0.5652173913043478,"kl_base1_tries":69,"kl_base2":0.8,"kl_base2_tries":10,"kl_base3":1.0,"kl_base3_tries":2,"pct_kl_base0":91,"pct_kl_base1":61,"pct_kl_base2":89,"pct_kl_base3":96},"base_keys":["kl_base0","kl_base1","kl_base2","kl_base3"],"comps":[]}