{"player":{"id":11208,"name":"Juho Aalto","born_year":null},"career":[{"year":2023,"season_id":153,"team":"Tahko","age":null,"games":16,"turns_at_bat":59,"vyk":0.13,"spark_index":83,"adv_plus":68,"runner_plus":94,"out_avoid_plus":104,"money_kl_plus":56,"teho_plus":106,"teho_plus_adj":106},{"year":2024,"season_id":154,"team":"Tahko","age":null,"games":19,"turns_at_bat":66,"vyk":0.51,"spark_index":102,"adv_plus":95,"runner_plus":111,"out_avoid_plus":106,"money_kl_plus":89,"teho_plus":219,"teho_plus_adj":221},{"year":2026,"season_id":156,"team":"KePe","age":null,"games":12,"turns_at_bat":33,"vyk":0.44,"spark_index":102,"adv_plus":95,"runner_plus":112,"out_avoid_plus":105,"money_kl_plus":113,"teho_plus":311,"teho_plus_adj":300}],"line":{"player_id":11208,"name":"Juho Aalto","born_year":null,"year":2026,"games":12,"team":"KePe","turns_at_bat":33,"kunnarit":2,"lyodyt":17,"tuodut":5,"karkilyonnit":27,"karki_yritykset":47,"saatot":60,"saatto_yritykset":107,"etenemiset":38,"eteneminen_yritykset":55,"haavat":8,"palot":9,"season_id":156,"tehot":24,"kl_pct":0.574468085106383,"saatto_pct":0.5607476635514018,"eten_pct":0.6909090909090909,"kunnari_rate":0.06060606060606061,"lyoty_rate":0.5151515151515151,"tuotu_rate":0.09090909090909091,"haava_rate":0.24242424242424243,"palo_rate":0.2727272727272727,"tehot_per_turn":0.7272727272727273,"kl_per_turn":0.8181818181818182,"hr_rbi_per_turn":0.5757575757575758,"kl_base0":null,"kl_base0_tries":0,"kl_base1":0.25,"kl_base1_tries":4,"kl_base2":0.5833333333333334,"kl_base2_tries":12,"kl_base3":0.6129032258064516,"kl_base3_tries":31,"adv1_pct":null,"adv2_pct":0.25,"adv3_pct":0.5833333333333334,"adv_home_pct":0.6129032258064516,"money_kl_pct":0.6129032258064516,"money_kl_tries":31,"pos":null,"teho_plus":311,"adv_plus":95,"runner_plus":112,"out_avoid_plus":105,"adv1_plus":null,"adv2_plus":47,"adv3_plus":93,"adv_home_plus":113,"money_kl_plus":113,"spark_index":102,"run_value":9.246948577320486,"raa":5.3,"jyk":7.7,"vyk":0.44,"teho_plus_adj":300,"pct_kl_pct":null,"pct_saatto_pct":null,"pct_eten_pct":null,"pct_kunnari_rate":null,"pct_lyoty_rate":null,"pct_palo_rate":null,"pct_tehot_per_turn":null},"proj":{"player_id":11208,"name":"Juho Aalto","as_of":"2026-07-13","age":null,"stats":{"kl_pct":{"rate":0.5542328635885453,"effective_n":53.50275546349802,"observed":0.5599994485532376},"saatto_pct":{"rate":0.5779670376168857,"effective_n":103.77903838521561,"observed":0.5612966276606249},"eten_pct":{"rate":0.6587037768656004,"effective_n":53.95666907497981,"observed":0.6953128365558893},"kunnari_rate":{"rate":0.018269548753078724,"effective_n":51.749305137649124,"observed":0.039338471665979605},"lyoty_rate":{"rate":0.2280466756872312,"effective_n":38.61620265904693,"observed":0.48518926854568295},"haava_rate":{"rate":0.3792343660732432,"effective_n":29.292381380990246,"observed":0.2418548393750017},"palo_rate":{"rate":0.29294554096473996,"effective_n":32.492046549470075,"observed":0.2636438916629829}},"teho_plus_proj":190},"translation":null,"pitching":null,"career_json":[{"year":2023,"kl_pct":0.36486486486486486,"teho_plus":106},{"year":2024,"kl_pct":0.5595238095238095,"teho_plus":219},{"year":2026,"kl_pct":0.574468085106383,"teho_plus":311}],"pct_stats":["kl_pct","saatto_pct","eten_pct","kunnari_rate","lyoty_rate","palo_rate","tehot_per_turn"],"base_kl":{"player_id":11208,"turns_at_bat":33,"kl_base0":null,"kl_base0_tries":0,"kl_base1":0.25,"kl_base1_tries":4,"kl_base2":0.5833333333333334,"kl_base2_tries":12,"kl_base3":0.6129032258064516,"kl_base3_tries":31,"pct_kl_base0":null,"pct_kl_base1":null,"pct_kl_base2":null,"pct_kl_base3":null},"base_keys":["kl_base0","kl_base1","kl_base2","kl_base3"],"comps":[]}