{"player":{"id":11234,"name":"Sanni Hirvasoja","born_year":null},"career":[{"year":2026,"season_id":130,"team":"Lavepesis","age":null,"games":18,"turns_at_bat":59,"vyk":0.03,"spark_index":94,"adv_plus":89,"runner_plus":92,"out_avoid_plus":109,"money_kl_plus":70,"teho_plus":62,"teho_plus_adj":66}],"line":{"player_id":11234,"name":"Sanni Hirvasoja","born_year":null,"year":2026,"games":18,"team":"Lavepesis","turns_at_bat":59,"kunnarit":0,"lyodyt":4,"tuodut":4,"karkilyonnit":28,"karki_yritykset":59,"saatot":75,"saatto_yritykset":129,"etenemiset":57,"eteneminen_yritykset":98,"haavat":25,"palot":16,"season_id":130,"tehot":8,"kl_pct":0.4745762711864407,"saatto_pct":0.5813953488372093,"eten_pct":0.5816326530612245,"kunnari_rate":0.0,"lyoty_rate":0.06779661016949153,"tuotu_rate":0.04081632653061224,"haava_rate":0.423728813559322,"palo_rate":0.2711864406779661,"tehot_per_turn":0.13559322033898305,"kl_per_turn":0.4745762711864407,"hr_rbi_per_turn":0.06779661016949153,"kl_base0":0.4,"kl_base0_tries":5,"kl_base1":0.45454545454545453,"kl_base1_tries":22,"kl_base2":0.6,"kl_base2_tries":20,"kl_base3":0.3333333333333333,"kl_base3_tries":12,"adv1_pct":0.4,"adv2_pct":0.45454545454545453,"adv3_pct":0.6,"adv_home_pct":0.3333333333333333,"money_kl_pct":0.3333333333333333,"money_kl_tries":12,"pos":"2V","teho_plus":62,"adv_plus":89,"runner_plus":92,"out_avoid_plus":109,"adv1_plus":70,"adv2_plus":79,"adv3_plus":94,"adv_home_plus":70,"money_kl_plus":70,"spark_index":94,"run_value":5.518641818556847,"raa":-2.3,"jyk":0.5,"vyk":0.03,"teho_plus_adj":66,"pct_kl_pct":18,"pct_saatto_pct":26,"pct_eten_pct":21,"pct_kunnari_rate":33,"pct_lyoty_rate":54,"pct_palo_rate":65,"pct_tehot_per_turn":23},"proj":{"player_id":11234,"name":"Sanni Hirvasoja","as_of":"2026-07-16","age":null,"stats":{"kl_pct":{"rate":0.525439483768935,"effective_n":53.89485655371529,"observed":0.4769711059261627},"saatto_pct":{"rate":0.5950398155898668,"effective_n":113.96850528928832,"observed":0.5803306982847354},"eten_pct":{"rate":0.5991094235110331,"effective_n":86.74590808248497,"observed":0.5786190884873074},"kunnari_rate":{"rate":0.004035857225495309,"effective_n":55.48452714342616,"observed":0.0},"lyoty_rate":{"rate":0.08504140096160115,"effective_n":53.84786436551842,"observed":0.06511360026378685},"haava_rate":{"rate":0.39282523269030784,"effective_n":50.79553254307533,"observed":0.42635936041989886},"palo_rate":{"rate":0.3092074112973278,"effective_n":52.28619580174116,"observed":0.2731694258173716}},"teho_plus_proj":124},"translation":{"wrc_plus":82,"tier":"bench bat","rows":[{"pesis_label":"Kärkilyönti-% (advance the lead runner)","pesis_value":0.4745762711864407,"percentile":18,"mlb_stat":"AVG","mlb_value":"0.192"},{"pesis_label":"Kärkilyönnit per turn (base hits)","pesis_value":0.4745762711864407,"percentile":27,"mlb_stat":"H / 600 PA","mlb_value":"137"},{"pesis_label":"Lyödyt per turn (runs batted home)","pesis_value":0.06779661016949153,"percentile":54,"mlb_stat":"RBI / 600 PA","mlb_value":"74"},{"pesis_label":"Tuodut per advance (runs scored)","pesis_value":0.04081632653061224,"percentile":38,"mlb_stat":"R / 600 PA","mlb_value":"71"},{"pesis_label":"Palot per turn (burned outs)","pesis_value":0.2711864406779661,"percentile":65,"mlb_stat":"K%","mlb_value":"20.1%"}]},"pitching":null,"career_json":[{"year":2026,"kl_pct":0.4745762711864407,"teho_plus":62}],"pct_stats":["kl_pct","saatto_pct","eten_pct","kunnari_rate","lyoty_rate","palo_rate","tehot_per_turn"],"base_kl":{"player_id":11234,"turns_at_bat":59,"kl_base0":0.4,"kl_base0_tries":5,"kl_base1":0.45454545454545453,"kl_base1_tries":22,"kl_base2":0.6,"kl_base2_tries":20,"kl_base3":0.3333333333333333,"kl_base3_tries":12,"pct_kl_base0":30,"pct_kl_base1":26,"pct_kl_base2":34,"pct_kl_base3":21},"base_keys":["kl_base0","kl_base1","kl_base2","kl_base3"],"comps":[]}