{"player":{"id":11234,"name":"Sanni Hirvasoja","born_year":null},"career":[{"player_id":11234,"name":"Sanni Hirvasoja","born_year":null,"year":2026,"games":14,"team":"Lavepesis","turns_at_bat":38,"kunnarit":0,"lyodyt":3,"tuodut":3,"karkilyonnit":15,"karki_yritykset":37,"saatot":50,"saatto_yritykset":89,"etenemiset":38,"eteneminen_yritykset":63,"haavat":18,"palot":7,"season_id":4,"tehot":6,"kl_pct":0.40540540540540543,"saatto_pct":0.5617977528089888,"eten_pct":0.6031746031746031,"kunnari_rate":0.0,"lyoty_rate":0.07894736842105263,"tuotu_rate":0.047619047619047616,"haava_rate":0.47368421052631576,"palo_rate":0.18421052631578946,"tehot_per_turn":0.15789473684210525,"kl_per_turn":0.39473684210526316,"hr_rbi_per_turn":0.07894736842105263,"kl_base0":0.0,"kl_base0_tries":2,"kl_base1":0.35714285714285715,"kl_base1_tries":14,"kl_base2":0.5833333333333334,"kl_base2_tries":12,"kl_base3":0.3333333333333333,"kl_base3_tries":9,"adv1_pct":0.0,"adv2_pct":0.35714285714285715,"adv3_pct":0.5833333333333334,"adv_home_pct":0.3333333333333333,"money_kl_pct":0.3333333333333333,"money_kl_tries":9,"teho_plus":74,"adv_plus":84,"runner_plus":95,"out_avoid_plus":122,"adv1_plus":0,"adv2_plus":62,"adv3_plus":92,"adv_home_plus":70,"money_kl_plus":70,"spark_index":95,"teho_plus_adj":72}],"line":{"player_id":11234,"name":"Sanni Hirvasoja","born_year":null,"year":2026,"games":14,"team":"Lavepesis","turns_at_bat":38,"kunnarit":0,"lyodyt":3,"tuodut":3,"karkilyonnit":15,"karki_yritykset":37,"saatot":50,"saatto_yritykset":89,"etenemiset":38,"eteneminen_yritykset":63,"haavat":18,"palot":7,"season_id":4,"tehot":6,"kl_pct":0.40540540540540543,"saatto_pct":0.5617977528089888,"eten_pct":0.6031746031746031,"kunnari_rate":0.0,"lyoty_rate":0.07894736842105263,"tuotu_rate":0.047619047619047616,"haava_rate":0.47368421052631576,"palo_rate":0.18421052631578946,"tehot_per_turn":0.15789473684210525,"kl_per_turn":0.39473684210526316,"hr_rbi_per_turn":0.07894736842105263,"kl_base0":0.0,"kl_base0_tries":2,"kl_base1":0.35714285714285715,"kl_base1_tries":14,"kl_base2":0.5833333333333334,"kl_base2_tries":12,"kl_base3":0.3333333333333333,"kl_base3_tries":9,"adv1_pct":0.0,"adv2_pct":0.35714285714285715,"adv3_pct":0.5833333333333334,"adv_home_pct":0.3333333333333333,"money_kl_pct":0.3333333333333333,"money_kl_tries":9,"teho_plus":74,"adv_plus":84,"runner_plus":95,"out_avoid_plus":122,"adv1_plus":0,"adv2_plus":62,"adv3_plus":92,"adv_home_plus":70,"money_kl_plus":70,"spark_index":95,"teho_plus_adj":72,"pct_kl_pct":null,"pct_saatto_pct":null,"pct_eten_pct":null,"pct_kunnari_rate":null,"pct_lyoty_rate":null,"pct_palo_rate":null,"pct_tehot_per_turn":null},"proj":{"player_id":11234,"name":"Sanni Hirvasoja","as_of":"2026-06-28","age":null,"stats":{"kl_pct":{"rate":0.5077497421237949,"effective_n":34.060812316622844,"observed":0.40119945138855945},"saatto_pct":{"rate":0.5842026727417262,"effective_n":80.56540825911735,"observed":0.5585147150785895},"eten_pct":{"rate":0.6171296544505442,"effective_n":56.8263884552043,"observed":0.6026595089700371},"kunnari_rate":{"rate":0.004090545158728056,"effective_n":36.06409597831204,"observed":0.0},"lyoty_rate":{"rate":0.09035547774738682,"effective_n":35.150868060039144,"observed":0.0753513912932327},"haava_rate":{"rate":0.4044626358656046,"effective_n":33.42644688193162,"observed":0.488049642326942},"palo_rate":{"rate":0.28554321272688193,"effective_n":34.27212468202714,"observed":0.17366192552640025}},"teho_plus_proj":132},"career_json":[{"year":2026,"kl_pct":0.40540540540540543,"teho_plus":74}],"pct_stats":["kl_pct","saatto_pct","eten_pct","kunnari_rate","lyoty_rate","palo_rate","tehot_per_turn"],"base_kl":{"player_id":11234,"turns_at_bat":38,"kl_base0":0.0,"kl_base0_tries":2,"kl_base1":0.35714285714285715,"kl_base1_tries":14,"kl_base2":0.5833333333333334,"kl_base2_tries":12,"kl_base3":0.3333333333333333,"kl_base3_tries":9,"pct_kl_base0":null,"pct_kl_base1":null,"pct_kl_base2":null,"pct_kl_base3":null},"base_keys":["kl_base0","kl_base1","kl_base2","kl_base3"],"log":[{"player_id":11234,"season_id":4,"match_id":129322,"date":"2026-05-06","team":"Lavepesis","opponent":"SMJ","home":0,"turns_at_bat":5,"kunnarit":0,"lyodyt":0,"tuodut":1,"karkilyonnit":4,"karki_yritykset":5,"saatot":9,"saatto_yritykset":10,"etenemiset":6,"eteneminen_yritykset":8,"haavat":1,"palot":1,"stadium":"Unico Areena, Seinäjoki","tehot":1,"kl_pct":0.8},{"player_id":11234,"season_id":4,"match_id":129334,"date":"2026-05-09","team":"Lavepesis","opponent":"HP-K","home":1,"turns_at_bat":3,"kunnarit":0,"lyodyt":2,"tuodut":1,"karkilyonnit":3,"karki_yritykset":3,"saatot":5,"saatto_yritykset":7,"etenemiset":3,"eteneminen_yritykset":5,"haavat":1,"palot":1,"stadium":"Veikkolan pesäpallostadion, Lappajärvi","tehot":3,"kl_pct":1.0},{"player_id":11234,"season_id":4,"match_id":129363,"date":"2026-05-14","team":"Lavepesis","opponent":"TyTe","home":0,"turns_at_bat":2,"kunnarit":0,"lyodyt":0,"tuodut":0,"karkilyonnit":0,"karki_yritykset":3,"saatot":0,"saatto_yritykset":4,"etenemiset":0,"eteneminen_yritykset":2,"haavat":0,"palot":2,"stadium":"Tyrnävän pesäpallokenttä","tehot":0,"kl_pct":0.0},{"player_id":11234,"season_id":4,"match_id":129336,"date":"2026-05-20","team":"Lavepesis","opponent":"SiiPe","home":1,"turns_at_bat":2,"kunnarit":0,"lyodyt":0,"tuodut":0,"karkilyonnit":0,"karki_yritykset":2,"saatot":1,"saatto_yritykset":4,"etenemiset":1,"eteneminen_yritykset":3,"haavat":1,"palot":1,"stadium":"Veikkolan pesäpallostadion, Lappajärvi","tehot":0,"kl_pct":0.0},{"player_id":11234,"season_id":4,"match_id":129294,"date":"2026-05-23","team":"Lavepesis","opponent":"MyVe","home":0,"turns_at_bat":2,"kunnarit":0,"lyodyt":0,"tuodut":0,"karkilyonnit":0,"karki_yritykset":1,"saatot":0,"saatto_yritykset":2,"etenemiset":0,"eteneminen_yritykset":2,"haavat":2,"palot":0,"stadium":"Vihka Areena, Mynämäki","tehot":0,"kl_pct":0.0},{"player_id":11234,"season_id":4,"match_id":129290,"date":"2026-05-24","team":"Lavepesis","opponent":"Pesäkarhut-Akatemia","home":0,"turns_at_bat":3,"kunnarit":0,"lyodyt":0,"tuodut":0,"karkilyonnit":0,"karki_yritykset":4,"saatot":0,"saatto_yritykset":7,"etenemiset":0,"eteneminen_yritykset":3,"haavat":2,"palot":1,"stadium":"Huikoo Areena, Pori","tehot":0,"kl_pct":0.0},{"player_id":11234,"season_id":4,"match_id":129350,"date":"2026-05-27","team":"Lavepesis","opponent":"SMJ","home":1,"turns_at_bat":2,"kunnarit":0,"lyodyt":0,"tuodut":1,"karkilyonnit":0,"karki_yritykset":1,"saatot":5,"saatto_yritykset":6,"etenemiset":6,"eteneminen_yritykset":7,"haavat":1,"palot":0,"stadium":"Veikkolan pesäpallostadion, Lappajärvi","tehot":1,"kl_pct":0.0},{"player_id":11234,"season_id":4,"match_id":129276,"date":"2026-06-03","team":"Lavepesis","opponent":"Tarmo","home":1,"turns_at_bat":1,"kunnarit":0,"lyodyt":1,"tuodut":0,"karkilyonnit":1,"karki_yritykset":1,"saatot":4,"saatto_yritykset":4,"etenemiset":3,"eteneminen_yritykset":3,"haavat":0,"palot":0,"stadium":"Veikkolan pesäpallostadion, Lappajärvi","tehot":1,"kl_pct":1.0},{"player_id":11234,"season_id":4,"match_id":129366,"date":"2026-06-06","team":"Lavepesis","opponent":"AA","home":1,"turns_at_bat":2,"kunnarit":0,"lyodyt":0,"tuodut":0,"karkilyonnit":1,"karki_yritykset":3,"saatot":4,"saatto_yritykset":6,"etenemiset":3,"eteneminen_yritykset":3,"haavat":0,"palot":0,"stadium":"Veikkolan pesäpallostadion, Lappajärvi","tehot":0,"kl_pct":0.3333333333333333},{"player_id":11234,"season_id":4,"match_id":129335,"date":"2026-06-10","team":"Lavepesis","opponent":"TyTe","home":1,"turns_at_bat":4,"kunnarit":0,"lyodyt":0,"tuodut":0,"karkilyonnit":2,"karki_yritykset":4,"saatot":8,"saatto_yritykset":11,"etenemiset":6,"eteneminen_yritykset":8,"haavat":1,"palot":1,"stadium":"Veikkolan pesäpallostadion, Lappajärvi","tehot":0,"kl_pct":0.5},{"player_id":11234,"season_id":4,"match_id":129362,"date":"2026-06-17","team":"Lavepesis","opponent":"HP-K","home":0,"turns_at_bat":2,"kunnarit":0,"lyodyt":0,"tuodut":0,"karkilyonnit":2,"karki_yritykset":2,"saatot":6,"saatto_yritykset":6,"etenemiset":4,"eteneminen_yritykset":6,