{"player":{"id":11330,"name":"Eetu Lehto","born_year":null},"career":[{"year":2022,"age":null,"games":7,"turns_at_bat":47,"vyk":-0.01,"spark_index":83,"adv_plus":77,"runner_plus":82,"out_avoid_plus":101,"money_kl_plus":81,"teho_plus":63,"teho_plus_adj":63},{"year":2024,"age":null,"games":22,"turns_at_bat":143,"vyk":0.62,"spark_index":108,"adv_plus":112,"runner_plus":102,"out_avoid_plus":108,"money_kl_plus":125,"teho_plus":101,"teho_plus_adj":95},{"year":2025,"age":null,"games":24,"turns_at_bat":151,"vyk":1.57,"spark_index":113,"adv_plus":122,"runner_plus":110,"out_avoid_plus":97,"money_kl_plus":139,"teho_plus":186,"teho_plus_adj":170},{"year":2026,"age":null,"games":19,"turns_at_bat":116,"vyk":-0.12,"spark_index":92,"adv_plus":92,"runner_plus":90,"out_avoid_plus":97,"money_kl_plus":56,"teho_plus":27,"teho_plus_adj":26}],"line":{"player_id":11330,"name":"Eetu Lehto","born_year":null,"year":2026,"games":19,"team":"KoU","turns_at_bat":116,"kunnarit":0,"lyodyt":1,"tuodut":4,"karkilyonnit":47,"karki_yritykset":103,"saatot":112,"saatto_yritykset":201,"etenemiset":98,"eteneminen_yritykset":186,"haavat":48,"palot":40,"season_id":1,"tehot":5,"kl_pct":0.4563106796116505,"saatto_pct":0.5572139303482587,"eten_pct":0.5268817204301075,"kunnari_rate":0.0,"lyoty_rate":0.008620689655172414,"tuotu_rate":0.021505376344086023,"haava_rate":0.41379310344827586,"palo_rate":0.3448275862068966,"tehot_per_turn":0.04310344827586207,"kl_per_turn":0.4051724137931034,"hr_rbi_per_turn":0.008620689655172414,"kl_base0":0.47619047619047616,"kl_base0_tries":21,"kl_base1":0.47368421052631576,"kl_base1_tries":57,"kl_base2":0.42857142857142855,"kl_base2_tries":21,"kl_base3":0.25,"kl_base3_tries":4,"adv1_pct":0.47619047619047616,"adv2_pct":0.47368421052631576,"adv3_pct":0.42857142857142855,"adv_home_pct":0.25,"money_kl_pct":0.25,"money_kl_tries":4,"pos":"2P","teho_plus":27,"adv_plus":92,"runner_plus":90,"out_avoid_plus":97,"adv1_plus":89,"adv2_plus":89,"adv3_plus":75,"adv_home_plus":56,"money_kl_plus":56,"spark_index":92,"run_value":2.169316470120693,"raa":-6.2,"jyk":-1.4,"vyk":-0.12,"teho_plus_adj":26,"pct_kl_pct":30,"pct_saatto_pct":38,"pct_eten_pct":17,"pct_kunnari_rate":29,"pct_lyoty_rate":25,"pct_palo_rate":39,"pct_tehot_per_turn":5},"proj":{"player_id":11330,"name":"Eetu Lehto","as_of":"2026-07-02","age":null,"stats":{"kl_pct":{"rate":0.5252329520583651,"effective_n":152.71289959116427,"observed":0.5253000456797665},"saatto_pct":{"rate":0.6131389136681105,"effective_n":273.17172586707943,"observed":0.6165897577353763},"eten_pct":{"rate":0.5780569634394567,"effective_n":258.0921078868647,"observed":0.5761335778004475},"kunnari_rate":{"rate":0.010302292520093435,"effective_n":216.60146210592399,"observed":0.012253473632320006},"lyoty_rate":{"rate":0.06435434472516714,"effective_n":172.36918703367243,"observed":0.060699576321127185},"haava_rate":{"rate":0.41920133949414357,"effective_n":128.40042370297468,"observed":0.4112208742907326},"palo_rate":{"rate":0.3343606848675495,"effective_n":145.64147321818598,"observed":0.33983863219945404}},"teho_plus_proj":154},"translation":{"wrc_plus":59,"tier":"replacement level","rows":[{"pesis_label":"Kärkilyönti-% (advance the lead runner)","pesis_value":0.4563106796116505,"percentile":30,"mlb_stat":"AVG","mlb_value":"0.238"},{"pesis_label":"Kärkilyönnit per turn (base hits)","pesis_value":0.4051724137931034,"percentile":21,"mlb_stat":"H / 600 PA","mlb_value":"132"},{"pesis_label":"Lyödyt per turn (runs batted home)","pesis_value":0.008620689655172414,"percentile":25,"mlb_stat":"RBI / 600 PA","mlb_value":"59"},{"pesis_label":"Tuodut per advance (runs scored)","pesis_value":0.021505376344086023,"percentile":23,"mlb_stat":"R / 600 PA","mlb_value":"63"},{"pesis_label":"Palot per turn (burned outs)","pesis_value":0.3448275862068966,"percentile":39,"mlb_stat":"K%","mlb_value":"23.7%"}]},"career_json":[{"year":2022,"kl_pct":0.38636363636363635,"teho_plus":63},{"year":2024,"kl_pct":0.5704225352112676,"teho_plus":101},{"year":2025,"kl_pct":0.6614173228346457,"teho_plus":186},{"year":2026,"kl_pct":0.4563106796116505,"teho_plus":27}],"pct_stats":["kl_pct","saatto_pct","eten_pct","kunnari_rate","lyoty_rate","palo_rate","tehot_per_turn"],"base_kl":{"player_id":11330,"turns_at_bat":116,"kl_base0":0.47619047619047616,"kl_base0_tries":21,"kl_base1":0.47368421052631576,"kl_base1_tries":57,"kl_base2":0.42857142857142855,"kl_base2_tries":21,"kl_base3":0.25,"kl_base3_tries":4,"pct_kl_base0":46,"pct_kl_base1":40,"pct_kl_base2":19,"pct_kl_base3":20},"base_keys":["kl_base0","kl_base1","kl_base2","kl_base3"],"comps":[]}