{"player":{"id":11335,"name":"Markus Hakala","born_year":null},"career":[{"year":2025,"season_id":125,"team":"PuMu","age":null,"games":20,"turns_at_bat":154,"vyk":0.12,"spark_index":94,"adv_plus":95,"runner_plus":98,"out_avoid_plus":88,"money_kl_plus":213,"teho_plus":86,"teho_plus_adj":85},{"year":2026,"season_id":129,"team":"PuMu","age":null,"games":11,"turns_at_bat":61,"vyk":0.04,"spark_index":85,"adv_plus":89,"runner_plus":92,"out_avoid_plus":66,"money_kl_plus":null,"teho_plus":68,"teho_plus_adj":69}],"line":{"player_id":11335,"name":"Markus Hakala","born_year":null,"year":2026,"games":11,"team":"PuMu","turns_at_bat":61,"kunnarit":0,"lyodyt":0,"tuodut":7,"karkilyonnit":21,"karki_yritykset":41,"saatot":28,"saatto_yritykset":56,"etenemiset":61,"eteneminen_yritykset":112,"haavat":17,"palot":34,"season_id":129,"tehot":7,"kl_pct":0.5121951219512195,"saatto_pct":0.5,"eten_pct":0.5446428571428571,"kunnari_rate":0.0,"lyoty_rate":0.0,"tuotu_rate":0.0625,"haava_rate":0.2786885245901639,"palo_rate":0.5573770491803278,"tehot_per_turn":0.11475409836065574,"kl_per_turn":0.3442622950819672,"hr_rbi_per_turn":0.0,"kl_base0":0.5121951219512195,"kl_base0_tries":41,"kl_base1":null,"kl_base1_tries":0,"kl_base2":null,"kl_base2_tries":0,"kl_base3":null,"kl_base3_tries":0,"adv1_pct":0.5121951219512195,"adv2_pct":null,"adv3_pct":null,"adv_home_pct":null,"money_kl_pct":null,"money_kl_tries":0,"pos":"2K","teho_plus":68,"adv_plus":89,"runner_plus":92,"out_avoid_plus":66,"adv1_plus":107,"adv2_plus":null,"adv3_plus":null,"adv_home_plus":null,"money_kl_plus":null,"spark_index":85,"run_value":3.220513230689768,"raa":-3.1,"jyk":0.5,"vyk":0.04,"teho_plus_adj":69,"pct_kl_pct":43,"pct_saatto_pct":16,"pct_eten_pct":28,"pct_kunnari_rate":30,"pct_lyoty_rate":12,"pct_palo_rate":1,"pct_tehot_per_turn":37},"proj":{"player_id":11335,"name":"Markus Hakala","as_of":"2026-07-04","age":null,"stats":{"kl_pct":{"rate":0.5288122854739563,"effective_n":78.8127617541548,"observed":0.5408784856440784},"saatto_pct":{"rate":0.5444069120685896,"effective_n":81.3394584865011,"observed":0.5212003817799717},"eten_pct":{"rate":0.5709627229128202,"effective_n":171.71670306782778,"observed":0.5654922192002488},"kunnari_rate":{"rate":0.003057357162436356,"effective_n":130.85588084440417,"observed":0.0},"lyoty_rate":{"rate":0.03420389895225177,"effective_n":106.90590406578453,"observed":0.0029775127249498127},"haava_rate":{"rate":0.3777816309094439,"effective_n":78.30971714000187,"observed":0.31910176997229306},"palo_rate":{"rate":0.419257972484181,"effective_n":90.14166107562016,"observed":0.49986128521307555}},"teho_plus_proj":124},"translation":{"wrc_plus":92,"tier":"league-average regular","rows":[{"pesis_label":"Kärkilyönti-% (advance the lead runner)","pesis_value":0.5121951219512195,"percentile":43,"mlb_stat":"AVG","mlb_value":"0.239"},{"pesis_label":"Kärkilyönnit per turn (base hits)","pesis_value":0.3442622950819672,"percentile":12,"mlb_stat":"H / 600 PA","mlb_value":"124"},{"pesis_label":"Lyödyt per turn (runs batted home)","pesis_value":0.0,"percentile":12,"mlb_stat":"RBI / 600 PA","mlb_value":"49"},{"pesis_label":"Tuodut per advance (runs scored)","pesis_value":0.0625,"percentile":77,"mlb_stat":"R / 600 PA","mlb_value":"89"},{"pesis_label":"Palot per turn (burned outs)","pesis_value":0.5573770491803278,"percentile":1,"mlb_stat":"K%","mlb_value":"35.0%"}]},"pitching":null,"career_json":[{"year":2025,"kl_pct":0.56,"teho_plus":86},{"year":2026,"kl_pct":0.5121951219512195,"teho_plus":68}],"pct_stats":["kl_pct","saatto_pct","eten_pct","kunnari_rate","lyoty_rate","palo_rate","tehot_per_turn"],"base_kl":{"player_id":11335,"turns_at_bat":61,"kl_base0":0.5121951219512195,"kl_base0_tries":41,"kl_base1":null,"kl_base1_tries":0,"kl_base2":null,"kl_base2_tries":0,"kl_base3":null,"kl_base3_tries":0,"pct_kl_base0":69,"pct_kl_base1":null,"pct_kl_base2":null,"pct_kl_base3":null},"base_keys":["kl_base0","kl_base1","kl_base2","kl_base3"],"comps":[]}