{"player":{"id":11330,"name":"Eetu Lehto","born_year":null},"career":[{"player_id":11330,"name":"Eetu Lehto","born_year":null,"year":2026,"games":19,"team":"KoU","turns_at_bat":116,"kunnarit":0,"lyodyt":1,"tuodut":4,"karkilyonnit":47,"karki_yritykset":103,"saatot":112,"saatto_yritykset":201,"etenemiset":98,"eteneminen_yritykset":186,"haavat":48,"palot":40,"season_id":1,"tehot":5,"kl_pct":0.4563106796116505,"saatto_pct":0.5572139303482587,"eten_pct":0.5268817204301075,"kunnari_rate":0.0,"lyoty_rate":0.008620689655172414,"tuotu_rate":0.021505376344086023,"haava_rate":0.41379310344827586,"palo_rate":0.3448275862068966,"tehot_per_turn":0.04310344827586207,"kl_per_turn":0.4051724137931034,"hr_rbi_per_turn":0.008620689655172414,"kl_base0":0.47619047619047616,"kl_base0_tries":21,"kl_base1":0.47368421052631576,"kl_base1_tries":57,"kl_base2":0.42857142857142855,"kl_base2_tries":21,"kl_base3":0.25,"kl_base3_tries":4,"adv1_pct":0.47619047619047616,"adv2_pct":0.47368421052631576,"adv3_pct":0.42857142857142855,"adv_home_pct":0.25,"money_kl_pct":0.25,"money_kl_tries":4,"teho_plus":27,"adv_plus":92,"runner_plus":90,"out_avoid_plus":97,"adv1_plus":89,"adv2_plus":89,"adv3_plus":75,"adv_home_plus":56,"money_kl_plus":56,"spark_index":92,"teho_plus_adj":27}],"line":{"player_id":11330,"name":"Eetu Lehto","born_year":null,"year":2026,"games":19,"team":"KoU","turns_at_bat":116,"kunnarit":0,"lyodyt":1,"tuodut":4,"karkilyonnit":47,"karki_yritykset":103,"saatot":112,"saatto_yritykset":201,"etenemiset":98,"eteneminen_yritykset":186,"haavat":48,"palot":40,"season_id":1,"tehot":5,"kl_pct":0.4563106796116505,"saatto_pct":0.5572139303482587,"eten_pct":0.5268817204301075,"kunnari_rate":0.0,"lyoty_rate":0.008620689655172414,"tuotu_rate":0.021505376344086023,"haava_rate":0.41379310344827586,"palo_rate":0.3448275862068966,"tehot_per_turn":0.04310344827586207,"kl_per_turn":0.4051724137931034,"hr_rbi_per_turn":0.008620689655172414,"kl_base0":0.47619047619047616,"kl_base0_tries":21,"kl_base1":0.47368421052631576,"kl_base1_tries":57,"kl_base2":0.42857142857142855,"kl_base2_tries":21,"kl_base3":0.25,"kl_base3_tries":4,"adv1_pct":0.47619047619047616,"adv2_pct":0.47368421052631576,"adv3_pct":0.42857142857142855,"adv_home_pct":0.25,"money_kl_pct":0.25,"money_kl_tries":4,"teho_plus":27,"adv_plus":92,"runner_plus":90,"out_avoid_plus":97,"adv1_plus":89,"adv2_plus":89,"adv3_plus":75,"adv_home_plus":56,"money_kl_plus":56,"spark_index":92,"teho_plus_adj":27,"pct_kl_pct":30,"pct_saatto_pct":38,"pct_eten_pct":17,"pct_kunnari_rate":29,"pct_lyoty_rate":25,"pct_palo_rate":39,"pct_tehot_per_turn":5},"proj":{"player_id":11330,"name":"Eetu Lehto","as_of":"2026-07-02","age":null,"stats":{"kl_pct":{"rate":0.48528654483135286,"effective_n":95.01893632899336,"observed":0.4601700947388228},"saatto_pct":{"rate":0.5661759661828693,"effective_n":180.89058739524896,"observed":0.5610024251858928},"eten_pct":{"rate":0.5434347935930486,"effective_n":167.4319255799351,"observed":0.5301307648753704},"kunnari_rate":{"rate":0.0035403986858161783,"effective_n":109.81773886911884,"observed":0.0},"lyoty_rate":{"rate":0.0359706745782422,"effective_n":106.89752871164205,"observed":0.008835687405813713},"haava_rate":{"rate":0.42186083510841843,"effective_n":101.3756617423044,"observed":0.41437634091131964},"palo_rate":{"rate":0.33414202912857704,"effective_n":104.08498736841143,"observed":0.3416390167368902}},"teho_plus_proj":126},"career_json":[{"year":2026,"kl_pct":0.4563106796116505,"teho_plus":27}],"pct_stats":["kl_pct","saatto_pct","eten_pct","kunnari_rate","lyoty_rate","palo_rate","tehot_per_turn"],"base_kl":{"player_id":11330,"turns_at_bat":116,"kl_base0":0.47619047619047616,"kl_base0_tries":21,"kl_base1":0.47368421052631576,"kl_base1_tries":57,"kl_base2":0.42857142857142855,"kl_base2_tries":21,"kl_base3":0.25,"kl_base3_tries":4,"pct_kl_base0":46,"pct_kl_base1":40,"pct_kl_base2":19,"pct_kl_base3":20},"base_keys":["kl_base0","kl_base1","kl_base2","kl_base3"],"log":[{"player_id":11330,"season_id":1,"match_id":128896,"date":"2026-05-04","team":"KoU","opponent":"Tahko","home":0,"turns_at_bat":5,"kunnarit":0,"lyodyt":0,"tuodut":0,"karkilyonnit":1,"karki_yritykset":6,"saatot":3,"saatto_yritykset":10,"etenemiset":2,"eteneminen_yritykset":7,"haavat":4,"palot":1,"stadium":"Pihkalan pesäpallostadion, Hyvinkää","tehot":0,"kl_pct":0.16666666666666666},{"player_id":11330,"season_id":1,"match_id":128936,"date":"2026-05-10","team":"KoU","opponent":"Manse","home":1,"turns_at_bat":7,"kunnarit":0,"lyodyt":0,"tuodut":0,"karkilyonnit":1,"karki_yritykset":3,"saatot":6,"saatto_yritykset":10,"etenemiset":6,"eteneminen_yritykset":12,"haavat":2,"palot":4,"stadium":"Sähkökoje Areena, Koskenkorva (Ilmajoki)","tehot":0,"kl_pct":0.3333333333333333},{"player_id":11330,"season_id":1,"match_id":129013,"date":"2026-05-13","team":"KoU","opponent":"AA","home":1,"turns_at_bat":6,"kunnarit":0,"lyodyt":0,"tuodut":0,"karkilyonnit":3,"karki_yritykset":5,"saatot":7,"saatto_yritykset":11,"etenemiset":6,"eteneminen_yritykset":11,"haavat":2,"palot":3,"stadium":"Sähkökoje Areena, Koskenkorva (Ilmajoki)","tehot":0,"kl_pct":0.6},{"player_id":11330,"season_id":1,"match_id":129020,"date":"2026-05-15","team":"KoU","opponent":"Manse","home":0,"turns_at_bat":6,"kunnarit":0,"lyodyt":0,"tuodut":1,"karkilyonnit":1,"karki_yritykset":6,"saatot":3,"saatto_yritykset":11,"etenemiset":3,"eteneminen_yritykset":7,"haavat":4,"palot":0,"stadium":"Kaupin pesäpallostadion, Tampere","tehot":1,"kl_pct":0.16666666666666666},{"player_id":11330,"season_id":1,"match_id":128892,"date":"2026-05-17","team":"KoU","opponent":"ViVe","home":1,"turns_at_bat":6,"kunnarit":0,"lyodyt":0,"tuodut":0,"karkilyonnit":3,"karki_yritykset":4,"saatot":8,"saatto_yritykset":10,"etenemiset":8,"eteneminen_yritykset":13,"haavat":4,"palot":1,"stadium":"Sähkökoje Areena, Koskenkorva (Ilmajoki)","tehot":0,"kl_pct":0.75},{"player_id":11330,"season_id":1,"match_id":128880,"date":"2026-05-20","team":"KoU","opponent":"KPL","home":1,"turns_at_bat":4,"kunnarit":0,"lyodyt":0,"tuodut":0,"karkilyonnit":1,"karki_yritykset":4,"saatot":2,"saatto_yritykset":5,"etenemiset":3,"eteneminen_yritykset":6,"haavat":1,"palot":2,"stadium":"Sähkökoje Areena, Koskenkorva (Ilmajoki)","tehot":0,"kl_pct":0.25},{"player_id":11330,"season_id":1,"match_id":128890,"date":"2026-05-24","team":"KoU","opponent":"SoJy","home":1,"turns_at_bat":7,"kunnarit":0,"lyodyt":0,"tuodut":0,"karkilyonnit":4,"karki_yritykset":8,"saatot":8,"saatto_yritykset":13,"etenemiset":4,"eteneminen_yritykset":10,"haavat":3,"palot":3,"stadium":"Sähkökoje Areena, Koskenkorva (Ilmajoki)","tehot":0,"kl_pct":0.5},{"player_id":11330,"season_id":1,"match_id":128895,"date":"2026-05-29","team":"KoU","opponent":"PattU","home":1,"turns_at_bat":6,"kunnarit":0,"lyodyt":0,"tuodut":0,"karkilyonnit":2,"karki_yritykset":4,"saatot":5,"saatto_yritykset":10,"etenemiset":3,"eteneminen_yritykset":8,"haavat":1,"palot":4,"stadium":"Sähkökoje Areena, Koskenkorva (Ilmajoki)","tehot":0,"kl_pct":0.5},{"player_id":11330,"season_id":1,"match_id":128958,"date":"2026-05-31","team":"KoU","opponent":"ViVe","home":0,"turns_at_bat":5,"kunnarit":0,"lyodyt":0,"tuodut":0,"karkilyonnit":3,"karki_yritykset":5,"saatot":4,"saatto_yritykset":6,"etenemiset":4,"eteneminen_yritykset":6,"haavat":1,"palot":1,"stadium":"Saarikenttä, Vimpeli","tehot":0,"kl_pct":0.6},{"player_id":11330,"season_id":1,"match_id":128946,"date":"2026-06-03","team":"KoU","opponent":"KPL","home":1,"turns_at_bat":6,"kunnarit":0,"lyodyt":0,"tuodut":0,"karkilyonnit":1,"karki_yritykset":6,"saatot":3,"saatto_yritykset":11,"etenemiset":5,"eteneminen_yritykset":10,"haavat":1,"palot":4,"stadium":"Sähkökoje Areena, Koskenkorva (Ilmajoki)","tehot":0,"kl_pct":0.16666666666666666},{"player_id":11330,"season_id":1,"match_id":128891,"date":"2026-06-06","team":"KoU","opponent":"JoMa","home":1,"turns_at_bat":5,"kunnarit":0,"lyodyt":0,"tuodut":0,"karkilyonnit":2,"karki_yritykset":5,"saatot":4,"saatto_yritykset":8,"etenemiset":3,"eteneminen_yritykset":6,"haavat":1,