{"player":{"id":11358,"name":"Toma Heikkilä","born_year":null},"career":[{"player_id":11358,"name":"Toma Heikkilä","born_year":null,"year":2026,"games":16,"team":"Manse","turns_at_bat":98,"kunnarit":0,"lyodyt":1,"tuodut":6,"karkilyonnit":42,"karki_yritykset":78,"saatot":88,"saatto_yritykset":142,"etenemiset":99,"eteneminen_yritykset":184,"haavat":40,"palot":45,"season_id":1,"tehot":7,"kl_pct":0.5384615384615384,"saatto_pct":0.6197183098591549,"eten_pct":0.5380434782608695,"kunnari_rate":0.0,"lyoty_rate":0.01020408163265306,"tuotu_rate":0.03260869565217391,"haava_rate":0.40816326530612246,"palo_rate":0.45918367346938777,"tehot_per_turn":0.07142857142857142,"kl_per_turn":0.42857142857142855,"hr_rbi_per_turn":0.01020408163265306,"kl_base0":0.4857142857142857,"kl_base0_tries":35,"kl_base1":0.575,"kl_base1_tries":40,"kl_base2":0.5,"kl_base2_tries":2,"kl_base3":1.0,"kl_base3_tries":1,"adv1_pct":0.4857142857142857,"adv2_pct":0.575,"adv3_pct":0.5,"adv_home_pct":1.0,"money_kl_pct":1.0,"money_kl_tries":1,"pos":"S","teho_plus":44,"adv_plus":104,"runner_plus":92,"out_avoid_plus":80,"adv1_plus":91,"adv2_plus":109,"adv3_plus":88,"adv_home_plus":222,"money_kl_plus":222,"spark_index":96,"run_value":1.8823128883196327,"raa":-5.2,"jyk":-1.1,"vyk":-0.1,"teho_plus_adj":45}],"line":{"player_id":11358,"name":"Toma Heikkilä","born_year":null,"year":2026,"games":16,"team":"Manse","turns_at_bat":98,"kunnarit":0,"lyodyt":1,"tuodut":6,"karkilyonnit":42,"karki_yritykset":78,"saatot":88,"saatto_yritykset":142,"etenemiset":99,"eteneminen_yritykset":184,"haavat":40,"palot":45,"season_id":1,"tehot":7,"kl_pct":0.5384615384615384,"saatto_pct":0.6197183098591549,"eten_pct":0.5380434782608695,"kunnari_rate":0.0,"lyoty_rate":0.01020408163265306,"tuotu_rate":0.03260869565217391,"haava_rate":0.40816326530612246,"palo_rate":0.45918367346938777,"tehot_per_turn":0.07142857142857142,"kl_per_turn":0.42857142857142855,"hr_rbi_per_turn":0.01020408163265306,"kl_base0":0.4857142857142857,"kl_base0_tries":35,"kl_base1":0.575,"kl_base1_tries":40,"kl_base2":0.5,"kl_base2_tries":2,"kl_base3":1.0,"kl_base3_tries":1,"adv1_pct":0.4857142857142857,"adv2_pct":0.575,"adv3_pct":0.5,"adv_home_pct":1.0,"money_kl_pct":1.0,"money_kl_tries":1,"pos":"S","teho_plus":44,"adv_plus":104,"runner_plus":92,"out_avoid_plus":80,"adv1_plus":91,"adv2_plus":109,"adv3_plus":88,"adv_home_plus":222,"money_kl_plus":222,"spark_index":96,"run_value":1.8823128883196327,"raa":-5.2,"jyk":-1.1,"vyk":-0.1,"teho_plus_adj":45,"pct_kl_pct":56,"pct_saatto_pct":65,"pct_eten_pct":22,"pct_kunnari_rate":29,"pct_lyoty_rate":28,"pct_palo_rate":11,"pct_tehot_per_turn":15},"proj":{"player_id":11358,"name":"Toma Heikkilä","as_of":"2026-07-02","age":null,"stats":{"kl_pct":{"rate":0.5324086268545964,"effective_n":72.91030985188041,"observed":0.5384542265803095},"saatto_pct":{"rate":0.6112094907979742,"effective_n":128.80639756262138,"observed":0.6179288473759497},"eten_pct":{"rate":0.5486605722694631,"effective_n":166.51844410275288,"observed":0.5368526898276981},"kunnari_rate":{"rate":0.0038157376718453992,"effective_n":93.23437055775679,"observed":0.0},"lyoty_rate":{"rate":0.038858799051637666,"effective_n":90.97845431256476,"observed":0.009515443719270983},"haava_rate":{"rate":0.42016390459585123,"effective_n":86.70344181233918,"observed":0.40945569528042913},"palo_rate":{"rate":0.39536043017712535,"effective_n":88.80256076343629,"observed":0.45929772990794654}},"teho_plus_proj":128},"career_json":[{"year":2026,"kl_pct":0.5384615384615384,"teho_plus":44}],"pct_stats":["kl_pct","saatto_pct","eten_pct","kunnari_rate","lyoty_rate","palo_rate","tehot_per_turn"],"base_kl":{"player_id":11358,"turns_at_bat":98,"kl_base0":0.4857142857142857,"kl_base0_tries":35,"kl_base1":0.575,"kl_base1_tries":40,"kl_base2":0.5,"kl_base2_tries":2,"kl_base3":1.0,"kl_base3_tries":1,"pct_kl_base0":48,"pct_kl_base1":64,"pct_kl_base2":32,"pct_kl_base3":96},"base_keys":["kl_base0","kl_base1","kl_base2","kl_base3"],"comps":[]}