{"player":{"id":11355,"name":"Eemeli Virjo","born_year":null},"career":[{"year":2025,"season_id":125,"team":"SMJ","age":null,"games":15,"turns_at_bat":49,"vyk":-0.15,"spark_index":75,"adv_plus":54,"runner_plus":80,"out_avoid_plus":119,"money_kl_plus":0,"teho_plus":22,"teho_plus_adj":22},{"year":2026,"season_id":129,"team":"SMJ","age":null,"games":13,"turns_at_bat":35,"vyk":0.45,"spark_index":96,"adv_plus":88,"runner_plus":90,"out_avoid_plus":124,"money_kl_plus":130,"teho_plus":221,"teho_plus_adj":224}],"line":{"player_id":11355,"name":"Eemeli Virjo","born_year":null,"year":2026,"games":13,"team":"SMJ","turns_at_bat":35,"kunnarit":1,"lyodyt":9,"tuodut":3,"karkilyonnit":17,"karki_yritykset":34,"saatot":40,"saatto_yritykset":81,"etenemiset":28,"eteneminen_yritykset":53,"haavat":19,"palot":6,"season_id":129,"tehot":13,"kl_pct":0.5,"saatto_pct":0.49382716049382713,"eten_pct":0.5283018867924528,"kunnari_rate":0.02857142857142857,"lyoty_rate":0.2571428571428571,"tuotu_rate":0.05660377358490566,"haava_rate":0.5428571428571428,"palo_rate":0.17142857142857143,"tehot_per_turn":0.37142857142857144,"kl_per_turn":0.4857142857142857,"hr_rbi_per_turn":0.2857142857142857,"kl_base0":1.0,"kl_base0_tries":1,"kl_base1":0.4,"kl_base1_tries":5,"kl_base2":0.36363636363636365,"kl_base2_tries":11,"kl_base3":0.5882352941176471,"kl_base3_tries":17,"adv1_pct":1.0,"adv2_pct":0.4,"adv3_pct":0.36363636363636365,"adv_home_pct":0.5882352941176471,"money_kl_pct":0.5882352941176471,"money_kl_tries":17,"pos":"3P","teho_plus":221,"adv_plus":88,"runner_plus":90,"out_avoid_plus":124,"adv1_plus":210,"adv2_plus":72,"adv3_plus":63,"adv_home_plus":130,"money_kl_plus":130,"spark_index":96,"run_value":6.484492777063563,"raa":3.2,"jyk":5.2,"vyk":0.45,"teho_plus_adj":224,"pct_kl_pct":null,"pct_saatto_pct":null,"pct_eten_pct":null,"pct_kunnari_rate":null,"pct_lyoty_rate":null,"pct_palo_rate":null,"pct_tehot_per_turn":null},"proj":{"player_id":11355,"name":"Eemeli Virjo","as_of":"2026-07-02","age":null,"stats":{"kl_pct":{"rate":0.47404996300695795,"effective_n":44.316232200975655,"observed":0.42151834525179943},"saatto_pct":{"rate":0.5091819783677461,"effective_n":89.68095218635372,"observed":0.4727023757340477},"eten_pct":{"rate":0.5480770760481307,"effective_n":63.99679607470827,"observed":0.5160070801172998},"kunnari_rate":{"rate":0.009750144906540276,"effective_n":57.31382967151427,"observed":0.01646365545024854},"lyoty_rate":{"rate":0.11117550000328082,"effective_n":49.17736459431508,"observed":0.16902285987728288},"haava_rate":{"rate":0.4563732367424831,"effective_n":38.74548947127099,"observed":0.5402251689825387},"palo_rate":{"rate":0.2770500125124528,"effective_n":43.197480114849526,"observed":0.17999696151859884}},"teho_plus_proj":170},"translation":null,"pitching":null,"career_json":[{"year":2025,"kl_pct":0.21052631578947367,"teho_plus":22},{"year":2026,"kl_pct":0.5,"teho_plus":221}],"pct_stats":["kl_pct","saatto_pct","eten_pct","kunnari_rate","lyoty_rate","palo_rate","tehot_per_turn"],"base_kl":{"player_id":11355,"turns_at_bat":35,"kl_base0":1.0,"kl_base0_tries":1,"kl_base1":0.4,"kl_base1_tries":5,"kl_base2":0.36363636363636365,"kl_base2_tries":11,"kl_base3":0.5882352941176471,"kl_base3_tries":17,"pct_kl_base0":null,"pct_kl_base1":null,"pct_kl_base2":null,"pct_kl_base3":null},"base_keys":["kl_base0","kl_base1","kl_base2","kl_base3"],"comps":[]}