{"player":{"id":11351,"name":"Valtteri Savilahti","born_year":null},"career":[{"player_id":11351,"name":"Valtteri Savilahti","born_year":null,"year":2026,"games":15,"team":"PuMu","turns_at_bat":106,"kunnarit":0,"lyodyt":1,"tuodut":18,"karkilyonnit":54,"karki_yritykset":101,"saatot":100,"saatto_yritykset":170,"etenemiset":121,"eteneminen_yritykset":204,"haavat":40,"palot":43,"season_id":3,"tehot":19,"kl_pct":0.5346534653465347,"saatto_pct":0.5882352941176471,"eten_pct":0.5931372549019608,"kunnari_rate":0.0,"lyoty_rate":0.009433962264150943,"tuotu_rate":0.08823529411764706,"haava_rate":0.37735849056603776,"palo_rate":0.4056603773584906,"tehot_per_turn":0.1792452830188679,"kl_per_turn":0.5094339622641509,"hr_rbi_per_turn":0.009433962264150943,"kl_base0":0.37142857142857144,"kl_base0_tries":35,"kl_base1":0.6229508196721312,"kl_base1_tries":61,"kl_base2":1.0,"kl_base2_tries":2,"kl_base3":0.3333333333333333,"kl_base3_tries":3,"adv1_pct":0.37142857142857144,"adv2_pct":0.6229508196721312,"adv3_pct":1.0,"adv_home_pct":0.3333333333333333,"money_kl_pct":0.3333333333333333,"money_kl_tries":3,"teho_plus":106,"adv_plus":101,"runner_plus":100,"out_avoid_plus":89,"adv1_plus":78,"adv2_plus":113,"adv3_plus":174,"adv_home_plus":74,"money_kl_plus":74,"spark_index":98,"teho_plus_adj":100}],"line":{"player_id":11351,"name":"Valtteri Savilahti","born_year":null,"year":2026,"games":15,"team":"PuMu","turns_at_bat":106,"kunnarit":0,"lyodyt":1,"tuodut":18,"karkilyonnit":54,"karki_yritykset":101,"saatot":100,"saatto_yritykset":170,"etenemiset":121,"eteneminen_yritykset":204,"haavat":40,"palot":43,"season_id":3,"tehot":19,"kl_pct":0.5346534653465347,"saatto_pct":0.5882352941176471,"eten_pct":0.5931372549019608,"kunnari_rate":0.0,"lyoty_rate":0.009433962264150943,"tuotu_rate":0.08823529411764706,"haava_rate":0.37735849056603776,"palo_rate":0.4056603773584906,"tehot_per_turn":0.1792452830188679,"kl_per_turn":0.5094339622641509,"hr_rbi_per_turn":0.009433962264150943,"kl_base0":0.37142857142857144,"kl_base0_tries":35,"kl_base1":0.6229508196721312,"kl_base1_tries":61,"kl_base2":1.0,"kl_base2_tries":2,"kl_base3":0.3333333333333333,"kl_base3_tries":3,"adv1_pct":0.37142857142857144,"adv2_pct":0.6229508196721312,"adv3_pct":1.0,"adv_home_pct":0.3333333333333333,"money_kl_pct":0.3333333333333333,"money_kl_tries":3,"teho_plus":106,"adv_plus":101,"runner_plus":100,"out_avoid_plus":89,"adv1_plus":78,"adv2_plus":113,"adv3_plus":174,"adv_home_plus":74,"money_kl_plus":74,"spark_index":98,"teho_plus_adj":100,"pct_kl_pct":53,"pct_saatto_pct":45,"pct_eten_pct":52,"pct_kunnari_rate":31,"pct_lyoty_rate":25,"pct_palo_rate":25,"pct_tehot_per_turn":62},"proj":{"player_id":11351,"name":"Valtteri Savilahti","as_of":"2026-07-02","age":null,"stats":{"kl_pct":{"rate":0.5245899896866043,"effective_n":93.15227281559781,"observed":0.5317640516359157},"saatto_pct":{"rate":0.5837010533120729,"effective_n":152.82685908643958,"observed":0.5814927168039787},"eten_pct":{"rate":0.5884286437354935,"effective_n":181.34737367228612,"observed":0.5879026600918993},"kunnari_rate":{"rate":0.003471152247051378,"effective_n":100.1736672487023,"observed":0.0},"lyoty_rate":{"rate":0.03937183419849329,"effective_n":97.41449270606208,"observed":0.009102962616945168},"haava_rate":{"rate":0.4038986647081393,"effective_n":92.18432836368487,"observed":0.382979949634637},"palo_rate":{"rate":0.3710526259276301,"effective_n":94.75264490522686,"observed":0.40687001842444565}},"teho_plus_proj":130},"career_json":[{"year":2026,"kl_pct":0.5346534653465347,"teho_plus":106}],"pct_stats":["kl_pct","saatto_pct","eten_pct","kunnari_rate","lyoty_rate","palo_rate","tehot_per_turn"],"base_kl":{"player_id":11351,"turns_at_bat":106,"kl_base0":0.37142857142857144,"kl_base0_tries":35,"kl_base1":0.6229508196721312,"kl_base1_tries":61,"kl_base2":1.0,"kl_base2_tries":2,"kl_base3":0.3333333333333333,"kl_base3_tries":3,"pct_kl_base0":30,"pct_kl_base1":69,"pct_kl_base2":96,"pct_kl_base3":36},"base_keys":["kl_base0","kl_base1","kl_base2","kl_base3"],"log":[{"player_id":11351,"season_id":3,"match_id":129566,"date":"2026-05-08","team":"PuMu","opponent":"PuPe","home":1,"turns_at_bat":7,"kunnarit":0,"lyodyt":0,"tuodut":3,"karkilyonnit":4,"karki_yritykset":6,"saatot":8,"saatto_yritykset":11,"etenemiset":11,"eteneminen_yritykset":15,"haavat":2,"palot":2,"stadium":"Good Guy Stadion, Meilahti (Helsinki)","tehot":3,"kl_pct":0.6666666666666666},{"player_id":11351,"season_id":3,"match_id":129572,"date":"2026-05-13","team":"PuMu","opponent":"Jkl Kiri","home":1,"turns_at_bat":8,"kunnarit":0,"lyodyt":0,"tuodut":3,"karkilyonnit":5,"karki_yritykset":7,"saatot":9,"saatto_yritykset":12,"etenemiset":12,"eteneminen_yritykset":17,"haavat":3,"palot":2,"stadium":"Good Guy Stadion, Meilahti (Helsinki)","tehot":3,"kl_pct":0.7142857142857143},{"player_id":11351,"season_id":3,"match_id":129576,"date":"2026-05-16","team":"PuMu","opponent":"SiKi","home":1,"turns_at_bat":6,"kunnarit":0,"lyodyt":0,"tuodut":2,"karkilyonnit":2,"karki_yritykset":6,"saatot":5,"saatto_yritykset":9,"etenemiset":10,"eteneminen_yritykset":14,"haavat":2,"palot":2,"stadium":"Good Guy Stadion, Meilahti (Helsinki)","tehot":2,"kl_pct":0.3333333333333333},{"player_id":11351,"season_id":3,"match_id":129582,"date":"2026-05-20","team":"PuMu","opponent":"UPV","home":0,"turns_at_bat":7,"kunnarit":0,"lyodyt":0,"tuodut":2,"karkilyonnit":2,"karki_yritykset":5,"saatot":4,"saatto_yritykset":7,"etenemiset":10,"eteneminen_yritykset":15,"haavat":0,"palot":5,"stadium":"Ulvilan Automaatio Areena","tehot":2,"kl_pct":0.4},{"player_id":11351,"season_id":3,"match_id":129587,"date":"2026-05-23","team":"PuMu","opponent":"SiiPe","home":1,"turns_at_bat":8,"kunnarit":0,"lyodyt":1,"tuodut":2,"karkilyonnit":5,"karki_yritykset":6,"saatot":9,"saatto_yritykset":13,"etenemiset":8,"eteneminen_yritykset":13,"haavat":3,"palot":2,"stadium":"Good Guy Stadion, Meilahti (Helsinki)","tehot":3,"kl_pct":0.8333333333333334},{"player_id":11351,"season_id":3,"match_id":129595,"date":"2026-05-29","team":"PuMu","opponent":"KaMa","home":0,"turns_at_bat":9,"kunnarit":0,"lyodyt":0,"tuodut":2,"karkilyonnit":5,"karki_yritykset":9,"saatot":10,"saatto_yritykset":14,"etenemiset":13,"eteneminen_yritykset":20,"haavat":3,"palot":4,"stadium":"Kankaanpää Areena","tehot":2,"kl_pct":0.5555555555555556},{"player_id":11351,"season_id":3,"match_id":129602,"date":"2026-06-03","team":"PuMu","opponent":"HP","home":1,"turns_at_bat":8,"kunnarit":0,"lyodyt":0,"tuodut":1,"karkilyonnit":4,"karki_yritykset":9,"saatot":9,"saatto_yritykset":15,"etenemiset":10,"eteneminen_yritykset":16,"haavat":4,"palot":2,"stadium":"Good Guy Stadion, Meilahti (Helsinki)","tehot":1,"kl_pct":0.4444444444444444},{"player_id":11351,"season_id":3,"match_id":129609,"date":"2026-06-07","team":"PuMu","opponent":"Ura","home":1,"turns_at_bat":5,"kunnarit":0,"lyodyt":0,"tuodut":0,"karkilyonnit":3,"karki_yritykset":4,"saatot":4,"saatto_yritykset":7,"etenemiset":1,"eteneminen_yritykset":6,"haavat":3,"palot":2,"stadium":"Good Guy Stadion, Meilahti (Helsinki)","tehot":0,"kl_pct":0.75},{"player_id":11351,"season_id":3,"match_id":129610,"date":"2026-06-09","team":"PuMu","opponent":"SiiPe","home":0,"turns_at_bat":8,"kunnarit":0,"lyodyt":0,"tuodut":1,"karkilyonnit":5,"karki_yritykset":8,"saatot":9,"saatto_yritykset":13,"etenemiset":9,"eteneminen_yritykset":16,"haavat":4,"palot":3,"stadium":"Mantun kenttä, Siilinjärvi","tehot":1,"kl_pct":0.625},{"player_id":11351,"season_id":3,"match_id":129612,"date":"2026-06-10","team":"PuMu","opponent":"PuPe","home":0,"turns_at_bat":7,"kunnarit":0,"lyodyt":0,"tuodut":0,"karkilyonnit":2,"karki_yritykset":7,"saatot":4,"saatto_yritykset":10,"etenemiset":7,"eteneminen_yritykset":14,"haavat":3,"palot":4,"stadium":"Osuma Areena, Kuopio","tehot":0,"kl_pct":0.2857142857142857},{"player_id":11351,"season_id":3,"match_id":129617,"date":"2026-06-13","team":"PuMu","opponent":"Jkl Kiri","home":1,"turns_at_bat":6,"kunnarit":0,"lyodyt":0,"tuodut":1,"karkilyonnit":3,"karki_yritykset":6,"saatot":5,