{"player":{"id":11355,"name":"Eemeli Virjo","born_year":null},"career":[{"year":2025,"season_id":125,"team":"SMJ","age":null,"games":15,"turns_at_bat":49,"vyk":-0.15,"spark_index":75,"adv_plus":54,"runner_plus":80,"out_avoid_plus":119,"money_kl_plus":0,"teho_plus":22,"teho_plus_adj":22},{"year":2026,"season_id":129,"team":"SMJ","age":null,"games":16,"turns_at_bat":45,"vyk":0.45,"spark_index":94,"adv_plus":90,"runner_plus":87,"out_avoid_plus":116,"money_kl_plus":132,"teho_plus":193,"teho_plus_adj":195}],"line":{"player_id":11355,"name":"Eemeli Virjo","born_year":null,"year":2026,"games":16,"team":"SMJ","turns_at_bat":45,"kunnarit":1,"lyodyt":10,"tuodut":4,"karkilyonnit":22,"karki_yritykset":41,"saatot":48,"saatto_yritykset":97,"etenemiset":34,"eteneminen_yritykset":66,"haavat":22,"palot":10,"season_id":129,"tehot":15,"kl_pct":0.5365853658536586,"saatto_pct":0.4948453608247423,"eten_pct":0.5151515151515151,"kunnari_rate":0.022222222222222223,"lyoty_rate":0.2222222222222222,"tuotu_rate":0.06060606060606061,"haava_rate":0.4888888888888889,"palo_rate":0.2222222222222222,"tehot_per_turn":0.3333333333333333,"kl_per_turn":0.4888888888888889,"hr_rbi_per_turn":0.24444444444444444,"kl_base0":1.0,"kl_base0_tries":1,"kl_base1":0.625,"kl_base1_tries":8,"kl_base2":0.35714285714285715,"kl_base2_tries":14,"kl_base3":0.6111111111111112,"kl_base3_tries":18,"adv1_pct":1.0,"adv2_pct":0.625,"adv3_pct":0.35714285714285715,"adv_home_pct":0.6111111111111112,"money_kl_pct":0.6111111111111112,"money_kl_tries":18,"pos":"3P","teho_plus":193,"adv_plus":90,"runner_plus":87,"out_avoid_plus":116,"adv1_plus":209,"adv2_plus":114,"adv3_plus":62,"adv_home_plus":132,"money_kl_plus":132,"spark_index":94,"run_value":6.0862772839500945,"raa":2.9,"jyk":5.4,"vyk":0.45,"teho_plus_adj":195,"pct_kl_pct":61,"pct_saatto_pct":16,"pct_eten_pct":16,"pct_kunnari_rate":89,"pct_lyoty_rate":89,"pct_palo_rate":81,"pct_tehot_per_turn":91},"proj":{"player_id":11355,"name":"Eemeli Virjo","as_of":"2026-07-11","age":null,"stats":{"kl_pct":{"rate":0.4904943075342026,"effective_n":50.071275200932185,"observed":0.4621400299018206},"saatto_pct":{"rate":0.509397907143066,"effective_n":102.30104819168328,"observed":0.4770908568371462},"eten_pct":{"rate":0.5403746021121666,"effective_n":74.55067409116307,"observed":0.5068909689615648},"kunnari_rate":{"rate":0.009646390765921801,"effective_n":66.2226588742793,"observed":0.013994389426620893},"lyoty_rate":{"rate":0.11076462022146283,"effective_n":57.763989973389876,"observed":0.15721513467405207},"haava_rate":{"rate":0.4462270864881755,"effective_n":46.86804938137554,"observed":0.4900646270523449},"palo_rate":{"rate":0.2862921877001009,"effective_n":51.53207250476268,"observed":0.22154555135954876}},"teho_plus_proj":164},"translation":{"wrc_plus":134,"tier":"All-Star","rows":[{"pesis_label":"Kärkilyönti-% (advance the lead runner)","pesis_value":0.5365853658536586,"percentile":61,"mlb_stat":"AVG","mlb_value":"0.254"},{"pesis_label":"Kärkilyönnit per turn (base hits)","pesis_value":0.4888888888888889,"percentile":51,"mlb_stat":"H / 600 PA","mlb_value":"151"},{"pesis_label":"Lyödyt per turn (runs batted home)","pesis_value":0.2222222222222222,"percentile":89,"mlb_stat":"RBI / 600 PA","mlb_value":"97"},{"pesis_label":"Tuodut per advance (runs scored)","pesis_value":0.06060606060606061,"percentile":74,"mlb_stat":"R / 600 PA","mlb_value":"88"},{"pesis_label":"Palot per turn (burned outs)","pesis_value":0.2222222222222222,"percentile":81,"mlb_stat":"K%","mlb_value":"17.4%"}]},"pitching":null,"career_json":[{"year":2025,"kl_pct":0.21052631578947367,"teho_plus":22},{"year":2026,"kl_pct":0.5365853658536586,"teho_plus":193}],"pct_stats":["kl_pct","saatto_pct","eten_pct","kunnari_rate","lyoty_rate","palo_rate","tehot_per_turn"],"base_kl":{"player_id":11355,"turns_at_bat":45,"kl_base0":1.0,"kl_base0_tries":1,"kl_base1":0.625,"kl_base1_tries":8,"kl_base2":0.35714285714285715,"kl_base2_tries":14,"kl_base3":0.6111111111111112,"kl_base3_tries":18,"pct_kl_base0":99,"pct_kl_base1":72,"pct_kl_base2":13,"pct_kl_base3":78},"base_keys":["kl_base0","kl_base1","kl_base2","kl_base3"],"comps":[]}