{"player":{"id":1139,"name":"Jenni Ampuja","born_year":null},"career":[{"year":2000,"age":null,"games":20,"turns_at_bat":152,"vyk":0.34,"spark_index":100,"adv_plus":97,"runner_plus":100,"out_avoid_plus":105,"money_kl_plus":117,"teho_plus":86,"teho_plus_adj":90},{"year":2001,"age":null,"games":21,"turns_at_bat":143,"vyk":0.52,"spark_index":107,"adv_plus":108,"runner_plus":107,"out_avoid_plus":105,"money_kl_plus":96,"teho_plus":105,"teho_plus_adj":106}],"line":{"player_id":1139,"name":"Jenni Ampuja","born_year":null,"year":2001,"games":21,"team":"Seuraton","turns_at_bat":143,"kunnarit":1,"lyodyt":17,"tuodut":18,"karkilyonnit":84,"karki_yritykset":137,"saatot":209,"saatto_yritykset":308,"etenemiset":185,"eteneminen_yritykset":275,"haavat":51,"palot":39,"season_id":39,"tehot":36,"kl_pct":0.6131386861313869,"saatto_pct":0.6785714285714286,"eten_pct":0.6727272727272727,"kunnari_rate":0.006993006993006993,"lyoty_rate":0.11888111888111888,"tuotu_rate":0.06545454545454546,"haava_rate":0.35664335664335667,"palo_rate":0.2727272727272727,"tehot_per_turn":0.2517482517482518,"kl_per_turn":0.5874125874125874,"hr_rbi_per_turn":0.1258741258741259,"kl_base0":0.6428571428571429,"kl_base0_tries":14,"kl_base1":0.6136363636363636,"kl_base1_tries":44,"kl_base2":0.6976744186046512,"kl_base2_tries":43,"kl_base3":0.5,"kl_base3_tries":36,"adv1_pct":0.6428571428571429,"adv2_pct":0.6136363636363636,"adv3_pct":0.6976744186046512,"adv_home_pct":0.5,"money_kl_pct":0.5,"money_kl_tries":36,"pos":"2K","teho_plus":105,"adv_plus":108,"runner_plus":107,"out_avoid_plus":105,"adv1_plus":117,"adv2_plus":107,"adv3_plus":105,"adv_home_plus":96,"money_kl_plus":96,"spark_index":107,"run_value":9.974682888559347,"raa":4.3,"jyk":10.0,"vyk":0.52,"teho_plus_adj":106,"pct_kl_pct":72,"pct_saatto_pct":76,"pct_eten_pct":78,"pct_kunnari_rate":61,"pct_lyoty_rate":68,"pct_palo_rate":52,"pct_tehot_per_turn":60},"proj":null,"translation":null,"pitching":null,"career_json":[{"year":2000,"kl_pct":0.5416666666666666,"teho_plus":86},{"year":2001,"kl_pct":0.6131386861313869,"teho_plus":105}],"pct_stats":["kl_pct","saatto_pct","eten_pct","kunnari_rate","lyoty_rate","palo_rate","tehot_per_turn"],"base_kl":{"player_id":1139,"turns_at_bat":143,"kl_base0":0.6428571428571429,"kl_base0_tries":14,"kl_base1":0.6136363636363636,"kl_base1_tries":44,"kl_base2":0.6976744186046512,"kl_base2_tries":43,"kl_base3":0.5,"kl_base3_tries":36,"pct_kl_base0":79,"pct_kl_base1":68,"pct_kl_base2":66,"pct_kl_base3":46},"base_keys":["kl_base0","kl_base1","kl_base2","kl_base3"],"comps":[]}