{"player":{"id":11396,"name":"Niklas Vähä","born_year":null},"career":[{"year":2024,"season_id":121,"team":"YK","age":null,"games":15,"turns_at_bat":74,"vyk":0.09,"spark_index":101,"adv_plus":102,"runner_plus":97,"out_avoid_plus":105,"money_kl_plus":216,"teho_plus":75,"teho_plus_adj":76},{"year":2025,"season_id":123,"team":"PattU","age":null,"games":5,"turns_at_bat":32,"vyk":-0.14,"spark_index":77,"adv_plus":81,"runner_plus":67,"out_avoid_plus":84,"money_kl_plus":0,"teho_plus":0,"teho_plus_adj":0},{"year":2025,"season_id":125,"team":"YK","age":null,"games":8,"turns_at_bat":50,"vyk":0.39,"spark_index":113,"adv_plus":119,"runner_plus":114,"out_avoid_plus":95,"money_kl_plus":213,"teho_plus":132,"teho_plus_adj":131},{"year":2026,"season_id":129,"team":"Ura","age":null,"games":17,"turns_at_bat":127,"vyk":1.03,"spark_index":117,"adv_plus":123,"runner_plus":113,"out_avoid_plus":110,"money_kl_plus":102,"teho_plus":133,"teho_plus_adj":133}],"line":{"player_id":11396,"name":"Niklas Vähä","born_year":null,"year":2026,"games":17,"team":"Ura","turns_at_bat":127,"kunnarit":1,"lyodyt":6,"tuodut":22,"karkilyonnit":71,"karki_yritykset":118,"saatot":216,"saatto_yritykset":295,"etenemiset":185,"eteneminen_yritykset":278,"haavat":60,"palot":33,"season_id":129,"tehot":29,"kl_pct":0.6016949152542372,"saatto_pct":0.7322033898305085,"eten_pct":0.6654676258992805,"kunnari_rate":0.007874015748031496,"lyoty_rate":0.047244094488188976,"tuotu_rate":0.07913669064748201,"haava_rate":0.47244094488188976,"palo_rate":0.25984251968503935,"tehot_per_turn":0.2283464566929134,"kl_per_turn":0.5590551181102362,"hr_rbi_per_turn":0.05511811023622047,"kl_base0":0.35714285714285715,"kl_base0_tries":14,"kl_base1":0.5277777777777778,"kl_base1_tries":36,"kl_base2":0.7547169811320755,"kl_base2_tries":53,"kl_base3":0.4666666666666667,"kl_base3_tries":15,"adv1_pct":0.35714285714285715,"adv2_pct":0.5277777777777778,"adv3_pct":0.7547169811320755,"adv_home_pct":0.4666666666666667,"money_kl_pct":0.4666666666666667,"money_kl_tries":15,"pos":"3P","teho_plus":133,"adv_plus":123,"runner_plus":113,"out_avoid_plus":110,"adv1_plus":75,"adv2_plus":96,"adv3_plus":132,"adv_home_plus":102,"money_kl_plus":102,"spark_index":117,"run_value":14.889678964335424,"raa":5.5,"jyk":12.4,"vyk":1.03,"teho_plus_adj":133,"pct_kl_pct":87,"pct_saatto_pct":97,"pct_eten_pct":89,"pct_kunnari_rate":59,"pct_lyoty_rate":61,"pct_palo_rate":67,"pct_tehot_per_turn":79},"proj":{"player_id":11396,"name":"Niklas Vähä","as_of":"2026-07-15","age":null,"stats":{"kl_pct":{"rate":0.5737896853482845,"effective_n":134.831212110916,"observed":0.6005960905434317},"saatto_pct":{"rate":0.7106112410574431,"effective_n":293.3390079130631,"observed":0.7268514068875628},"eten_pct":{"rate":0.6475847719650977,"effective_n":283.80175207112933,"observed":0.6577687589967507},"kunnari_rate":{"rate":0.007723698624831716,"effective_n":171.39473796320098,"observed":0.008279766056711173},"lyoty_rate":{"rate":0.05365138668303891,"effective_n":146.88556301949177,"observed":0.04089601144877374},"haava_rate":{"rate":0.4485580453819256,"effective_n":120.70785606424452,"observed":0.4667287507236462},"palo_rate":{"rate":0.29607429165115945,"effective_n":131.27004140938166,"observed":0.2769492444752489}},"teho_plus_proj":149},"translation":{"wrc_plus":120,"tier":"solid starter","rows":[{"pesis_label":"Kärkilyönti-% (advance the lead runner)","pesis_value":0.6016949152542372,"percentile":87,"mlb_stat":"AVG","mlb_value":"0.322"},{"pesis_label":"Kärkilyönnit per turn (base hits)","pesis_value":0.5590551181102362,"percentile":78,"mlb_stat":"H / 600 PA","mlb_value":"167"},{"pesis_label":"Lyödyt per turn (runs batted home)","pesis_value":0.047244094488188976,"percentile":61,"mlb_stat":"RBI / 600 PA","mlb_value":"78"},{"pesis_label":"Tuodut per advance (runs scored)","pesis_value":0.07913669064748201,"percentile":89,"mlb_stat":"R / 600 PA","mlb_value":"98"},{"pesis_label":"Palot per turn (burned outs)","pesis_value":0.25984251968503935,"percentile":67,"mlb_stat":"K%","mlb_value":"19.8%"}]},"pitching":null,"career_json":[{"year":2024,"kl_pct":0.5490196078431373,"teho_plus":75},{"year":2025,"kl_pct":0.4782608695652174,"teho_plus":0},{"year":2025,"kl_pct":0.6346153846153846,"teho_plus":132},{"year":2026,"kl_pct":0.6016949152542372,"teho_plus":133}],"pct_stats":["kl_pct","saatto_pct","eten_pct","kunnari_rate","lyoty_rate","palo_rate","tehot_per_turn"],"base_kl":{"player_id":11396,"turns_at_bat":127,"kl_base0":0.35714285714285715,"kl_base0_tries":14,"kl_base1":0.5277777777777778,"kl_base1_tries":36,"kl_base2":0.7547169811320755,"kl_base2_tries":53,"kl_base3":0.4666666666666667,"kl_base3_tries":15,"pct_kl_base0":32,"pct_kl_base1":47,"pct_kl_base2":92,"pct_kl_base3":57},"base_keys":["kl_base0","kl_base1","kl_base2","kl_base3"],"comps":[]}