{"player":{"id":11439,"name":"Jere Halttunen","born_year":null},"career":[{"year":2023,"season_id":117,"team":"SMJ","age":null,"games":24,"turns_at_bat":173,"vyk":1.25,"spark_index":111,"adv_plus":119,"runner_plus":107,"out_avoid_plus":97,"money_kl_plus":133,"teho_plus":168,"teho_plus_adj":166},{"year":2024,"season_id":121,"team":"SMJ","age":null,"games":24,"turns_at_bat":155,"vyk":0.74,"spark_index":99,"adv_plus":97,"runner_plus":104,"out_avoid_plus":97,"money_kl_plus":97,"teho_plus":121,"teho_plus_adj":123},{"year":2025,"season_id":125,"team":"SMJ","age":null,"games":24,"turns_at_bat":160,"vyk":1.02,"spark_index":103,"adv_plus":102,"runner_plus":104,"out_avoid_plus":103,"money_kl_plus":110,"teho_plus":141,"teho_plus_adj":141},{"year":2026,"season_id":129,"team":"SMJ","age":null,"games":16,"turns_at_bat":104,"vyk":0.88,"spark_index":114,"adv_plus":116,"runner_plus":115,"out_avoid_plus":106,"money_kl_plus":99,"teho_plus":134,"teho_plus_adj":136}],"line":{"player_id":11439,"name":"Jere Halttunen","born_year":null,"year":2026,"games":16,"team":"SMJ","turns_at_bat":104,"kunnarit":1,"lyodyt":15,"tuodut":8,"karkilyonnit":52,"karki_yritykset":97,"saatot":182,"saatto_yritykset":261,"etenemiset":148,"eteneminen_yritykset":218,"haavat":40,"palot":30,"season_id":129,"tehot":24,"kl_pct":0.5360824742268041,"saatto_pct":0.6973180076628352,"eten_pct":0.6788990825688074,"kunnari_rate":0.009615384615384616,"lyoty_rate":0.14423076923076922,"tuotu_rate":0.03669724770642202,"haava_rate":0.38461538461538464,"palo_rate":0.28846153846153844,"tehot_per_turn":0.23076923076923078,"kl_per_turn":0.5,"hr_rbi_per_turn":0.15384615384615385,"kl_base0":0.3333333333333333,"kl_base0_tries":6,"kl_base1":0.631578947368421,"kl_base1_tries":19,"kl_base2":0.5945945945945946,"kl_base2_tries":37,"kl_base3":0.45714285714285713,"kl_base3_tries":35,"adv1_pct":0.3333333333333333,"adv2_pct":0.631578947368421,"adv3_pct":0.5945945945945946,"adv_home_pct":0.45714285714285713,"money_kl_pct":0.45714285714285713,"money_kl_tries":35,"pos":"2K","teho_plus":134,"adv_plus":116,"runner_plus":115,"out_avoid_plus":106,"adv1_plus":70,"adv2_plus":115,"adv3_plus":104,"adv_home_plus":99,"money_kl_plus":99,"spark_index":114,"run_value":12.720043790734778,"raa":5.1,"jyk":10.6,"vyk":0.88,"teho_plus_adj":136,"pct_kl_pct":59,"pct_saatto_pct":93,"pct_eten_pct":92,"pct_kunnari_rate":66,"pct_lyoty_rate":81,"pct_palo_rate":57,"pct_tehot_per_turn":80},"proj":{"player_id":11439,"name":"Jere Halttunen","as_of":"2026-07-11","age":null,"stats":{"kl_pct":{"rate":0.5254996958844514,"effective_n":164.8951846310943,"observed":0.5298475532131661},"saatto_pct":{"rate":0.6593005385399581,"effective_n":341.61000194192513,"observed":0.6672377945243789},"eten_pct":{"rate":0.6520157532326112,"effective_n":274.0560192358839,"observed":0.6633703019657669},"kunnari_rate":{"rate":0.00928056591290282,"effective_n":225.48147973215936,"observed":0.010531804403445432},"lyoty_rate":{"rate":0.1312769826471447,"effective_n":168.0074538458965,"observed":0.15708814224186204},"haava_rate":{"rate":0.4012785284698497,"effective_n":116.99334875425048,"observed":0.37961400793751204},"palo_rate":{"rate":0.3084818712331641,"effective_n":136.22205890089936,"observed":0.29733874668765947}},"teho_plus_proj":196},"translation":{"wrc_plus":121,"tier":"solid starter","rows":[{"pesis_label":"Kärkilyönti-% (advance the lead runner)","pesis_value":0.5360824742268041,"percentile":59,"mlb_stat":"AVG","mlb_value":"0.265"},{"pesis_label":"Kärkilyönnit per turn (base hits)","pesis_value":0.5,"percentile":56,"mlb_stat":"H / 600 PA","mlb_value":"153"},{"pesis_label":"Lyödyt per turn (runs batted home)","pesis_value":0.14423076923076922,"percentile":81,"mlb_stat":"RBI / 600 PA","mlb_value":"90"},{"pesis_label":"Tuodut per advance (runs scored)","pesis_value":0.03669724770642202,"percentile":48,"mlb_stat":"R / 600 PA","mlb_value":"75"},{"pesis_label":"Palot per turn (burned outs)","pesis_value":0.28846153846153844,"percentile":57,"mlb_stat":"K%","mlb_value":"21.2%"}]},"pitching":null,"career_json":[{"year":2023,"kl_pct":0.6310160427807486,"teho_plus":168},{"year":2024,"kl_pct":0.4774193548387097,"teho_plus":121},{"year":2025,"kl_pct":0.5416666666666666,"teho_plus":141},{"year":2026,"kl_pct":0.5360824742268041,"teho_plus":134}],"pct_stats":["kl_pct","saatto_pct","eten_pct","kunnari_rate","lyoty_rate","palo_rate","tehot_per_turn"],"base_kl":{"player_id":11439,"turns_at_bat":104,"kl_base0":0.3333333333333333,"kl_base0_tries":6,"kl_base1":0.631578947368421,"kl_base1_tries":19,"kl_base2":0.5945945945945946,"kl_base2_tries":37,"kl_base3":0.45714285714285713,"kl_base3_tries":35,"pct_kl_base0":24,"pct_kl_base1":75,"pct_kl_base2":54,"pct_kl_base3":55},"base_keys":["kl_base0","kl_base1","kl_base2","kl_base3"],"comps":[]}