{"player":{"id":11454,"name":"Senja Koskinen","born_year":null},"career":[{"player_id":11454,"name":"Senja Koskinen","born_year":null,"year":2026,"games":13,"team":"Roihuttaret","turns_at_bat":49,"kunnarit":1,"lyodyt":2,"tuodut":3,"karkilyonnit":20,"karki_yritykset":50,"saatot":42,"saatto_yritykset":87,"etenemiset":39,"eteneminen_yritykset":77,"haavat":25,"palot":13,"season_id":2,"tehot":6,"kl_pct":0.4,"saatto_pct":0.4827586206896552,"eten_pct":0.5064935064935064,"kunnari_rate":0.02040816326530612,"lyoty_rate":0.04081632653061224,"tuotu_rate":0.03896103896103896,"haava_rate":0.5102040816326531,"palo_rate":0.2653061224489796,"tehot_per_turn":0.12244897959183673,"kl_per_turn":0.40816326530612246,"hr_rbi_per_turn":0.061224489795918366,"kl_base0":0.3076923076923077,"kl_base0_tries":13,"kl_base1":0.23076923076923078,"kl_base1_tries":13,"kl_base2":0.5882352941176471,"kl_base2_tries":17,"kl_base3":0.42857142857142855,"kl_base3_tries":7,"adv1_pct":0.3076923076923077,"adv2_pct":0.23076923076923078,"adv3_pct":0.5882352941176471,"adv_home_pct":0.42857142857142855,"money_kl_pct":0.42857142857142855,"money_kl_tries":7,"teho_plus":71,"adv_plus":79,"runner_plus":85,"out_avoid_plus":112,"adv1_plus":62,"adv2_plus":41,"adv3_plus":98,"adv_home_plus":96,"money_kl_plus":96,"spark_index":87,"teho_plus_adj":69}],"line":{"player_id":11454,"name":"Senja Koskinen","born_year":null,"year":2026,"games":13,"team":"Roihuttaret","turns_at_bat":49,"kunnarit":1,"lyodyt":2,"tuodut":3,"karkilyonnit":20,"karki_yritykset":50,"saatot":42,"saatto_yritykset":87,"etenemiset":39,"eteneminen_yritykset":77,"haavat":25,"palot":13,"season_id":2,"tehot":6,"kl_pct":0.4,"saatto_pct":0.4827586206896552,"eten_pct":0.5064935064935064,"kunnari_rate":0.02040816326530612,"lyoty_rate":0.04081632653061224,"tuotu_rate":0.03896103896103896,"haava_rate":0.5102040816326531,"palo_rate":0.2653061224489796,"tehot_per_turn":0.12244897959183673,"kl_per_turn":0.40816326530612246,"hr_rbi_per_turn":0.061224489795918366,"kl_base0":0.3076923076923077,"kl_base0_tries":13,"kl_base1":0.23076923076923078,"kl_base1_tries":13,"kl_base2":0.5882352941176471,"kl_base2_tries":17,"kl_base3":0.42857142857142855,"kl_base3_tries":7,"adv1_pct":0.3076923076923077,"adv2_pct":0.23076923076923078,"adv3_pct":0.5882352941176471,"adv_home_pct":0.42857142857142855,"money_kl_pct":0.42857142857142855,"money_kl_tries":7,"teho_plus":71,"adv_plus":79,"runner_plus":85,"out_avoid_plus":112,"adv1_plus":62,"adv2_plus":41,"adv3_plus":98,"adv_home_plus":96,"money_kl_plus":96,"spark_index":87,"teho_plus_adj":69,"pct_kl_pct":14,"pct_saatto_pct":17,"pct_eten_pct":19,"pct_kunnari_rate":92,"pct_lyoty_rate":60,"pct_palo_rate":70,"pct_tehot_per_turn":42},"proj":{"player_id":11454,"name":"Senja Koskinen","as_of":"2026-07-01","age":null,"stats":{"kl_pct":{"rate":0.4702354638882043,"effective_n":46.14512123041695,"observed":0.3958091230307873},"saatto_pct":{"rate":0.51747869020681,"effective_n":77.70706537017803,"observed":0.47582579648607065},"eten_pct":{"rate":0.5404465843483551,"effective_n":68.62064631577816,"observed":0.49963682036423435},"kunnari_rate":{"rate":0.009776511846563892,"effective_n":46.38224071598512,"observed":0.020755278200991666},"lyoty_rate":{"rate":0.06520445704203295,"effective_n":45.141370201433396,"observed":0.04184689759904869},"haava_rate":{"rate":0.4351560384787618,"effective_n":42.787178813179096,"observed":0.512708702301626},"palo_rate":{"rate":0.3169611170108175,"effective_n":43.943558308666,"observed":0.26913583572586064}},"teho_plus_proj":137},"career_json":[{"year":2026,"kl_pct":0.4,"teho_plus":71}],"pct_stats":["kl_pct","saatto_pct","eten_pct","kunnari_rate","lyoty_rate","palo_rate","tehot_per_turn"],"base_kl":{"player_id":11454,"turns_at_bat":49,"kl_base0":0.3076923076923077,"kl_base0_tries":13,"kl_base1":0.23076923076923078,"kl_base1_tries":13,"kl_base2":0.5882352941176471,"kl_base2_tries":17,"kl_base3":0.42857142857142855,"kl_base3_tries":7,"pct_kl_base0":26,"pct_kl_base1":4,"pct_kl_base2":55,"pct_kl_base3":46},"base_keys":["kl_base0","kl_base1","kl_base2","kl_base3"],"log":[{"player_id":11454,"season_id":2,"match_id":129190,"date":"2026-05-09","team":"Roihuttaret","opponent":"Mailattaret","home":1,"turns_at_bat":3,"kunnarit":0,"lyodyt":0,"tuodut":1,"karkilyonnit":3,"karki_yritykset":4,"saatot":8,"saatto_yritykset":9,"etenemiset":7,"eteneminen_yritykset":8,"haavat":1,"palot":0,"stadium":"Roihuvuoren pesäpallokenttä, Helsinki","tehot":1,"kl_pct":0.75},{"player_id":11454,"season_id":2,"match_id":129141,"date":"2026-05-14","team":"Roihuttaret","opponent":"Jyske","home":0,"turns_at_bat":5,"kunnarit":0,"lyodyt":0,"tuodut":0,"karkilyonnit":2,"karki_yritykset":4,"saatot":4,"saatto_yritykset":8,"etenemiset":4,"eteneminen_yritykset":8,"haavat":3,"palot":1,"stadium":"Laserkeskus Areena, Laitila","tehot":0,"kl_pct":0.5},{"player_id":11454,"season_id":2,"match_id":129181,"date":"2026-05-17","team":"Roihuttaret","opponent":"Lippo Naiset","home":1,"turns_at_bat":3,"kunnarit":0,"lyodyt":0,"tuodut":0,"karkilyonnit":3,"karki_yritykset":3,"saatot":7,"saatto_yritykset":7,"etenemiset":4,"eteneminen_yritykset":5,"haavat":1,"palot":0,"stadium":"Roihuvuoren pesäpallokenttä, Helsinki","tehot":0,"kl_pct":1.0},{"player_id":11454,"season_id":2,"match_id":129193,"date":"2026-05-22","team":"Roihuttaret","opponent":"Fera","home":1,"turns_at_bat":4,"kunnarit":0,"lyodyt":0,"tuodut":0,"karkilyonnit":1,"karki_yritykset":4,"saatot":1,"saatto_yritykset":5,"etenemiset":3,"eteneminen_yritykset":6,"haavat":2,"palot":1,"stadium":"Roihuvuoren pesäpallokenttä, Helsinki","tehot":0,"kl_pct":0.25},{"player_id":11454,"season_id":2,"match_id":129217,"date":"2026-05-27","team":"Roihuttaret","opponent":"Manse","home":0,"turns_at_bat":2,"kunnarit":0,"lyodyt":0,"tuodut":0,"karkilyonnit":0,"karki_yritykset":2,"saatot":0,"saatto_yritykset":2,"etenemiset":0,"eteneminen_yritykset":1,"haavat":1,"palot":0,"stadium":"Kaupin pesäpallostadion, Tampere","tehot":0,"kl_pct":0.0},{"player_id":11454,"season_id":2,"match_id":129130,"date":"2026-05-29","team":"Roihuttaret","opponent":"Kirittäret","home":1,"turns_at_bat":5,"kunnarit":0,"lyodyt":0,"tuodut":0,"karkilyonnit":1,"karki_yritykset":6,"saatot":1,"saatto_yritykset":7,"etenemiset":3,"eteneminen_yritykset":8,"haavat":3,"palot":2,"stadium":"Roihuvuoren pesäpallokenttä, Helsinki","tehot":0,"kl_pct":0.16666666666666666},{"player_id":11454,"season_id":2,"match_id":129102,"date":"2026-06-02","team":"Roihuttaret","opponent":"Manse","home":0,"turns_at_bat":4,"kunnarit":0,"lyodyt":0,"tuodut":0,"karkilyonnit":0,"karki_yritykset":2,"saatot":0,"saatto_yritykset":3,"etenemiset":1,"eteneminen_yritykset":5,"haavat":1,"palot":3,"stadium":"Kaupin pesäpallostadion, Tampere","tehot":0,"kl_pct":0.0},{"player_id":11454,"season_id":2,"match_id":129218,"date":"2026-06-06","team":"Roihuttaret","opponent":"PöU Pesis","home":1,"turns_at_bat":5,"kunnarit":0,"lyodyt":0,"tuodut":0,"karkilyonnit":1,"karki_yritykset":4,"saatot":5,"saatto_yritykset":13,"etenemiset":4,"eteneminen_yritykset":9,"haavat":3,"palot":2,"stadium":"Roihuvuoren pesäpallokenttä, Helsinki","tehot":0,"kl_pct":0.25},{"player_id":11454,"season_id":2,"match_id":129206,"date":"2026-06-12","team":"Roihuttaret","opponent":"Mailattaret","home":1,"turns_at_bat":5,"kunnarit":1,"lyodyt":2,"tuodut":2,"karkilyonnit":6,"karki_yritykset":9,"saatot":11,"saatto_yritykset":17,"etenemiset":9,"eteneminen_yritykset":12,"haavat":3,"palot":0,"stadium":"Roihuvuoren pesäpallokenttä, Helsinki","tehot":5,"kl_pct":0.6666666666666666},{"player_id":11454,"season_id":2,"match_id":129205,"date":"2026-06-16","team":"Roihuttaret","opponent":"Mailattaret","home":0,"turns_at_bat":1,"kunnarit":0,"lyodyt":0,"tuodut":0,"karkilyonnit":0,"karki_yritykset":1,"saatot":0,"saatto_yritykset":1,"etenemiset":0,"eteneminen_yritykset":0,"haavat":0,"palot":0,"stadium":"Hietalahden Pesäpallostadion, Vaasa","tehot":0,"kl_pct":0.0},{"player_id":11454,"season_id":2,"match_id":129197,"date":"2026-06-17","team":"Roihuttaret",