{"player":{"id":11632,"name":"Jero Inola","born_year":null},"career":[{"year":2024,"season_id":121,"team":"PuPe","age":null,"games":24,"turns_at_bat":63,"vyk":0.07,"spark_index":90,"adv_plus":89,"runner_plus":86,"out_avoid_plus":97,"money_kl_plus":100,"teho_plus":70,"teho_plus_adj":71},{"year":2025,"season_id":125,"team":"PuPe","age":null,"games":23,"turns_at_bat":89,"vyk":-0.05,"spark_index":98,"adv_plus":97,"runner_plus":92,"out_avoid_plus":112,"money_kl_plus":53,"teho_plus":31,"teho_plus_adj":31},{"year":2026,"season_id":129,"team":"PuPe","age":null,"games":11,"turns_at_bat":55,"vyk":0.16,"spark_index":90,"adv_plus":88,"runner_plus":82,"out_avoid_plus":106,"money_kl_plus":105,"teho_plus":87,"teho_plus_adj":86}],"line":{"player_id":11632,"name":"Jero Inola","born_year":null,"year":2026,"games":11,"team":"PuPe","turns_at_bat":55,"kunnarit":0,"lyodyt":8,"tuodut":0,"karkilyonnit":24,"karki_yritykset":49,"saatot":58,"saatto_yritykset":117,"etenemiset":38,"eteneminen_yritykset":79,"haavat":25,"palot":16,"season_id":129,"tehot":8,"kl_pct":0.4897959183673469,"saatto_pct":0.49572649572649574,"eten_pct":0.4810126582278481,"kunnari_rate":0.0,"lyoty_rate":0.14545454545454545,"tuotu_rate":0.0,"haava_rate":0.45454545454545453,"palo_rate":0.2909090909090909,"tehot_per_turn":0.14545454545454545,"kl_per_turn":0.43636363636363634,"hr_rbi_per_turn":0.14545454545454545,"kl_base0":0.375,"kl_base0_tries":8,"kl_base1":0.2,"kl_base1_tries":5,"kl_base2":0.631578947368421,"kl_base2_tries":19,"kl_base3":0.47058823529411764,"kl_base3_tries":17,"adv1_pct":0.375,"adv2_pct":0.2,"adv3_pct":0.631578947368421,"adv_home_pct":0.47058823529411764,"money_kl_pct":0.47058823529411764,"money_kl_tries":17,"pos":"1V","teho_plus":87,"adv_plus":88,"runner_plus":82,"out_avoid_plus":106,"adv1_plus":79,"adv2_plus":36,"adv3_plus":110,"adv_home_plus":105,"money_kl_plus":105,"spark_index":90,"run_value":4.543788327582104,"raa":-1.1,"jyk":1.9,"vyk":0.16,"teho_plus_adj":86,"pct_kl_pct":41,"pct_saatto_pct":15,"pct_eten_pct":8,"pct_kunnari_rate":31,"pct_lyoty_rate":80,"pct_palo_rate":56,"pct_tehot_per_turn":52},"proj":{"player_id":11632,"name":"Jero Inola","as_of":"2026-07-05","age":null,"stats":{"kl_pct":{"rate":0.5029287268342842,"effective_n":73.12397656144958,"observed":0.4955488828840458},"saatto_pct":{"rate":0.5403087989724698,"effective_n":146.32245792755165,"observed":0.5266775388334896},"eten_pct":{"rate":0.5360435578330077,"effective_n":107.49619337764871,"observed":0.5117259676599547},"kunnari_rate":{"rate":0.004341103856570476,"effective_n":107.44883990878833,"observed":0.001980189184935844},"lyoty_rate":{"rate":0.09180236482403249,"effective_n":85.13690916401958,"observed":0.10763725914114833},"haava_rate":{"rate":0.43965517373922447,"effective_n":61.47268528596309,"observed":0.46326925545892605},"palo_rate":{"rate":0.30375970127905294,"effective_n":70.9293520720191,"observed":0.2751567082100452}},"teho_plus_proj":154},"translation":{"wrc_plus":101,"tier":"league-average regular","rows":[{"pesis_label":"Kärkilyönti-% (advance the lead runner)","pesis_value":0.4897959183673469,"percentile":41,"mlb_stat":"AVG","mlb_value":"0.235"},{"pesis_label":"Kärkilyönnit per turn (base hits)","pesis_value":0.43636363636363634,"percentile":33,"mlb_stat":"H / 600 PA","mlb_value":"140"},{"pesis_label":"Lyödyt per turn (runs batted home)","pesis_value":0.14545454545454545,"percentile":80,"mlb_stat":"RBI / 600 PA","mlb_value":"89"},{"pesis_label":"Tuodut per advance (runs scored)","pesis_value":0.0,"percentile":2,"mlb_stat":"R / 600 PA","mlb_value":"39"},{"pesis_label":"Palot per turn (burned outs)","pesis_value":0.2909090909090909,"percentile":56,"mlb_stat":"K%","mlb_value":"21.4%"}]},"pitching":null,"career_json":[{"year":2024,"kl_pct":0.46153846153846156,"teho_plus":70},{"year":2025,"kl_pct":0.5135135135135135,"teho_plus":31},{"year":2026,"kl_pct":0.4897959183673469,"teho_plus":87}],"pct_stats":["kl_pct","saatto_pct","eten_pct","kunnari_rate","lyoty_rate","palo_rate","tehot_per_turn"],"base_kl":{"player_id":11632,"turns_at_bat":55,"kl_base0":0.375,"kl_base0_tries":8,"kl_base1":0.2,"kl_base1_tries":5,"kl_base2":0.631578947368421,"kl_base2_tries":19,"kl_base3":0.47058823529411764,"kl_base3_tries":17,"pct_kl_base0":38,"pct_kl_base1":7,"pct_kl_base2":66,"pct_kl_base3":60},"base_keys":["kl_base0","kl_base1","kl_base2","kl_base3"],"comps":[]}