{"player":{"id":11704,"name":"Helmi Manninen","born_year":null},"career":[{"year":2026,"age":null,"games":12,"turns_at_bat":78,"vyk":-0.02,"spark_index":95,"adv_plus":100,"runner_plus":95,"out_avoid_plus":83,"money_kl_plus":null,"teho_plus":54,"teho_plus_adj":55}],"line":{"player_id":11704,"name":"Helmi Manninen","born_year":null,"year":2026,"games":12,"team":"HP-K","turns_at_bat":78,"kunnarit":0,"lyodyt":0,"tuodut":9,"karkilyonnit":42,"karki_yritykset":75,"saatot":79,"saatto_yritykset":123,"etenemiset":92,"eteneminen_yritykset":153,"haavat":26,"palot":35,"season_id":4,"tehot":9,"kl_pct":0.56,"saatto_pct":0.6422764227642277,"eten_pct":0.6013071895424836,"kunnari_rate":0.0,"lyoty_rate":0.0,"tuotu_rate":0.058823529411764705,"haava_rate":0.3333333333333333,"palo_rate":0.44871794871794873,"tehot_per_turn":0.11538461538461539,"kl_per_turn":0.5384615384615384,"hr_rbi_per_turn":0.0,"kl_base0":0.46875,"kl_base0_tries":32,"kl_base1":0.7096774193548387,"kl_base1_tries":31,"kl_base2":0.4166666666666667,"kl_base2_tries":12,"kl_base3":null,"kl_base3_tries":0,"adv1_pct":0.46875,"adv2_pct":0.7096774193548387,"adv3_pct":0.4166666666666667,"adv_home_pct":null,"money_kl_pct":null,"money_kl_tries":0,"pos":"L","teho_plus":54,"adv_plus":100,"runner_plus":95,"out_avoid_plus":83,"adv1_plus":81,"adv2_plus":123,"adv3_plus":66,"adv_home_plus":null,"money_kl_plus":null,"spark_index":95,"run_value":5.221016544904941,"raa":-4.5,"jyk":-0.3,"vyk":-0.02,"teho_plus_adj":55,"pct_kl_pct":45,"pct_saatto_pct":53,"pct_eten_pct":30,"pct_kunnari_rate":36,"pct_lyoty_rate":7,"pct_palo_rate":20,"pct_tehot_per_turn":17},"proj":{"player_id":11704,"name":"Helmi Manninen","as_of":"2026-07-01","age":null,"stats":{"kl_pct":{"rate":0.5653281629532335,"effective_n":69.48628478024747,"observed":0.5628171033131916},"saatto_pct":{"rate":0.6413090061576522,"effective_n":110.57228864072282,"observed":0.6432506548546517},"eten_pct":{"rate":0.6128771521942061,"effective_n":138.3188291250017,"observed":0.605395081767191},"kunnari_rate":{"rate":0.003289897251059296,"effective_n":74.04473256719618,"observed":0.0},"lyoty_rate":{"rate":0.050968736533711576,"effective_n":72.16867065112535,"observed":0.0},"haava_rate":{"rate":0.356979164711555,"effective_n":68.60707822913507,"observed":0.32849332135034537},"palo_rate":{"rate":0.38628987255240677,"effective_n":70.35692665417128,"observed":0.44634541452186094}},"teho_plus_proj":112},"translation":{"wrc_plus":76,"tier":"bench bat","rows":[{"pesis_label":"Kärkilyönti-% (advance the lead runner)","pesis_value":0.56,"percentile":45,"mlb_stat":"AVG","mlb_value":"0.242"},{"pesis_label":"Kärkilyönnit per turn (base hits)","pesis_value":0.5384615384615384,"percentile":50,"mlb_stat":"H / 600 PA","mlb_value":"150"},{"pesis_label":"Lyödyt per turn (runs batted home)","pesis_value":0.0,"percentile":7,"mlb_stat":"RBI / 600 PA","mlb_value":"42"},{"pesis_label":"Tuodut per advance (runs scored)","pesis_value":0.058823529411764705,"percentile":62,"mlb_stat":"R / 600 PA","mlb_value":"81"},{"pesis_label":"Palot per turn (burned outs)","pesis_value":0.44871794871794873,"percentile":20,"mlb_stat":"K%","mlb_value":"26.8%"}]},"pitching":{"era":"4.82","tier":"swingman","games":10,"rows":[{"pesis":"Päästetyt juoksut / ottelu (LRA)","arvo":"10.80","pctile":18,"mlb":"ERA","kaannos":"4.82"},{"pesis":"LRA- (sarjaindeksi, 100 = ka.)","arvo":"147","pctile":null,"mlb":"ERA-","kaannos":"147"},{"pesis":"Estetyt juoksut (kausi)","arvo":"-34.6","pctile":null,"mlb":"Runs saved","kaannos":"-34.6"}]},"career_json":[{"year":2026,"kl_pct":0.56,"teho_plus":54}],"pct_stats":["kl_pct","saatto_pct","eten_pct","kunnari_rate","lyoty_rate","palo_rate","tehot_per_turn"],"base_kl":{"player_id":11704,"turns_at_bat":78,"kl_base0":0.46875,"kl_base0_tries":32,"kl_base1":0.7096774193548387,"kl_base1_tries":31,"kl_base2":0.4166666666666667,"kl_base2_tries":12,"kl_base3":null,"kl_base3_tries":0,"pct_kl_base0":38,"pct_kl_base1":78,"pct_kl_base2":11,"pct_kl_base3":null},"base_keys":["kl_base0","kl_base1","kl_base2","kl_base3"],"comps":[]}