{"player":{"id":11720,"name":"Jali Hyttinen","born_year":null},"career":[{"player_id":11720,"name":"Jali Hyttinen","born_year":null,"year":2026,"games":15,"team":"KaMa","turns_at_bat":103,"kunnarit":0,"lyodyt":1,"tuodut":9,"karkilyonnit":54,"karki_yritykset":102,"saatot":90,"saatto_yritykset":155,"etenemiset":107,"eteneminen_yritykset":184,"haavat":32,"palot":45,"season_id":3,"tehot":10,"kl_pct":0.5294117647058824,"saatto_pct":0.5806451612903226,"eten_pct":0.5815217391304348,"kunnari_rate":0.0,"lyoty_rate":0.009708737864077669,"tuotu_rate":0.04891304347826087,"haava_rate":0.3106796116504854,"palo_rate":0.4368932038834951,"tehot_per_turn":0.0970873786407767,"kl_per_turn":0.5242718446601942,"hr_rbi_per_turn":0.009708737864077669,"kl_base0":0.5555555555555556,"kl_base0_tries":45,"kl_base1":0.5609756097560976,"kl_base1_tries":41,"kl_base2":0.5,"kl_base2_tries":10,"kl_base3":0.16666666666666666,"kl_base3_tries":6,"adv1_pct":0.5555555555555556,"adv2_pct":0.5609756097560976,"adv3_pct":0.5,"adv_home_pct":0.16666666666666666,"money_kl_pct":0.16666666666666666,"money_kl_tries":6,"teho_plus":58,"adv_plus":99,"runner_plus":99,"out_avoid_plus":84,"adv1_plus":116,"adv2_plus":101,"adv3_plus":87,"adv_home_plus":37,"money_kl_plus":37,"spark_index":96,"run_value":7.740787016800916,"raa":-3.3,"jyk":2.6,"vyk":0.22,"teho_plus_adj":57}],"line":{"player_id":11720,"name":"Jali Hyttinen","born_year":null,"year":2026,"games":15,"team":"KaMa","turns_at_bat":103,"kunnarit":0,"lyodyt":1,"tuodut":9,"karkilyonnit":54,"karki_yritykset":102,"saatot":90,"saatto_yritykset":155,"etenemiset":107,"eteneminen_yritykset":184,"haavat":32,"palot":45,"season_id":3,"tehot":10,"kl_pct":0.5294117647058824,"saatto_pct":0.5806451612903226,"eten_pct":0.5815217391304348,"kunnari_rate":0.0,"lyoty_rate":0.009708737864077669,"tuotu_rate":0.04891304347826087,"haava_rate":0.3106796116504854,"palo_rate":0.4368932038834951,"tehot_per_turn":0.0970873786407767,"kl_per_turn":0.5242718446601942,"hr_rbi_per_turn":0.009708737864077669,"kl_base0":0.5555555555555556,"kl_base0_tries":45,"kl_base1":0.5609756097560976,"kl_base1_tries":41,"kl_base2":0.5,"kl_base2_tries":10,"kl_base3":0.16666666666666666,"kl_base3_tries":6,"adv1_pct":0.5555555555555556,"adv2_pct":0.5609756097560976,"adv3_pct":0.5,"adv_home_pct":0.16666666666666666,"money_kl_pct":0.16666666666666666,"money_kl_tries":6,"teho_plus":58,"adv_plus":99,"runner_plus":99,"out_avoid_plus":84,"adv1_plus":116,"adv2_plus":101,"adv3_plus":87,"adv_home_plus":37,"money_kl_plus":37,"spark_index":96,"run_value":7.740787016800916,"raa":-3.3,"jyk":2.6,"vyk":0.22,"teho_plus_adj":57,"pct_kl_pct":50,"pct_saatto_pct":40,"pct_eten_pct":45,"pct_kunnari_rate":31,"pct_lyoty_rate":26,"pct_palo_rate":18,"pct_tehot_per_turn":28},"proj":{"player_id":11720,"name":"Jali Hyttinen","as_of":"2026-07-02","age":null,"stats":{"kl_pct":{"rate":0.5214158477019166,"effective_n":94.05886176669317,"observed":0.5264959820756687},"saatto_pct":{"rate":0.5823349751806904,"effective_n":138.6349223042752,"observed":0.5795064219483917},"eten_pct":{"rate":0.5848176662402078,"effective_n":164.25923819074995,"observed":0.5831377934357068},"kunnari_rate":{"rate":0.0035168557887465283,"effective_n":97.31238518718743,"observed":0.0},"lyoty_rate":{"rate":0.04020317604566582,"effective_n":94.62438601748828,"observed":0.00974464898484051},"haava_rate":{"rate":0.3705754145501838,"effective_n":89.53951650648534,"observed":0.31182255413355864},"palo_rate":{"rate":0.3841350469129896,"effective_n":92.03473823870985,"observed":0.43238189844413266}},"teho_plus_proj":130},"career_json":[{"year":2026,"kl_pct":0.5294117647058824,"teho_plus":58}],"pct_stats":["kl_pct","saatto_pct","eten_pct","kunnari_rate","lyoty_rate","palo_rate","tehot_per_turn"],"base_kl":{"player_id":11720,"turns_at_bat":103,"kl_base0":0.5555555555555556,"kl_base0_tries":45,"kl_base1":0.5609756097560976,"kl_base1_tries":41,"kl_base2":0.5,"kl_base2_tries":10,"kl_base3":0.16666666666666666,"kl_base3_tries":6,"pct_kl_base0":79,"pct_kl_base1":56,"pct_kl_base2":34,"pct_kl_base3":17},"base_keys":["kl_base0","kl_base1","kl_base2","kl_base3"],"comps":[]}