{"player":{"id":11779,"name":"Siiri Kantanen","born_year":null},"career":[{"year":2021,"season_id":173,"team":"Kirittäret","age":null,"games":12,"turns_at_bat":66,"vyk":-0.12,"spark_index":83,"adv_plus":78,"runner_plus":92,"out_avoid_plus":82,"money_kl_plus":135,"teho_plus":76,"teho_plus_adj":78},{"year":2022,"season_id":174,"team":"Kirittäret","age":null,"games":10,"turns_at_bat":60,"vyk":0.12,"spark_index":100,"adv_plus":93,"runner_plus":101,"out_avoid_plus":117,"money_kl_plus":92,"teho_plus":74,"teho_plus_adj":75}],"line":{"player_id":11779,"name":"Siiri Kantanen","born_year":null,"year":2022,"games":10,"team":"Kirittäret","turns_at_bat":60,"kunnarit":0,"lyodyt":8,"tuodut":5,"karkilyonnit":24,"karki_yritykset":46,"saatot":68,"saatto_yritykset":107,"etenemiset":70,"eteneminen_yritykset":106,"haavat":25,"palot":11,"season_id":174,"tehot":13,"kl_pct":0.5217391304347826,"saatto_pct":0.6355140186915887,"eten_pct":0.660377358490566,"kunnari_rate":0.0,"lyoty_rate":0.13333333333333333,"tuotu_rate":0.04716981132075472,"haava_rate":0.4166666666666667,"palo_rate":0.18333333333333332,"tehot_per_turn":0.21666666666666667,"kl_per_turn":0.4,"hr_rbi_per_turn":0.13333333333333333,"kl_base0":0.6153846153846154,"kl_base0_tries":13,"kl_base1":0.42857142857142855,"kl_base1_tries":7,"kl_base2":0.45454545454545453,"kl_base2_tries":11,"kl_base3":0.5333333333333333,"kl_base3_tries":15,"adv1_pct":0.6153846153846154,"adv2_pct":0.42857142857142855,"adv3_pct":0.45454545454545453,"adv_home_pct":0.5333333333333333,"money_kl_pct":0.5333333333333333,"money_kl_tries":15,"pos":"S","teho_plus":74,"adv_plus":93,"runner_plus":101,"out_avoid_plus":117,"adv1_plus":107,"adv2_plus":70,"adv3_plus":66,"adv_home_plus":92,"money_kl_plus":92,"spark_index":100,"run_value":8.00377064816544,"raa":-2.0,"jyk":2.7,"vyk":0.12,"teho_plus_adj":75,"pct_kl_pct":19,"pct_saatto_pct":42,"pct_eten_pct":58,"pct_kunnari_rate":27,"pct_lyoty_rate":64,"pct_palo_rate":92,"pct_tehot_per_turn":36},"proj":null,"translation":null,"pitching":null,"career_json":[{"year":2021,"kl_pct":0.4807692307692308,"teho_plus":76},{"year":2022,"kl_pct":0.5217391304347826,"teho_plus":74}],"pct_stats":["kl_pct","saatto_pct","eten_pct","kunnari_rate","lyoty_rate","palo_rate","tehot_per_turn"],"base_kl":{"player_id":11779,"turns_at_bat":60,"kl_base0":0.6153846153846154,"kl_base0_tries":13,"kl_base1":0.42857142857142855,"kl_base1_tries":7,"kl_base2":0.45454545454545453,"kl_base2_tries":11,"kl_base3":0.5333333333333333,"kl_base3_tries":15,"pct_kl_base0":64,"pct_kl_base1":16,"pct_kl_base2":9,"pct_kl_base3":44},"base_keys":["kl_base0","kl_base1","kl_base2","kl_base3"],"comps":[]}