{"player":{"id":11803,"name":"Miika Hangasmaa","born_year":null},"career":[{"player_id":11803,"name":"Miika Hangasmaa","born_year":null,"year":2026,"games":13,"team":"SiiPe","turns_at_bat":60,"kunnarit":1,"lyodyt":8,"tuodut":1,"karkilyonnit":25,"karki_yritykset":56,"saatot":67,"saatto_yritykset":129,"etenemiset":49,"eteneminen_yritykset":93,"haavat":31,"palot":13,"season_id":3,"tehot":10,"kl_pct":0.44642857142857145,"saatto_pct":0.5193798449612403,"eten_pct":0.5268817204301075,"kunnari_rate":0.016666666666666666,"lyoty_rate":0.13333333333333333,"tuotu_rate":0.010752688172043012,"haava_rate":0.5166666666666667,"palo_rate":0.21666666666666667,"tehot_per_turn":0.16666666666666666,"kl_per_turn":0.4166666666666667,"hr_rbi_per_turn":0.15,"kl_base0":0.14285714285714285,"kl_base0_tries":7,"kl_base1":0.3333333333333333,"kl_base1_tries":21,"kl_base2":0.47058823529411764,"kl_base2_tries":17,"kl_base3":0.8181818181818182,"kl_base3_tries":11,"adv1_pct":0.14285714285714285,"adv2_pct":0.3333333333333333,"adv3_pct":0.47058823529411764,"adv_home_pct":0.8181818181818182,"money_kl_pct":0.8181818181818182,"money_kl_tries":11,"teho_plus":99,"adv_plus":88,"runner_plus":89,"out_avoid_plus":117,"adv1_plus":30,"adv2_plus":60,"adv3_plus":82,"adv_home_plus":181,"money_kl_plus":181,"spark_index":94,"teho_plus_adj":99}],"line":{"player_id":11803,"name":"Miika Hangasmaa","born_year":null,"year":2026,"games":13,"team":"SiiPe","turns_at_bat":60,"kunnarit":1,"lyodyt":8,"tuodut":1,"karkilyonnit":25,"karki_yritykset":56,"saatot":67,"saatto_yritykset":129,"etenemiset":49,"eteneminen_yritykset":93,"haavat":31,"palot":13,"season_id":3,"tehot":10,"kl_pct":0.44642857142857145,"saatto_pct":0.5193798449612403,"eten_pct":0.5268817204301075,"kunnari_rate":0.016666666666666666,"lyoty_rate":0.13333333333333333,"tuotu_rate":0.010752688172043012,"haava_rate":0.5166666666666667,"palo_rate":0.21666666666666667,"tehot_per_turn":0.16666666666666666,"kl_per_turn":0.4166666666666667,"hr_rbi_per_turn":0.15,"kl_base0":0.14285714285714285,"kl_base0_tries":7,"kl_base1":0.3333333333333333,"kl_base1_tries":21,"kl_base2":0.47058823529411764,"kl_base2_tries":17,"kl_base3":0.8181818181818182,"kl_base3_tries":11,"adv1_pct":0.14285714285714285,"adv2_pct":0.3333333333333333,"adv3_pct":0.47058823529411764,"adv_home_pct":0.8181818181818182,"money_kl_pct":0.8181818181818182,"money_kl_tries":11,"teho_plus":99,"adv_plus":88,"runner_plus":89,"out_avoid_plus":117,"adv1_plus":30,"adv2_plus":60,"adv3_plus":82,"adv_home_plus":181,"money_kl_plus":181,"spark_index":94,"teho_plus_adj":99,"pct_kl_pct":24,"pct_saatto_pct":21,"pct_eten_pct":20,"pct_kunnari_rate":84,"pct_lyoty_rate":78,"pct_palo_rate":88,"pct_tehot_per_turn":56},"proj":{"player_id":11803,"name":"Miika Hangasmaa","as_of":"2026-07-01","age":null,"stats":{"kl_pct":{"rate":0.48569827529741183,"effective_n":52.28599195189164,"observed":0.45384992308511235},"saatto_pct":{"rate":0.5415921085466755,"effective_n":118.78207521998873,"observed":0.5245705931437048},"eten_pct":{"rate":0.5526769644527761,"effective_n":85.48329070570061,"observed":0.530649622021857},"kunnari_rate":{"rate":0.009874752295824137,"effective_n":57.2540705766759,"observed":0.017222945209437006},"lyoty_rate":{"rate":0.10220862155955214,"effective_n":55.94769869635802,"observed":0.13935610514529878},"haava_rate":{"rate":0.45465399273257034,"effective_n":53.460317180624585,"observed":0.5135229869536078},"palo_rate":{"rate":0.2843438777589468,"effective_n":54.68361630288968,"observed":0.21955468822932991}},"teho_plus_proj":165},"career_json":[{"year":2026,"kl_pct":0.44642857142857145,"teho_plus":99}],"pct_stats":["kl_pct","saatto_pct","eten_pct","kunnari_rate","lyoty_rate","palo_rate","tehot_per_turn"],"base_kl":{"player_id":11803,"turns_at_bat":60,"kl_base0":0.14285714285714285,"kl_base0_tries":7,"kl_base1":0.3333333333333333,"kl_base1_tries":21,"kl_base2":0.47058823529411764,"kl_base2_tries":17,"kl_base3":0.8181818181818182,"kl_base3_tries":11,"pct_kl_base0":12,"pct_kl_base1":16,"pct_kl_base2":27,"pct_kl_base3":88},"base_keys":["kl_base0","kl_base1","kl_base2","kl_base3"],"log":[{"player_id":11803,"season_id":3,"match_id":129571,"date":"2026-05-10","team":"SiiPe","opponent":"Ura","home":0,"turns_at_bat":2,"kunnarit":0,"lyodyt":0,"tuodut":0,"karkilyonnit":0,"karki_yritykset":2,"saatot":0,"saatto_yritykset":4,"etenemiset":0,"eteneminen_yritykset":2,"haavat":2,"palot":0,"stadium":"Neoen Areena, Kannus","tehot":0,"kl_pct":0.0},{"player_id":11803,"season_id":3,"match_id":129577,"date":"2026-05-16","team":"SiiPe","opponent":"SMJ","home":1,"turns_at_bat":6,"kunnarit":0,"lyodyt":0,"tuodut":0,"karkilyonnit":1,"karki_yritykset":6,"saatot":6,"saatto_yritykset":12,"etenemiset":6,"eteneminen_yritykset":11,"haavat":3,"palot":2,"stadium":"Mantun kenttä, Siilinjärvi","tehot":0,"kl_pct":0.16666666666666666},{"player_id":11803,"season_id":3,"match_id":129584,"date":"2026-05-22","team":"SiiPe","opponent":"HP","home":0,"turns_at_bat":2,"kunnarit":0,"lyodyt":0,"tuodut":0,"karkilyonnit":1,"karki_yritykset":2,"saatot":2,"saatto_yritykset":4,"etenemiset":1,"eteneminen_yritykset":2,"haavat":0,"palot":1,"stadium":"Vallikenttä, Hamina","tehot":0,"kl_pct":0.5},{"player_id":11803,"season_id":3,"match_id":129587,"date":"2026-05-23","team":"SiiPe","opponent":"PuMu","home":0,"turns_at_bat":6,"kunnarit":0,"lyodyt":0,"tuodut":0,"karkilyonnit":2,"karki_yritykset":3,"saatot":6,"saatto_yritykset":10,"etenemiset":5,"eteneminen_yritykset":9,"haavat":3,"palot":1,"stadium":"Good Guy Stadion, Meilahti (Helsinki)","tehot":0,"kl_pct":0.6666666666666666},{"player_id":11803,"season_id":3,"match_id":129591,"date":"2026-05-26","team":"SiiPe","opponent":"NJ","home":1,"turns_at_bat":3,"kunnarit":0,"lyodyt":0,"tuodut":0,"karkilyonnit":0,"karki_yritykset":2,"saatot":2,"saatto_yritykset":5,"etenemiset":2,"eteneminen_yritykset":4,"haavat":2,"palot":0,"stadium":"Mantun kenttä, Siilinjärvi","tehot":0,"kl_pct":0.0},{"player_id":11803,"season_id":3,"match_id":129599,"date":"2026-05-31","team":"SiiPe","opponent":"Ura","home":1,"turns_at_bat":4,"kunnarit":0,"lyodyt":0,"tuodut":0,"karkilyonnit":2,"karki_yritykset":4,"saatot":3,"saatto_yritykset":6,"etenemiset":1,"eteneminen_yritykset":3,"haavat":1,"palot":1,"stadium":"Mantun kenttä, Siilinjärvi","tehot":0,"kl_pct":0.5},{"player_id":11803,"season_id":3,"match_id":129667,"date":"2026-06-02","team":"SiiPe","opponent":"KaMa","home":0,"turns_at_bat":5,"kunnarit":0,"lyodyt":0,"tuodut":0,"karkilyonnit":2,"karki_yritykset":6,"saatot":5,"saatto_yritykset":12,"etenemiset":3,"eteneminen_yritykset":8,"haavat":4,"palot":1,"stadium":"Kankaanpää Areena","tehot":0,"kl_pct":0.3333333333333333},{"player_id":11803,"season_id":3,"match_id":129604,"date":"2026-06-05","team":"SiiPe","opponent":"Jkl Kiri","home":0,"turns_at_bat":4,"kunnarit":0,"lyodyt":0,"tuodut":0,"karkilyonnit":0,"karki_yritykset":3,"saatot":0,"saatto_yritykset":5,"etenemiset":0,"eteneminen_yritykset":3,"haavat":3,"palot":0,"stadium":"Hippoksen pesäpallostadion, Jyväskylä","tehot":0,"kl_pct":0.0},{"player_id":11803,"season_id":3,"match_id":129610,"date":"2026-06-09","team":"SiiPe","opponent":"PuMu","home":1,"turns_at_bat":4,"kunnarit":0,"lyodyt":1,"tuodut":0,"karkilyonnit":3,"karki_yritykset":5,"saatot":3,"saatto_yritykset":6,"etenemiset":2,"eteneminen_yritykset":4,"haavat":2,"palot":0,"stadium":"Mantun kenttä, Siilinjärvi","tehot":1,"kl_pct":0.6},{"player_id":11803,"season_id":3,"match_id":129624,"date":"2026-06-17","team":"SiiPe","opponent":"SiKi","home":0,"turns_at_bat":6,"kunnarit":0,"lyodyt":1,"tuodut":0,"karkilyonnit":2,"karki_yritykset":6,"saatot":7,"saatto_yritykset":14,"etenemiset":7,"eteneminen_yritykset":11,"haavat":3,"palot":1,"stadium":"Tuulivoima-areena, Simo","tehot":1,"kl_pct":0.3333333333333333},{"player_id":11803,"season_id":3,"match_id":129629,"date":"2026-06-24","team":"SiiPe","opponent":"SiKi","home":0,"turns_at_bat":6,"kunnarit":1,"lyodyt":4,"tuodut":1,"karkilyonnit":7,"karki_yritykset":8,"saatot":19,"saatto_yritykset":24,"etenemiset":13,