{"player":{"id":11802,"name":"Kasperi  Heinimäki","born_year":null},"career":[{"player_id":11802,"name":"Kasperi  Heinimäki","born_year":null,"year":2026,"games":11,"team":"UPV","turns_at_bat":71,"kunnarit":1,"lyodyt":0,"tuodut":4,"karkilyonnit":34,"karki_yritykset":65,"saatot":44,"saatto_yritykset":85,"etenemiset":65,"eteneminen_yritykset":125,"haavat":33,"palot":27,"season_id":3,"tehot":5,"kl_pct":0.5230769230769231,"saatto_pct":0.5176470588235295,"eten_pct":0.52,"kunnari_rate":0.014084507042253521,"lyoty_rate":0.0,"tuotu_rate":0.032,"haava_rate":0.4647887323943662,"palo_rate":0.38028169014084506,"tehot_per_turn":0.07042253521126761,"kl_per_turn":0.4788732394366197,"hr_rbi_per_turn":0.014084507042253521,"kl_base0":0.5652173913043478,"kl_base0_tries":46,"kl_base1":0.4,"kl_base1_tries":10,"kl_base2":0.5,"kl_base2_tries":6,"kl_base3":0.3333333333333333,"kl_base3_tries":3,"adv1_pct":0.5652173913043478,"adv2_pct":0.4,"adv3_pct":0.5,"adv_home_pct":0.3333333333333333,"money_kl_pct":0.3333333333333333,"money_kl_tries":3,"pos":"3V","teho_plus":42,"adv_plus":92,"runner_plus":88,"out_avoid_plus":92,"adv1_plus":118,"adv2_plus":72,"adv3_plus":87,"adv_home_plus":74,"money_kl_plus":74,"spark_index":91,"run_value":4.884282554809695,"raa":-2.7,"jyk":1.4,"vyk":0.12,"teho_plus_adj":44}],"line":{"player_id":11802,"name":"Kasperi  Heinimäki","born_year":null,"year":2026,"games":11,"team":"UPV","turns_at_bat":71,"kunnarit":1,"lyodyt":0,"tuodut":4,"karkilyonnit":34,"karki_yritykset":65,"saatot":44,"saatto_yritykset":85,"etenemiset":65,"eteneminen_yritykset":125,"haavat":33,"palot":27,"season_id":3,"tehot":5,"kl_pct":0.5230769230769231,"saatto_pct":0.5176470588235295,"eten_pct":0.52,"kunnari_rate":0.014084507042253521,"lyoty_rate":0.0,"tuotu_rate":0.032,"haava_rate":0.4647887323943662,"palo_rate":0.38028169014084506,"tehot_per_turn":0.07042253521126761,"kl_per_turn":0.4788732394366197,"hr_rbi_per_turn":0.014084507042253521,"kl_base0":0.5652173913043478,"kl_base0_tries":46,"kl_base1":0.4,"kl_base1_tries":10,"kl_base2":0.5,"kl_base2_tries":6,"kl_base3":0.3333333333333333,"kl_base3_tries":3,"adv1_pct":0.5652173913043478,"adv2_pct":0.4,"adv3_pct":0.5,"adv_home_pct":0.3333333333333333,"money_kl_pct":0.3333333333333333,"money_kl_tries":3,"pos":"3V","teho_plus":42,"adv_plus":92,"runner_plus":88,"out_avoid_plus":92,"adv1_plus":118,"adv2_plus":72,"adv3_plus":87,"adv_home_plus":74,"money_kl_plus":74,"spark_index":91,"run_value":4.884282554809695,"raa":-2.7,"jyk":1.4,"vyk":0.12,"teho_plus_adj":44,"pct_kl_pct":47,"pct_saatto_pct":20,"pct_eten_pct":15,"pct_kunnari_rate":80,"pct_lyoty_rate":12,"pct_palo_rate":34,"pct_tehot_per_turn":12},"proj":{"player_id":11802,"name":"Kasperi  Heinimäki","as_of":"2026-06-28","age":null,"stats":{"kl_pct":{"rate":0.518942521312987,"effective_n":59.65988552609677,"observed":0.5244643568072425},"saatto_pct":{"rate":0.5457392176744054,"effective_n":75.81992507051683,"observed":0.5212606052764309},"eten_pct":{"rate":0.5410386439901609,"effective_n":112.51679163552654,"observed":0.5191318183173184},"kunnari_rate":{"rate":0.00891186576643548,"effective_n":67.27875638587741,"observed":0.013447733974374598},"lyoty_rate":{"rate":0.04191079932162245,"effective_n":65.50840366899575,"observed":0.0},"haava_rate":{"rate":0.43905956717045524,"effective_n":62.137746822552984,"observed":0.4646110657061767},"palo_rate":{"rate":0.3529475234781956,"effective_n":63.79540704433425,"observed":0.38344163844442186}},"teho_plus_proj":126},"career_json":[{"year":2026,"kl_pct":0.5230769230769231,"teho_plus":42}],"pct_stats":["kl_pct","saatto_pct","eten_pct","kunnari_rate","lyoty_rate","palo_rate","tehot_per_turn"],"base_kl":{"player_id":11802,"turns_at_bat":71,"kl_base0":0.5652173913043478,"kl_base0_tries":46,"kl_base1":0.4,"kl_base1_tries":10,"kl_base2":0.5,"kl_base2_tries":6,"kl_base3":0.3333333333333333,"kl_base3_tries":3,"pct_kl_base0":83,"pct_kl_base1":24,"pct_kl_base2":34,"pct_kl_base3":36},"base_keys":["kl_base0","kl_base1","kl_base2","kl_base3"],"comps":[]}