{"player":{"id":11828,"name":"Roosa Nuolikoski","born_year":null},"career":[{"player_id":11828,"name":"Roosa Nuolikoski","born_year":null,"year":2026,"games":13,"team":"AA","turns_at_bat":78,"kunnarit":1,"lyodyt":19,"tuodut":5,"karkilyonnit":45,"karki_yritykset":84,"saatot":160,"saatto_yritykset":229,"etenemiset":128,"eteneminen_yritykset":176,"haavat":37,"palot":11,"season_id":4,"tehot":25,"kl_pct":0.5357142857142857,"saatto_pct":0.6986899563318777,"eten_pct":0.7272727272727273,"kunnari_rate":0.01282051282051282,"lyoty_rate":0.24358974358974358,"tuotu_rate":0.028409090909090908,"haava_rate":0.47435897435897434,"palo_rate":0.14102564102564102,"tehot_per_turn":0.32051282051282054,"kl_per_turn":0.5769230769230769,"hr_rbi_per_turn":0.2564102564102564,"kl_base0":null,"kl_base0_tries":0,"kl_base1":0.5,"kl_base1_tries":12,"kl_base2":0.7037037037037037,"kl_base2_tries":27,"kl_base3":0.4444444444444444,"kl_base3_tries":45,"adv1_pct":null,"adv2_pct":0.5,"adv3_pct":0.7037037037037037,"adv_home_pct":0.4444444444444444,"money_kl_pct":0.4444444444444444,"money_kl_tries":45,"teho_plus":151,"adv_plus":107,"runner_plus":115,"out_avoid_plus":129,"adv1_plus":null,"adv2_plus":87,"adv3_plus":111,"adv_home_plus":94,"money_kl_plus":94,"spark_index":114,"teho_plus_adj":150}],"line":{"player_id":11828,"name":"Roosa Nuolikoski","born_year":null,"year":2026,"games":13,"team":"AA","turns_at_bat":78,"kunnarit":1,"lyodyt":19,"tuodut":5,"karkilyonnit":45,"karki_yritykset":84,"saatot":160,"saatto_yritykset":229,"etenemiset":128,"eteneminen_yritykset":176,"haavat":37,"palot":11,"season_id":4,"tehot":25,"kl_pct":0.5357142857142857,"saatto_pct":0.6986899563318777,"eten_pct":0.7272727272727273,"kunnari_rate":0.01282051282051282,"lyoty_rate":0.24358974358974358,"tuotu_rate":0.028409090909090908,"haava_rate":0.47435897435897434,"palo_rate":0.14102564102564102,"tehot_per_turn":0.32051282051282054,"kl_per_turn":0.5769230769230769,"hr_rbi_per_turn":0.2564102564102564,"kl_base0":null,"kl_base0_tries":0,"kl_base1":0.5,"kl_base1_tries":12,"kl_base2":0.7037037037037037,"kl_base2_tries":27,"kl_base3":0.4444444444444444,"kl_base3_tries":45,"adv1_pct":null,"adv2_pct":0.5,"adv3_pct":0.7037037037037037,"adv_home_pct":0.4444444444444444,"money_kl_pct":0.4444444444444444,"money_kl_tries":45,"teho_plus":151,"adv_plus":107,"runner_plus":115,"out_avoid_plus":129,"adv1_plus":null,"adv2_plus":87,"adv3_plus":111,"adv_home_plus":94,"money_kl_plus":94,"spark_index":114,"teho_plus_adj":150,"pct_kl_pct":35,"pct_saatto_pct":71,"pct_eten_pct":95,"pct_kunnari_rate":81,"pct_lyoty_rate":87,"pct_palo_rate":97,"pct_tehot_per_turn":84},"proj":{"player_id":11828,"name":"Roosa Nuolikoski","as_of":"2026-07-02","age":null,"stats":{"kl_pct":{"rate":0.5519881973684242,"effective_n":77.75215134811712,"observed":0.5394498672587933},"saatto_pct":{"rate":0.6911827544204538,"effective_n":206.98010550496323,"observed":0.7018583817484271},"eten_pct":{"rate":0.703468551438848,"effective_n":159.69452803780234,"observed":0.7253519483484111},"kunnari_rate":{"rate":0.008294330480149773,"effective_n":73.96425279289426,"observed":0.01312007280681204},"lyoty_rate":{"rate":0.1673136614182946,"effective_n":72.05733468968361,"observed":0.24543545227558486},"haava_rate":{"rate":0.4190917233849851,"effective_n":68.45046139015422,"observed":0.4812815946726888},"palo_rate":{"rate":0.2452146182724293,"effective_n":70.22035792181971,"observed":0.14466404875328956}},"teho_plus_proj":182},"career_json":[{"year":2026,"kl_pct":0.5357142857142857,"teho_plus":151}],"pct_stats":["kl_pct","saatto_pct","eten_pct","kunnari_rate","lyoty_rate","palo_rate","tehot_per_turn"],"base_kl":{"player_id":11828,"turns_at_bat":78,"kl_base0":null,"kl_base0_tries":0,"kl_base1":0.5,"kl_base1_tries":12,"kl_base2":0.7037037037037037,"kl_base2_tries":27,"kl_base3":0.4444444444444444,"kl_base3_tries":45,"pct_kl_base0":null,"pct_kl_base1":38,"pct_kl_base2":66,"pct_kl_base3":39},"base_keys":["kl_base0","kl_base1","kl_base2","kl_base3"],"log":[{"player_id":11828,"season_id":4,"match_id":129280,"date":"2026-05-09","team":"AA","opponent":"Tarmo","home":1,"turns_at_bat":6,"kunnarit":0,"lyodyt":3,"tuodut":0,"karkilyonnit":3,"karki_yritykset":7,"saatot":14,"saatto_yritykset":18,"etenemiset":11,"eteneminen_yritykset":14,"haavat":2,"palot":1,"stadium":"Saltex Areena, Alajärvi","tehot":3,"kl_pct":0.42857142857142855},{"player_id":11828,"season_id":4,"match_id":129375,"date":"2026-05-12","team":"AA","opponent":"SiiPe","home":1,"turns_at_bat":6,"kunnarit":0,"lyodyt":1,"tuodut":0,"karkilyonnit":4,"karki_yritykset":5,"saatot":10,"saatto_yritykset":13,"etenemiset":7,"eteneminen_yritykset":9,"haavat":1,"palot":1,"stadium":"Saltex Areena, Alajärvi","tehot":1,"kl_pct":0.8},{"player_id":11828,"season_id":4,"match_id":129361,"date":"2026-05-15","team":"AA","opponent":"PesäKuula","home":0,"turns_at_bat":6,"kunnarit":0,"lyodyt":1,"tuodut":2,"karkilyonnit":2,"karki_yritykset":6,"saatot":11,"saatto_yritykset":18,"etenemiset":13,"eteneminen_yritykset":16,"haavat":3,"palot":0,"stadium":"Suvannon pesäpallokenttä, Ylivieska","tehot":3,"kl_pct":0.3333333333333333},{"player_id":11828,"season_id":4,"match_id":129309,"date":"2026-05-22","team":"AA","opponent":"Pesä Ysit","home":0,"turns_at_bat":7,"kunnarit":0,"lyodyt":0,"tuodut":1,"karkilyonnit":4,"karki_yritykset":6,"saatot":10,"saatto_yritykset":15,"etenemiset":8,"eteneminen_yritykset":11,"haavat":2,"palot":1,"stadium":"Vanha kenttä, Lappeenranta","tehot":1,"kl_pct":0.6666666666666666},{"player_id":11828,"season_id":4,"match_id":129313,"date":"2026-05-23","team":"AA","opponent":"HP","home":0,"turns_at_bat":5,"kunnarit":0,"lyodyt":0,"tuodut":0,"karkilyonnit":0,"karki_yritykset":5,"saatot":4,"saatto_yritykset":14,"etenemiset":5,"eteneminen_yritykset":8,"haavat":3,"palot":0,"stadium":"Vallikenttä, Hamina","tehot":0,"kl_pct":0.0},{"player_id":11828,"season_id":4,"match_id":129333,"date":"2026-05-28","team":"AA","opponent":"PesäKuula","home":1,"turns_at_bat":2,"kunnarit":0,"lyodyt":0,"tuodut":0,"karkilyonnit":1,"karki_yritykset":2,"saatot":4,"saatto_yritykset":7,"etenemiset":3,"eteneminen_yritykset":5,"haavat":1,"palot":1,"stadium":"Saltex Areena, Alajärvi","tehot":0,"kl_pct":0.5},{"player_id":11828,"season_id":4,"match_id":129345,"date":"2026-06-03","team":"AA","opponent":"TyTe","home":0,"turns_at_bat":5,"kunnarit":0,"lyodyt":0,"tuodut":0,"karkilyonnit":3,"karki_yritykset":7,"saatot":11,"saatto_yritykset":17,"etenemiset":8,"eteneminen_yritykset":9,"haavat":1,"palot":0,"stadium":"Tyrnävän pesäpallokenttä","tehot":0,"kl_pct":0.42857142857142855},{"player_id":11828,"season_id":4,"match_id":129366,"date":"2026-06-06","team":"AA","opponent":"Lavepesis","home":0,"turns_at_bat":4,"kunnarit":0,"lyodyt":1,"tuodut":0,"karkilyonnit":2,"karki_yritykset":4,"saatot":10,"saatto_yritykset":12,"etenemiset":8,"eteneminen_yritykset":11,"haavat":3,"palot":0,"stadium":"Veikkolan pesäpallostadion, Lappajärvi","tehot":1,"kl_pct":0.5},{"player_id":11828,"season_id":4,"match_id":129376,"date":"2026-06-12","team":"AA","opponent":"KPK","home":1,"turns_at_bat":6,"kunnarit":0,"lyodyt":2,"tuodut":0,"karkilyonnit":2,"karki_yritykset":7,"saatot":12,"saatto_yritykset":19,"etenemiset":10,"eteneminen_yritykset":15,"haavat":4,"palot":1,"stadium":"Saltex Areena, Alajärvi","tehot":2,"kl_pct":0.2857142857142857},{"player_id":11828,"season_id":4,"match_id":129327,"date":"2026-06-17","team":"AA","opponent":"SMJ","home":1,"turns_at_bat":10,"kunnarit":1,"lyodyt":8,"tuodut":1,"karkilyonnit":11,"karki_yritykset":14,"saatot":30,"saatto_yritykset":37,"etenemiset":20,"eteneminen_yritykset":27,"haavat":7,"palot":0,"stadium":"Saltex Areena, Alajärvi","tehot":10,"kl_pct":0.7857142857142857},{"player_id":11828,"season_id":4,"match_id":129373,"date":"2026-06-23","team":"AA","opponent":"TyTe","home":1,"turns_at_bat":6,"kunnarit":0,"lyodyt":1,"tuodut":0,"karkilyonnit":5,"karki_yritykset":6,"saatot":10,"saatto_yritykset":13,"etenemiset":6,"eteneminen_yritykset":10,"haavat":2,"palot":2,