{"player":{"id":11828,"name":"Roosa Nuolikoski","born_year":null},"career":[{"year":2025,"season_id":126,"team":"AA","age":null,"games":23,"turns_at_bat":148,"vyk":0.65,"spark_index":104,"adv_plus":102,"runner_plus":101,"out_avoid_plus":113,"money_kl_plus":101,"teho_plus":107,"teho_plus_adj":104},{"year":2026,"season_id":130,"team":"AA","age":null,"games":16,"turns_at_bat":100,"vyk":0.92,"spark_index":112,"adv_plus":107,"runner_plus":112,"out_avoid_plus":127,"money_kl_plus":105,"teho_plus":167,"teho_plus_adj":161}],"line":{"player_id":11828,"name":"Roosa Nuolikoski","born_year":null,"year":2026,"games":16,"team":"AA","turns_at_bat":100,"kunnarit":2,"lyodyt":26,"tuodut":8,"karkilyonnit":59,"karki_yritykset":106,"saatot":198,"saatto_yritykset":285,"etenemiset":159,"eteneminen_yritykset":224,"haavat":50,"palot":15,"season_id":130,"tehot":36,"kl_pct":0.5566037735849056,"saatto_pct":0.6947368421052632,"eten_pct":0.7098214285714286,"kunnari_rate":0.02,"lyoty_rate":0.26,"tuotu_rate":0.03571428571428571,"haava_rate":0.5,"palo_rate":0.15,"tehot_per_turn":0.36,"kl_per_turn":0.59,"hr_rbi_per_turn":0.28,"kl_base0":0.0,"kl_base0_tries":1,"kl_base1":0.5294117647058824,"kl_base1_tries":17,"kl_base2":0.6875,"kl_base2_tries":32,"kl_base3":0.5,"kl_base3_tries":56,"adv1_pct":0.0,"adv2_pct":0.5294117647058824,"adv3_pct":0.6875,"adv_home_pct":0.5,"money_kl_pct":0.5,"money_kl_tries":56,"pos":"1V","teho_plus":167,"adv_plus":107,"runner_plus":112,"out_avoid_plus":127,"adv1_plus":0,"adv2_plus":91,"adv3_plus":108,"adv_home_plus":105,"money_kl_plus":105,"spark_index":112,"run_value":22.41049343079515,"raa":9.1,"jyk":13.9,"vyk":0.92,"teho_plus_adj":161,"pct_kl_pct":44,"pct_saatto_pct":69,"pct_eten_pct":89,"pct_kunnari_rate":89,"pct_lyoty_rate":90,"pct_palo_rate":96,"pct_tehot_per_turn":91},"proj":{"player_id":11828,"name":"Roosa Nuolikoski","as_of":"2026-07-08","age":null,"stats":{"kl_pct":{"rate":0.5610862020088768,"effective_n":140.42793073931608,"observed":0.5575970975115478},"saatto_pct":{"rate":0.6832694994352164,"effective_n":336.1040703031243,"observed":0.6888882575228222},"eten_pct":{"rate":0.6806857808012422,"effective_n":273.2491640555353,"observed":0.6892779816850819},"kunnari_rate":{"rate":0.009205103532754418,"effective_n":164.42703442429755,"observed":0.011900898547271539},"lyoty_rate":{"rate":0.17950444372704824,"effective_n":140.20624819103222,"observed":0.2259927713252948},"haava_rate":{"rate":0.44895269820496253,"effective_n":110.51720738862103,"observed":0.5127908434316074},"palo_rate":{"rate":0.2381594811537328,"effective_n":122.9618315093325,"observed":0.17735750633477387}},"teho_plus_proj":183},"translation":{"wrc_plus":134,"tier":"All-Star","rows":[{"pesis_label":"Kärkilyönti-% (advance the lead runner)","pesis_value":0.5566037735849056,"percentile":44,"mlb_stat":"AVG","mlb_value":"0.240"},{"pesis_label":"Kärkilyönnit per turn (base hits)","pesis_value":0.59,"percentile":63,"mlb_stat":"H / 600 PA","mlb_value":"157"},{"pesis_label":"Lyödyt per turn (runs batted home)","pesis_value":0.26,"percentile":90,"mlb_stat":"RBI / 600 PA","mlb_value":"98"},{"pesis_label":"Tuodut per advance (runs scored)","pesis_value":0.03571428571428571,"percentile":33,"mlb_stat":"R / 600 PA","mlb_value":"68"},{"pesis_label":"Palot per turn (burned outs)","pesis_value":0.15,"percentile":96,"mlb_stat":"K%","mlb_value":"12.6%"}]},"pitching":null,"career_json":[{"year":2025,"kl_pct":0.5454545454545454,"teho_plus":107},{"year":2026,"kl_pct":0.5566037735849056,"teho_plus":167}],"pct_stats":["kl_pct","saatto_pct","eten_pct","kunnari_rate","lyoty_rate","palo_rate","tehot_per_turn"],"base_kl":{"player_id":11828,"turns_at_bat":100,"kl_base0":0.0,"kl_base0_tries":1,"kl_base1":0.5294117647058824,"kl_base1_tries":17,"kl_base2":0.6875,"kl_base2_tries":32,"kl_base3":0.5,"kl_base3_tries":56,"pct_kl_base0":5,"pct_kl_base1":43,"pct_kl_base2":60,"pct_kl_base3":53},"base_keys":["kl_base0","kl_base1","kl_base2","kl_base3"],"comps":[]}