{"player":{"id":11838,"name":"Antti Lepola","born_year":null},"career":[{"year":2025,"season_id":125,"team":"Jkl Lohi","age":null,"games":24,"turns_at_bat":154,"vyk":-0.0,"spark_index":92,"adv_plus":94,"runner_plus":91,"out_avoid_plus":89,"money_kl_plus":107,"teho_plus":46,"teho_plus_adj":47},{"year":2026,"season_id":129,"team":"KaMa","age":null,"games":17,"turns_at_bat":104,"vyk":0.1,"spark_index":93,"adv_plus":96,"runner_plus":95,"out_avoid_plus":82,"money_kl_plus":37,"teho_plus":56,"teho_plus_adj":57}],"line":{"player_id":11838,"name":"Antti Lepola","born_year":null,"year":2026,"games":17,"team":"KaMa","turns_at_bat":104,"kunnarit":0,"lyodyt":1,"tuodut":9,"karkilyonnit":38,"karki_yritykset":81,"saatot":95,"saatto_yritykset":163,"etenemiset":107,"eteneminen_yritykset":191,"haavat":37,"palot":47,"season_id":129,"tehot":10,"kl_pct":0.4691358024691358,"saatto_pct":0.5828220858895705,"eten_pct":0.5602094240837696,"kunnari_rate":0.0,"lyoty_rate":0.009615384615384616,"tuotu_rate":0.04712041884816754,"haava_rate":0.3557692307692308,"palo_rate":0.4519230769230769,"tehot_per_turn":0.09615384615384616,"kl_per_turn":0.36538461538461536,"hr_rbi_per_turn":0.009615384615384616,"kl_base0":0.42857142857142855,"kl_base0_tries":21,"kl_base1":0.48717948717948717,"kl_base1_tries":39,"kl_base2":0.6,"kl_base2_tries":15,"kl_base3":0.16666666666666666,"kl_base3_tries":6,"adv1_pct":0.42857142857142855,"adv2_pct":0.48717948717948717,"adv3_pct":0.6,"adv_home_pct":0.16666666666666666,"money_kl_pct":0.16666666666666666,"money_kl_tries":6,"pos":"3V","teho_plus":56,"adv_plus":96,"runner_plus":95,"out_avoid_plus":82,"adv1_plus":89,"adv2_plus":89,"adv3_plus":104,"adv_home_plus":37,"money_kl_plus":37,"spark_index":93,"run_value":5.578205858924078,"raa":-4.4,"jyk":1.2,"vyk":0.1,"teho_plus_adj":57,"pct_kl_pct":28,"pct_saatto_pct":48,"pct_eten_pct":37,"pct_kunnari_rate":29,"pct_lyoty_rate":22,"pct_palo_rate":12,"pct_tehot_per_turn":29},"proj":{"player_id":11838,"name":"Antti Lepola","as_of":"2026-07-11","age":null,"stats":{"kl_pct":{"rate":0.48274388737112256,"effective_n":120.18008523319043,"observed":0.4670750149954682},"saatto_pct":{"rate":0.5931969475545188,"effective_n":203.73254072829553,"observed":0.5934311820362785},"eten_pct":{"rate":0.5654143464608589,"effective_n":229.712144417297,"observed":0.5600271006922166},"kunnari_rate":{"rate":0.0027744539503329582,"effective_n":168.9322880295194,"observed":0.0},"lyoty_rate":{"rate":0.03299283488652764,"effective_n":143.0838467843507,"observed":0.008623584269743313},"haava_rate":{"rate":0.39172750257003697,"effective_n":111.19298981413208,"observed":0.3626010707353893},"palo_rate":{"rate":0.39884954031419406,"effective_n":124.61043455842864,"observed":0.44424085994390966}},"teho_plus_proj":121},"translation":{"wrc_plus":86,"tier":"bench bat","rows":[{"pesis_label":"Kärkilyönti-% (advance the lead runner)","pesis_value":0.4691358024691358,"percentile":28,"mlb_stat":"AVG","mlb_value":"0.213"},{"pesis_label":"Kärkilyönnit per turn (base hits)","pesis_value":0.36538461538461536,"percentile":15,"mlb_stat":"H / 600 PA","mlb_value":"127"},{"pesis_label":"Lyödyt per turn (runs batted home)","pesis_value":0.009615384615384616,"percentile":22,"mlb_stat":"RBI / 600 PA","mlb_value":"57"},{"pesis_label":"Tuodut per advance (runs scored)","pesis_value":0.04712041884816754,"percentile":60,"mlb_stat":"R / 600 PA","mlb_value":"81"},{"pesis_label":"Palot per turn (burned outs)","pesis_value":0.4519230769230769,"percentile":12,"mlb_stat":"K%","mlb_value":"28.7%"}]},"pitching":null,"career_json":[{"year":2025,"kl_pct":0.44594594594594594,"teho_plus":46},{"year":2026,"kl_pct":0.4691358024691358,"teho_plus":56}],"pct_stats":["kl_pct","saatto_pct","eten_pct","kunnari_rate","lyoty_rate","palo_rate","tehot_per_turn"],"base_kl":{"player_id":11838,"turns_at_bat":104,"kl_base0":0.42857142857142855,"kl_base0_tries":21,"kl_base1":0.48717948717948717,"kl_base1_tries":39,"kl_base2":0.6,"kl_base2_tries":15,"kl_base3":0.16666666666666666,"kl_base3_tries":6,"pct_kl_base0":47,"pct_kl_base1":36,"pct_kl_base2":56,"pct_kl_base3":14},"base_keys":["kl_base0","kl_base1","kl_base2","kl_base3"],"comps":[]}