{"player":{"id":11851,"name":"Marko Kukkonen","born_year":null},"career":[{"year":2021,"season_id":151,"team":"SiKi","age":null,"games":11,"turns_at_bat":78,"vyk":0.17,"spark_index":101,"adv_plus":104,"runner_plus":96,"out_avoid_plus":99,"money_kl_plus":59,"teho_plus":45,"teho_plus_adj":42}],"line":{"player_id":11851,"name":"Marko Kukkonen","born_year":null,"year":2021,"games":11,"team":"SiKi","turns_at_bat":78,"kunnarit":0,"lyodyt":1,"tuodut":8,"karkilyonnit":40,"karki_yritykset":65,"saatot":87,"saatto_yritykset":132,"etenemiset":95,"eteneminen_yritykset":156,"haavat":38,"palot":23,"season_id":151,"tehot":9,"kl_pct":0.6153846153846154,"saatto_pct":0.6590909090909091,"eten_pct":0.6089743589743589,"kunnari_rate":0.0,"lyoty_rate":0.01282051282051282,"tuotu_rate":0.05128205128205128,"haava_rate":0.48717948717948717,"palo_rate":0.2948717948717949,"tehot_per_turn":0.11538461538461539,"kl_per_turn":0.5128205128205128,"hr_rbi_per_turn":0.01282051282051282,"kl_base0":0.6363636363636364,"kl_base0_tries":22,"kl_base1":0.5555555555555556,"kl_base1_tries":27,"kl_base2":0.7692307692307693,"kl_base2_tries":13,"kl_base3":0.3333333333333333,"kl_base3_tries":3,"adv1_pct":0.6363636363636364,"adv2_pct":0.5555555555555556,"adv3_pct":0.7692307692307693,"adv_home_pct":0.3333333333333333,"money_kl_pct":0.3333333333333333,"money_kl_tries":3,"pos":"2K","teho_plus":45,"adv_plus":104,"runner_plus":96,"out_avoid_plus":99,"adv1_plus":120,"adv2_plus":98,"adv3_plus":115,"adv_home_plus":59,"money_kl_plus":59,"spark_index":101,"run_value":7.247312612791653,"raa":-2.7,"jyk":3.6,"vyk":0.17,"teho_plus_adj":42,"pct_kl_pct":61,"pct_saatto_pct":59,"pct_eten_pct":42,"pct_kunnari_rate":25,"pct_lyoty_rate":10,"pct_palo_rate":43,"pct_tehot_per_turn":15},"proj":null,"translation":null,"pitching":null,"career_json":[{"year":2021,"kl_pct":0.6153846153846154,"teho_plus":45}],"pct_stats":["kl_pct","saatto_pct","eten_pct","kunnari_rate","lyoty_rate","palo_rate","tehot_per_turn"],"base_kl":{"player_id":11851,"turns_at_bat":78,"kl_base0":0.6363636363636364,"kl_base0_tries":22,"kl_base1":0.5555555555555556,"kl_base1_tries":27,"kl_base2":0.7692307692307693,"kl_base2_tries":13,"kl_base3":0.3333333333333333,"kl_base3_tries":3,"pct_kl_base0":76,"pct_kl_base1":51,"pct_kl_base2":76,"pct_kl_base3":14},"base_keys":["kl_base0","kl_base1","kl_base2","kl_base3"],"comps":[]}