{"player":{"id":11863,"name":"Emma Korhonen","born_year":null},"career":[{"year":2024,"season_id":122,"team":"Lippo","age":null,"games":1,"turns_at_bat":7,"vyk":-0.01,"spark_index":73,"adv_plus":55,"runner_plus":80,"out_avoid_plus":108,"money_kl_plus":0,"teho_plus":70,"teho_plus_adj":67},{"year":2025,"season_id":126,"team":"TyTe","age":null,"games":3,"turns_at_bat":17,"vyk":0.03,"spark_index":106,"adv_plus":117,"runner_plus":100,"out_avoid_plus":88,"money_kl_plus":null,"teho_plus":106,"teho_plus_adj":106},{"year":2026,"season_id":130,"team":"TyTe","age":null,"games":18,"turns_at_bat":96,"vyk":0.28,"spark_index":99,"adv_plus":103,"runner_plus":100,"out_avoid_plus":89,"money_kl_plus":114,"teho_plus":96,"teho_plus_adj":95}],"line":{"player_id":11863,"name":"Emma Korhonen","born_year":null,"year":2026,"games":18,"team":"TyTe","turns_at_bat":96,"kunnarit":2,"lyodyt":4,"tuodut":14,"karkilyonnit":51,"karki_yritykset":79,"saatot":94,"saatto_yritykset":151,"etenemiset":114,"eteneminen_yritykset":180,"haavat":27,"palot":39,"season_id":130,"tehot":20,"kl_pct":0.6455696202531646,"saatto_pct":0.6225165562913907,"eten_pct":0.6333333333333333,"kunnari_rate":0.020833333333333332,"lyoty_rate":0.041666666666666664,"tuotu_rate":0.07777777777777778,"haava_rate":0.28125,"palo_rate":0.40625,"tehot_per_turn":0.20833333333333334,"kl_per_turn":0.53125,"hr_rbi_per_turn":0.0625,"kl_base0":0.7586206896551724,"kl_base0_tries":29,"kl_base1":0.5,"kl_base1_tries":24,"kl_base2":0.7333333333333333,"kl_base2_tries":15,"kl_base3":0.5454545454545454,"kl_base3_tries":11,"adv1_pct":0.7586206896551724,"adv2_pct":0.5,"adv3_pct":0.7333333333333333,"adv_home_pct":0.5454545454545454,"money_kl_pct":0.5454545454545454,"money_kl_tries":11,"pos":null,"teho_plus":96,"adv_plus":103,"runner_plus":100,"out_avoid_plus":89,"adv1_plus":132,"adv2_plus":86,"adv3_plus":115,"adv_home_plus":114,"money_kl_plus":114,"spark_index":99,"run_value":12.354829048631949,"raa":-0.3,"jyk":4.3,"vyk":0.28,"teho_plus_adj":95,"pct_kl_pct":82,"pct_saatto_pct":42,"pct_eten_pct":54,"pct_kunnari_rate":92,"pct_lyoty_rate":41,"pct_palo_rate":28,"pct_tehot_per_turn":53},"proj":{"player_id":11863,"name":"Emma Korhonen","as_of":"2026-07-15","age":null,"stats":{"kl_pct":{"rate":0.6154719105666633,"effective_n":77.51853152928936,"observed":0.6512055005907245},"saatto_pct":{"rate":0.6300560315721571,"effective_n":139.69545680709786,"observed":0.6280027252865994},"eten_pct":{"rate":0.6355093226125202,"effective_n":168.14085068513566,"observed":0.6356841177876474},"kunnari_rate":{"rate":0.012276795890141896,"effective_n":99.99896899499917,"observed":0.019880444808380162},"lyoty_rate":{"rate":0.06787443619794764,"effective_n":93.79115604418426,"observed":0.04156435737958644},"haava_rate":{"rate":0.332280412204037,"effective_n":84.84779946969094,"observed":0.28084193777751737},"palo_rate":{"rate":0.37134798792641244,"effective_n":88.89010437732155,"observed":0.4063059601477226}},"teho_plus_proj":124},"translation":{"wrc_plus":102,"tier":"league-average regular","rows":[{"pesis_label":"Kärkilyönti-% (advance the lead runner)","pesis_value":0.6455696202531646,"percentile":82,"mlb_stat":"AVG","mlb_value":"0.363"},{"pesis_label":"Kärkilyönnit per turn (base hits)","pesis_value":0.53125,"percentile":48,"mlb_stat":"H / 600 PA","mlb_value":"149"},{"pesis_label":"Lyödyt per turn (runs batted home)","pesis_value":0.041666666666666664,"percentile":41,"mlb_stat":"RBI / 600 PA","mlb_value":"67"},{"pesis_label":"Tuodut per advance (runs scored)","pesis_value":0.07777777777777778,"percentile":78,"mlb_stat":"R / 600 PA","mlb_value":"90"},{"pesis_label":"Palot per turn (burned outs)","pesis_value":0.40625,"percentile":28,"mlb_stat":"K%","mlb_value":"25.4%"}]},"pitching":null,"career_json":[{"year":2024,"kl_pct":0.3333333333333333,"teho_plus":70},{"year":2025,"kl_pct":0.75,"teho_plus":106},{"year":2026,"kl_pct":0.6455696202531646,"teho_plus":96}],"pct_stats":["kl_pct","saatto_pct","eten_pct","kunnari_rate","lyoty_rate","palo_rate","tehot_per_turn"],"base_kl":{"player_id":11863,"turns_at_bat":96,"kl_base0":0.7586206896551724,"kl_base0_tries":29,"kl_base1":0.5,"kl_base1_tries":24,"kl_base2":0.7333333333333333,"kl_base2_tries":15,"kl_base3":0.5454545454545454,"kl_base3_tries":11,"pct_kl_base0":90,"pct_kl_base1":34,"pct_kl_base2":73,"pct_kl_base3":62},"base_keys":["kl_base0","kl_base1","kl_base2","kl_base3"],"comps":[]}