{"player":{"id":12018,"name":"Miika Mäkelä","born_year":null},"career":[{"player_id":12018,"name":"Miika Mäkelä","born_year":null,"year":2026,"games":13,"team":"SMJ","turns_at_bat":79,"kunnarit":0,"lyodyt":1,"tuodut":5,"karkilyonnit":31,"karki_yritykset":63,"saatot":54,"saatto_yritykset":99,"etenemiset":77,"eteneminen_yritykset":143,"haavat":32,"palot":34,"season_id":3,"tehot":6,"kl_pct":0.49206349206349204,"saatto_pct":0.5454545454545454,"eten_pct":0.5384615384615384,"kunnari_rate":0.0,"lyoty_rate":0.012658227848101266,"tuotu_rate":0.03496503496503497,"haava_rate":0.4050632911392405,"palo_rate":0.43037974683544306,"tehot_per_turn":0.0759493670886076,"kl_per_turn":0.3924050632911392,"hr_rbi_per_turn":0.012658227848101266,"kl_base0":0.5555555555555556,"kl_base0_tries":45,"kl_base1":null,"kl_base1_tries":0,"kl_base2":0.5,"kl_base2_tries":10,"kl_base3":0.125,"kl_base3_tries":8,"adv1_pct":0.5555555555555556,"adv2_pct":null,"adv3_pct":0.5,"adv_home_pct":0.125,"money_kl_pct":0.125,"money_kl_tries":8,"teho_plus":45,"adv_plus":93,"runner_plus":91,"out_avoid_plus":85,"adv1_plus":116,"adv2_plus":null,"adv3_plus":87,"adv_home_plus":28,"money_kl_plus":28,"spark_index":91,"teho_plus_adj":43}],"line":{"player_id":12018,"name":"Miika Mäkelä","born_year":null,"year":2026,"games":13,"team":"SMJ","turns_at_bat":79,"kunnarit":0,"lyodyt":1,"tuodut":5,"karkilyonnit":31,"karki_yritykset":63,"saatot":54,"saatto_yritykset":99,"etenemiset":77,"eteneminen_yritykset":143,"haavat":32,"palot":34,"season_id":3,"tehot":6,"kl_pct":0.49206349206349204,"saatto_pct":0.5454545454545454,"eten_pct":0.5384615384615384,"kunnari_rate":0.0,"lyoty_rate":0.012658227848101266,"tuotu_rate":0.03496503496503497,"haava_rate":0.4050632911392405,"palo_rate":0.43037974683544306,"tehot_per_turn":0.0759493670886076,"kl_per_turn":0.3924050632911392,"hr_rbi_per_turn":0.012658227848101266,"kl_base0":0.5555555555555556,"kl_base0_tries":45,"kl_base1":null,"kl_base1_tries":0,"kl_base2":0.5,"kl_base2_tries":10,"kl_base3":0.125,"kl_base3_tries":8,"adv1_pct":0.5555555555555556,"adv2_pct":null,"adv3_pct":0.5,"adv_home_pct":0.125,"money_kl_pct":0.125,"money_kl_tries":8,"teho_plus":45,"adv_plus":93,"runner_plus":91,"out_avoid_plus":85,"adv1_plus":116,"adv2_plus":null,"adv3_plus":87,"adv_home_plus":28,"money_kl_plus":28,"spark_index":91,"teho_plus_adj":43,"pct_kl_pct":37,"pct_saatto_pct":29,"pct_eten_pct":24,"pct_kunnari_rate":31,"pct_lyoty_rate":34,"pct_palo_rate":19,"pct_tehot_per_turn":18},"proj":{"player_id":12018,"name":"Miika Mäkelä","as_of":"2026-07-02","age":null,"stats":{"kl_pct":{"rate":0.5014544937039338,"effective_n":57.6014084668314,"observed":0.48895741069464427},"saatto_pct":{"rate":0.554637697236239,"effective_n":87.25015636965266,"observed":0.537445437213046},"eten_pct":{"rate":0.5509096883121912,"effective_n":125.67563088772212,"observed":0.5352238030725406},"kunnari_rate":{"rate":0.003933303696394928,"effective_n":74.30391823350817,"observed":0.0},"lyoty_rate":{"rate":0.045999496067674076,"effective_n":72.0854792971317,"observed":0.012450245317763124},"haava_rate":{"rate":0.41441999011564007,"effective_n":67.89091532425842,"observed":0.4015133272087265},"palo_rate":{"rate":0.3772203510161256,"effective_n":69.94889130332629,"observed":0.43279250673343417}},"teho_plus_proj":127},"career_json":[{"year":2026,"kl_pct":0.49206349206349204,"teho_plus":45}],"pct_stats":["kl_pct","saatto_pct","eten_pct","kunnari_rate","lyoty_rate","palo_rate","tehot_per_turn"],"base_kl":{"player_id":12018,"turns_at_bat":79,"kl_base0":0.5555555555555556,"kl_base0_tries":45,"kl_base1":null,"kl_base1_tries":0,"kl_base2":0.5,"kl_base2_tries":10,"kl_base3":0.125,"kl_base3_tries":8,"pct_kl_base0":79,"pct_kl_base1":null,"pct_kl_base2":34,"pct_kl_base3":14},"base_keys":["kl_base0","kl_base1","kl_base2","kl_base3"],"comps":[]}