{"player":{"id":12040,"name":"Nelli Huotari","born_year":null},"career":[{"player_id":12040,"name":"Nelli Huotari","born_year":null,"year":2026,"games":15,"team":"JoMa","turns_at_bat":90,"kunnarit":4,"lyodyt":28,"tuodut":8,"karkilyonnit":58,"karki_yritykset":96,"saatot":206,"saatto_yritykset":278,"etenemiset":164,"eteneminen_yritykset":227,"haavat":35,"palot":28,"season_id":2,"tehot":40,"kl_pct":0.6041666666666666,"saatto_pct":0.7410071942446043,"eten_pct":0.7224669603524229,"kunnari_rate":0.044444444444444446,"lyoty_rate":0.3111111111111111,"tuotu_rate":0.03524229074889868,"haava_rate":0.3888888888888889,"palo_rate":0.3111111111111111,"tehot_per_turn":0.4444444444444444,"kl_per_turn":0.6444444444444445,"hr_rbi_per_turn":0.35555555555555557,"kl_base0":0.0,"kl_base0_tries":2,"kl_base1":0.4444444444444444,"kl_base1_tries":9,"kl_base2":0.8461538461538461,"kl_base2_tries":26,"kl_base3":0.5423728813559322,"kl_base3_tries":59,"adv1_pct":0.0,"adv2_pct":0.4444444444444444,"adv3_pct":0.8461538461538461,"adv_home_pct":0.5423728813559322,"money_kl_pct":0.5423728813559322,"money_kl_tries":59,"pos":"3P","teho_plus":257,"adv_plus":123,"runner_plus":121,"out_avoid_plus":105,"adv1_plus":0,"adv2_plus":80,"adv3_plus":141,"adv_home_plus":121,"money_kl_plus":121,"spark_index":119,"run_value":22.89137648583206,"raa":14.1,"jyk":19.0,"vyk":1.64,"teho_plus_adj":261}],"line":{"player_id":12040,"name":"Nelli Huotari","born_year":null,"year":2026,"games":15,"team":"JoMa","turns_at_bat":90,"kunnarit":4,"lyodyt":28,"tuodut":8,"karkilyonnit":58,"karki_yritykset":96,"saatot":206,"saatto_yritykset":278,"etenemiset":164,"eteneminen_yritykset":227,"haavat":35,"palot":28,"season_id":2,"tehot":40,"kl_pct":0.6041666666666666,"saatto_pct":0.7410071942446043,"eten_pct":0.7224669603524229,"kunnari_rate":0.044444444444444446,"lyoty_rate":0.3111111111111111,"tuotu_rate":0.03524229074889868,"haava_rate":0.3888888888888889,"palo_rate":0.3111111111111111,"tehot_per_turn":0.4444444444444444,"kl_per_turn":0.6444444444444445,"hr_rbi_per_turn":0.35555555555555557,"kl_base0":0.0,"kl_base0_tries":2,"kl_base1":0.4444444444444444,"kl_base1_tries":9,"kl_base2":0.8461538461538461,"kl_base2_tries":26,"kl_base3":0.5423728813559322,"kl_base3_tries":59,"adv1_pct":0.0,"adv2_pct":0.4444444444444444,"adv3_pct":0.8461538461538461,"adv_home_pct":0.5423728813559322,"money_kl_pct":0.5423728813559322,"money_kl_tries":59,"pos":"3P","teho_plus":257,"adv_plus":123,"runner_plus":121,"out_avoid_plus":105,"adv1_plus":0,"adv2_plus":80,"adv3_plus":141,"adv_home_plus":121,"money_kl_plus":121,"spark_index":119,"run_value":22.89137648583206,"raa":14.1,"jyk":19.0,"vyk":1.64,"teho_plus_adj":261,"pct_kl_pct":79,"pct_saatto_pct":94,"pct_eten_pct":95,"pct_kunnari_rate":99,"pct_lyoty_rate":93,"pct_palo_rate":54,"pct_tehot_per_turn":96},"proj":{"player_id":12040,"name":"Nelli Huotari","as_of":"2026-06-28","age":null,"stats":{"kl_pct":{"rate":0.572367465968025,"effective_n":88.22860592745226,"observed":0.6028961995332158},"saatto_pct":{"rate":0.7188835419863988,"effective_n":249.97283270539182,"observed":0.7381635168693055},"eten_pct":{"rate":0.6965828595625426,"effective_n":204.5242759288804,"observed":0.7210612319092342},"kunnari_rate":{"rate":0.02174987246991244,"effective_n":85.50203893991808,"observed":0.0445098333169855},"lyoty_rate":{"rate":0.19489905262806517,"effective_n":83.37508331445517,"observed":0.3066971467170312},"haava_rate":{"rate":0.39285563063923984,"effective_n":79.34794579240621,"observed":0.38136470821624024},"palo_rate":{"rate":0.3308541245227798,"effective_n":81.32481580964948,"observed":0.31867859819715627}},"teho_plus_proj":246},"career_json":[{"year":2026,"kl_pct":0.6041666666666666,"teho_plus":257}],"pct_stats":["kl_pct","saatto_pct","eten_pct","kunnari_rate","lyoty_rate","palo_rate","tehot_per_turn"],"base_kl":{"player_id":12040,"turns_at_bat":90,"kl_base0":0.0,"kl_base0_tries":2,"kl_base1":0.4444444444444444,"kl_base1_tries":9,"kl_base2":0.8461538461538461,"kl_base2_tries":26,"kl_base3":0.5423728813559322,"kl_base3_tries":59,"pct_kl_base0":4,"pct_kl_base1":30,"pct_kl_base2":89,"pct_kl_base3":73},"base_keys":["kl_base0","kl_base1","kl_base2","kl_base3"],"comps":[]}