{"player":{"id":12047,"name":"Olli Heikkala","born_year":null},"career":[{"player_id":12047,"name":"Olli Heikkala","born_year":null,"year":2026,"games":8,"team":"KeKi","turns_at_bat":47,"kunnarit":1,"lyodyt":1,"tuodut":7,"karkilyonnit":29,"karki_yritykset":44,"saatot":51,"saatto_yritykset":81,"etenemiset":45,"eteneminen_yritykset":81,"haavat":22,"palot":14,"season_id":1,"tehot":9,"kl_pct":0.6590909090909091,"saatto_pct":0.6296296296296297,"eten_pct":0.5555555555555556,"kunnari_rate":0.02127659574468085,"lyoty_rate":0.02127659574468085,"tuotu_rate":0.08641975308641975,"haava_rate":0.46808510638297873,"palo_rate":0.2978723404255319,"tehot_per_turn":0.19148936170212766,"kl_per_turn":0.6170212765957447,"hr_rbi_per_turn":0.0425531914893617,"kl_base0":0.3333333333333333,"kl_base0_tries":12,"kl_base1":0.7407407407407407,"kl_base1_tries":27,"kl_base2":1.0,"kl_base2_tries":3,"kl_base3":1.0,"kl_base3_tries":2,"adv1_pct":0.3333333333333333,"adv2_pct":0.7407407407407407,"adv3_pct":1.0,"adv_home_pct":1.0,"money_kl_pct":1.0,"money_kl_tries":2,"teho_plus":119,"adv_plus":113,"runner_plus":94,"out_avoid_plus":104,"adv1_plus":62,"adv2_plus":140,"adv3_plus":175,"adv_home_plus":222,"money_kl_plus":222,"spark_index":106,"teho_plus_adj":119}],"line":{"player_id":12047,"name":"Olli Heikkala","born_year":null,"year":2026,"games":8,"team":"KeKi","turns_at_bat":47,"kunnarit":1,"lyodyt":1,"tuodut":7,"karkilyonnit":29,"karki_yritykset":44,"saatot":51,"saatto_yritykset":81,"etenemiset":45,"eteneminen_yritykset":81,"haavat":22,"palot":14,"season_id":1,"tehot":9,"kl_pct":0.6590909090909091,"saatto_pct":0.6296296296296297,"eten_pct":0.5555555555555556,"kunnari_rate":0.02127659574468085,"lyoty_rate":0.02127659574468085,"tuotu_rate":0.08641975308641975,"haava_rate":0.46808510638297873,"palo_rate":0.2978723404255319,"tehot_per_turn":0.19148936170212766,"kl_per_turn":0.6170212765957447,"hr_rbi_per_turn":0.0425531914893617,"kl_base0":0.3333333333333333,"kl_base0_tries":12,"kl_base1":0.7407407407407407,"kl_base1_tries":27,"kl_base2":1.0,"kl_base2_tries":3,"kl_base3":1.0,"kl_base3_tries":2,"adv1_pct":0.3333333333333333,"adv2_pct":0.7407407407407407,"adv3_pct":1.0,"adv_home_pct":1.0,"money_kl_pct":1.0,"money_kl_tries":2,"teho_plus":119,"adv_plus":113,"runner_plus":94,"out_avoid_plus":104,"adv1_plus":62,"adv2_plus":140,"adv3_plus":175,"adv_home_plus":222,"money_kl_plus":222,"spark_index":106,"teho_plus_adj":119,"pct_kl_pct":90,"pct_saatto_pct":71,"pct_eten_pct":34,"pct_kunnari_rate":92,"pct_lyoty_rate":41,"pct_palo_rate":53,"pct_tehot_per_turn":71},"proj":{"player_id":12047,"name":"Olli Heikkala","as_of":"2026-07-02","age":null,"stats":{"kl_pct":{"rate":0.5820960484895418,"effective_n":42.95687459614291,"observed":0.6617580788283633},"saatto_pct":{"rate":0.6180411779837968,"effective_n":78.01144292935021,"observed":0.6326385698460641},"eten_pct":{"rate":0.5697083207464488,"effective_n":78.02832516611824,"observed":0.5579966405770219},"kunnari_rate":{"rate":0.010875301562814542,"effective_n":46.03405232085944,"observed":0.021549785821625},"lyoty_rate":{"rate":0.05388892031847482,"effective_n":45.561449157023915,"observed":0.021686182295820988},"haava_rate":{"rate":0.4409967666718269,"effective_n":44.63643363941985,"observed":0.46686907568362157},"palo_rate":{"rate":0.31476141101897254,"effective_n":45.09561236874034,"observed":0.29768379419987406}},"teho_plus_proj":146},"career_json":[{"year":2026,"kl_pct":0.6590909090909091,"teho_plus":119}],"pct_stats":["kl_pct","saatto_pct","eten_pct","kunnari_rate","lyoty_rate","palo_rate","tehot_per_turn"],"base_kl":{"player_id":12047,"turns_at_bat":47,"kl_base0":0.3333333333333333,"kl_base0_tries":12,"kl_base1":0.7407407407407407,"kl_base1_tries":27,"kl_base2":1.0,"kl_base2_tries":3,"kl_base3":1.0,"kl_base3_tries":2,"pct_kl_base0":21,"pct_kl_base1":90,"pct_kl_base2":96,"pct_kl_base3":96},"base_keys":["kl_base0","kl_base1","kl_base2","kl_base3"],"log":[{"player_id":12047,"season_id":1,"match_id":128928,"date":"2026-06-10","team":"KeKi","opponent":"AA","home":0,"turns_at_bat":4,"kunnarit":0,"lyodyt":0,"tuodut":0,"karkilyonnit":0,"karki_yritykset":1,"saatot":2,"saatto_yritykset":6,"etenemiset":2,"eteneminen_yritykset":5,"haavat":1,"palot":2,"stadium":"Saltex Areena, Alajärvi","tehot":0,"kl_pct":0.0},{"player_id":12047,"season_id":1,"match_id":128906,"date":"2026-06-12","team":"KeKi","opponent":"SoJy","home":1,"turns_at_bat":5,"kunnarit":0,"lyodyt":0,"tuodut":0,"karkilyonnit":1,"karki_yritykset":4,"saatot":1,"saatto_yritykset":6,"etenemiset":2,"eteneminen_yritykset":7,"haavat":3,"palot":2,"stadium":"Hielo Stadion Raksila, Oulu","tehot":0,"kl_pct":0.25},{"player_id":12047,"season_id":1,"match_id":128990,"date":"2026-06-14","team":"KeKi","opponent":"IPV","home":1,"turns_at_bat":6,"kunnarit":0,"lyodyt":0,"tuodut":0,"karkilyonnit":3,"karki_yritykset":3,"saatot":7,"saatto_yritykset":10,"etenemiset":4,"eteneminen_yritykset":9,"haavat":5,"palot":0,"stadium":"Autofix1.com Areena, Kempele","tehot":0,"kl_pct":1.0},{"player_id":12047,"season_id":1,"match_id":128997,"date":"2026-06-16","team":"KeKi","opponent":"PattU","home":1,"turns_at_bat":3,"kunnarit":0,"lyodyt":0,"tuodut":0,"karkilyonnit":1,"karki_yritykset":2,"saatot":4,"saatto_yritykset":5,"etenemiset":3,"eteneminen_yritykset":4,"haavat":1,"palot":0,"stadium":"Autofix1.com Areena, Kempele","tehot":0,"kl_pct":0.5},{"player_id":12047,"season_id":1,"match_id":129057,"date":"2026-06-24","team":"KeKi","opponent":"KPL","home":0,"turns_at_bat":6,"kunnarit":0,"lyodyt":0,"tuodut":1,"karkilyonnit":2,"karki_yritykset":6,"saatot":5,"saatto_yritykset":10,"etenemiset":7,"eteneminen_yritykset":12,"haavat":2,"palot":3,"stadium":"KSS Energia Areena, Kouvola","tehot":1,"kl_pct":0.3333333333333333},{"player_id":12047,"season_id":1,"match_id":129017,"date":"2026-06-25","team":"KeKi","opponent":"KoU","home":0,"turns_at_bat":9,"kunnarit":0,"lyodyt":0,"tuodut":1,"karkilyonnit":7,"karki_yritykset":10,"saatot":9,"saatto_yritykset":14,"etenemiset":9,"eteneminen_yritykset":17,"haavat":3,"palot":5,"stadium":"Sähkökoje Areena, Koskenkorva (Ilmajoki)","tehot":1,"kl_pct":0.7},{"player_id":12047,"season_id":1,"match_id":128889,"date":"2026-06-28","team":"KeKi","opponent":"KPL","home":1,"turns_at_bat":7,"kunnarit":1,"lyodyt":1,"tuodut":3,"karkilyonnit":8,"karki_yritykset":10,"saatot":14,"saatto_yritykset":16,"etenemiset":11,"eteneminen_yritykset":15,"haavat":3,"palot":1,"stadium":"Autofix1.com Areena, Kempele","tehot":5,"kl_pct":0.8},{"player_id":12047,"season_id":1,"match_id":128931,"date":"2026-07-01","team":"KeKi","opponent":"PattU","home":1,"turns_at_bat":7,"kunnarit":0,"lyodyt":0,"tuodut":2,"karkilyonnit":7,"karki_yritykset":8,"saatot":9,"saatto_yritykset":14,"etenemiset":7,"eteneminen_yritykset":12,"haavat":4,"palot":1,"stadium":"Autofix1.com Areena, Kempele","tehot":2,"kl_pct":0.875}],"comps":[]}