{"player":{"id":12073,"name":"Olivia Kataja","born_year":null},"career":[{"player_id":12073,"name":"Olivia Kataja","born_year":null,"year":2026,"games":14,"team":"Jussittaret","turns_at_bat":47,"kunnarit":0,"lyodyt":0,"tuodut":0,"karkilyonnit":14,"karki_yritykset":40,"saatot":36,"saatto_yritykset":77,"etenemiset":31,"eteneminen_yritykset":68,"haavat":23,"palot":14,"season_id":2,"tehot":0,"kl_pct":0.35,"saatto_pct":0.4675324675324675,"eten_pct":0.45588235294117646,"kunnari_rate":0.0,"lyoty_rate":0.0,"tuotu_rate":0.0,"haava_rate":0.48936170212765956,"palo_rate":0.2978723404255319,"tehot_per_turn":0.0,"kl_per_turn":0.2978723404255319,"hr_rbi_per_turn":0.0,"kl_base0":0.38461538461538464,"kl_base0_tries":13,"kl_base1":0.2857142857142857,"kl_base1_tries":14,"kl_base2":0.45454545454545453,"kl_base2_tries":11,"kl_base3":0.0,"kl_base3_tries":2,"adv1_pct":0.38461538461538464,"adv2_pct":0.2857142857142857,"adv3_pct":0.45454545454545453,"adv_home_pct":0.0,"money_kl_pct":0.0,"money_kl_tries":2,"teho_plus":0,"adv_plus":74,"runner_plus":76,"out_avoid_plus":107,"adv1_plus":77,"adv2_plus":51,"adv3_plus":76,"adv_home_plus":0,"money_kl_plus":0,"spark_index":81,"run_value":0.7681039150541438,"raa":-3.8,"jyk":-1.3,"vyk":-0.11,"teho_plus_adj":0},{"player_id":12073,"name":"Olivia Kataja","born_year":null,"year":2026,"games":5,"team":"SMJ","turns_at_bat":36,"kunnarit":0,"lyodyt":1,"tuodut":1,"karkilyonnit":21,"karki_yritykset":40,"saatot":48,"saatto_yritykset":81,"etenemiset":32,"eteneminen_yritykset":61,"haavat":20,"palot":9,"season_id":4,"tehot":2,"kl_pct":0.525,"saatto_pct":0.5925925925925926,"eten_pct":0.5245901639344263,"kunnari_rate":0.0,"lyoty_rate":0.027777777777777776,"tuotu_rate":0.01639344262295082,"haava_rate":0.5555555555555556,"palo_rate":0.25,"tehot_per_turn":0.05555555555555555,"kl_per_turn":0.5833333333333334,"hr_rbi_per_turn":0.027777777777777776,"kl_base0":0.16666666666666666,"kl_base0_tries":6,"kl_base1":0.8181818181818182,"kl_base1_tries":11,"kl_base2":0.5263157894736842,"kl_base2_tries":19,"kl_base3":0.25,"kl_base3_tries":4,"adv1_pct":0.16666666666666666,"adv2_pct":0.8181818181818182,"adv3_pct":0.5263157894736842,"adv_home_pct":0.25,"money_kl_pct":0.25,"money_kl_tries":4,"teho_plus":26,"adv_plus":93,"runner_plus":83,"out_avoid_plus":113,"adv1_plus":29,"adv2_plus":142,"adv3_plus":83,"adv_home_plus":53,"money_kl_plus":53,"spark_index":94,"run_value":2.0176793978180383,"raa":-2.5,"jyk":-0.5,"vyk":-0.03,"teho_plus_adj":27}],"line":{"player_id":12073,"name":"Olivia Kataja","born_year":null,"year":2026,"games":5,"team":"SMJ","turns_at_bat":36,"kunnarit":0,"lyodyt":1,"tuodut":1,"karkilyonnit":21,"karki_yritykset":40,"saatot":48,"saatto_yritykset":81,"etenemiset":32,"eteneminen_yritykset":61,"haavat":20,"palot":9,"season_id":4,"tehot":2,"kl_pct":0.525,"saatto_pct":0.5925925925925926,"eten_pct":0.5245901639344263,"kunnari_rate":0.0,"lyoty_rate":0.027777777777777776,"tuotu_rate":0.01639344262295082,"haava_rate":0.5555555555555556,"palo_rate":0.25,"tehot_per_turn":0.05555555555555555,"kl_per_turn":0.5833333333333334,"hr_rbi_per_turn":0.027777777777777776,"kl_base0":0.16666666666666666,"kl_base0_tries":6,"kl_base1":0.8181818181818182,"kl_base1_tries":11,"kl_base2":0.5263157894736842,"kl_base2_tries":19,"kl_base3":0.25,"kl_base3_tries":4,"adv1_pct":0.16666666666666666,"adv2_pct":0.8181818181818182,"adv3_pct":0.5263157894736842,"adv_home_pct":0.25,"money_kl_pct":0.25,"money_kl_tries":4,"teho_plus":26,"adv_plus":93,"runner_plus":83,"out_avoid_plus":113,"adv1_plus":29,"adv2_plus":142,"adv3_plus":83,"adv_home_plus":53,"money_kl_plus":53,"spark_index":94,"run_value":2.0176793978180383,"raa":-2.5,"jyk":-0.5,"vyk":-0.03,"teho_plus_adj":27,"pct_kl_pct":null,"pct_saatto_pct":null,"pct_eten_pct":null,"pct_kunnari_rate":null,"pct_lyoty_rate":null,"pct_palo_rate":null,"pct_tehot_per_turn":null},"proj":{"player_id":12073,"name":"Olivia Kataja","as_of":"2026-07-01","age":null,"stats":{"kl_pct":{"rate":0.4993740356919514,"effective_n":73.27331927950542,"observed":0.44298609146406237},"saatto_pct":{"rate":0.559366120289409,"effective_n":141.0279083596653,"observed":0.5376468525913124},"eten_pct":{"rate":0.5324162090000828,"effective_n":115.93004087723499,"observed":0.48878680679916536},"kunnari_rate":{"rate":0.0032185877092575205,"effective_n":78.34389798332425,"observed":0.0},"lyoty_rate":{"rate":0.05568339454005824,"effective_n":76.14528397199155,"observed":0.01232977961215348},"haava_rate":{"rate":0.43479862927658564,"effective_n":71.98960515803849,"observed":0.5157494271008594},"palo_rate":{"rate":0.30986211433338734,"effective_n":74.02829176639688,"observed":0.28434623046076274}},"teho_plus_proj":103},"career_json":[{"year":2026,"kl_pct":0.35,"teho_plus":0},{"year":2026,"kl_pct":0.525,"teho_plus":26}],"pct_stats":["kl_pct","saatto_pct","eten_pct","kunnari_rate","lyoty_rate","palo_rate","tehot_per_turn"],"base_kl":{"player_id":12073,"turns_at_bat":36,"kl_base0":0.16666666666666666,"kl_base0_tries":6,"kl_base1":0.8181818181818182,"kl_base1_tries":11,"kl_base2":0.5263157894736842,"kl_base2_tries":19,"kl_base3":0.25,"kl_base3_tries":4,"pct_kl_base0":null,"pct_kl_base1":null,"pct_kl_base2":null,"pct_kl_base3":null},"base_keys":["kl_base0","kl_base1","kl_base2","kl_base3"],"comps":[]}