{"player":{"id":12093,"name":"Kerttu Heininen","born_year":null},"career":[{"player_id":12093,"name":"Kerttu Heininen","born_year":null,"year":2026,"games":12,"team":"Tarmo","turns_at_bat":70,"kunnarit":0,"lyodyt":1,"tuodut":7,"karkilyonnit":21,"karki_yritykset":53,"saatot":34,"saatto_yritykset":69,"etenemiset":69,"eteneminen_yritykset":124,"haavat":32,"palot":23,"season_id":4,"tehot":8,"kl_pct":0.39622641509433965,"saatto_pct":0.4927536231884058,"eten_pct":0.5564516129032258,"kunnari_rate":0.0,"lyoty_rate":0.014285714285714285,"tuotu_rate":0.056451612903225805,"haava_rate":0.45714285714285713,"palo_rate":0.32857142857142857,"tehot_per_turn":0.11428571428571428,"kl_per_turn":0.3,"hr_rbi_per_turn":0.014285714285714285,"kl_base0":0.46511627906976744,"kl_base0_tries":43,"kl_base1":0.0,"kl_base1_tries":7,"kl_base2":null,"kl_base2_tries":0,"kl_base3":0.3333333333333333,"kl_base3_tries":3,"adv1_pct":0.46511627906976744,"adv2_pct":0.0,"adv3_pct":null,"adv_home_pct":0.3333333333333333,"money_kl_pct":0.3333333333333333,"money_kl_tries":3,"teho_plus":54,"adv_plus":73,"runner_plus":88,"out_avoid_plus":101,"adv1_plus":80,"adv2_plus":0,"adv3_plus":null,"adv_home_plus":70,"money_kl_plus":70,"spark_index":83,"teho_plus_adj":53}],"line":{"player_id":12093,"name":"Kerttu Heininen","born_year":null,"year":2026,"games":12,"team":"Tarmo","turns_at_bat":70,"kunnarit":0,"lyodyt":1,"tuodut":7,"karkilyonnit":21,"karki_yritykset":53,"saatot":34,"saatto_yritykset":69,"etenemiset":69,"eteneminen_yritykset":124,"haavat":32,"palot":23,"season_id":4,"tehot":8,"kl_pct":0.39622641509433965,"saatto_pct":0.4927536231884058,"eten_pct":0.5564516129032258,"kunnari_rate":0.0,"lyoty_rate":0.014285714285714285,"tuotu_rate":0.056451612903225805,"haava_rate":0.45714285714285713,"palo_rate":0.32857142857142857,"tehot_per_turn":0.11428571428571428,"kl_per_turn":0.3,"hr_rbi_per_turn":0.014285714285714285,"kl_base0":0.46511627906976744,"kl_base0_tries":43,"kl_base1":0.0,"kl_base1_tries":7,"kl_base2":null,"kl_base2_tries":0,"kl_base3":0.3333333333333333,"kl_base3_tries":3,"adv1_pct":0.46511627906976744,"adv2_pct":0.0,"adv3_pct":null,"adv_home_pct":0.3333333333333333,"money_kl_pct":0.3333333333333333,"money_kl_tries":3,"teho_plus":54,"adv_plus":73,"runner_plus":88,"out_avoid_plus":101,"adv1_plus":80,"adv2_plus":0,"adv3_plus":null,"adv_home_plus":70,"money_kl_plus":70,"spark_index":83,"teho_plus_adj":53,"pct_kl_pct":5,"pct_saatto_pct":8,"pct_eten_pct":9,"pct_kunnari_rate":36,"pct_lyoty_rate":23,"pct_palo_rate":48,"pct_tehot_per_turn":16},"proj":{"player_id":12093,"name":"Kerttu Heininen","as_of":"2026-06-29","age":null,"stats":{"kl_pct":{"rate":0.4879870365731094,"effective_n":49.33461829134133,"observed":0.3903892045675733},"saatto_pct":{"rate":0.5462517835002231,"effective_n":62.94717285366097,"observed":0.48925801867342034},"eten_pct":{"rate":0.5812896084185163,"effective_n":112.99911370240045,"observed":0.5581541312981814},"kunnari_rate":{"rate":0.003417186483236584,"effective_n":66.81662103810831,"observed":0.0},"lyoty_rate":{"rate":0.05953556066925481,"effective_n":65.30197148146124,"observed":0.013702334479266916},"haava_rate":{"rate":0.4089849273801177,"effective_n":62.41746870062079,"observed":0.4609935373178449},"palo_rate":{"rate":0.3283287769906177,"effective_n":63.83618204568003,"observed":0.3218815824649923}},"teho_plus_proj":112},"career_json":[{"year":2026,"kl_pct":0.39622641509433965,"teho_plus":54}],"pct_stats":["kl_pct","saatto_pct","eten_pct","kunnari_rate","lyoty_rate","palo_rate","tehot_per_turn"],"base_kl":{"player_id":12093,"turns_at_bat":70,"kl_base0":0.46511627906976744,"kl_base0_tries":43,"kl_base1":0.0,"kl_base1_tries":7,"kl_base2":null,"kl_base2_tries":0,"kl_base3":0.3333333333333333,"kl_base3_tries":3,"pct_kl_base0":38,"pct_kl_base1":2,"pct_kl_base2":null,"pct_kl_base3":20},"base_keys":["kl_base0","kl_base1","kl_base2","kl_base3"],"log":[{"player_id":12093,"season_id":4,"match_id":129280,"date":"2026-05-09","team":"Tarmo","opponent":"AA","home":0,"turns_at_bat":6,"kunnarit":0,"lyodyt":0,"tuodut":1,"karkilyonnit":4,"karki_yritykset":6,"saatot":4,"saatto_yritykset":6,"etenemiset":7,"eteneminen_yritykset":12,"haavat":2,"palot":3,"stadium":"Saltex Areena, Alajärvi","tehot":1,"kl_pct":0.6666666666666666},{"player_id":12093,"season_id":4,"match_id":129297,"date":"2026-05-13","team":"Tarmo","opponent":"SMJ","home":1,"turns_at_bat":5,"kunnarit":0,"lyodyt":0,"tuodut":1,"karkilyonnit":1,"karki_yritykset":3,"saatot":2,"saatto_yritykset":5,"etenemiset":3,"eteneminen_yritykset":7,"haavat":2,"palot":2,"stadium":"Ikaalisten Pesispuisto","tehot":1,"kl_pct":0.3333333333333333},{"player_id":12093,"season_id":4,"match_id":129258,"date":"2026-05-23","team":"Tarmo","opponent":"TyTe","home":0,"turns_at_bat":5,"kunnarit":0,"lyodyt":1,"tuodut":0,"karkilyonnit":1,"karki_yritykset":4,"saatot":5,"saatto_yritykset":8,"etenemiset":4,"eteneminen_yritykset":8,"haavat":3,"palot":1,"stadium":"Tyrnävän pesäpallokenttä","tehot":1,"kl_pct":0.25},{"player_id":12093,"season_id":4,"match_id":129262,"date":"2026-05-24","team":"Tarmo","opponent":"KPK","home":0,"turns_at_bat":6,"kunnarit":0,"lyodyt":0,"tuodut":0,"karkilyonnit":2,"karki_yritykset":4,"saatot":2,"saatto_yritykset":4,"etenemiset":6,"eteneminen_yritykset":12,"haavat":2,"palot":4,"stadium":"Kajaanin keskuskenttä","tehot":0,"kl_pct":0.5},{"player_id":12093,"season_id":4,"match_id":129411,"date":"2026-05-28","team":"Tarmo","opponent":"MyVe","home":1,"turns_at_bat":5,"kunnarit":0,"lyodyt":0,"tuodut":1,"karkilyonnit":3,"karki_yritykset":3,"saatot":3,"saatto_yritykset":3,"etenemiset":10,"eteneminen_yritykset":13,"haavat":1,"palot":2,"stadium":"Ikaalisten Pesispuisto","tehot":1,"kl_pct":1.0},{"player_id":12093,"season_id":4,"match_id":129276,"date":"2026-06-03","team":"Tarmo","opponent":"Lavepesis","home":0,"turns_at_bat":6,"kunnarit":0,"lyodyt":0,"tuodut":0,"karkilyonnit":2,"karki_yritykset":5,"saatot":2,"saatto_yritykset":5,"etenemiset":2,"eteneminen_yritykset":7,"haavat":2,"palot":3,"stadium":"Veikkolan pesäpallostadion, Lappajärvi","tehot":0,"kl_pct":0.4},{"player_id":12093,"season_id":4,"match_id":129380,"date":"2026-06-07","team":"Tarmo","opponent":"HP","home":1,"turns_at_bat":3,"kunnarit":0,"lyodyt":0,"tuodut":0,"karkilyonnit":1,"karki_yritykset":3,"saatot":1,"saatto_yritykset":4,"etenemiset":2,"eteneminen_yritykset":5,"haavat":2,"palot":1,"stadium":"Ikaalisten Pesispuisto","tehot":0,"kl_pct":0.3333333333333333},{"player_id":12093,"season_id":4,"match_id":129406,"date":"2026-06-12","team":"Tarmo","opponent":"Jana","home":0,"turns_at_bat":6,"kunnarit":0,"lyodyt":0,"tuodut":0,"karkilyonnit":3,"karki_yritykset":6,"saatot":3,"saatto_yritykset":7,"etenemiset":8,"eteneminen_yritykset":14,"haavat":4,"palot":2,"stadium":"Kansanpuiston kenttä, Turenki (Janakkala)","tehot":0,"kl_pct":0.5},{"player_id":12093,"season_id":4,"match_id":129410,"date":"2026-06-14","team":"Tarmo","opponent":"ViU","home":1,"turns_at_bat":7,"kunnarit":0,"lyodyt":0,"tuodut":2,"karkilyonnit":1,"karki_yritykset":4,"saatot":3,"saatto_yritykset":6,"etenemiset":7,"eteneminen_yritykset":11,"haavat":3,"palot":1,"stadium":"Ikaalisten Pesispuisto","tehot":2,"kl_pct":0.25},{"player_id":12093,"season_id":4,"match_id":129405,"date":"2026-06-17","team":"Tarmo","opponent":"Pesä Ysit","home":0,"turns_at_bat":7,"kunnarit":0,"lyodyt":0,"tuodut":0,"karkilyonnit":1,"karki_yritykset":6,"saatot":2,"saatto_yritykset":7,"etenemiset":3,"eteneminen_yritykset":9,"haavat":5,"palot":1,"stadium":"Vanha kenttä, Lappeenranta","tehot":0,"kl_pct":0.16666666666666666},{"player_id":12093,"season_id":4,"match_id":129299,"date":"2026-06-26","team":"Tarmo","opponent":"PesäKuula","home":1,"turns_at_bat":8,"kunnarit":0,"lyodyt":0,"tuodut":0,"karkilyonnit":1,"karki_yritykset":5,"saatot":3,"saatto_yritykset":7,"etenemiset":6,"eteneminen_yritykset":12,"haavat":5,"palot":1,"stadium":"Ikaalisten Pesispuisto","tehot":0,"kl_pct":0.2},{"player_id":12093,"season_id":4,"match_id":129409,"date":"2026-06-28","team":"Tarmo",