{"player":{"id":12133,"name":"Iina Holma","born_year":null},"career":[{"year":2021,"season_id":173,"team":"JoU","age":null,"games":13,"turns_at_bat":91,"vyk":0.14,"spark_index":90,"adv_plus":91,"runner_plus":96,"out_avoid_plus":81,"money_kl_plus":126,"teho_plus":70,"teho_plus_adj":70},{"year":2025,"season_id":177,"team":"JoMa","age":null,"games":14,"turns_at_bat":78,"vyk":0.07,"spark_index":96,"adv_plus":92,"runner_plus":103,"out_avoid_plus":93,"money_kl_plus":44,"teho_plus":77,"teho_plus_adj":76},{"year":2026,"season_id":178,"team":"JoMa","age":null,"games":10,"turns_at_bat":57,"vyk":0.14,"spark_index":101,"adv_plus":97,"runner_plus":109,"out_avoid_plus":101,"money_kl_plus":117,"teho_plus":105,"teho_plus_adj":106}],"line":{"player_id":12133,"name":"Iina Holma","born_year":null,"year":2026,"games":10,"team":"JoMa","turns_at_bat":57,"kunnarit":0,"lyodyt":4,"tuodut":14,"karkilyonnit":25,"karki_yritykset":44,"saatot":56,"saatto_yritykset":86,"etenemiset":89,"eteneminen_yritykset":124,"haavat":18,"palot":17,"season_id":178,"tehot":18,"kl_pct":0.5681818181818182,"saatto_pct":0.6511627906976745,"eten_pct":0.717741935483871,"kunnari_rate":0.0,"lyoty_rate":0.07017543859649122,"tuotu_rate":0.11290322580645161,"haava_rate":0.3157894736842105,"palo_rate":0.2982456140350877,"tehot_per_turn":0.3157894736842105,"kl_per_turn":0.43859649122807015,"hr_rbi_per_turn":0.07017543859649122,"kl_base0":0.625,"kl_base0_tries":16,"kl_base1":0.4117647058823529,"kl_base1_tries":17,"kl_base2":0.8,"kl_base2_tries":5,"kl_base3":0.6666666666666666,"kl_base3_tries":6,"adv1_pct":0.625,"adv2_pct":0.4117647058823529,"adv3_pct":0.8,"adv_home_pct":0.6666666666666666,"money_kl_pct":0.6666666666666666,"money_kl_tries":6,"pos":"2K","teho_plus":105,"adv_plus":97,"runner_plus":109,"out_avoid_plus":101,"adv1_plus":111,"adv2_plus":69,"adv3_plus":116,"adv_home_plus":117,"money_kl_plus":117,"spark_index":101,"run_value":7.257751741305388,"raa":-1.7,"jyk":3.2,"vyk":0.14,"teho_plus_adj":106,"pct_kl_pct":37,"pct_saatto_pct":46,"pct_eten_pct":79,"pct_kunnari_rate":28,"pct_lyoty_rate":40,"pct_palo_rate":51,"pct_tehot_per_turn":60},"proj":{"player_id":12133,"name":"Iina Holma","as_of":"2026-07-13","age":null,"stats":{"kl_pct":{"rate":0.5857539272445044,"effective_n":60.0871401680959,"observed":0.5667564078687584},"saatto_pct":{"rate":0.6479332628202836,"effective_n":94.96677416691308,"observed":0.642702713306158},"eten_pct":{"rate":0.6953821275571741,"effective_n":141.75164524155704,"observed":0.7083556580035006},"kunnari_rate":{"rate":0.006181643705281787,"effective_n":91.3264101670607,"observed":0.000561468033178532},"lyoty_rate":{"rate":0.09322684680003482,"effective_n":75.86445609399686,"observed":0.05250162785635383},"haava_rate":{"rate":0.3512604616246136,"effective_n":58.58784908638119,"observed":0.31988757213873475},"palo_rate":{"rate":0.309041292158242,"effective_n":65.80292463103783,"observed":0.3099290853874004}},"teho_plus_proj":102},"translation":{"wrc_plus":106,"tier":"league-average regular","rows":[{"pesis_label":"Kärkilyönti-% (advance the lead runner)","pesis_value":0.5681818181818182,"percentile":37,"mlb_stat":"AVG","mlb_value":"0.285"},{"pesis_label":"Kärkilyönnit per turn (base hits)","pesis_value":0.43859649122807015,"percentile":20,"mlb_stat":"H / 600 PA","mlb_value":"131"},{"pesis_label":"Lyödyt per turn (runs batted home)","pesis_value":0.07017543859649122,"percentile":40,"mlb_stat":"RBI / 600 PA","mlb_value":"67"},{"pesis_label":"Tuodut per advance (runs scored)","pesis_value":0.11290322580645161,"percentile":81,"mlb_stat":"R / 600 PA","mlb_value":"92"},{"pesis_label":"Palot per turn (burned outs)","pesis_value":0.2982456140350877,"percentile":51,"mlb_stat":"K%","mlb_value":"22.1%"}]},"pitching":null,"career_json":[{"year":2021,"kl_pct":0.5543478260869565,"teho_plus":70},{"year":2025,"kl_pct":0.5538461538461539,"teho_plus":77},{"year":2026,"kl_pct":0.5681818181818182,"teho_plus":105}],"pct_stats":["kl_pct","saatto_pct","eten_pct","kunnari_rate","lyoty_rate","palo_rate","tehot_per_turn"],"base_kl":{"player_id":12133,"turns_at_bat":57,"kl_base0":0.625,"kl_base0_tries":16,"kl_base1":0.4117647058823529,"kl_base1_tries":17,"kl_base2":0.8,"kl_base2_tries":5,"kl_base3":0.6666666666666666,"kl_base3_tries":6,"pct_kl_base0":65,"pct_kl_base1":18,"pct_kl_base2":78,"pct_kl_base3":74},"base_keys":["kl_base0","kl_base1","kl_base2","kl_base3"],"comps":[]}