{"player":{"id":12182,"name":"Roosa Martinmäki","born_year":null},"career":[{"player_id":12182,"name":"Roosa Martinmäki","born_year":null,"year":2026,"games":11,"team":"HP","turns_at_bat":52,"kunnarit":0,"lyodyt":11,"tuodut":2,"karkilyonnit":22,"karki_yritykset":42,"saatot":86,"saatto_yritykset":130,"etenemiset":70,"eteneminen_yritykset":106,"haavat":22,"palot":14,"season_id":4,"tehot":13,"kl_pct":0.5238095238095238,"saatto_pct":0.6615384615384615,"eten_pct":0.660377358490566,"kunnari_rate":0.0,"lyoty_rate":0.21153846153846154,"tuotu_rate":0.018867924528301886,"haava_rate":0.4230769230769231,"palo_rate":0.2692307692307692,"tehot_per_turn":0.25,"kl_per_turn":0.4230769230769231,"hr_rbi_per_turn":0.21153846153846154,"kl_base0":null,"kl_base0_tries":0,"kl_base1":0.3333333333333333,"kl_base1_tries":6,"kl_base2":0.9,"kl_base2_tries":10,"kl_base3":0.4230769230769231,"kl_base3_tries":26,"adv1_pct":null,"adv2_pct":0.3333333333333333,"adv3_pct":0.9,"adv_home_pct":0.4230769230769231,"money_kl_pct":0.4230769230769231,"money_kl_tries":26,"teho_plus":118,"adv_plus":102,"runner_plus":104,"out_avoid_plus":110,"adv1_plus":null,"adv2_plus":58,"adv3_plus":142,"adv_home_plus":89,"money_kl_plus":89,"spark_index":104,"teho_plus_adj":120}],"line":{"player_id":12182,"name":"Roosa Martinmäki","born_year":null,"year":2026,"games":11,"team":"HP","turns_at_bat":52,"kunnarit":0,"lyodyt":11,"tuodut":2,"karkilyonnit":22,"karki_yritykset":42,"saatot":86,"saatto_yritykset":130,"etenemiset":70,"eteneminen_yritykset":106,"haavat":22,"palot":14,"season_id":4,"tehot":13,"kl_pct":0.5238095238095238,"saatto_pct":0.6615384615384615,"eten_pct":0.660377358490566,"kunnari_rate":0.0,"lyoty_rate":0.21153846153846154,"tuotu_rate":0.018867924528301886,"haava_rate":0.4230769230769231,"palo_rate":0.2692307692307692,"tehot_per_turn":0.25,"kl_per_turn":0.4230769230769231,"hr_rbi_per_turn":0.21153846153846154,"kl_base0":null,"kl_base0_tries":0,"kl_base1":0.3333333333333333,"kl_base1_tries":6,"kl_base2":0.9,"kl_base2_tries":10,"kl_base3":0.4230769230769231,"kl_base3_tries":26,"adv1_pct":null,"adv2_pct":0.3333333333333333,"adv3_pct":0.9,"adv_home_pct":0.4230769230769231,"money_kl_pct":0.4230769230769231,"money_kl_tries":26,"teho_plus":118,"adv_plus":102,"runner_plus":104,"out_avoid_plus":110,"adv1_plus":null,"adv2_plus":58,"adv3_plus":142,"adv_home_plus":89,"money_kl_plus":89,"spark_index":104,"teho_plus_adj":120,"pct_kl_pct":31,"pct_saatto_pct":60,"pct_eten_pct":71,"pct_kunnari_rate":36,"pct_lyoty_rate":83,"pct_palo_rate":68,"pct_tehot_per_turn":68},"proj":{"player_id":12182,"name":"Roosa Martinmäki","as_of":"2026-07-02","age":null,"stats":{"kl_pct":{"rate":0.550168599889436,"effective_n":38.50032572355098,"observed":0.5220114877429056},"saatto_pct":{"rate":0.6545756897489482,"effective_n":116.54094884396395,"observed":0.6609713806302134},"eten_pct":{"rate":0.6517741095329559,"effective_n":94.92945102291608,"observed":0.6613595083342435},"kunnari_rate":{"rate":0.003773116584275002,"effective_n":49.193614349454286,"observed":0.0},"lyoty_rate":{"rate":0.13949241872170284,"effective_n":47.866420669888555,"observed":0.21059756021758594},"haava_rate":{"rate":0.38995321020768703,"effective_n":45.35389344525763,"observed":0.41956641347829265},"palo_rate":{"rate":0.31005505440544345,"effective_n":46.58716039375107,"observed":0.2698409251388964}},"teho_plus_proj":160},"career_json":[{"year":2026,"kl_pct":0.5238095238095238,"teho_plus":118}],"pct_stats":["kl_pct","saatto_pct","eten_pct","kunnari_rate","lyoty_rate","palo_rate","tehot_per_turn"],"base_kl":{"player_id":12182,"turns_at_bat":52,"kl_base0":null,"kl_base0_tries":0,"kl_base1":0.3333333333333333,"kl_base1_tries":6,"kl_base2":0.9,"kl_base2_tries":10,"kl_base3":0.4230769230769231,"kl_base3_tries":26,"pct_kl_base0":null,"pct_kl_base1":12,"pct_kl_base2":95,"pct_kl_base3":35},"base_keys":["kl_base0","kl_base1","kl_base2","kl_base3"],"log":[{"player_id":12182,"season_id":4,"match_id":129419,"date":"2026-05-08","team":"HP","opponent":"Jana","home":1,"turns_at_bat":5,"kunnarit":0,"lyodyt":1,"tuodut":0,"karkilyonnit":1,"karki_yritykset":3,"saatot":7,"saatto_yritykset":11,"etenemiset":7,"eteneminen_yritykset":12,"haavat":4,"palot":1,"stadium":"Vallikenttä, Hamina","tehot":1,"kl_pct":0.3333333333333333},{"player_id":12182,"season_id":4,"match_id":129401,"date":"2026-05-14","team":"HP","opponent":"MyVe","home":1,"turns_at_bat":4,"kunnarit":0,"lyodyt":1,"tuodut":0,"karkilyonnit":1,"karki_yritykset":4,"saatot":5,"saatto_yritykset":11,"etenemiset":4,"eteneminen_yritykset":6,"haavat":1,"palot":1,"stadium":"Vallikenttä, Hamina","tehot":1,"kl_pct":0.25},{"player_id":12182,"season_id":4,"match_id":129288,"date":"2026-05-17","team":"HP","opponent":"SiiPe","home":0,"turns_at_bat":4,"kunnarit":0,"lyodyt":1,"tuodut":0,"karkilyonnit":1,"karki_yritykset":3,"saatot":4,"saatto_yritykset":8,"etenemiset":3,"eteneminen_yritykset":6,"haavat":1,"palot":2,"stadium":"Mantun kenttä, Siilinjärvi","tehot":1,"kl_pct":0.3333333333333333},{"player_id":12182,"season_id":4,"match_id":129391,"date":"2026-05-20","team":"HP","opponent":"Jana","home":0,"turns_at_bat":6,"kunnarit":0,"lyodyt":2,"tuodut":1,"karkilyonnit":8,"karki_yritykset":9,"saatot":18,"saatto_yritykset":20,"etenemiset":12,"eteneminen_yritykset":16,"haavat":4,"palot":0,"stadium":"Kansanpuiston kenttä, Turenki (Janakkala)","tehot":3,"kl_pct":0.8888888888888888},{"player_id":12182,"season_id":4,"match_id":129284,"date":"2026-06-06","team":"HP","opponent":"SMJ","home":0,"turns_at_bat":6,"kunnarit":0,"lyodyt":1,"tuodut":1,"karkilyonnit":2,"karki_yritykset":3,"saatot":13,"saatto_yritykset":15,"etenemiset":12,"eteneminen_yritykset":15,"haavat":2,"palot":1,"stadium":"Unico Areena, Seinäjoki","tehot":2,"kl_pct":0.6666666666666666},{"player_id":12182,"season_id":4,"match_id":129380,"date":"2026-06-07","team":"HP","opponent":"Tarmo","home":0,"turns_at_bat":2,"kunnarit":0,"lyodyt":1,"tuodut":0,"karkilyonnit":2,"karki_yritykset":2,"saatot":4,"saatto_yritykset":5,"etenemiset":2,"eteneminen_yritykset":4,"haavat":1,"palot":1,"stadium":"Ikaalisten Pesispuisto","tehot":1,"kl_pct":1.0},{"player_id":12182,"season_id":4,"match_id":129395,"date":"2026-06-10","team":"HP","opponent":"Puhti","home":0,"turns_at_bat":4,"kunnarit":0,"lyodyt":0,"tuodut":0,"karkilyonnit":0,"karki_yritykset":1,"saatot":0,"saatto_yritykset":6,"etenemiset":0,"eteneminen_yritykset":3,"haavat":2,"palot":1,"stadium":"Kuusankosken pesäpallokenttä, Kouvola","tehot":0,"kl_pct":0.0},{"player_id":12182,"season_id":4,"match_id":129414,"date":"2026-06-12","team":"HP","opponent":"Pesä Ysit","home":1,"turns_at_bat":7,"kunnarit":0,"lyodyt":1,"tuodut":0,"karkilyonnit":2,"karki_yritykset":5,"saatot":12,"saatto_yritykset":16,"etenemiset":10,"eteneminen_yritykset":14,"haavat":1,"palot":3,"stadium":"Vallikenttä, Hamina","tehot":1,"kl_pct":0.4},{"player_id":12182,"season_id":4,"match_id":129427,"date":"2026-06-16","team":"HP","opponent":"Pesäkarhut-Akatemia","home":0,"turns_at_bat":5,"kunnarit":0,"lyodyt":1,"tuodut":0,"karkilyonnit":2,"karki_yritykset":5,"saatot":7,"saatto_yritykset":14,"etenemiset":7,"eteneminen_yritykset":11,"haavat":1,"palot":3,"stadium":"Huikoo Areena, Pori","tehot":1,"kl_pct":0.4},{"player_id":12182,"season_id":4,"match_id":129314,"date":"2026-06-27","team":"HP","opponent":"Lavepesis","home":1,"turns_at_bat":5,"kunnarit":0,"lyodyt":0,"tuodut":0,"karkilyonnit":0,"karki_yritykset":3,"saatot":5,"saatto_yritykset":9,"etenemiset":5,"eteneminen_yritykset":8,"haavat":2,"palot":1,"stadium":"Vallikenttä, Hamina","tehot":0,"kl_pct":0.0},{"player_id":12182,"season_id":4,"match_id":129429,"date":"2026-07-01","team":"HP","opponent":"MyVe","home":0,"turns_at_bat":4,"kunnarit":0,"lyodyt":2,"tuodut":0,"karkilyonnit":3,"karki_yritykset":4,"saatot":11,"saatto_yritykset":15,"etenemiset":8,"eteneminen_yritykset":11,"haavat":3,"palot":0,"stadium":"Vihka Areena, Mynämäki","tehot":2,"kl_pct":0.75}],"comps":[]}