{"player":{"id":12278,"name":"Tuomas Hyytinen","born_year":null},"career":[{"year":2026,"season_id":156,"team":"KePe","age":null,"games":14,"turns_at_bat":102,"vyk":0.45,"spark_index":97,"adv_plus":102,"runner_plus":103,"out_avoid_plus":75,"money_kl_plus":111,"teho_plus":96,"teho_plus_adj":93}],"line":{"player_id":12278,"name":"Tuomas Hyytinen","born_year":null,"year":2026,"games":14,"team":"KePe","turns_at_bat":102,"kunnarit":4,"lyodyt":5,"tuodut":14,"karkilyonnit":57,"karki_yritykset":99,"saatot":111,"saatto_yritykset":177,"etenemiset":139,"eteneminen_yritykset":217,"haavat":29,"palot":49,"season_id":156,"tehot":23,"kl_pct":0.5757575757575758,"saatto_pct":0.6271186440677966,"eten_pct":0.6405529953917051,"kunnari_rate":0.0392156862745098,"lyoty_rate":0.049019607843137254,"tuotu_rate":0.06451612903225806,"haava_rate":0.28431372549019607,"palo_rate":0.4803921568627451,"tehot_per_turn":0.22549019607843138,"kl_per_turn":0.5588235294117647,"hr_rbi_per_turn":0.08823529411764706,"kl_base0":0.6842105263157895,"kl_base0_tries":38,"kl_base1":0.43333333333333335,"kl_base1_tries":30,"kl_base2":0.5625,"kl_base2_tries":16,"kl_base3":0.6,"kl_base3_tries":15,"adv1_pct":0.6842105263157895,"adv2_pct":0.43333333333333335,"adv3_pct":0.5625,"adv_home_pct":0.6,"money_kl_pct":0.6,"money_kl_tries":15,"pos":"2P","teho_plus":96,"adv_plus":102,"runner_plus":103,"out_avoid_plus":75,"adv1_plus":134,"adv2_plus":81,"adv3_plus":90,"adv_home_plus":111,"money_kl_plus":111,"spark_index":97,"run_value":12.798261814557193,"raa":0.5,"jyk":8.0,"vyk":0.45,"teho_plus_adj":93,"pct_kl_pct":58,"pct_saatto_pct":53,"pct_eten_pct":63,"pct_kunnari_rate":95,"pct_lyoty_rate":41,"pct_palo_rate":5,"pct_tehot_per_turn":53},"proj":{"player_id":12278,"name":"Tuomas Hyytinen","as_of":"2026-07-16","age":null,"stats":{"kl_pct":{"rate":0.5694798084332916,"effective_n":90.23805501261019,"observed":0.5830366706211926},"saatto_pct":{"rate":0.6281228045406556,"effective_n":153.9803044283483,"observed":0.6299164856431062},"eten_pct":{"rate":0.6363720822818719,"effective_n":192.3449435241636,"observed":0.64083655207211},"kunnari_rate":{"rate":0.022379825019473852,"effective_n":95.59254719951696,"observed":0.03894529292570757},"lyoty_rate":{"rate":0.07266663602124869,"effective_n":92.60431220976777,"observed":0.04566430064922397},"haava_rate":{"rate":0.3530164566738751,"effective_n":87.02323863188629,"observed":0.2766464601717401},"palo_rate":{"rate":0.40352379837507346,"effective_n":89.750122075734,"observed":0.4914812279268281}},"teho_plus_proj":122},"translation":{"wrc_plus":102,"tier":"league-average regular","rows":[{"pesis_label":"Kärkilyönti-% (advance the lead runner)","pesis_value":0.5757575757575758,"percentile":58,"mlb_stat":"AVG","mlb_value":"0.293"},{"pesis_label":"Kärkilyönnit per turn (base hits)","pesis_value":0.5588235294117647,"percentile":62,"mlb_stat":"H / 600 PA","mlb_value":"157"},{"pesis_label":"Lyödyt per turn (runs batted home)","pesis_value":0.049019607843137254,"percentile":41,"mlb_stat":"RBI / 600 PA","mlb_value":"67"},{"pesis_label":"Tuodut per advance (runs scored)","pesis_value":0.06451612903225806,"percentile":60,"mlb_stat":"R / 600 PA","mlb_value":"81"},{"pesis_label":"Palot per turn (burned outs)","pesis_value":0.4803921568627451,"percentile":5,"mlb_stat":"K%","mlb_value":"31.2%"}]},"pitching":null,"career_json":[{"year":2026,"kl_pct":0.5757575757575758,"teho_plus":96}],"pct_stats":["kl_pct","saatto_pct","eten_pct","kunnari_rate","lyoty_rate","palo_rate","tehot_per_turn"],"base_kl":{"player_id":12278,"turns_at_bat":102,"kl_base0":0.6842105263157895,"kl_base0_tries":38,"kl_base1":0.43333333333333335,"kl_base1_tries":30,"kl_base2":0.5625,"kl_base2_tries":16,"kl_base3":0.6,"kl_base3_tries":15,"pct_kl_base0":88,"pct_kl_base1":31,"pct_kl_base2":37,"pct_kl_base3":64},"base_keys":["kl_base0","kl_base1","kl_base2","kl_base3"],"comps":[]}