{"player":{"id":12289,"name":"Elias Kippola","born_year":null},"career":[{"player_id":12289,"name":"Elias Kippola","born_year":null,"year":2026,"games":4,"team":"SiKi","turns_at_bat":31,"kunnarit":1,"lyodyt":2,"tuodut":5,"karkilyonnit":15,"karki_yritykset":29,"saatot":40,"saatto_yritykset":60,"etenemiset":44,"eteneminen_yritykset":68,"haavat":13,"palot":11,"season_id":3,"tehot":8,"kl_pct":0.5172413793103449,"saatto_pct":0.6666666666666666,"eten_pct":0.6470588235294118,"kunnari_rate":0.03225806451612903,"lyoty_rate":0.06451612903225806,"tuotu_rate":0.07352941176470588,"haava_rate":0.41935483870967744,"palo_rate":0.3548387096774194,"tehot_per_turn":0.25806451612903225,"kl_per_turn":0.4838709677419355,"hr_rbi_per_turn":0.0967741935483871,"kl_base0":0.2,"kl_base0_tries":5,"kl_base1":0.5789473684210527,"kl_base1_tries":19,"kl_base2":0.0,"kl_base2_tries":1,"kl_base3":0.75,"kl_base3_tries":4,"adv1_pct":0.2,"adv2_pct":0.5789473684210527,"adv3_pct":0.0,"adv_home_pct":0.75,"money_kl_pct":0.75,"money_kl_tries":4,"teho_plus":153,"adv_plus":109,"runner_plus":110,"out_avoid_plus":96,"adv1_plus":42,"adv2_plus":105,"adv3_plus":0,"adv_home_plus":166,"money_kl_plus":166,"spark_index":107,"teho_plus_adj":150}],"line":{"player_id":12289,"name":"Elias Kippola","born_year":null,"year":2026,"games":4,"team":"SiKi","turns_at_bat":31,"kunnarit":1,"lyodyt":2,"tuodut":5,"karkilyonnit":15,"karki_yritykset":29,"saatot":40,"saatto_yritykset":60,"etenemiset":44,"eteneminen_yritykset":68,"haavat":13,"palot":11,"season_id":3,"tehot":8,"kl_pct":0.5172413793103449,"saatto_pct":0.6666666666666666,"eten_pct":0.6470588235294118,"kunnari_rate":0.03225806451612903,"lyoty_rate":0.06451612903225806,"tuotu_rate":0.07352941176470588,"haava_rate":0.41935483870967744,"palo_rate":0.3548387096774194,"tehot_per_turn":0.25806451612903225,"kl_per_turn":0.4838709677419355,"hr_rbi_per_turn":0.0967741935483871,"kl_base0":0.2,"kl_base0_tries":5,"kl_base1":0.5789473684210527,"kl_base1_tries":19,"kl_base2":0.0,"kl_base2_tries":1,"kl_base3":0.75,"kl_base3_tries":4,"adv1_pct":0.2,"adv2_pct":0.5789473684210527,"adv3_pct":0.0,"adv_home_pct":0.75,"money_kl_pct":0.75,"money_kl_tries":4,"teho_plus":153,"adv_plus":109,"runner_plus":110,"out_avoid_plus":96,"adv1_plus":42,"adv2_plus":105,"adv3_plus":0,"adv_home_plus":166,"money_kl_plus":166,"spark_index":107,"teho_plus_adj":150,"pct_kl_pct":null,"pct_saatto_pct":null,"pct_eten_pct":null,"pct_kunnari_rate":null,"pct_lyoty_rate":null,"pct_palo_rate":null,"pct_tehot_per_turn":null},"proj":{"player_id":12289,"name":"Elias Kippola","as_of":"2026-06-27","age":null,"stats":{"kl_pct":{"rate":0.5141240001298004,"effective_n":28.385584969514756,"observed":0.5155444676851922},"saatto_pct":{"rate":0.6356909707283821,"effective_n":58.21829042408703,"observed":0.6656146176033451},"eten_pct":{"rate":0.6217384264395922,"effective_n":65.77623071776267,"observed":0.6456088028006465},"kunnari_rate":{"rate":0.011679829244713185,"effective_n":30.538871328769382,"observed":0.03254907430267678},"lyoty_rate":{"rate":0.07293258366716697,"effective_n":30.311919571302578,"observed":0.06423083148063526},"haava_rate":{"rate":0.4229270836958233,"effective_n":29.865106669272798,"observed":0.4220720457146608},"palo_rate":{"rate":0.3353552216619666,"effective_n":30.087340223105066,"observed":0.3532365075263668}},"teho_plus_proj":161},"career_json":[{"year":2026,"kl_pct":0.5172413793103449,"teho_plus":153}],"pct_stats":["kl_pct","saatto_pct","eten_pct","kunnari_rate","lyoty_rate","palo_rate","tehot_per_turn"],"base_kl":{"player_id":12289,"turns_at_bat":31,"kl_base0":0.2,"kl_base0_tries":5,"kl_base1":0.5789473684210527,"kl_base1_tries":19,"kl_base2":0.0,"kl_base2_tries":1,"kl_base3":0.75,"kl_base3_tries":4,"pct_kl_base0":null,"pct_kl_base1":null,"pct_kl_base2":null,"pct_kl_base3":null},"base_keys":["kl_base0","kl_base1","kl_base2","kl_base3"],"comps":[]}