{"player":{"id":12398,"name":"Topi Kujala","born_year":null},"career":[{"year":2023,"age":null,"games":20,"turns_at_bat":119,"vyk":-0.22,"spark_index":84,"adv_plus":73,"runner_plus":89,"out_avoid_plus":103,"money_kl_plus":53,"teho_plus":60,"teho_plus_adj":59},{"year":2024,"age":null,"games":24,"turns_at_bat":141,"vyk":0.26,"spark_index":100,"adv_plus":99,"runner_plus":102,"out_avoid_plus":97,"money_kl_plus":72,"teho_plus":75,"teho_plus_adj":69},{"year":2025,"age":null,"games":23,"turns_at_bat":143,"vyk":0.19,"spark_index":101,"adv_plus":107,"runner_plus":103,"out_avoid_plus":85,"money_kl_plus":107,"teho_plus":73,"teho_plus_adj":69},{"year":2026,"age":null,"games":17,"turns_at_bat":87,"vyk":-0.04,"spark_index":87,"adv_plus":87,"runner_plus":84,"out_avoid_plus":90,"money_kl_plus":148,"teho_plus":50,"teho_plus_adj":49}],"line":{"player_id":12398,"name":"Topi Kujala","born_year":null,"year":2026,"games":17,"team":"KoU","turns_at_bat":87,"kunnarit":1,"lyodyt":3,"tuodut":3,"karkilyonnit":35,"karki_yritykset":77,"saatot":58,"saatto_yritykset":111,"etenemiset":70,"eteneminen_yritykset":141,"haavat":37,"palot":34,"season_id":1,"tehot":7,"kl_pct":0.45454545454545453,"saatto_pct":0.5225225225225225,"eten_pct":0.49645390070921985,"kunnari_rate":0.011494252873563218,"lyoty_rate":0.034482758620689655,"tuotu_rate":0.02127659574468085,"haava_rate":0.42528735632183906,"palo_rate":0.39080459770114945,"tehot_per_turn":0.08045977011494253,"kl_per_turn":0.40229885057471265,"hr_rbi_per_turn":0.04597701149425287,"kl_base0":0.4444444444444444,"kl_base0_tries":54,"kl_base1":0.3333333333333333,"kl_base1_tries":12,"kl_base2":0.6,"kl_base2_tries":5,"kl_base3":0.6666666666666666,"kl_base3_tries":6,"adv1_pct":0.4444444444444444,"adv2_pct":0.3333333333333333,"adv3_pct":0.6,"adv_home_pct":0.6666666666666666,"money_kl_pct":0.6666666666666666,"money_kl_tries":6,"pos":"3V","teho_plus":50,"adv_plus":87,"runner_plus":84,"out_avoid_plus":90,"adv1_plus":83,"adv2_plus":63,"adv3_plus":105,"adv_home_plus":148,"money_kl_plus":148,"spark_index":87,"run_value":2.1435785280304,"raa":-4.1,"jyk":-0.5,"vyk":-0.04,"teho_plus_adj":49,"pct_kl_pct":28,"pct_saatto_pct":25,"pct_eten_pct":8,"pct_kunnari_rate":76,"pct_lyoty_rate":55,"pct_palo_rate":27,"pct_tehot_per_turn":21},"proj":{"player_id":12398,"name":"Topi Kujala","as_of":"2026-07-02","age":null,"stats":{"kl_pct":{"rate":0.5134121197187549,"effective_n":120.19469404549015,"observed":0.5075965229117629},"saatto_pct":{"rate":0.5673086550296984,"effective_n":153.36230698961407,"observed":0.5615019002053621},"eten_pct":{"rate":0.5521648365177642,"effective_n":205.1719277768296,"observed":0.543435489285213},"kunnari_rate":{"rate":0.005465416256358106,"effective_n":195.07629632573833,"observed":0.004656520081483979},"lyoty_rate":{"rate":0.04731229664112487,"effective_n":146.04703694302472,"observed":0.0336637259679538},"haava_rate":{"rate":0.41084474182061126,"effective_n":101.3521191600002,"observed":0.3924893793848128},"palo_rate":{"rate":0.3716652000262506,"effective_n":118.32471139381835,"observed":0.40362959265204895}},"teho_plus_proj":135},"translation":{"wrc_plus":80,"tier":"bench bat","rows":[{"pesis_label":"Kärkilyönti-% (advance the lead runner)","pesis_value":0.45454545454545453,"percentile":28,"mlb_stat":"AVG","mlb_value":"0.213"},{"pesis_label":"Kärkilyönnit per turn (base hits)","pesis_value":0.40229885057471265,"percentile":20,"mlb_stat":"H / 600 PA","mlb_value":"131"},{"pesis_label":"Lyödyt per turn (runs batted home)","pesis_value":0.034482758620689655,"percentile":55,"mlb_stat":"RBI / 600 PA","mlb_value":"75"},{"pesis_label":"Tuodut per advance (runs scored)","pesis_value":0.02127659574468085,"percentile":22,"mlb_stat":"R / 600 PA","mlb_value":"62"},{"pesis_label":"Palot per turn (burned outs)","pesis_value":0.39080459770114945,"percentile":27,"mlb_stat":"K%","mlb_value":"25.6%"}]},"pitching":null,"career_json":[{"year":2023,"kl_pct":0.44086021505376344,"teho_plus":60},{"year":2024,"kl_pct":0.578125,"teho_plus":75},{"year":2025,"kl_pct":0.59,"teho_plus":73},{"year":2026,"kl_pct":0.45454545454545453,"teho_plus":50}],"pct_stats":["kl_pct","saatto_pct","eten_pct","kunnari_rate","lyoty_rate","palo_rate","tehot_per_turn"],"base_kl":{"player_id":12398,"turns_at_bat":87,"kl_base0":0.4444444444444444,"kl_base0_tries":54,"kl_base1":0.3333333333333333,"kl_base1_tries":12,"kl_base2":0.6,"kl_base2_tries":5,"kl_base3":0.6666666666666666,"kl_base3_tries":6,"pct_kl_base0":38,"pct_kl_base1":19,"pct_kl_base2":49,"pct_kl_base3":79},"base_keys":["kl_base0","kl_base1","kl_base2","kl_base3"],"comps":[]}