{"player":{"id":12390,"name":"Tiia Rinkinen","born_year":null},"career":[{"player_id":12390,"name":"Tiia Rinkinen","born_year":null,"year":2026,"games":14,"team":"Tarmo","turns_at_bat":55,"kunnarit":0,"lyodyt":5,"tuodut":1,"karkilyonnit":29,"karki_yritykset":56,"saatot":71,"saatto_yritykset":131,"etenemiset":45,"eteneminen_yritykset":81,"haavat":25,"palot":11,"season_id":4,"tehot":6,"kl_pct":0.5178571428571429,"saatto_pct":0.5419847328244275,"eten_pct":0.5555555555555556,"kunnari_rate":0.0,"lyoty_rate":0.09090909090909091,"tuotu_rate":0.012345679012345678,"haava_rate":0.45454545454545453,"palo_rate":0.2,"tehot_per_turn":0.10909090909090909,"kl_per_turn":0.5272727272727272,"hr_rbi_per_turn":0.09090909090909091,"kl_base0":0.3333333333333333,"kl_base0_tries":3,"kl_base1":0.45,"kl_base1_tries":20,"kl_base2":0.6666666666666666,"kl_base2_tries":21,"kl_base3":0.4166666666666667,"kl_base3_tries":12,"adv1_pct":0.3333333333333333,"adv2_pct":0.45,"adv3_pct":0.6666666666666666,"adv_home_pct":0.4166666666666667,"money_kl_pct":0.4166666666666667,"money_kl_tries":12,"teho_plus":51,"adv_plus":87,"runner_plus":88,"out_avoid_plus":120,"adv1_plus":57,"adv2_plus":78,"adv3_plus":105,"adv_home_plus":88,"money_kl_plus":88,"spark_index":94,"teho_plus_adj":51}],"line":{"player_id":12390,"name":"Tiia Rinkinen","born_year":null,"year":2026,"games":14,"team":"Tarmo","turns_at_bat":55,"kunnarit":0,"lyodyt":5,"tuodut":1,"karkilyonnit":29,"karki_yritykset":56,"saatot":71,"saatto_yritykset":131,"etenemiset":45,"eteneminen_yritykset":81,"haavat":25,"palot":11,"season_id":4,"tehot":6,"kl_pct":0.5178571428571429,"saatto_pct":0.5419847328244275,"eten_pct":0.5555555555555556,"kunnari_rate":0.0,"lyoty_rate":0.09090909090909091,"tuotu_rate":0.012345679012345678,"haava_rate":0.45454545454545453,"palo_rate":0.2,"tehot_per_turn":0.10909090909090909,"kl_per_turn":0.5272727272727272,"hr_rbi_per_turn":0.09090909090909091,"kl_base0":0.3333333333333333,"kl_base0_tries":3,"kl_base1":0.45,"kl_base1_tries":20,"kl_base2":0.6666666666666666,"kl_base2_tries":21,"kl_base3":0.4166666666666667,"kl_base3_tries":12,"adv1_pct":0.3333333333333333,"adv2_pct":0.45,"adv3_pct":0.6666666666666666,"adv_home_pct":0.4166666666666667,"money_kl_pct":0.4166666666666667,"money_kl_tries":12,"teho_plus":51,"adv_plus":87,"runner_plus":88,"out_avoid_plus":120,"adv1_plus":57,"adv2_plus":78,"adv3_plus":105,"adv_home_plus":88,"money_kl_plus":88,"spark_index":94,"teho_plus_adj":51,"pct_kl_pct":29,"pct_saatto_pct":14,"pct_eten_pct":8,"pct_kunnari_rate":36,"pct_lyoty_rate":62,"pct_palo_rate":84,"pct_tehot_per_turn":14},"proj":{"player_id":12390,"name":"Tiia Rinkinen","as_of":"2026-06-29","age":null,"stats":{"kl_pct":{"rate":0.5452461901817918,"effective_n":52.42943546554299,"observed":0.5189364929804706},"saatto_pct":{"rate":0.5650428942553333,"effective_n":119.62747393022477,"observed":0.5413363672949515},"eten_pct":{"rate":0.5872916112432222,"effective_n":73.49883510861919,"observed":0.5558055575523748},"kunnari_rate":{"rate":0.0037037329643319246,"effective_n":52.363190976028314,"observed":0.0},"lyoty_rate":{"rate":0.09509293350203256,"effective_n":51.11208660301912,"observed":0.09218931103612907},"haava_rate":{"rate":0.4028905196956079,"effective_n":48.73624349032609,"observed":0.45699409489264375},"palo_rate":{"rate":0.28131656987744597,"effective_n":49.903631949381825,"observed":0.19770460238161824}},"teho_plus_proj":129},"career_json":[{"year":2026,"kl_pct":0.5178571428571429,"teho_plus":51}],"pct_stats":["kl_pct","saatto_pct","eten_pct","kunnari_rate","lyoty_rate","palo_rate","tehot_per_turn"],"base_kl":{"player_id":12390,"turns_at_bat":55,"kl_base0":0.3333333333333333,"kl_base0_tries":3,"kl_base1":0.45,"kl_base1_tries":20,"kl_base2":0.6666666666666666,"kl_base2_tries":21,"kl_base3":0.4166666666666667,"kl_base3_tries":12,"pct_kl_base0":20,"pct_kl_base1":28,"pct_kl_base2":57,"pct_kl_base3":34},"base_keys":["kl_base0","kl_base1","kl_base2","kl_base3"],"log":[{"player_id":12390,"season_id":4,"match_id":129280,"date":"2026-05-09","team":"Tarmo","opponent":"AA","home":0,"turns_at_bat":3,"kunnarit":0,"lyodyt":0,"tuodut":0,"karkilyonnit":1,"karki_yritykset":3,"saatot":4,"saatto_yritykset":7,"etenemiset":3,"eteneminen_yritykset":4,"haavat":0,"palot":1,"stadium":"Saltex Areena, Alajärvi","tehot":0,"kl_pct":0.3333333333333333},{"player_id":12390,"season_id":4,"match_id":129297,"date":"2026-05-13","team":"Tarmo","opponent":"SMJ","home":1,"turns_at_bat":4,"kunnarit":0,"lyodyt":0,"tuodut":0,"karkilyonnit":0,"karki_yritykset":1,"saatot":1,"saatto_yritykset":7,"etenemiset":1,"eteneminen_yritykset":5,"haavat":2,"palot":2,"stadium":"Ikaalisten Pesispuisto","tehot":0,"kl_pct":0.0},{"player_id":12390,"season_id":4,"match_id":129377,"date":"2026-05-17","team":"Tarmo","opponent":"Pesä Ysit","home":1,"turns_at_bat":3,"kunnarit":0,"lyodyt":0,"tuodut":0,"karkilyonnit":2,"karki_yritykset":3,"saatot":4,"saatto_yritykset":6,"etenemiset":3,"eteneminen_yritykset":5,"haavat":2,"palot":0,"stadium":"Ikaalisten Pesispuisto","tehot":0,"kl_pct":0.6666666666666666},{"player_id":12390,"season_id":4,"match_id":129407,"date":"2026-05-21","team":"Tarmo","opponent":"Puhti","home":0,"turns_at_bat":6,"kunnarit":0,"lyodyt":0,"tuodut":0,"karkilyonnit":2,"karki_yritykset":6,"saatot":6,"saatto_yritykset":13,"etenemiset":4,"eteneminen_yritykset":9,"haavat":3,"palot":2,"stadium":"Kuusankosken pesäpallokenttä, Kouvola","tehot":0,"kl_pct":0.3333333333333333},{"player_id":12390,"season_id":4,"match_id":129258,"date":"2026-05-23","team":"Tarmo","opponent":"TyTe","home":0,"turns_at_bat":2,"kunnarit":0,"lyodyt":1,"tuodut":0,"karkilyonnit":2,"karki_yritykset":2,"saatot":7,"saatto_yritykset":7,"etenemiset":5,"eteneminen_yritykset":5,"haavat":0,"palot":0,"stadium":"Tyrnävän pesäpallokenttä","tehot":1,"kl_pct":1.0},{"player_id":12390,"season_id":4,"match_id":129262,"date":"2026-05-24","team":"Tarmo","opponent":"KPK","home":0,"turns_at_bat":5,"kunnarit":0,"lyodyt":0,"tuodut":0,"karkilyonnit":2,"karki_yritykset":3,"saatot":4,"saatto_yritykset":8,"etenemiset":2,"eteneminen_yritykset":6,"haavat":3,"palot":1,"stadium":"Kajaanin keskuskenttä","tehot":0,"kl_pct":0.6666666666666666},{"player_id":12390,"season_id":4,"match_id":129411,"date":"2026-05-28","team":"Tarmo","opponent":"MyVe","home":1,"turns_at_bat":3,"kunnarit":0,"lyodyt":1,"tuodut":0,"karkilyonnit":2,"karki_yritykset":3,"saatot":4,"saatto_yritykset":6,"etenemiset":2,"eteneminen_yritykset":4,"haavat":2,"palot":0,"stadium":"Ikaalisten Pesispuisto","tehot":1,"kl_pct":0.6666666666666666},{"player_id":12390,"season_id":4,"match_id":129276,"date":"2026-06-03","team":"Tarmo","opponent":"Lavepesis","home":0,"turns_at_bat":5,"kunnarit":0,"lyodyt":0,"tuodut":0,"karkilyonnit":3,"karki_yritykset":7,"saatot":6,"saatto_yritykset":13,"etenemiset":4,"eteneminen_yritykset":7,"haavat":2,"palot":1,"stadium":"Veikkolan pesäpallostadion, Lappajärvi","tehot":0,"kl_pct":0.42857142857142855},{"player_id":12390,"season_id":4,"match_id":129406,"date":"2026-06-12","team":"Tarmo","opponent":"Jana","home":0,"turns_at_bat":3,"kunnarit":0,"lyodyt":0,"tuodut":0,"karkilyonnit":1,"karki_yritykset":3,"saatot":7,"saatto_yritykset":9,"etenemiset":6,"eteneminen_yritykset":7,"haavat":1,"palot":0,"stadium":"Kansanpuiston kenttä, Turenki (Janakkala)","tehot":0,"kl_pct":0.3333333333333333},{"player_id":12390,"season_id":4,"match_id":129410,"date":"2026-06-14","team":"Tarmo","opponent":"ViU","home":1,"turns_at_bat":3,"kunnarit":0,"lyodyt":2,"tuodut":0,"karkilyonnit":4,"karki_yritykset":5,"saatot":8,"saatto_yritykset":11,"etenemiset":4,"eteneminen_yritykset":5,"haavat":1,"palot":0,"stadium":"Ikaalisten Pesispuisto","tehot":2,"kl_pct":0.8},{"player_id":12390,"season_id":4,"match_id":129405,"date":"2026-06-17","team":"Tarmo","opponent":"Pesä Ysit","home":0,"turns_at_bat":3,"kunnarit":0,"lyodyt":0,"tuodut":0,"karkilyonnit":2,"karki_yritykset":4,"saatot":4,"saatto_yritykset":7,"etenemiset":2,"eteneminen_yritykset":4,"haavat":1,"palot":1,