{"player":{"id":12425,"name":"Jari Vatanen","born_year":null},"career":[{"year":2025,"season_id":155,"team":"YPA","age":null,"games":14,"turns_at_bat":75,"vyk":0.19,"spark_index":96,"adv_plus":94,"runner_plus":97,"out_avoid_plus":98,"money_kl_plus":108,"teho_plus":57,"teho_plus_adj":56},{"year":2026,"season_id":156,"team":"YPA","age":null,"games":3,"turns_at_bat":16,"vyk":0.04,"spark_index":93,"adv_plus":71,"runner_plus":108,"out_avoid_plus":126,"money_kl_plus":123,"teho_plus":80,"teho_plus_adj":79}],"line":{"player_id":12425,"name":"Jari Vatanen","born_year":null,"year":2026,"games":3,"team":"YPA","turns_at_bat":16,"kunnarit":0,"lyodyt":2,"tuodut":1,"karkilyonnit":3,"karki_yritykset":14,"saatot":16,"saatto_yritykset":31,"etenemiset":20,"eteneminen_yritykset":30,"haavat":8,"palot":2,"season_id":156,"tehot":3,"kl_pct":0.21428571428571427,"saatto_pct":0.5161290322580645,"eten_pct":0.6666666666666666,"kunnari_rate":0.0,"lyoty_rate":0.125,"tuotu_rate":0.03333333333333333,"haava_rate":0.5,"palo_rate":0.125,"tehot_per_turn":0.1875,"kl_per_turn":0.1875,"hr_rbi_per_turn":0.125,"kl_base0":0.0,"kl_base0_tries":2,"kl_base1":0.14285714285714285,"kl_base1_tries":7,"kl_base2":0.0,"kl_base2_tries":2,"kl_base3":0.6666666666666666,"kl_base3_tries":3,"adv1_pct":0.0,"adv2_pct":0.14285714285714285,"adv3_pct":0.0,"adv_home_pct":0.6666666666666666,"money_kl_pct":0.6666666666666666,"money_kl_tries":3,"pos":null,"teho_plus":80,"adv_plus":71,"runner_plus":108,"out_avoid_plus":126,"adv1_plus":0,"adv2_plus":27,"adv3_plus":0,"adv_home_plus":123,"money_kl_plus":123,"spark_index":93,"run_value":1.5209970354420972,"raa":-0.5,"jyk":0.7,"vyk":0.04,"teho_plus_adj":79,"pct_kl_pct":null,"pct_saatto_pct":null,"pct_eten_pct":null,"pct_kunnari_rate":null,"pct_lyoty_rate":null,"pct_palo_rate":null,"pct_tehot_per_turn":null},"proj":{"player_id":12425,"name":"Jari Vatanen","as_of":"2026-06-27","age":null,"stats":{"kl_pct":{"rate":0.4785377566091632,"effective_n":34.535850455518116,"observed":0.35585721863819597},"saatto_pct":{"rate":0.5933530547144571,"effective_n":56.50025046028787,"observed":0.5735249713796453},"eten_pct":{"rate":0.627318997929426,"effective_n":58.44185360152049,"observed":0.6341674694151432},"kunnari_rate":{"rate":0.009297264974284444,"effective_n":51.529006766099606,"observed":0.00943937178980187},"lyoty_rate":{"rate":0.08984905765736723,"effective_n":40.20460620568691,"observed":0.06137775230868113},"haava_rate":{"rate":0.42405736969042196,"effective_n":26.679006197802906,"observed":0.4414833341216799},"palo_rate":{"rate":0.2829515746913636,"effective_n":32.26696661432588,"observed":0.22915481549622443}},"teho_plus_proj":123},"translation":null,"pitching":null,"career_json":[{"year":2025,"kl_pct":0.4375,"teho_plus":57},{"year":2026,"kl_pct":0.21428571428571427,"teho_plus":80}],"pct_stats":["kl_pct","saatto_pct","eten_pct","kunnari_rate","lyoty_rate","palo_rate","tehot_per_turn"],"base_kl":{"player_id":12425,"turns_at_bat":16,"kl_base0":0.0,"kl_base0_tries":2,"kl_base1":0.14285714285714285,"kl_base1_tries":7,"kl_base2":0.0,"kl_base2_tries":2,"kl_base3":0.6666666666666666,"kl_base3_tries":3,"pct_kl_base0":null,"pct_kl_base1":null,"pct_kl_base2":null,"pct_kl_base3":null},"base_keys":["kl_base0","kl_base1","kl_base2","kl_base3"],"comps":[]}