{"player":{"id":12429,"name":"Oskari Leppäniemi","born_year":null},"career":[{"year":2016,"season_id":146,"team":"ViVe","age":null,"games":4,"turns_at_bat":16,"vyk":-0.11,"spark_index":45,"adv_plus":28,"runner_plus":27,"out_avoid_plus":116,"money_kl_plus":0,"teho_plus":0,"teho_plus_adj":0},{"year":2025,"season_id":155,"team":"JaJa","age":null,"games":15,"turns_at_bat":80,"vyk":0.42,"spark_index":101,"adv_plus":101,"runner_plus":95,"out_avoid_plus":109,"money_kl_plus":65,"teho_plus":59,"teho_plus_adj":58},{"year":2026,"season_id":156,"team":"JaJa","age":null,"games":8,"turns_at_bat":44,"vyk":0.06,"spark_index":92,"adv_plus":84,"runner_plus":98,"out_avoid_plus":105,"money_kl_plus":31,"teho_plus":58,"teho_plus_adj":58}],"line":{"player_id":12429,"name":"Oskari Leppäniemi","born_year":null,"year":2026,"games":8,"team":"JaJa","turns_at_bat":44,"kunnarit":0,"lyodyt":2,"tuodut":4,"karkilyonnit":16,"karki_yritykset":39,"saatot":41,"saatto_yritykset":74,"etenemiset":43,"eteneminen_yritykset":71,"haavat":16,"palot":12,"season_id":156,"tehot":6,"kl_pct":0.41025641025641024,"saatto_pct":0.5540540540540541,"eten_pct":0.6056338028169014,"kunnari_rate":0.0,"lyoty_rate":0.045454545454545456,"tuotu_rate":0.056338028169014086,"haava_rate":0.36363636363636365,"palo_rate":0.2727272727272727,"tehot_per_turn":0.13636363636363635,"kl_per_turn":0.36363636363636365,"hr_rbi_per_turn":0.045454545454545456,"kl_base0":0.38461538461538464,"kl_base0_tries":13,"kl_base1":0.7,"kl_base1_tries":10,"kl_base2":0.5,"kl_base2_tries":4,"kl_base3":0.16666666666666666,"kl_base3_tries":12,"adv1_pct":0.38461538461538464,"adv2_pct":0.7,"adv3_pct":0.5,"adv_home_pct":0.16666666666666666,"money_kl_pct":0.16666666666666666,"money_kl_tries":12,"pos":"3K","teho_plus":58,"adv_plus":84,"runner_plus":98,"out_avoid_plus":105,"adv1_plus":75,"adv2_plus":131,"adv3_plus":80,"adv_home_plus":31,"money_kl_plus":31,"spark_index":92,"run_value":3.2107194625384596,"raa":-2.2,"jyk":1.0,"vyk":0.06,"teho_plus_adj":58,"pct_kl_pct":13,"pct_saatto_pct":29,"pct_eten_pct":43,"pct_kunnari_rate":28,"pct_lyoty_rate":38,"pct_palo_rate":58,"pct_tehot_per_turn":28},"proj":{"player_id":12429,"name":"Oskari Leppäniemi","as_of":"2026-07-08","age":null,"stats":{"kl_pct":{"rate":0.4985344583094152,"effective_n":60.62424851839357,"observed":0.4484377612719046},"saatto_pct":{"rate":0.5958873211767729,"effective_n":103.23795141352922,"observed":0.5860176850388928},"eten_pct":{"rate":0.6108041285485649,"effective_n":92.73190115361693,"observed":0.6062155662977414},"kunnari_rate":{"rate":0.008114933600847283,"effective_n":79.34496419632228,"observed":0.006419083799702756},"lyoty_rate":{"rate":0.07663935854423284,"effective_n":66.47877001211977,"observed":0.043524221962205276},"haava_rate":{"rate":0.40306590765142025,"effective_n":50.85201863813222,"observed":0.3709287607966346},"palo_rate":{"rate":0.2854063107284273,"effective_n":57.37676671975634,"observed":0.25857525282893595}},"teho_plus_proj":114},"translation":{"wrc_plus":85,"tier":"bench bat","rows":[{"pesis_label":"Kärkilyönti-% (advance the lead runner)","pesis_value":0.41025641025641024,"percentile":13,"mlb_stat":"AVG","mlb_value":"0.127"},{"pesis_label":"Kärkilyönnit per turn (base hits)","pesis_value":0.36363636363636365,"percentile":14,"mlb_stat":"H / 600 PA","mlb_value":"126"},{"pesis_label":"Lyödyt per turn (runs batted home)","pesis_value":0.045454545454545456,"percentile":38,"mlb_stat":"RBI / 600 PA","mlb_value":"66"},{"pesis_label":"Tuodut per advance (runs scored)","pesis_value":0.056338028169014086,"percentile":51,"mlb_stat":"R / 600 PA","mlb_value":"76"},{"pesis_label":"Palot per turn (burned outs)","pesis_value":0.2727272727272727,"percentile":58,"mlb_stat":"K%","mlb_value":"21.1%"}]},"pitching":null,"career_json":[{"year":2016,"kl_pct":0.16666666666666666,"teho_plus":0},{"year":2025,"kl_pct":0.5131578947368421,"teho_plus":59},{"year":2026,"kl_pct":0.41025641025641024,"teho_plus":58}],"pct_stats":["kl_pct","saatto_pct","eten_pct","kunnari_rate","lyoty_rate","palo_rate","tehot_per_turn"],"base_kl":{"player_id":12429,"turns_at_bat":44,"kl_base0":0.38461538461538464,"kl_base0_tries":13,"kl_base1":0.7,"kl_base1_tries":10,"kl_base2":0.5,"kl_base2_tries":4,"kl_base3":0.16666666666666666,"kl_base3_tries":12,"pct_kl_base0":28,"pct_kl_base1":84,"pct_kl_base2":26,"pct_kl_base3":7},"base_keys":["kl_base0","kl_base1","kl_base2","kl_base3"],"comps":[]}