{"player":{"id":12461,"name":"Oona Aatsinki","born_year":null},"career":[{"year":2025,"season_id":126,"team":"Jana","age":null,"games":24,"turns_at_bat":69,"vyk":-0.14,"spark_index":76,"adv_plus":65,"runner_plus":67,"out_avoid_plus":117,"money_kl_plus":23,"teho_plus":13,"teho_plus_adj":15},{"year":2026,"season_id":130,"team":"Jana","age":null,"games":14,"turns_at_bat":48,"vyk":0.02,"spark_index":96,"adv_plus":91,"runner_plus":97,"out_avoid_plus":106,"money_kl_plus":105,"teho_plus":49,"teho_plus_adj":50}],"line":{"player_id":12461,"name":"Oona Aatsinki","born_year":null,"year":2026,"games":14,"team":"Jana","turns_at_bat":48,"kunnarit":0,"lyodyt":4,"tuodut":1,"karkilyonnit":22,"karki_yritykset":44,"saatot":60,"saatto_yritykset":102,"etenemiset":45,"eteneminen_yritykset":73,"haavat":14,"palot":14,"season_id":130,"tehot":5,"kl_pct":0.5,"saatto_pct":0.5882352941176471,"eten_pct":0.6164383561643836,"kunnari_rate":0.0,"lyoty_rate":0.08333333333333333,"tuotu_rate":0.0136986301369863,"haava_rate":0.2916666666666667,"palo_rate":0.2916666666666667,"tehot_per_turn":0.10416666666666667,"kl_per_turn":0.4583333333333333,"hr_rbi_per_turn":0.08333333333333333,"kl_base0":0.2,"kl_base0_tries":5,"kl_base1":0.3333333333333333,"kl_base1_tries":12,"kl_base2":0.6842105263157895,"kl_base2_tries":19,"kl_base3":0.5,"kl_base3_tries":8,"adv1_pct":0.2,"adv2_pct":0.3333333333333333,"adv3_pct":0.6842105263157895,"adv_home_pct":0.5,"money_kl_pct":0.5,"money_kl_tries":8,"pos":"L","teho_plus":49,"adv_plus":91,"runner_plus":97,"out_avoid_plus":106,"adv1_plus":35,"adv2_plus":58,"adv3_plus":107,"adv_home_plus":105,"money_kl_plus":105,"spark_index":96,"run_value":3.4062860007881675,"raa":-2.3,"jyk":0.3,"vyk":0.02,"teho_plus_adj":50,"pct_kl_pct":28,"pct_saatto_pct":29,"pct_eten_pct":39,"pct_kunnari_rate":36,"pct_lyoty_rate":59,"pct_palo_rate":57,"pct_tehot_per_turn":12},"proj":{"player_id":12461,"name":"Oona Aatsinki","as_of":"2026-06-28","age":null,"stats":{"kl_pct":{"rate":0.509344511565281,"effective_n":59.20314777674368,"observed":0.44904532113914347},"saatto_pct":{"rate":0.5682818752355825,"effective_n":117.23735410659498,"observed":0.544989935951246},"eten_pct":{"rate":0.5966008197977644,"effective_n":82.90576840628145,"observed":0.5739202306844254},"kunnari_rate":{"rate":0.0032526283516282634,"effective_n":78.01385954755888,"observed":0.0},"lyoty_rate":{"rate":0.08003652455346413,"effective_n":66.61344149045036,"observed":0.05874560325734191},"haava_rate":{"rate":0.35980768652303174,"effective_n":52.4947063882788,"observed":0.3271946954716972},"palo_rate":{"rate":0.3049883826246231,"effective_n":58.44053987708961,"observed":0.26724065350088816}},"teho_plus_proj":122},"translation":{"wrc_plus":71,"tier":"replacement level","rows":[{"pesis_label":"Kärkilyönti-% (advance the lead runner)","pesis_value":0.5,"percentile":28,"mlb_stat":"AVG","mlb_value":"0.213"},{"pesis_label":"Kärkilyönnit per turn (base hits)","pesis_value":0.4583333333333333,"percentile":24,"mlb_stat":"H / 600 PA","mlb_value":"134"},{"pesis_label":"Lyödyt per turn (runs batted home)","pesis_value":0.08333333333333333,"percentile":59,"mlb_stat":"RBI / 600 PA","mlb_value":"77"},{"pesis_label":"Tuodut per advance (runs scored)","pesis_value":0.0136986301369863,"percentile":8,"mlb_stat":"R / 600 PA","mlb_value":"51"},{"pesis_label":"Palot per turn (burned outs)","pesis_value":0.2916666666666667,"percentile":57,"mlb_stat":"K%","mlb_value":"21.2%"}]},"pitching":{"era":"4.42","tier":"swingman","games":14,"rows":[{"pesis":"Päästetyt juoksut / ottelu (LRA)","arvo":"7.57","pctile":32,"mlb":"ERA","kaannos":"4.42"},{"pesis":"LRA- (sarjaindeksi, 100 = ka.)","arvo":"102","pctile":null,"mlb":"ERA-","kaannos":"102"},{"pesis":"Estetyt juoksut (kausi)","arvo":"-2.1","pctile":null,"mlb":"Runs saved","kaannos":"-2.1"}]},"career_json":[{"year":2025,"kl_pct":0.3620689655172414,"teho_plus":13},{"year":2026,"kl_pct":0.5,"teho_plus":49}],"pct_stats":["kl_pct","saatto_pct","eten_pct","kunnari_rate","lyoty_rate","palo_rate","tehot_per_turn"],"base_kl":{"player_id":12461,"turns_at_bat":48,"kl_base0":0.2,"kl_base0_tries":5,"kl_base1":0.3333333333333333,"kl_base1_tries":12,"kl_base2":0.6842105263157895,"kl_base2_tries":19,"kl_base3":0.5,"kl_base3_tries":8,"pct_kl_base0":14,"pct_kl_base1":11,"pct_kl_base2":62,"pct_kl_base3":56},"base_keys":["kl_base0","kl_base1","kl_base2","kl_base3"],"comps":[]}