{"player":{"id":12473,"name":"Iiris Manninen","born_year":null},"career":[{"year":2021,"season_id":173,"team":"RuoPi","age":null,"games":1,"turns_at_bat":4,"vyk":-0.0,"spark_index":85,"adv_plus":52,"runner_plus":101,"out_avoid_plus":142,"money_kl_plus":null,"teho_plus":83,"teho_plus_adj":84},{"year":2024,"season_id":176,"team":"RuoPi","age":null,"games":15,"turns_at_bat":91,"vyk":0.27,"spark_index":95,"adv_plus":89,"runner_plus":89,"out_avoid_plus":118,"money_kl_plus":52,"teho_plus":40,"teho_plus_adj":39},{"year":2026,"season_id":178,"team":"RuoPi","age":null,"games":13,"turns_at_bat":74,"vyk":0.2,"spark_index":96,"adv_plus":91,"runner_plus":91,"out_avoid_plus":115,"money_kl_plus":61,"teho_plus":67,"teho_plus_adj":70}],"line":{"player_id":12473,"name":"Iiris Manninen","born_year":null,"year":2026,"games":13,"team":"RuoPi","turns_at_bat":74,"kunnarit":0,"lyodyt":8,"tuodut":7,"karkilyonnit":40,"karki_yritykset":76,"saatot":102,"saatto_yritykset":166,"etenemiset":78,"eteneminen_yritykset":130,"haavat":37,"palot":15,"season_id":178,"tehot":15,"kl_pct":0.5263157894736842,"saatto_pct":0.6144578313253012,"eten_pct":0.6,"kunnari_rate":0.0,"lyoty_rate":0.10810810810810811,"tuotu_rate":0.05384615384615385,"haava_rate":0.5,"palo_rate":0.20270270270270271,"tehot_per_turn":0.20270270270270271,"kl_per_turn":0.5405405405405406,"hr_rbi_per_turn":0.10810810810810811,"kl_base0":0.2857142857142857,"kl_base0_tries":14,"kl_base1":0.46153846153846156,"kl_base1_tries":13,"kl_base2":0.8461538461538461,"kl_base2_tries":26,"kl_base3":0.34782608695652173,"kl_base3_tries":23,"adv1_pct":0.2857142857142857,"adv2_pct":0.46153846153846156,"adv3_pct":0.8461538461538461,"adv_home_pct":0.34782608695652173,"money_kl_pct":0.34782608695652173,"money_kl_tries":23,"pos":"2P","teho_plus":67,"adv_plus":91,"runner_plus":91,"out_avoid_plus":115,"adv1_plus":51,"adv2_plus":78,"adv3_plus":122,"adv_home_plus":61,"money_kl_plus":61,"spark_index":96,"run_value":9.963992642784259,"raa":-1.8,"jyk":4.5,"vyk":0.2,"teho_plus_adj":70,"pct_kl_pct":25,"pct_saatto_pct":33,"pct_eten_pct":27,"pct_kunnari_rate":28,"pct_lyoty_rate":56,"pct_palo_rate":86,"pct_tehot_per_turn":28},"proj":{"player_id":12473,"name":"Iiris Manninen","as_of":"2026-07-16","age":null,"stats":{"kl_pct":{"rate":0.5578987728985811,"effective_n":79.25034754857191,"observed":0.5225372449009836},"saatto_pct":{"rate":0.6181339978972271,"effective_n":154.9430779428502,"observed":0.6072615849382098},"eten_pct":{"rate":0.6142766858932447,"effective_n":121.24661553706757,"observed":0.596035527868992},"kunnari_rate":{"rate":0.005971469642291508,"effective_n":89.7369443441521,"observed":0.0},"lyoty_rate":{"rate":0.11628343397676305,"effective_n":76.84227513525565,"observed":0.1001943827300979},"haava_rate":{"rate":0.41913608434819233,"effective_n":65.48600697624083,"observed":0.49454768036565383},"palo_rate":{"rate":0.26038977766060256,"effective_n":69.77776411416204,"observed":0.2054752554195715}},"teho_plus_proj":102},"translation":{"wrc_plus":85,"tier":"bench bat","rows":[{"pesis_label":"Kärkilyönti-% (advance the lead runner)","pesis_value":0.5263157894736842,"percentile":25,"mlb_stat":"AVG","mlb_value":"0.243"},{"pesis_label":"Kärkilyönnit per turn (base hits)","pesis_value":0.5405405405405406,"percentile":43,"mlb_stat":"H / 600 PA","mlb_value":"146"},{"pesis_label":"Lyödyt per turn (runs batted home)","pesis_value":0.10810810810810811,"percentile":56,"mlb_stat":"RBI / 600 PA","mlb_value":"75"},{"pesis_label":"Tuodut per advance (runs scored)","pesis_value":0.05384615384615385,"percentile":32,"mlb_stat":"R / 600 PA","mlb_value":"68"},{"pesis_label":"Palot per turn (burned outs)","pesis_value":0.20270270270270271,"percentile":86,"mlb_stat":"K%","mlb_value":"16.3%"}]},"pitching":null,"career_json":[{"year":2021,"kl_pct":0.0,"teho_plus":83},{"year":2024,"kl_pct":0.5204081632653061,"teho_plus":40},{"year":2026,"kl_pct":0.5263157894736842,"teho_plus":67}],"pct_stats":["kl_pct","saatto_pct","eten_pct","kunnari_rate","lyoty_rate","palo_rate","tehot_per_turn"],"base_kl":{"player_id":12473,"turns_at_bat":74,"kl_base0":0.2857142857142857,"kl_base0_tries":14,"kl_base1":0.46153846153846156,"kl_base1_tries":13,"kl_base2":0.8461538461538461,"kl_base2_tries":26,"kl_base3":0.34782608695652173,"kl_base3_tries":23,"pct_kl_base0":12,"pct_kl_base1":25,"pct_kl_base2":87,"pct_kl_base3":17},"base_keys":["kl_base0","kl_base1","kl_base2","kl_base3"],"comps":[]}