{"player":{"id":1249,"name":"Tuula Lappalainen","born_year":null},"career":[{"year":2000,"age":null,"games":20,"turns_at_bat":158,"vyk":0.16,"spark_index":93,"adv_plus":86,"runner_plus":91,"out_avoid_plus":113,"money_kl_plus":81,"teho_plus":73,"teho_plus_adj":72},{"year":2001,"age":null,"games":22,"turns_at_bat":137,"vyk":0.21,"spark_index":102,"adv_plus":104,"runner_plus":93,"out_avoid_plus":111,"money_kl_plus":123,"teho_plus":70,"teho_plus_adj":70}],"line":{"player_id":1249,"name":"Tuula Lappalainen","born_year":null,"year":2001,"games":22,"team":"SiiPe","turns_at_bat":137,"kunnarit":0,"lyodyt":7,"tuodut":16,"karkilyonnit":64,"karki_yritykset":109,"saatot":163,"saatto_yritykset":247,"etenemiset":140,"eteneminen_yritykset":240,"haavat":69,"palot":31,"season_id":30,"tehot":23,"kl_pct":0.5871559633027523,"saatto_pct":0.659919028340081,"eten_pct":0.5833333333333334,"kunnari_rate":0.0,"lyoty_rate":0.051094890510948905,"tuotu_rate":0.06666666666666667,"haava_rate":0.5036496350364964,"palo_rate":0.22627737226277372,"tehot_per_turn":0.1678832116788321,"kl_per_turn":0.46715328467153283,"hr_rbi_per_turn":0.051094890510948905,"kl_base0":0.42857142857142855,"kl_base0_tries":28,"kl_base1":0.5882352941176471,"kl_base1_tries":34,"kl_base2":0.6944444444444444,"kl_base2_tries":36,"kl_base3":0.6363636363636364,"kl_base3_tries":11,"adv1_pct":0.42857142857142855,"adv2_pct":0.5882352941176471,"adv3_pct":0.6944444444444444,"adv_home_pct":0.6363636363636364,"money_kl_pct":0.6363636363636364,"money_kl_tries":11,"pos":"2P","teho_plus":70,"adv_plus":104,"runner_plus":93,"out_avoid_plus":111,"adv1_plus":78,"adv2_plus":103,"adv3_plus":105,"adv_home_plus":123,"money_kl_plus":123,"spark_index":102,"run_value":4.088715780685562,"raa":-1.4,"jyk":4.1,"vyk":0.21,"teho_plus_adj":70,"pct_kl_pct":57,"pct_saatto_pct":65,"pct_eten_pct":29,"pct_kunnari_rate":23,"pct_lyoty_rate":28,"pct_palo_rate":82,"pct_tehot_per_turn":25},"proj":null,"translation":null,"pitching":null,"career_json":[{"year":2000,"kl_pct":0.5075757575757576,"teho_plus":73},{"year":2001,"kl_pct":0.5871559633027523,"teho_plus":70}],"pct_stats":["kl_pct","saatto_pct","eten_pct","kunnari_rate","lyoty_rate","palo_rate","tehot_per_turn"],"base_kl":{"player_id":1249,"turns_at_bat":137,"kl_base0":0.42857142857142855,"kl_base0_tries":28,"kl_base1":0.5882352941176471,"kl_base1_tries":34,"kl_base2":0.6944444444444444,"kl_base2_tries":36,"kl_base3":0.6363636363636364,"kl_base3_tries":11,"pct_kl_base0":31,"pct_kl_base1":59,"pct_kl_base2":64,"pct_kl_base3":82},"base_keys":["kl_base0","kl_base1","kl_base2","kl_base3"],"comps":[]}