{"player":{"id":125,"name":"Juhani Julku","born_year":null},"career":[{"year":1991,"age":null,"games":23,"turns_at_bat":87,"vyk":0.44,"spark_index":98,"adv_plus":93,"runner_plus":100,"out_avoid_plus":110,"money_kl_plus":99,"teho_plus":133,"teho_plus_adj":133}],"line":{"player_id":125,"name":"Juhani Julku","born_year":null,"year":1991,"games":23,"team":"Mansen Pesäpallo","turns_at_bat":87,"kunnarit":1,"lyodyt":14,"tuodut":5,"karkilyonnit":46,"karki_yritykset":102,"saatot":123,"saatto_yritykset":212,"etenemiset":108,"eteneminen_yritykset":175,"haavat":41,"palot":26,"season_id":14,"tehot":20,"kl_pct":0.45098039215686275,"saatto_pct":0.5801886792452831,"eten_pct":0.6171428571428571,"kunnari_rate":0.011494252873563218,"lyoty_rate":0.16091954022988506,"tuotu_rate":0.02857142857142857,"haava_rate":0.47126436781609193,"palo_rate":0.2988505747126437,"tehot_per_turn":0.22988505747126436,"kl_per_turn":0.5287356321839081,"hr_rbi_per_turn":0.1724137931034483,"kl_base0":0.5263157894736842,"kl_base0_tries":19,"kl_base1":0.4166666666666667,"kl_base1_tries":12,"kl_base2":0.48484848484848486,"kl_base2_tries":33,"kl_base3":0.39473684210526316,"kl_base3_tries":38,"adv1_pct":0.5263157894736842,"adv2_pct":0.4166666666666667,"adv3_pct":0.48484848484848486,"adv_home_pct":0.39473684210526316,"money_kl_pct":0.39473684210526316,"money_kl_tries":38,"pos":"2V","teho_plus":133,"adv_plus":93,"runner_plus":100,"out_avoid_plus":110,"adv1_plus":104,"adv2_plus":76,"adv3_plus":85,"adv_home_plus":99,"money_kl_plus":99,"spark_index":98,"run_value":7.502879569445676,"raa":2.7,"jyk":5.7,"vyk":0.44,"teho_plus_adj":133,"pct_kl_pct":33,"pct_saatto_pct":39,"pct_eten_pct":55,"pct_kunnari_rate":77,"pct_lyoty_rate":90,"pct_palo_rate":69,"pct_tehot_per_turn":82},"proj":null,"career_json":[{"year":1991,"kl_pct":0.45098039215686275,"teho_plus":133}],"pct_stats":["kl_pct","saatto_pct","eten_pct","kunnari_rate","lyoty_rate","palo_rate","tehot_per_turn"],"base_kl":{"player_id":125,"turns_at_bat":87,"kl_base0":0.5263157894736842,"kl_base0_tries":19,"kl_base1":0.4166666666666667,"kl_base1_tries":12,"kl_base2":0.48484848484848486,"kl_base2_tries":33,"kl_base3":0.39473684210526316,"kl_base3_tries":38,"pct_kl_base0":66,"pct_kl_base1":27,"pct_kl_base2":27,"pct_kl_base3":55},"base_keys":["kl_base0","kl_base1","kl_base2","kl_base3"],"comps":[]}