{"player":{"id":12551,"name":"Veikka Kurppa","born_year":null},"career":[{"year":2026,"season_id":129,"team":"UPV","age":null,"games":6,"turns_at_bat":47,"vyk":-0.03,"spark_index":72,"adv_plus":62,"runner_plus":78,"out_avoid_plus":86,"money_kl_plus":null,"teho_plus":51,"teho_plus_adj":51}],"line":{"player_id":12551,"name":"Veikka Kurppa","born_year":null,"year":2026,"games":6,"team":"UPV","turns_at_bat":47,"kunnarit":0,"lyodyt":0,"tuodut":4,"karkilyonnit":15,"karki_yritykset":43,"saatot":15,"saatto_yritykset":43,"etenemiset":36,"eteneminen_yritykset":78,"haavat":22,"palot":20,"season_id":129,"tehot":4,"kl_pct":0.3488372093023256,"saatto_pct":0.3488372093023256,"eten_pct":0.46153846153846156,"kunnari_rate":0.0,"lyoty_rate":0.0,"tuotu_rate":0.05128205128205128,"haava_rate":0.46808510638297873,"palo_rate":0.425531914893617,"tehot_per_turn":0.0851063829787234,"kl_per_turn":0.3191489361702128,"hr_rbi_per_turn":0.0,"kl_base0":0.34146341463414637,"kl_base0_tries":41,"kl_base1":0.5,"kl_base1_tries":2,"kl_base2":null,"kl_base2_tries":0,"kl_base3":null,"kl_base3_tries":0,"adv1_pct":0.34146341463414637,"adv2_pct":0.5,"adv3_pct":null,"adv_home_pct":null,"money_kl_pct":null,"money_kl_tries":0,"pos":"2K","teho_plus":51,"adv_plus":62,"runner_plus":78,"out_avoid_plus":86,"adv1_plus":72,"adv2_plus":90,"adv3_plus":null,"adv_home_plus":null,"money_kl_plus":null,"spark_index":72,"run_value":1.8599030429123884,"raa":-3.0,"jyk":-0.4,"vyk":-0.03,"teho_plus_adj":51,"pct_kl_pct":5,"pct_saatto_pct":0,"pct_eten_pct":5,"pct_kunnari_rate":31,"pct_lyoty_rate":11,"pct_palo_rate":17,"pct_tehot_per_turn":22},"proj":{"player_id":12551,"name":"Veikka Kurppa","as_of":"2026-07-05","age":null,"stats":{"kl_pct":{"rate":0.4491050906559814,"effective_n":37.99194319938117,"observed":0.3498982223217515},"saatto_pct":{"rate":0.47570173508648816,"effective_n":36.47252080361426,"observed":0.3501594927973026},"eten_pct":{"rate":0.5174808970948551,"effective_n":67.01418730271118,"observed":0.46462371035276884},"kunnari_rate":{"rate":0.004739500800801577,"effective_n":43.43704494115264,"observed":0.0},"lyoty_rate":{"rate":0.049238720111411505,"effective_n":41.77520482370984,"observed":0.0},"haava_rate":{"rate":0.4378044828797184,"effective_n":38.673029911052126,"observed":0.470554746586356},"palo_rate":{"rate":0.3604233535161666,"effective_n":40.18833040974545,"observed":0.4227374727575234}},"teho_plus_proj":126},"translation":{"wrc_plus":81,"tier":"bench bat","rows":[{"pesis_label":"Kärkilyönti-% (advance the lead runner)","pesis_value":0.3488372093023256,"percentile":5,"mlb_stat":"AVG","mlb_value":"0.145"},{"pesis_label":"Kärkilyönnit per turn (base hits)","pesis_value":0.3191489361702128,"percentile":9,"mlb_stat":"H / 600 PA","mlb_value":"121"},{"pesis_label":"Lyödyt per turn (runs batted home)","pesis_value":0.0,"percentile":11,"mlb_stat":"RBI / 600 PA","mlb_value":"47"},{"pesis_label":"Tuodut per advance (runs scored)","pesis_value":0.05128205128205128,"percentile":65,"mlb_stat":"R / 600 PA","mlb_value":"83"},{"pesis_label":"Palot per turn (burned outs)","pesis_value":0.425531914893617,"percentile":17,"mlb_stat":"K%","mlb_value":"27.4%"}]},"pitching":null,"career_json":[{"year":2026,"kl_pct":0.3488372093023256,"teho_plus":51}],"pct_stats":["kl_pct","saatto_pct","eten_pct","kunnari_rate","lyoty_rate","palo_rate","tehot_per_turn"],"base_kl":{"player_id":12551,"turns_at_bat":47,"kl_base0":0.34146341463414637,"kl_base0_tries":41,"kl_base1":0.5,"kl_base1_tries":2,"kl_base2":null,"kl_base2_tries":0,"kl_base3":null,"kl_base3_tries":0,"pct_kl_base0":31,"pct_kl_base1":40,"pct_kl_base2":null,"pct_kl_base3":null},"base_keys":["kl_base0","kl_base1","kl_base2","kl_base3"],"comps":[]}