{"player":{"id":12551,"name":"Veikka Kurppa","born_year":null},"career":[{"year":2026,"age":null,"games":5,"turns_at_bat":40,"vyk":-0.03,"spark_index":72,"adv_plus":65,"runner_plus":78,"out_avoid_plus":82,"money_kl_plus":null,"teho_plus":44,"teho_plus_adj":45}],"line":{"player_id":12551,"name":"Veikka Kurppa","born_year":null,"year":2026,"games":5,"team":"UPV","turns_at_bat":40,"kunnarit":0,"lyodyt":0,"tuodut":3,"karkilyonnit":14,"karki_yritykset":38,"saatot":14,"saatto_yritykset":38,"etenemiset":31,"eteneminen_yritykset":67,"haavat":18,"palot":18,"season_id":3,"tehot":3,"kl_pct":0.3684210526315789,"saatto_pct":0.3684210526315789,"eten_pct":0.4626865671641791,"kunnari_rate":0.0,"lyoty_rate":0.0,"tuotu_rate":0.04477611940298507,"haava_rate":0.45,"palo_rate":0.45,"tehot_per_turn":0.075,"kl_per_turn":0.35,"hr_rbi_per_turn":0.0,"kl_base0":0.3611111111111111,"kl_base0_tries":36,"kl_base1":0.5,"kl_base1_tries":2,"kl_base2":null,"kl_base2_tries":0,"kl_base3":null,"kl_base3_tries":0,"adv1_pct":0.3611111111111111,"adv2_pct":0.5,"adv3_pct":null,"adv_home_pct":null,"money_kl_pct":null,"money_kl_tries":0,"pos":"2K","teho_plus":44,"adv_plus":65,"runner_plus":78,"out_avoid_plus":82,"adv1_plus":76,"adv2_plus":90,"adv3_plus":null,"adv_home_plus":null,"money_kl_plus":null,"spark_index":72,"run_value":1.5759030076760574,"raa":-2.7,"jyk":-0.4,"vyk":-0.03,"teho_plus_adj":45,"pct_kl_pct":6,"pct_saatto_pct":1,"pct_eten_pct":4,"pct_kunnari_rate":31,"pct_lyoty_rate":12,"pct_palo_rate":14,"pct_tehot_per_turn":16},"proj":{"player_id":12551,"name":"Veikka Kurppa","as_of":"2026-05-28","age":null,"stats":{"kl_pct":{"rate":0.45970192814414257,"effective_n":36.998940684588135,"observed":0.3725371753977801},"saatto_pct":{"rate":0.4877555451961764,"effective_n":36.673517329807424,"observed":0.3739046314857479},"eten_pct":{"rate":0.5202637285336511,"effective_n":65.28060793684156,"observed":0.4665934024876337},"kunnari_rate":{"rate":0.004796618695950726,"effective_n":39.33230641348575,"observed":0.0},"lyoty_rate":{"rate":0.051244853963895186,"effective_n":39.00460307834133,"observed":0.0},"haava_rate":{"rate":0.4301732123129213,"effective_n":38.36120059403937,"observed":0.44839675720647537},"palo_rate":{"rate":0.36867579849835047,"effective_n":38.68091971775743,"observed":0.4514981952178578}},"teho_plus_proj":126},"career_json":[{"year":2026,"kl_pct":0.3684210526315789,"teho_plus":44}],"pct_stats":["kl_pct","saatto_pct","eten_pct","kunnari_rate","lyoty_rate","palo_rate","tehot_per_turn"],"base_kl":{"player_id":12551,"turns_at_bat":40,"kl_base0":0.3611111111111111,"kl_base0_tries":36,"kl_base1":0.5,"kl_base1_tries":2,"kl_base2":null,"kl_base2_tries":0,"kl_base3":null,"kl_base3_tries":0,"pct_kl_base0":29,"pct_kl_base1":41,"pct_kl_base2":null,"pct_kl_base3":null},"base_keys":["kl_base0","kl_base1","kl_base2","kl_base3"],"comps":[]}