{"player":{"id":12550,"name":"Juho Kesti","born_year":null},"career":[{"year":2026,"season_id":129,"team":"UPV","age":null,"games":11,"turns_at_bat":60,"vyk":0.19,"spark_index":87,"adv_plus":87,"runner_plus":80,"out_avoid_plus":97,"money_kl_plus":222,"teho_plus":79,"teho_plus_adj":79}],"line":{"player_id":12550,"name":"Juho Kesti","born_year":null,"year":2026,"games":11,"team":"UPV","turns_at_bat":60,"kunnarit":1,"lyodyt":5,"tuodut":2,"karkilyonnit":22,"karki_yritykset":49,"saatot":43,"saatto_yritykset":83,"etenemiset":46,"eteneminen_yritykset":97,"haavat":30,"palot":21,"season_id":129,"tehot":8,"kl_pct":0.4489795918367347,"saatto_pct":0.5180722891566265,"eten_pct":0.4742268041237113,"kunnari_rate":0.016666666666666666,"lyoty_rate":0.08333333333333333,"tuotu_rate":0.020618556701030927,"haava_rate":0.5,"palo_rate":0.35,"tehot_per_turn":0.13333333333333333,"kl_per_turn":0.36666666666666664,"hr_rbi_per_turn":0.1,"kl_base0":0.3181818181818182,"kl_base0_tries":22,"kl_base1":0.4444444444444444,"kl_base1_tries":18,"kl_base2":0.3333333333333333,"kl_base2_tries":3,"kl_base3":1.0,"kl_base3_tries":6,"adv1_pct":0.3181818181818182,"adv2_pct":0.4444444444444444,"adv3_pct":0.3333333333333333,"adv_home_pct":1.0,"money_kl_pct":1.0,"money_kl_tries":6,"pos":"S","teho_plus":79,"adv_plus":87,"runner_plus":80,"out_avoid_plus":97,"adv1_plus":67,"adv2_plus":80,"adv3_plus":58,"adv_home_plus":222,"money_kl_plus":222,"spark_index":87,"run_value":4.599452543255033,"raa":-1.2,"jyk":2.2,"vyk":0.19,"teho_plus_adj":79,"pct_kl_pct":23,"pct_saatto_pct":21,"pct_eten_pct":7,"pct_kunnari_rate":83,"pct_lyoty_rate":70,"pct_palo_rate":42,"pct_tehot_per_turn":43},"proj":{"player_id":12550,"name":"Juho Kesti","as_of":"2026-07-08","age":null,"stats":{"kl_pct":{"rate":0.48355252655575287,"effective_n":45.57348500933978,"observed":0.44523251895282295},"saatto_pct":{"rate":0.5426919403952472,"effective_n":75.49635037334134,"observed":0.5169192164893156},"eten_pct":{"rate":0.5154786578421809,"effective_n":87.56120930954752,"observed":0.4732306579205242},"kunnari_rate":{"rate":0.009668165673536077,"effective_n":56.99495024208938,"observed":0.016358088980070757},"lyoty_rate":{"rate":0.07820367042507526,"effective_n":55.57363349742887,"observed":0.08185343153003519},"haava_rate":{"rate":0.45087520546429377,"effective_n":52.882370729508075,"observed":0.5006649245647844},"palo_rate":{"rate":0.33758982861151526,"effective_n":54.20347733557117,"observed":0.350426678163715}},"teho_plus_proj":144},"translation":{"wrc_plus":96,"tier":"league-average regular","rows":[{"pesis_label":"Kärkilyönti-% (advance the lead runner)","pesis_value":0.4489795918367347,"percentile":23,"mlb_stat":"AVG","mlb_value":"0.203"},{"pesis_label":"Kärkilyönnit per turn (base hits)","pesis_value":0.36666666666666664,"percentile":15,"mlb_stat":"H / 600 PA","mlb_value":"127"},{"pesis_label":"Lyödyt per turn (runs batted home)","pesis_value":0.08333333333333333,"percentile":70,"mlb_stat":"RBI / 600 PA","mlb_value":"82"},{"pesis_label":"Tuodut per advance (runs scored)","pesis_value":0.020618556701030927,"percentile":22,"mlb_stat":"R / 600 PA","mlb_value":"62"},{"pesis_label":"Palot per turn (burned outs)","pesis_value":0.35,"percentile":42,"mlb_stat":"K%","mlb_value":"23.3%"}]},"pitching":null,"career_json":[{"year":2026,"kl_pct":0.4489795918367347,"teho_plus":79}],"pct_stats":["kl_pct","saatto_pct","eten_pct","kunnari_rate","lyoty_rate","palo_rate","tehot_per_turn"],"base_kl":{"player_id":12550,"turns_at_bat":60,"kl_base0":0.3181818181818182,"kl_base0_tries":22,"kl_base1":0.4444444444444444,"kl_base1_tries":18,"kl_base2":0.3333333333333333,"kl_base2_tries":3,"kl_base3":1.0,"kl_base3_tries":6,"pct_kl_base0":22,"pct_kl_base1":29,"pct_kl_base2":8,"pct_kl_base3":96},"base_keys":["kl_base0","kl_base1","kl_base2","kl_base3"],"comps":[]}