{"player":{"id":12551,"name":"Veikka Kurppa","born_year":null},"career":[{"year":2026,"season_id":129,"team":"UPV","age":null,"games":5,"turns_at_bat":40,"vyk":-0.03,"spark_index":72,"adv_plus":65,"runner_plus":78,"out_avoid_plus":82,"money_kl_plus":null,"teho_plus":45,"teho_plus_adj":45}],"line":{"player_id":12551,"name":"Veikka Kurppa","born_year":null,"year":2026,"games":5,"team":"UPV","turns_at_bat":40,"kunnarit":0,"lyodyt":0,"tuodut":3,"karkilyonnit":14,"karki_yritykset":38,"saatot":14,"saatto_yritykset":38,"etenemiset":31,"eteneminen_yritykset":67,"haavat":18,"palot":18,"season_id":129,"tehot":3,"kl_pct":0.3684210526315789,"saatto_pct":0.3684210526315789,"eten_pct":0.4626865671641791,"kunnari_rate":0.0,"lyoty_rate":0.0,"tuotu_rate":0.04477611940298507,"haava_rate":0.45,"palo_rate":0.45,"tehot_per_turn":0.075,"kl_per_turn":0.35,"hr_rbi_per_turn":0.0,"kl_base0":0.3611111111111111,"kl_base0_tries":36,"kl_base1":0.5,"kl_base1_tries":2,"kl_base2":null,"kl_base2_tries":0,"kl_base3":null,"kl_base3_tries":0,"adv1_pct":0.3611111111111111,"adv2_pct":0.5,"adv3_pct":null,"adv_home_pct":null,"money_kl_pct":null,"money_kl_tries":0,"pos":"2K","teho_plus":45,"adv_plus":65,"runner_plus":78,"out_avoid_plus":82,"adv1_plus":76,"adv2_plus":91,"adv3_plus":null,"adv_home_plus":null,"money_kl_plus":null,"spark_index":72,"run_value":1.3606457358782,"raa":-2.8,"jyk":-0.4,"vyk":-0.03,"teho_plus_adj":45,"pct_kl_pct":5,"pct_saatto_pct":1,"pct_eten_pct":3,"pct_kunnari_rate":30,"pct_lyoty_rate":12,"pct_palo_rate":14,"pct_tehot_per_turn":18},"proj":{"player_id":12551,"name":"Veikka Kurppa","as_of":"2026-05-28","age":null,"stats":{"kl_pct":{"rate":0.45939932034307557,"effective_n":36.998940684588135,"observed":0.3725371753977801},"saatto_pct":{"rate":0.4874731507553766,"effective_n":36.673517329807424,"observed":0.3739046314857479},"eten_pct":{"rate":0.5200095233175661,"effective_n":65.28060793684156,"observed":0.4665934024876337},"kunnari_rate":{"rate":0.004813562555534599,"effective_n":39.33230641348575,"observed":0.0},"lyoty_rate":{"rate":0.05104505884128095,"effective_n":39.00460307834133,"observed":0.0},"haava_rate":{"rate":0.4305716060274498,"effective_n":38.36120059403937,"observed":0.44839675720647537},"palo_rate":{"rate":0.36854522906552906,"effective_n":38.68091971775743,"observed":0.4514981952178578}},"teho_plus_proj":126},"translation":{"wrc_plus":77,"tier":"bench bat","rows":[{"pesis_label":"Kärkilyönti-% (advance the lead runner)","pesis_value":0.3684210526315789,"percentile":5,"mlb_stat":"AVG","mlb_value":"0.145"},{"pesis_label":"Kärkilyönnit per turn (base hits)","pesis_value":0.35,"percentile":14,"mlb_stat":"H / 600 PA","mlb_value":"126"},{"pesis_label":"Lyödyt per turn (runs batted home)","pesis_value":0.0,"percentile":12,"mlb_stat":"RBI / 600 PA","mlb_value":"49"},{"pesis_label":"Tuodut per advance (runs scored)","pesis_value":0.04477611940298507,"percentile":57,"mlb_stat":"R / 600 PA","mlb_value":"79"},{"pesis_label":"Palot per turn (burned outs)","pesis_value":0.45,"percentile":14,"mlb_stat":"K%","mlb_value":"28.1%"}]},"pitching":null,"career_json":[{"year":2026,"kl_pct":0.3684210526315789,"teho_plus":45}],"pct_stats":["kl_pct","saatto_pct","eten_pct","kunnari_rate","lyoty_rate","palo_rate","tehot_per_turn"],"base_kl":{"player_id":12551,"turns_at_bat":40,"kl_base0":0.3611111111111111,"kl_base0_tries":36,"kl_base1":0.5,"kl_base1_tries":2,"kl_base2":null,"kl_base2_tries":0,"kl_base3":null,"kl_base3_tries":0,"pct_kl_base0":31,"pct_kl_base1":41,"pct_kl_base2":null,"pct_kl_base3":null},"base_keys":["kl_base0","kl_base1","kl_base2","kl_base3"],"comps":[]}