{"player":{"id":12551,"name":"Veikka Kurppa","born_year":null},"career":[{"year":2026,"season_id":129,"team":"UPV","age":null,"games":7,"turns_at_bat":54,"vyk":-0.22,"spark_index":73,"adv_plus":66,"runner_plus":77,"out_avoid_plus":85,"money_kl_plus":null,"teho_plus":43,"teho_plus_adj":43}],"line":{"player_id":12551,"name":"Veikka Kurppa","born_year":null,"year":2026,"games":7,"team":"UPV","turns_at_bat":54,"kunnarit":0,"lyodyt":0,"tuodut":4,"karkilyonnit":18,"karki_yritykset":48,"saatot":18,"saatto_yritykset":48,"etenemiset":40,"eteneminen_yritykset":88,"haavat":25,"palot":23,"season_id":129,"tehot":4,"kl_pct":0.375,"saatto_pct":0.375,"eten_pct":0.45454545454545453,"kunnari_rate":0.0,"lyoty_rate":0.0,"tuotu_rate":0.045454545454545456,"haava_rate":0.46296296296296297,"palo_rate":0.42592592592592593,"tehot_per_turn":0.07407407407407407,"kl_per_turn":0.3333333333333333,"hr_rbi_per_turn":0.0,"kl_base0":0.35555555555555557,"kl_base0_tries":45,"kl_base1":0.6666666666666666,"kl_base1_tries":3,"kl_base2":null,"kl_base2_tries":0,"kl_base3":null,"kl_base3_tries":0,"adv1_pct":0.35555555555555557,"adv2_pct":0.6666666666666666,"adv3_pct":null,"adv_home_pct":null,"money_kl_pct":null,"money_kl_tries":0,"pos":"2K","teho_plus":43,"adv_plus":66,"runner_plus":77,"out_avoid_plus":85,"adv1_plus":74,"adv2_plus":121,"adv3_plus":null,"adv_home_plus":null,"money_kl_plus":null,"spark_index":73,"run_value":-2.1287386374160553,"raa":-5.9,"jyk":-2.6,"vyk":-0.22,"teho_plus_adj":43,"pct_kl_pct":6,"pct_saatto_pct":2,"pct_eten_pct":3,"pct_kunnari_rate":26,"pct_lyoty_rate":9,"pct_palo_rate":16,"pct_tehot_per_turn":14},"proj":{"player_id":12551,"name":"Veikka Kurppa","as_of":"2026-07-08","age":null,"stats":{"kl_pct":{"rate":0.45797543234643057,"effective_n":42.636040467270654,"observed":0.3791400878435543},"saatto_pct":{"rate":0.4850916037134337,"effective_n":41.01659890072813,"observed":0.3804936930775542},"eten_pct":{"rate":0.5094701650086998,"effective_n":76.17322944716119,"observed":0.4561738630798492},"kunnari_rate":{"rate":0.0051702851532545,"effective_n":50.16294356854866,"observed":0.0},"lyoty_rate":{"rate":0.04817494993650657,"effective_n":48.37935478289617,"observed":0.0},"haava_rate":{"rate":0.4368948559692036,"effective_n":45.060830105500926,"observed":0.46406543404396966},"palo_rate":{"rate":0.36352734125249386,"effective_n":46.679996912635026,"observed":0.4236088168583097}},"teho_plus_proj":119},"translation":{"wrc_plus":73,"tier":"replacement level","rows":[{"pesis_label":"Kärkilyönti-% (advance the lead runner)","pesis_value":0.375,"percentile":6,"mlb_stat":"AVG","mlb_value":"0.092"},{"pesis_label":"Kärkilyönnit per turn (base hits)","pesis_value":0.3333333333333333,"percentile":9,"mlb_stat":"H / 600 PA","mlb_value":"121"},{"pesis_label":"Lyödyt per turn (runs batted home)","pesis_value":0.0,"percentile":9,"mlb_stat":"RBI / 600 PA","mlb_value":"45"},{"pesis_label":"Tuodut per advance (runs scored)","pesis_value":0.045454545454545456,"percentile":57,"mlb_stat":"R / 600 PA","mlb_value":"79"},{"pesis_label":"Palot per turn (burned outs)","pesis_value":0.42592592592592593,"percentile":16,"mlb_stat":"K%","mlb_value":"27.7%"}]},"pitching":null,"career_json":[{"year":2026,"kl_pct":0.375,"teho_plus":43}],"pct_stats":["kl_pct","saatto_pct","eten_pct","kunnari_rate","lyoty_rate","palo_rate","tehot_per_turn"],"base_kl":{"player_id":12551,"turns_at_bat":54,"kl_base0":0.35555555555555557,"kl_base0_tries":45,"kl_base1":0.6666666666666666,"kl_base1_tries":3,"kl_base2":null,"kl_base2_tries":0,"kl_base3":null,"kl_base3_tries":0,"pct_kl_base0":32,"pct_kl_base1":83,"pct_kl_base2":null,"pct_kl_base3":null},"base_keys":["kl_base0","kl_base1","kl_base2","kl_base3"],"comps":[]}