{"player":{"id":12550,"name":"Juho Kesti","born_year":null},"career":[{"year":2026,"season_id":129,"team":"UPV","age":null,"games":14,"turns_at_bat":69,"vyk":0.06,"spark_index":83,"adv_plus":83,"runner_plus":77,"out_avoid_plus":93,"money_kl_plus":217,"teho_plus":67,"teho_plus_adj":67}],"line":{"player_id":12550,"name":"Juho Kesti","born_year":null,"year":2026,"games":14,"team":"UPV","turns_at_bat":69,"kunnarit":1,"lyodyt":5,"tuodut":2,"karkilyonnit":24,"karki_yritykset":56,"saatot":46,"saatto_yritykset":93,"etenemiset":50,"eteneminen_yritykset":110,"haavat":34,"palot":26,"season_id":129,"tehot":8,"kl_pct":0.42857142857142855,"saatto_pct":0.4946236559139785,"eten_pct":0.45454545454545453,"kunnari_rate":0.014492753623188406,"lyoty_rate":0.07246376811594203,"tuotu_rate":0.01818181818181818,"haava_rate":0.4927536231884058,"palo_rate":0.37681159420289856,"tehot_per_turn":0.11594202898550725,"kl_per_turn":0.34782608695652173,"hr_rbi_per_turn":0.08695652173913043,"kl_base0":0.2962962962962963,"kl_base0_tries":27,"kl_base1":0.45,"kl_base1_tries":20,"kl_base2":0.3333333333333333,"kl_base2_tries":3,"kl_base3":1.0,"kl_base3_tries":6,"adv1_pct":0.2962962962962963,"adv2_pct":0.45,"adv3_pct":0.3333333333333333,"adv_home_pct":1.0,"money_kl_pct":1.0,"money_kl_tries":6,"pos":"S","teho_plus":67,"adv_plus":83,"runner_plus":77,"out_avoid_plus":93,"adv1_plus":62,"adv2_plus":82,"adv3_plus":58,"adv_home_plus":217,"money_kl_plus":217,"spark_index":83,"run_value":1.7695675483720912,"raa":-3.1,"jyk":0.7,"vyk":0.06,"teho_plus_adj":67,"pct_kl_pct":18,"pct_saatto_pct":15,"pct_eten_pct":4,"pct_kunnari_rate":79,"pct_lyoty_rate":68,"pct_palo_rate":30,"pct_tehot_per_turn":38},"proj":{"player_id":12550,"name":"Juho Kesti","as_of":"2026-07-16","age":null,"stats":{"kl_pct":{"rate":0.4723676014835074,"effective_n":51.4017200824612,"observed":0.42358835445687204},"saatto_pct":{"rate":0.5238987618567738,"effective_n":82.93161263646726,"observed":0.49104023137487085},"eten_pct":{"rate":0.4985002589738194,"effective_n":97.5405536526321,"observed":0.4514434768720697},"kunnari_rate":{"rate":0.009659844488048262,"effective_n":65.00774812383682,"observed":0.014113936301794737},"lyoty_rate":{"rate":0.07418949868214268,"effective_n":63.13159417221391,"observed":0.07034288788082182},"haava_rate":{"rate":0.450467301405607,"effective_n":59.600961984406396,"observed":0.49205390378815184},"palo_rate":{"rate":0.3506639493149957,"effective_n":61.33048890081311,"observed":0.3802285688598224}},"teho_plus_proj":135},"translation":{"wrc_plus":92,"tier":"league-average regular","rows":[{"pesis_label":"Kärkilyönti-% (advance the lead runner)","pesis_value":0.42857142857142855,"percentile":18,"mlb_stat":"AVG","mlb_value":"0.146"},{"pesis_label":"Kärkilyönnit per turn (base hits)","pesis_value":0.34782608695652173,"percentile":13,"mlb_stat":"H / 600 PA","mlb_value":"125"},{"pesis_label":"Lyödyt per turn (runs batted home)","pesis_value":0.07246376811594203,"percentile":68,"mlb_stat":"RBI / 600 PA","mlb_value":"81"},{"pesis_label":"Tuodut per advance (runs scored)","pesis_value":0.01818181818181818,"percentile":18,"mlb_stat":"R / 600 PA","mlb_value":"60"},{"pesis_label":"Palot per turn (burned outs)","pesis_value":0.37681159420289856,"percentile":30,"mlb_stat":"K%","mlb_value":"25.1%"}]},"pitching":null,"career_json":[{"year":2026,"kl_pct":0.42857142857142855,"teho_plus":67}],"pct_stats":["kl_pct","saatto_pct","eten_pct","kunnari_rate","lyoty_rate","palo_rate","tehot_per_turn"],"base_kl":{"player_id":12550,"turns_at_bat":69,"kl_base0":0.2962962962962963,"kl_base0_tries":27,"kl_base1":0.45,"kl_base1_tries":20,"kl_base2":0.3333333333333333,"kl_base2_tries":3,"kl_base3":1.0,"kl_base3_tries":6,"pct_kl_base0":17,"pct_kl_base1":29,"pct_kl_base2":10,"pct_kl_base3":97},"base_keys":["kl_base0","kl_base1","kl_base2","kl_base3"],"comps":[]}