{"player":{"id":12585,"name":"Laura Pulkkinen","born_year":null},"career":[{"year":2022,"season_id":114,"team":"PuPe","age":null,"games":6,"turns_at_bat":10,"vyk":-0.04,"spark_index":54,"adv_plus":48,"runner_plus":53,"out_avoid_plus":73,"money_kl_plus":null,"teho_plus":0,"teho_plus_adj":0},{"year":2023,"season_id":118,"team":"PuPe","age":null,"games":4,"turns_at_bat":21,"vyk":-0.13,"spark_index":88,"adv_plus":90,"runner_plus":71,"out_avoid_plus":107,"money_kl_plus":204,"teho_plus":84,"teho_plus_adj":83},{"year":2026,"season_id":130,"team":"HP-K","age":null,"games":13,"turns_at_bat":59,"vyk":0.34,"spark_index":110,"adv_plus":105,"runner_plus":113,"out_avoid_plus":117,"money_kl_plus":87,"teho_plus":94,"teho_plus_adj":95}],"line":{"player_id":12585,"name":"Laura Pulkkinen","born_year":null,"year":2026,"games":13,"team":"HP-K","turns_at_bat":59,"kunnarit":0,"lyodyt":10,"tuodut":2,"karkilyonnit":29,"karki_yritykset":55,"saatot":103,"saatto_yritykset":150,"etenemiset":78,"eteneminen_yritykset":109,"haavat":18,"palot":13,"season_id":130,"tehot":12,"kl_pct":0.5272727272727272,"saatto_pct":0.6866666666666666,"eten_pct":0.7155963302752294,"kunnari_rate":0.0,"lyoty_rate":0.1694915254237288,"tuotu_rate":0.01834862385321101,"haava_rate":0.3050847457627119,"palo_rate":0.22033898305084745,"tehot_per_turn":0.2033898305084746,"kl_per_turn":0.4915254237288136,"hr_rbi_per_turn":0.1694915254237288,"kl_base0":0.0,"kl_base0_tries":2,"kl_base1":0.5,"kl_base1_tries":8,"kl_base2":0.7142857142857143,"kl_base2_tries":21,"kl_base3":0.4166666666666667,"kl_base3_tries":24,"adv1_pct":0.0,"adv2_pct":0.5,"adv3_pct":0.7142857142857143,"adv_home_pct":0.4166666666666667,"money_kl_pct":0.4166666666666667,"money_kl_tries":24,"pos":"3P","teho_plus":94,"adv_plus":105,"runner_plus":113,"out_avoid_plus":117,"adv1_plus":0,"adv2_plus":86,"adv3_plus":112,"adv_home_plus":87,"money_kl_plus":87,"spark_index":110,"run_value":11.368840186371523,"raa":1.5,"jyk":5.1,"vyk":0.34,"teho_plus_adj":95,"pct_kl_pct":35,"pct_saatto_pct":68,"pct_eten_pct":93,"pct_kunnari_rate":33,"pct_lyoty_rate":79,"pct_palo_rate":78,"pct_tehot_per_turn":51},"proj":{"player_id":12585,"name":"Laura Pulkkinen","as_of":"2026-07-22","age":null,"stats":{"kl_pct":{"rate":0.5485958462161195,"effective_n":50.328418915766306,"observed":0.5239782573025802},"saatto_pct":{"rate":0.6742307367222733,"effective_n":132.28994279919488,"observed":0.6855364513141983},"eten_pct":{"rate":0.6882941740322982,"effective_n":96.28122093217584,"observed":0.7162053393725698},"kunnari_rate":{"rate":0.003950071034220253,"effective_n":58.00628864494647,"observed":0.0},"lyoty_rate":{"rate":0.12664749492200275,"effective_n":54.50002207136748,"observed":0.1682104623813398},"haava_rate":{"rate":0.35342766839217654,"effective_n":50.62733352095431,"observed":0.30933144520240885},"palo_rate":{"rate":0.28532513488068395,"effective_n":52.34506977418994,"observed":0.2128216395173451}},"teho_plus_proj":156},"translation":{"wrc_plus":101,"tier":"league-average regular","rows":[{"pesis_label":"Kärkilyönti-% (advance the lead runner)","pesis_value":0.5272727272727272,"percentile":35,"mlb_stat":"AVG","mlb_value":"0.244"},{"pesis_label":"Kärkilyönnit per turn (base hits)","pesis_value":0.4915254237288136,"percentile":32,"mlb_stat":"H / 600 PA","mlb_value":"140"},{"pesis_label":"Lyödyt per turn (runs batted home)","pesis_value":0.1694915254237288,"percentile":79,"mlb_stat":"RBI / 600 PA","mlb_value":"88"},{"pesis_label":"Tuodut per advance (runs scored)","pesis_value":0.01834862385321101,"percentile":15,"mlb_stat":"R / 600 PA","mlb_value":"57"},{"pesis_label":"Palot per turn (burned outs)","pesis_value":0.22033898305084745,"percentile":78,"mlb_stat":"K%","mlb_value":"18.0%"}]},"pitching":null,"career_json":[{"year":2022,"kl_pct":0.3076923076923077,"teho_plus":0},{"year":2023,"kl_pct":0.5,"teho_plus":84},{"year":2026,"kl_pct":0.5272727272727272,"teho_plus":94}],"pct_stats":["kl_pct","saatto_pct","eten_pct","kunnari_rate","lyoty_rate","palo_rate","tehot_per_turn"],"base_kl":{"player_id":12585,"turns_at_bat":59,"kl_base0":0.0,"kl_base0_tries":2,"kl_base1":0.5,"kl_base1_tries":8,"kl_base2":0.7142857142857143,"kl_base2_tries":21,"kl_base3":0.4166666666666667,"kl_base3_tries":24,"pct_kl_base0":4,"pct_kl_base1":35,"pct_kl_base2":68,"pct_kl_base3":32},"base_keys":["kl_base0","kl_base1","kl_base2","kl_base3"],"comps":[]}