{"player":{"id":12657,"name":"Anja Seppänen","born_year":null},"career":[{"year":2024,"season_id":176,"team":"LMV","age":null,"games":7,"turns_at_bat":43,"vyk":-0.05,"spark_index":100,"adv_plus":107,"runner_plus":99,"out_avoid_plus":84,"money_kl_plus":172,"teho_plus":84,"teho_plus_adj":78},{"year":2025,"season_id":177,"team":"LMV","age":null,"games":14,"turns_at_bat":99,"vyk":0.6,"spark_index":115,"adv_plus":127,"runner_plus":118,"out_avoid_plus":79,"money_kl_plus":131,"teho_plus":135,"teho_plus_adj":128},{"year":2026,"season_id":178,"team":"LMV","age":null,"games":11,"turns_at_bat":83,"vyk":0.59,"spark_index":112,"adv_plus":116,"runner_plus":115,"out_avoid_plus":96,"money_kl_plus":105,"teho_plus":128,"teho_plus_adj":124}],"line":{"player_id":12657,"name":"Anja Seppänen","born_year":null,"year":2026,"games":11,"team":"LMV","turns_at_bat":83,"kunnarit":1,"lyodyt":2,"tuodut":29,"karkilyonnit":64,"karki_yritykset":86,"saatot":99,"saatto_yritykset":132,"etenemiset":146,"eteneminen_yritykset":193,"haavat":19,"palot":28,"season_id":178,"tehot":32,"kl_pct":0.7441860465116279,"saatto_pct":0.75,"eten_pct":0.7564766839378239,"kunnari_rate":0.012048192771084338,"lyoty_rate":0.024096385542168676,"tuotu_rate":0.15025906735751296,"haava_rate":0.2289156626506024,"palo_rate":0.3373493975903614,"tehot_per_turn":0.3855421686746988,"kl_per_turn":0.7710843373493976,"hr_rbi_per_turn":0.03614457831325301,"kl_base0":0.7878787878787878,"kl_base0_tries":33,"kl_base1":0.7368421052631579,"kl_base1_tries":38,"kl_base2":0.7,"kl_base2_tries":10,"kl_base3":0.6,"kl_base3_tries":5,"adv1_pct":0.7878787878787878,"adv2_pct":0.7368421052631579,"adv3_pct":0.7,"adv_home_pct":0.6,"money_kl_pct":0.6,"money_kl_tries":5,"pos":"S","teho_plus":128,"adv_plus":116,"runner_plus":115,"out_avoid_plus":96,"adv1_plus":140,"adv2_plus":124,"adv3_plus":101,"adv_home_plus":105,"money_kl_plus":105,"spark_index":112,"run_value":19.454640324997186,"raa":6.5,"jyk":13.6,"vyk":0.59,"teho_plus_adj":124,"pct_kl_pct":92,"pct_saatto_pct":86,"pct_eten_pct":93,"pct_kunnari_rate":62,"pct_lyoty_rate":13,"pct_palo_rate":33,"pct_tehot_per_turn":75},"proj":{"player_id":12657,"name":"Anja Seppänen","as_of":"2026-07-13","age":null,"stats":{"kl_pct":{"rate":0.7028642017493834,"effective_n":109.72215944030786,"observed":0.7565006767398146},"saatto_pct":{"rate":0.7344939474144868,"effective_n":141.8263645579848,"observed":0.7554047207994931},"eten_pct":{"rate":0.7415366401882051,"effective_n":228.62684470941957,"observed":0.7596742518154844},"kunnari_rate":{"rate":0.012180621722574246,"effective_n":132.90558569185922,"observed":0.013735160550706525},"lyoty_rate":{"rate":0.06710098597175079,"effective_n":110.54915889998735,"observed":0.020247029756489072},"haava_rate":{"rate":0.298416276708772,"effective_n":85.30594562385541,"observed":0.21492281615219894},"palo_rate":{"rate":0.3381360092027947,"effective_n":95.64940162463978,"observed":0.3630812437153316}},"teho_plus_proj":100},"translation":{"wrc_plus":117,"tier":"solid starter","rows":[{"pesis_label":"Kärkilyönti-% (advance the lead runner)","pesis_value":0.7441860465116279,"percentile":92,"mlb_stat":"AVG","mlb_value":"0.461"},{"pesis_label":"Kärkilyönnit per turn (base hits)","pesis_value":0.7710843373493976,"percentile":91,"mlb_stat":"H / 600 PA","mlb_value":"179"},{"pesis_label":"Lyödyt per turn (runs batted home)","pesis_value":0.024096385542168676,"percentile":13,"mlb_stat":"RBI / 600 PA","mlb_value":"49"},{"pesis_label":"Tuodut per advance (runs scored)","pesis_value":0.15025906735751296,"percentile":95,"mlb_stat":"R / 600 PA","mlb_value":"106"},{"pesis_label":"Palot per turn (burned outs)","pesis_value":0.3373493975903614,"percentile":33,"mlb_stat":"K%","mlb_value":"24.6%"}]},"pitching":null,"career_json":[{"year":2024,"kl_pct":0.6538461538461539,"teho_plus":84},{"year":2025,"kl_pct":0.8152173913043478,"teho_plus":135},{"year":2026,"kl_pct":0.7441860465116279,"teho_plus":128}],"pct_stats":["kl_pct","saatto_pct","eten_pct","kunnari_rate","lyoty_rate","palo_rate","tehot_per_turn"],"base_kl":{"player_id":12657,"turns_at_bat":83,"kl_base0":0.7878787878787878,"kl_base0_tries":33,"kl_base1":0.7368421052631579,"kl_base1_tries":38,"kl_base2":0.7,"kl_base2_tries":10,"kl_base3":0.6,"kl_base3_tries":5,"pct_kl_base0":91,"pct_kl_base1":82,"pct_kl_base2":54,"pct_kl_base3":59},"base_keys":["kl_base0","kl_base1","kl_base2","kl_base3"],"comps":[]}