{"player":{"id":12697,"name":"Hanna Turunen","born_year":null},"career":[{"year":2025,"season_id":177,"team":"Manse PP","age":null,"games":1,"turns_at_bat":7,"vyk":0.05,"spark_index":111,"adv_plus":101,"runner_plus":131,"out_avoid_plus":104,"money_kl_plus":0,"teho_plus":143,"teho_plus_adj":145},{"year":2026,"season_id":178,"team":"Manse PP","age":null,"games":2,"turns_at_bat":17,"vyk":0.17,"spark_index":122,"adv_plus":121,"runner_plus":120,"out_avoid_plus":128,"money_kl_plus":97,"teho_plus":234,"teho_plus_adj":221}],"line":{"player_id":12697,"name":"Hanna Turunen","born_year":null,"year":2026,"games":2,"team":"Manse PP","turns_at_bat":17,"kunnarit":0,"lyodyt":5,"tuodut":7,"karkilyonnit":11,"karki_yritykset":16,"saatot":38,"saatto_yritykset":47,"etenemiset":34,"eteneminen_yritykset":43,"haavat":7,"palot":2,"season_id":178,"tehot":12,"kl_pct":0.6875,"saatto_pct":0.8085106382978723,"eten_pct":0.7906976744186046,"kunnari_rate":0.0,"lyoty_rate":0.29411764705882354,"tuotu_rate":0.16279069767441862,"haava_rate":0.4117647058823529,"palo_rate":0.11764705882352941,"tehot_per_turn":0.7058823529411765,"kl_per_turn":0.6470588235294118,"hr_rbi_per_turn":0.29411764705882354,"kl_base0":0.0,"kl_base0_tries":1,"kl_base1":1.0,"kl_base1_tries":3,"kl_base2":1.0,"kl_base2_tries":3,"kl_base3":0.5555555555555556,"kl_base3_tries":9,"adv1_pct":0.0,"adv2_pct":1.0,"adv3_pct":1.0,"adv_home_pct":0.5555555555555556,"money_kl_pct":0.5555555555555556,"money_kl_tries":9,"pos":"2V","teho_plus":234,"adv_plus":121,"runner_plus":120,"out_avoid_plus":128,"adv1_plus":0,"adv2_plus":169,"adv3_plus":144,"adv_home_plus":97,"money_kl_plus":97,"spark_index":122,"run_value":5.16306139989604,"raa":2.5,"jyk":4.0,"vyk":0.17,"teho_plus_adj":221,"pct_kl_pct":null,"pct_saatto_pct":null,"pct_eten_pct":null,"pct_kunnari_rate":null,"pct_lyoty_rate":null,"pct_palo_rate":null,"pct_tehot_per_turn":null},"proj":{"player_id":12697,"name":"Hanna Turunen","as_of":"2026-06-08","age":null,"stats":{"kl_pct":{"rate":0.6203354202432538,"effective_n":18.514086765602535,"observed":0.6707501656295912},"saatto_pct":{"rate":0.7380205734283036,"effective_n":49.75999989694882,"observed":0.8004555416010926},"eten_pct":{"rate":0.7258047708181344,"effective_n":46.4479958601238,"observed":0.7981469975640461},"kunnari_rate":{"rate":0.008927384133257582,"effective_n":20.586278638967997,"observed":0.0},"lyoty_rate":{"rate":0.15522340223528683,"effective_n":19.49327482343244,"observed":0.25116048142224967},"haava_rate":{"rate":0.37065222459175917,"effective_n":18.041218304058205,"observed":0.37625640167160884},"palo_rate":{"rate":0.27577700684404105,"effective_n":18.668663863514055,"observed":0.13636031086524802}},"teho_plus_proj":127},"translation":null,"pitching":null,"career_json":[{"year":2025,"kl_pct":0.5714285714285714,"teho_plus":143},{"year":2026,"kl_pct":0.6875,"teho_plus":234}],"pct_stats":["kl_pct","saatto_pct","eten_pct","kunnari_rate","lyoty_rate","palo_rate","tehot_per_turn"],"base_kl":{"player_id":12697,"turns_at_bat":17,"kl_base0":0.0,"kl_base0_tries":1,"kl_base1":1.0,"kl_base1_tries":3,"kl_base2":1.0,"kl_base2_tries":3,"kl_base3":0.5555555555555556,"kl_base3_tries":9,"pct_kl_base0":null,"pct_kl_base1":null,"pct_kl_base2":null,"pct_kl_base3":null},"base_keys":["kl_base0","kl_base1","kl_base2","kl_base3"],"comps":[]}