{"player":{"id":12707,"name":"Minni Rauhala","born_year":null},"career":[{"year":2026,"season_id":178,"team":"Espoon Pesis 2","age":null,"games":5,"turns_at_bat":26,"vyk":-0.0,"spark_index":87,"adv_plus":77,"runner_plus":91,"out_avoid_plus":106,"money_kl_plus":50,"teho_plus":64,"teho_plus_adj":66}],"line":{"player_id":12707,"name":"Minni Rauhala","born_year":null,"year":2026,"games":5,"team":"Espoon Pesis 2","turns_at_bat":26,"kunnarit":0,"lyodyt":2,"tuodut":3,"karkilyonnit":10,"karki_yritykset":20,"saatot":24,"saatto_yritykset":49,"etenemiset":27,"eteneminen_yritykset":45,"haavat":11,"palot":7,"season_id":178,"tehot":5,"kl_pct":0.5,"saatto_pct":0.4897959183673469,"eten_pct":0.6,"kunnari_rate":0.0,"lyoty_rate":0.07692307692307693,"tuotu_rate":0.06666666666666667,"haava_rate":0.4230769230769231,"palo_rate":0.2692307692307692,"tehot_per_turn":0.19230769230769232,"kl_per_turn":0.38461538461538464,"hr_rbi_per_turn":0.07692307692307693,"kl_base0":0.5,"kl_base0_tries":2,"kl_base1":0.4,"kl_base1_tries":5,"kl_base2":0.8333333333333334,"kl_base2_tries":6,"kl_base3":0.2857142857142857,"kl_base3_tries":7,"adv1_pct":0.5,"adv2_pct":0.4,"adv3_pct":0.8333333333333334,"adv_home_pct":0.2857142857142857,"money_kl_pct":0.2857142857142857,"money_kl_tries":7,"pos":"2K","teho_plus":64,"adv_plus":77,"runner_plus":91,"out_avoid_plus":106,"adv1_plus":89,"adv2_plus":67,"adv3_plus":120,"adv_home_plus":50,"money_kl_plus":50,"spark_index":87,"run_value":1.773815738622061,"raa":-2.3,"jyk":-0.0,"vyk":-0.0,"teho_plus_adj":66,"pct_kl_pct":null,"pct_saatto_pct":null,"pct_eten_pct":null,"pct_kunnari_rate":null,"pct_lyoty_rate":null,"pct_palo_rate":null,"pct_tehot_per_turn":null},"proj":{"player_id":12707,"name":"Minni Rauhala","as_of":"2026-06-28","age":null,"stats":{"kl_pct":{"rate":0.5785290669182885,"effective_n":19.349105906893186,"observed":0.49725507933866103},"saatto_pct":{"rate":0.5709099626746303,"effective_n":46.27349616329168,"observed":0.49353417800621396},"eten_pct":{"rate":0.6343402309945569,"effective_n":42.83185501913132,"observed":0.6059299683104011},"kunnari_rate":{"rate":0.008628409229279845,"effective_n":25.25944969666646,"observed":0.0},"lyoty_rate":{"rate":0.11923780385333149,"effective_n":24.906108118106978,"observed":0.078527293117097},"haava_rate":{"rate":0.37813493701185563,"effective_n":24.231216765800806,"observed":0.4130791316075537},"palo_rate":{"rate":0.2997650647291486,"effective_n":24.563496805117907,"observed":0.27214342492424404}},"teho_plus_proj":106},"translation":null,"pitching":null,"career_json":[{"year":2026,"kl_pct":0.5,"teho_plus":64}],"pct_stats":["kl_pct","saatto_pct","eten_pct","kunnari_rate","lyoty_rate","palo_rate","tehot_per_turn"],"base_kl":{"player_id":12707,"turns_at_bat":26,"kl_base0":0.5,"kl_base0_tries":2,"kl_base1":0.4,"kl_base1_tries":5,"kl_base2":0.8333333333333334,"kl_base2_tries":6,"kl_base3":0.2857142857142857,"kl_base3_tries":7,"pct_kl_base0":null,"pct_kl_base1":null,"pct_kl_base2":null,"pct_kl_base3":null},"base_keys":["kl_base0","kl_base1","kl_base2","kl_base3"],"comps":[]}