{"player":{"id":12733,"name":"Roope Mäkinen","born_year":null},"career":[{"year":2026,"season_id":156,"team":"LMV","age":null,"games":8,"turns_at_bat":21,"vyk":-0.14,"spark_index":65,"adv_plus":59,"runner_plus":72,"out_avoid_plus":69,"money_kl_plus":92,"teho_plus":41,"teho_plus_adj":44}],"line":{"player_id":12733,"name":"Roope Mäkinen","born_year":null,"year":2026,"games":8,"team":"LMV","turns_at_bat":21,"kunnarit":0,"lyodyt":1,"tuodut":1,"karkilyonnit":5,"karki_yritykset":15,"saatot":8,"saatto_yritykset":22,"etenemiset":13,"eteneminen_yritykset":29,"haavat":5,"palot":11,"season_id":156,"tehot":2,"kl_pct":0.3333333333333333,"saatto_pct":0.36363636363636365,"eten_pct":0.4482758620689655,"kunnari_rate":0.0,"lyoty_rate":0.047619047619047616,"tuotu_rate":0.034482758620689655,"haava_rate":0.23809523809523808,"palo_rate":0.5238095238095238,"tehot_per_turn":0.09523809523809523,"kl_per_turn":0.23809523809523808,"hr_rbi_per_turn":0.047619047619047616,"kl_base0":0.36363636363636365,"kl_base0_tries":11,"kl_base1":null,"kl_base1_tries":0,"kl_base2":0.0,"kl_base2_tries":2,"kl_base3":0.5,"kl_base3_tries":2,"adv1_pct":0.36363636363636365,"adv2_pct":null,"adv3_pct":0.0,"adv_home_pct":0.5,"money_kl_pct":0.5,"money_kl_tries":2,"pos":null,"teho_plus":41,"adv_plus":59,"runner_plus":72,"out_avoid_plus":69,"adv1_plus":71,"adv2_plus":null,"adv3_plus":0,"adv_home_plus":92,"money_kl_plus":92,"spark_index":65,"run_value":-1.3648232871551684,"raa":-3.9,"jyk":-2.4,"vyk":-0.14,"teho_plus_adj":44,"pct_kl_pct":null,"pct_saatto_pct":null,"pct_eten_pct":null,"pct_kunnari_rate":null,"pct_lyoty_rate":null,"pct_palo_rate":null,"pct_tehot_per_turn":null},"proj":{"player_id":12733,"name":"Roope Mäkinen","as_of":"2026-07-06","age":null,"stats":{"kl_pct":{"rate":0.5087087244824678,"effective_n":13.971836183008651,"observed":0.33529414035745625},"saatto_pct":{"rate":0.5366130673275277,"effective_n":20.090319243587025,"observed":0.36816388116525933},"eten_pct":{"rate":0.5649004557803801,"effective_n":26.327351066117473,"observed":0.46178096120654594},"kunnari_rate":{"rate":0.007876167600375654,"effective_n":19.921315231480055,"observed":0.0},"lyoty_rate":{"rate":0.09365314065849513,"effective_n":19.41859409537224,"observed":0.05134254287943539},"haava_rate":{"rate":0.39161916292124066,"effective_n":18.480550972962394,"observed":0.24088265028908892},"palo_rate":{"rate":0.34371004273555705,"effective_n":18.9387097342704,"observed":0.5078759036732956}},"teho_plus_proj":116},"translation":null,"pitching":null,"career_json":[{"year":2026,"kl_pct":0.3333333333333333,"teho_plus":41}],"pct_stats":["kl_pct","saatto_pct","eten_pct","kunnari_rate","lyoty_rate","palo_rate","tehot_per_turn"],"base_kl":{"player_id":12733,"turns_at_bat":21,"kl_base0":0.36363636363636365,"kl_base0_tries":11,"kl_base1":null,"kl_base1_tries":0,"kl_base2":0.0,"kl_base2_tries":2,"kl_base3":0.5,"kl_base3_tries":2,"pct_kl_base0":null,"pct_kl_base1":null,"pct_kl_base2":null,"pct_kl_base3":null},"base_keys":["kl_base0","kl_base1","kl_base2","kl_base3"],"comps":[]}