{"player":{"id":12774,"name":"Nelli Kilpi","born_year":null},"career":[{"player_id":12774,"name":"Nelli Kilpi","born_year":null,"year":2026,"games":11,"team":"KPK","turns_at_bat":59,"kunnarit":0,"lyodyt":12,"tuodut":2,"karkilyonnit":47,"karki_yritykset":69,"saatot":114,"saatto_yritykset":164,"etenemiset":73,"eteneminen_yritykset":107,"haavat":18,"palot":16,"season_id":4,"tehot":14,"kl_pct":0.6811594202898551,"saatto_pct":0.6951219512195121,"eten_pct":0.6822429906542056,"kunnari_rate":0.0,"lyoty_rate":0.2033898305084746,"tuotu_rate":0.018691588785046728,"haava_rate":0.3050847457627119,"palo_rate":0.2711864406779661,"tehot_per_turn":0.23728813559322035,"kl_per_turn":0.7966101694915254,"hr_rbi_per_turn":0.2033898305084746,"kl_base0":1.0,"kl_base0_tries":1,"kl_base1":0.45454545454545453,"kl_base1_tries":11,"kl_base2":0.7631578947368421,"kl_base2_tries":38,"kl_base3":0.631578947368421,"kl_base3_tries":19,"adv1_pct":1.0,"adv2_pct":0.45454545454545453,"adv3_pct":0.7631578947368421,"adv_home_pct":0.631578947368421,"money_kl_pct":0.631578947368421,"money_kl_tries":19,"teho_plus":112,"adv_plus":113,"runner_plus":108,"out_avoid_plus":109,"adv1_plus":172,"adv2_plus":79,"adv3_plus":120,"adv_home_plus":133,"money_kl_plus":133,"spark_index":111,"teho_plus_adj":112}],"line":{"player_id":12774,"name":"Nelli Kilpi","born_year":null,"year":2026,"games":11,"team":"KPK","turns_at_bat":59,"kunnarit":0,"lyodyt":12,"tuodut":2,"karkilyonnit":47,"karki_yritykset":69,"saatot":114,"saatto_yritykset":164,"etenemiset":73,"eteneminen_yritykset":107,"haavat":18,"palot":16,"season_id":4,"tehot":14,"kl_pct":0.6811594202898551,"saatto_pct":0.6951219512195121,"eten_pct":0.6822429906542056,"kunnari_rate":0.0,"lyoty_rate":0.2033898305084746,"tuotu_rate":0.018691588785046728,"haava_rate":0.3050847457627119,"palo_rate":0.2711864406779661,"tehot_per_turn":0.23728813559322035,"kl_per_turn":0.7966101694915254,"hr_rbi_per_turn":0.2033898305084746,"kl_base0":1.0,"kl_base0_tries":1,"kl_base1":0.45454545454545453,"kl_base1_tries":11,"kl_base2":0.7631578947368421,"kl_base2_tries":38,"kl_base3":0.631578947368421,"kl_base3_tries":19,"adv1_pct":1.0,"adv2_pct":0.45454545454545453,"adv3_pct":0.7631578947368421,"adv_home_pct":0.631578947368421,"money_kl_pct":0.631578947368421,"money_kl_tries":19,"teho_plus":112,"adv_plus":113,"runner_plus":108,"out_avoid_plus":109,"adv1_plus":172,"adv2_plus":79,"adv3_plus":120,"adv_home_plus":133,"money_kl_plus":133,"spark_index":111,"teho_plus_adj":112,"pct_kl_pct":88,"pct_saatto_pct":69,"pct_eten_pct":79,"pct_kunnari_rate":36,"pct_lyoty_rate":81,"pct_palo_rate":67,"pct_tehot_per_turn":65},"proj":{"player_id":12774,"name":"Nelli Kilpi","as_of":"2026-06-25","age":null,"stats":{"kl_pct":{"rate":0.6277629187315463,"effective_n":64.28096447155272,"observed":0.6833252639890018},"saatto_pct":{"rate":0.6864029375144011,"effective_n":149.965581520157,"observed":0.6998623578292029},"eten_pct":{"rate":0.6671994690649786,"effective_n":98.53591896884139,"observed":0.6842613145344942},"kunnari_rate":{"rate":0.0036196991989389483,"effective_n":56.364719046954804,"observed":0.0},"lyoty_rate":{"rate":0.14004995899920544,"effective_n":55.1028337875359,"observed":0.2026266288330908},"haava_rate":{"rate":0.35150291305833414,"effective_n":52.684863450199366,"observed":0.3040138339304653},"palo_rate":{"rate":0.30923400391185496,"effective_n":53.876583644727496,"observed":0.2732416302582127}},"teho_plus_proj":162},"career_json":[{"year":2026,"kl_pct":0.6811594202898551,"teho_plus":112}],"pct_stats":["kl_pct","saatto_pct","eten_pct","kunnari_rate","lyoty_rate","palo_rate","tehot_per_turn"],"base_kl":{"player_id":12774,"turns_at_bat":59,"kl_base0":1.0,"kl_base0_tries":1,"kl_base1":0.45454545454545453,"kl_base1_tries":11,"kl_base2":0.7631578947368421,"kl_base2_tries":38,"kl_base3":0.631578947368421,"kl_base3_tries":19,"pct_kl_base0":97,"pct_kl_base1":29,"pct_kl_base2":79,"pct_kl_base3":77},"base_keys":["kl_base0","kl_base1","kl_base2","kl_base3"],"log":[{"player_id":12774,"season_id":4,"match_id":129306,"date":"2026-05-16","team":"KPK","opponent":"Puhti","home":0,"turns_at_bat":5,"kunnarit":0,"lyodyt":1,"tuodut":0,"karkilyonnit":3,"karki_yritykset":5,"saatot":7,"saatto_yritykset":14,"etenemiset":4,"eteneminen_yritykset":6,"haavat":2,"palot":0,"stadium":"Kuusankosken pesäpallokenttä, Kouvola","tehot":1,"kl_pct":0.6},{"player_id":12774,"season_id":4,"match_id":129302,"date":"2026-05-17","team":"KPK","opponent":"Jana","home":0,"turns_at_bat":7,"kunnarit":0,"lyodyt":1,"tuodut":0,"karkilyonnit":5,"karki_yritykset":11,"saatot":7,"saatto_yritykset":20,"etenemiset":5,"eteneminen_yritykset":10,"haavat":3,"palot":2,"stadium":"Kansanpuiston kenttä, Turenki (Janakkala)","tehot":1,"kl_pct":0.45454545454545453},{"player_id":12774,"season_id":4,"match_id":129369,"date":"2026-05-20","team":"KPK","opponent":"HP-K","home":1,"turns_at_bat":5,"kunnarit":0,"lyodyt":1,"tuodut":0,"karkilyonnit":5,"karki_yritykset":5,"saatot":10,"saatto_yritykset":12,"etenemiset":5,"eteneminen_yritykset":8,"haavat":1,"palot":2,"stadium":"Kajaanin keskuskenttä","tehot":1,"kl_pct":1.0},{"player_id":12774,"season_id":4,"match_id":129262,"date":"2026-05-24","team":"KPK","opponent":"Tarmo","home":1,"turns_at_bat":5,"kunnarit":0,"lyodyt":4,"tuodut":0,"karkilyonnit":4,"karki_yritykset":5,"saatot":10,"saatto_yritykset":13,"etenemiset":6,"eteneminen_yritykset":10,"haavat":2,"palot":2,"stadium":"Kajaanin keskuskenttä","tehot":4,"kl_pct":0.8},{"player_id":12774,"season_id":4,"match_id":129346,"date":"2026-05-27","team":"KPK","opponent":"SiiPe","home":0,"turns_at_bat":6,"kunnarit":0,"lyodyt":0,"tuodut":0,"karkilyonnit":5,"karki_yritykset":9,"saatot":13,"saatto_yritykset":17,"etenemiset":8,"eteneminen_yritykset":10,"haavat":1,"palot":1,"stadium":"Mantun kenttä, Siilinjärvi","tehot":0,"kl_pct":0.5555555555555556},{"player_id":12774,"season_id":4,"match_id":129263,"date":"2026-06-07","team":"KPK","opponent":"Pesä Ysit","home":1,"turns_at_bat":7,"kunnarit":0,"lyodyt":0,"tuodut":0,"karkilyonnit":4,"karki_yritykset":8,"saatot":12,"saatto_yritykset":20,"etenemiset":8,"eteneminen_yritykset":12,"haavat":1,"palot":3,"stadium":"Kajaanin keskuskenttä","tehot":0,"kl_pct":0.5},{"player_id":12774,"season_id":4,"match_id":129360,"date":"2026-06-09","team":"KPK","opponent":"PesäKuula","home":0,"turns_at_bat":3,"kunnarit":0,"lyodyt":0,"tuodut":0,"karkilyonnit":2,"karki_yritykset":3,"saatot":7,"saatto_yritykset":8,"etenemiset":5,"eteneminen_yritykset":5,"haavat":0,"palot":0,"stadium":"Nivalan pesäpallokenttä","tehot":0,"kl_pct":0.6666666666666666},{"player_id":12774,"season_id":4,"match_id":129376,"date":"2026-06-12","team":"KPK","opponent":"AA","home":0,"turns_at_bat":5,"kunnarit":0,"lyodyt":2,"tuodut":0,"karkilyonnit":6,"karki_yritykset":7,"saatot":14,"saatto_yritykset":18,"etenemiset":8,"eteneminen_yritykset":12,"haavat":4,"palot":0,"stadium":"Saltex Areena, Alajärvi","tehot":2,"kl_pct":0.8571428571428571},{"player_id":12774,"season_id":4,"match_id":129354,"date":"2026-06-13","team":"KPK","opponent":"SMJ","home":0,"turns_at_bat":6,"kunnarit":0,"lyodyt":1,"tuodut":2,"karkilyonnit":6,"karki_yritykset":6,"saatot":13,"saatto_yritykset":15,"etenemiset":10,"eteneminen_yritykset":12,"haavat":1,"palot":1,"stadium":"Unico Areena, Seinäjoki","tehot":3,"kl_pct":1.0},{"player_id":12774,"season_id":4,"match_id":129332,"date":"2026-06-16","team":"KPK","opponent":"PesäKuula","home":1,"turns_at_bat":6,"kunnarit":0,"lyodyt":1,"tuodut":0,"karkilyonnit":5,"karki_yritykset":6,"saatot":11,"saatto_yritykset":13,"etenemiset":6,"eteneminen_yritykset":11,"haavat":2,"palot":3,"stadium":"Kajaanin keskuskenttä","tehot":1,"kl_pct":0.8333333333333334},{"player_id":12774,"season_id":4,"match_id":129341,"date":"2026-06-24","team":"KPK","opponent":"HP-K","home":0,"turns_at_bat":4,"kunnarit":0,"lyodyt":1,"tuodut":0,"karkilyonnit":2,"karki_yritykset":4,"saatot":10,"saatto_yritykset":14,"etenemiset":8,"eteneminen_yritykset":11,"haavat":1,"palot":2,