{"player":{"id":12828,"name":"Amanda Piiroinen","born_year":null},"career":[{"year":2025,"season_id":126,"team":"ViU","age":null,"games":24,"turns_at_bat":118,"vyk":0.03,"spark_index":102,"adv_plus":105,"runner_plus":101,"out_avoid_plus":97,"money_kl_plus":41,"teho_plus":46,"teho_plus_adj":46},{"year":2026,"season_id":130,"team":"ViU","age":null,"games":13,"turns_at_bat":82,"vyk":0.23,"spark_index":106,"adv_plus":105,"runner_plus":105,"out_avoid_plus":108,"money_kl_plus":92,"teho_plus":85,"teho_plus_adj":87}],"line":{"player_id":12828,"name":"Amanda Piiroinen","born_year":null,"year":2026,"games":13,"team":"ViU","turns_at_bat":82,"kunnarit":0,"lyodyt":7,"tuodut":8,"karkilyonnit":44,"karki_yritykset":80,"saatot":122,"saatto_yritykset":177,"etenemiset":110,"eteneminen_yritykset":165,"haavat":32,"palot":23,"season_id":130,"tehot":15,"kl_pct":0.55,"saatto_pct":0.6892655367231638,"eten_pct":0.6666666666666666,"kunnari_rate":0.0,"lyoty_rate":0.08536585365853659,"tuotu_rate":0.048484848484848485,"haava_rate":0.3902439024390244,"palo_rate":0.2804878048780488,"tehot_per_turn":0.18292682926829268,"kl_per_turn":0.5365853658536586,"hr_rbi_per_turn":0.08536585365853659,"kl_base0":0.5294117647058824,"kl_base0_tries":17,"kl_base1":0.6470588235294118,"kl_base1_tries":17,"kl_base2":0.5666666666666667,"kl_base2_tries":30,"kl_base3":0.4375,"kl_base3_tries":16,"adv1_pct":0.5294117647058824,"adv2_pct":0.6470588235294118,"adv3_pct":0.5666666666666667,"adv_home_pct":0.4375,"money_kl_pct":0.4375,"money_kl_tries":16,"pos":"L","teho_plus":85,"adv_plus":105,"runner_plus":105,"out_avoid_plus":108,"adv1_plus":91,"adv2_plus":111,"adv3_plus":89,"adv_home_plus":92,"money_kl_plus":92,"spark_index":106,"run_value":9.87135423746485,"raa":-0.6,"jyk":3.5,"vyk":0.23,"teho_plus_adj":87,"pct_kl_pct":43,"pct_saatto_pct":66,"pct_eten_pct":71,"pct_kunnari_rate":34,"pct_lyoty_rate":60,"pct_palo_rate":64,"pct_tehot_per_turn":43},"proj":{"player_id":12828,"name":"Amanda Piiroinen","as_of":"2026-07-05","age":null,"stats":{"kl_pct":{"rate":0.555787770799813,"effective_n":106.16239925265198,"observed":0.5478134432336956},"saatto_pct":{"rate":0.6801424409758923,"effective_n":207.40743634783342,"observed":0.6884856414972401},"eten_pct":{"rate":0.6552321502413906,"effective_n":199.50881131643652,"observed":0.6604093838306907},"kunnari_rate":{"rate":0.002679611600190305,"effective_n":133.4181622905532,"observed":0.0},"lyoty_rate":{"rate":0.07546021366974213,"effective_n":114.00254560650555,"observed":0.059465916391148836},"haava_rate":{"rate":0.37901019075345,"effective_n":90.03966916369559,"observed":0.3816942247425881},"palo_rate":{"rate":0.31239957199889185,"effective_n":100.11540850504642,"observed":0.2965828661715772}},"teho_plus_proj":127},"translation":{"wrc_plus":96,"tier":"league-average regular","rows":[{"pesis_label":"Kärkilyönti-% (advance the lead runner)","pesis_value":0.55,"percentile":43,"mlb_stat":"AVG","mlb_value":"0.239"},{"pesis_label":"Kärkilyönnit per turn (base hits)","pesis_value":0.5365853658536586,"percentile":49,"mlb_stat":"H / 600 PA","mlb_value":"149"},{"pesis_label":"Lyödyt per turn (runs batted home)","pesis_value":0.08536585365853659,"percentile":60,"mlb_stat":"RBI / 600 PA","mlb_value":"77"},{"pesis_label":"Tuodut per advance (runs scored)","pesis_value":0.048484848484848485,"percentile":46,"mlb_stat":"R / 600 PA","mlb_value":"74"},{"pesis_label":"Palot per turn (burned outs)","pesis_value":0.2804878048780488,"percentile":64,"mlb_stat":"K%","mlb_value":"20.2%"}]},"pitching":{"era":"4.45","tier":"swingman","games":9,"rows":[{"pesis":"Päästetyt juoksut / ottelu (LRA)","arvo":"7.44","pctile":31,"mlb":"ERA","kaannos":"4.45"},{"pesis":"LRA- (sarjaindeksi, 100 = ka.)","arvo":"99","pctile":null,"mlb":"ERA-","kaannos":"99"},{"pesis":"Estetyt juoksut (kausi)","arvo":"0.4","pctile":null,"mlb":"Runs saved","kaannos":"0.4"}]},"career_json":[{"year":2025,"kl_pct":0.5454545454545454,"teho_plus":46},{"year":2026,"kl_pct":0.55,"teho_plus":85}],"pct_stats":["kl_pct","saatto_pct","eten_pct","kunnari_rate","lyoty_rate","palo_rate","tehot_per_turn"],"base_kl":{"player_id":12828,"turns_at_bat":82,"kl_base0":0.5294117647058824,"kl_base0_tries":17,"kl_base1":0.6470588235294118,"kl_base1_tries":17,"kl_base2":0.5666666666666667,"kl_base2_tries":30,"kl_base3":0.4375,"kl_base3_tries":16,"pct_kl_base0":53,"pct_kl_base1":70,"pct_kl_base2":30,"pct_kl_base3":37},"base_keys":["kl_base0","kl_base1","kl_base2","kl_base3"],"comps":[]}