{"player":{"id":12836,"name":"Anni Raiko","born_year":null},"career":[{"year":2024,"season_id":176,"team":"RP-67","age":null,"games":16,"turns_at_bat":98,"vyk":0.26,"spark_index":92,"adv_plus":89,"runner_plus":88,"out_avoid_plus":105,"money_kl_plus":98,"teho_plus":80,"teho_plus_adj":78},{"year":2025,"season_id":177,"team":"RusPa","age":null,"games":18,"turns_at_bat":96,"vyk":-0.12,"spark_index":76,"adv_plus":64,"runner_plus":76,"out_avoid_plus":105,"money_kl_plus":63,"teho_plus":52,"teho_plus_adj":51},{"year":2026,"season_id":178,"team":"RusPa","age":null,"games":14,"turns_at_bat":70,"vyk":0.09,"spark_index":92,"adv_plus":95,"runner_plus":88,"out_avoid_plus":89,"money_kl_plus":74,"teho_plus":43,"teho_plus_adj":48}],"line":{"player_id":12836,"name":"Anni Raiko","born_year":null,"year":2026,"games":14,"team":"RusPa","turns_at_bat":70,"kunnarit":0,"lyodyt":8,"tuodut":1,"karkilyonnit":38,"karki_yritykset":70,"saatot":90,"saatto_yritykset":140,"etenemiset":71,"eteneminen_yritykset":122,"haavat":24,"palot":27,"season_id":178,"tehot":9,"kl_pct":0.5428571428571428,"saatto_pct":0.6428571428571429,"eten_pct":0.5819672131147541,"kunnari_rate":0.0,"lyoty_rate":0.11428571428571428,"tuotu_rate":0.00819672131147541,"haava_rate":0.34285714285714286,"palo_rate":0.38571428571428573,"tehot_per_turn":0.12857142857142856,"kl_per_turn":0.5428571428571428,"hr_rbi_per_turn":0.11428571428571428,"kl_base0":0.3125,"kl_base0_tries":16,"kl_base1":0.6666666666666666,"kl_base1_tries":15,"kl_base2":0.75,"kl_base2_tries":20,"kl_base3":0.42105263157894735,"kl_base3_tries":19,"adv1_pct":0.3125,"adv2_pct":0.6666666666666666,"adv3_pct":0.75,"adv_home_pct":0.42105263157894735,"money_kl_pct":0.42105263157894735,"money_kl_tries":19,"pos":"2P","teho_plus":43,"adv_plus":95,"runner_plus":88,"out_avoid_plus":89,"adv1_plus":56,"adv2_plus":112,"adv3_plus":108,"adv_home_plus":74,"money_kl_plus":74,"spark_index":92,"run_value":6.9923091073022725,"raa":-3.9,"jyk":2.1,"vyk":0.09,"teho_plus_adj":48,"pct_kl_pct":31,"pct_saatto_pct":42,"pct_eten_pct":22,"pct_kunnari_rate":28,"pct_lyoty_rate":58,"pct_palo_rate":16,"pct_tehot_per_turn":12},"proj":{"player_id":12836,"name":"Anni Raiko","as_of":"2026-07-21","age":null,"stats":{"kl_pct":{"rate":0.5413492924384217,"effective_n":96.71120673714215,"observed":0.5020222527884755},"saatto_pct":{"rate":0.6001954530328976,"effective_n":160.55697677410598,"observed":0.58519125633552},"eten_pct":{"rate":0.5905131630266888,"effective_n":136.51234250549305,"observed":0.5655467930400374},"kunnari_rate":{"rate":0.008535786071464355,"effective_n":130.23067836619532,"observed":0.006776879101917581},"lyoty_rate":{"rate":0.11708655211457593,"effective_n":101.48211761793188,"observed":0.10539936476689211},"haava_rate":{"rate":0.36233026206318514,"effective_n":71.56453951146634,"observed":0.3520775985803886},"palo_rate":{"rate":0.331061567792811,"effective_n":83.47117428054523,"observed":0.3529282325393558}},"teho_plus_proj":100},"translation":{"wrc_plus":71,"tier":"replacement level","rows":[{"pesis_label":"Kärkilyönti-% (advance the lead runner)","pesis_value":0.5428571428571428,"percentile":31,"mlb_stat":"AVG","mlb_value":"0.260"},{"pesis_label":"Kärkilyönnit per turn (base hits)","pesis_value":0.5428571428571428,"percentile":44,"mlb_stat":"H / 600 PA","mlb_value":"147"},{"pesis_label":"Lyödyt per turn (runs batted home)","pesis_value":0.11428571428571428,"percentile":58,"mlb_stat":"RBI / 600 PA","mlb_value":"76"},{"pesis_label":"Tuodut per advance (runs scored)","pesis_value":0.00819672131147541,"percentile":1,"mlb_stat":"R / 600 PA","mlb_value":"34"},{"pesis_label":"Palot per turn (burned outs)","pesis_value":0.38571428571428573,"percentile":16,"mlb_stat":"K%","mlb_value":"27.7%"}]},"pitching":{"era":"5.58","tier":"replacement level","games":4,"rows":[{"pesis":"Päästetyt juoksut / ottelu (LRA)","arvo":"24.00","pctile":4,"mlb":"ERA","kaannos":"5.58"},{"pesis":"LRA- (sarjaindeksi, 100 = ka.)","arvo":"217","pctile":null,"mlb":"ERA-","kaannos":"217"},{"pesis":"Estetyt juoksut (kausi)","arvo":"-51.7","pctile":null,"mlb":"Runs saved","kaannos":"-51.7"}]},"career_json":[{"year":2024,"kl_pct":0.5463917525773195,"teho_plus":80},{"year":2025,"kl_pct":0.4024390243902439,"teho_plus":52},{"year":2026,"kl_pct":0.5428571428571428,"teho_plus":43}],"pct_stats":["kl_pct","saatto_pct","eten_pct","kunnari_rate","lyoty_rate","palo_rate","tehot_per_turn"],"base_kl":{"player_id":12836,"turns_at_bat":70,"kl_base0":0.3125,"kl_base0_tries":16,"kl_base1":0.6666666666666666,"kl_base1_tries":15,"kl_base2":0.75,"kl_base2_tries":20,"kl_base3":0.42105263157894735,"kl_base3_tries":19,"pct_kl_base0":15,"pct_kl_base1":70,"pct_kl_base2":67,"pct_kl_base3":25},"base_keys":["kl_base0","kl_base1","kl_base2","kl_base3"],"comps":[]}