{"player":{"id":12860,"name":"Amalia  Koski","born_year":null},"career":[{"year":2022,"age":null,"games":1,"turns_at_bat":4,"vyk":-0.02,"spark_index":115,"adv_plus":138,"runner_plus":80,"out_avoid_plus":110,"money_kl_plus":null,"teho_plus":0,"teho_plus_adj":0},{"year":2026,"age":null,"games":7,"turns_at_bat":43,"vyk":0.19,"spark_index":107,"adv_plus":97,"runner_plus":110,"out_avoid_plus":126,"money_kl_plus":106,"teho_plus":99,"teho_plus_adj":99}],"line":{"player_id":12860,"name":"Amalia  Koski","born_year":null,"year":2026,"games":7,"team":"MyVe","turns_at_bat":43,"kunnarit":0,"lyodyt":6,"tuodut":3,"karkilyonnit":21,"karki_yritykset":45,"saatot":60,"saatto_yritykset":91,"etenemiset":51,"eteneminen_yritykset":73,"haavat":15,"palot":7,"season_id":4,"tehot":9,"kl_pct":0.4666666666666667,"saatto_pct":0.6593406593406593,"eten_pct":0.6986301369863014,"kunnari_rate":0.0,"lyoty_rate":0.13953488372093023,"tuotu_rate":0.0410958904109589,"haava_rate":0.3488372093023256,"palo_rate":0.16279069767441862,"tehot_per_turn":0.20930232558139536,"kl_per_turn":0.4883720930232558,"hr_rbi_per_turn":0.13953488372093023,"kl_base0":0.2222222222222222,"kl_base0_tries":9,"kl_base1":0.4,"kl_base1_tries":10,"kl_base2":0.6428571428571429,"kl_base2_tries":14,"kl_base3":0.5,"kl_base3_tries":12,"adv1_pct":0.2222222222222222,"adv2_pct":0.4,"adv3_pct":0.6428571428571429,"adv_home_pct":0.5,"money_kl_pct":0.5,"money_kl_tries":12,"pos":"L","teho_plus":99,"adv_plus":97,"runner_plus":110,"out_avoid_plus":126,"adv1_plus":38,"adv2_plus":69,"adv3_plus":101,"adv_home_plus":106,"money_kl_plus":106,"spark_index":107,"run_value":5.8667040621710465,"raa":0.5,"jyk":2.8,"vyk":0.19,"teho_plus_adj":99,"pct_kl_pct":17,"pct_saatto_pct":58,"pct_eten_pct":86,"pct_kunnari_rate":36,"pct_lyoty_rate":71,"pct_palo_rate":94,"pct_tehot_per_turn":53},"proj":{"player_id":12860,"name":"Amalia  Koski","as_of":"2026-07-02","age":null,"stats":{"kl_pct":{"rate":0.5262731883289528,"effective_n":42.937376356546245,"observed":0.4676347037183038},"saatto_pct":{"rate":0.651363100561474,"effective_n":85.29429448345526,"observed":0.6585951941036279},"eten_pct":{"rate":0.6700269215914406,"effective_n":68.52440506033687,"observed":0.6966244126219923},"kunnari_rate":{"rate":0.003940059754970749,"effective_n":42.02475900269546,"observed":0.0},"lyoty_rate":{"rate":0.11046421245355642,"effective_n":41.2763583453043,"observed":0.13666061534686513},"haava_rate":{"rate":0.36832248120714167,"effective_n":40.100414139750185,"observed":0.3478738436571895},"palo_rate":{"rate":0.27604713122450725,"effective_n":40.66788888616452,"observed":0.1630809539643567}},"teho_plus_proj":149},"translation":{"wrc_plus":102,"tier":"league-average regular","rows":[{"pesis_label":"Kärkilyönti-% (advance the lead runner)","pesis_value":0.4666666666666667,"percentile":17,"mlb_stat":"AVG","mlb_value":"0.227"},{"pesis_label":"Kärkilyönnit per turn (base hits)","pesis_value":0.4883720930232558,"percentile":29,"mlb_stat":"H / 600 PA","mlb_value":"138"},{"pesis_label":"Lyödyt per turn (runs batted home)","pesis_value":0.13953488372093023,"percentile":71,"mlb_stat":"RBI / 600 PA","mlb_value":"83"},{"pesis_label":"Tuodut per advance (runs scored)","pesis_value":0.0410958904109589,"percentile":41,"mlb_stat":"R / 600 PA","mlb_value":"72"},{"pesis_label":"Palot per turn (burned outs)","pesis_value":0.16279069767441862,"percentile":94,"mlb_stat":"K%","mlb_value":"13.6%"}]},"career_json":[{"year":2022,"kl_pct":1.0,"teho_plus":0},{"year":2026,"kl_pct":0.4666666666666667,"teho_plus":99}],"pct_stats":["kl_pct","saatto_pct","eten_pct","kunnari_rate","lyoty_rate","palo_rate","tehot_per_turn"],"base_kl":{"player_id":12860,"turns_at_bat":43,"kl_base0":0.2222222222222222,"kl_base0_tries":9,"kl_base1":0.4,"kl_base1_tries":10,"kl_base2":0.6428571428571429,"kl_base2_tries":14,"kl_base3":0.5,"kl_base3_tries":12,"pct_kl_base0":13,"pct_kl_base1":20,"pct_kl_base2":49,"pct_kl_base3":54},"base_keys":["kl_base0","kl_base1","kl_base2","kl_base3"],"comps":[]}