{"player":{"id":12860,"name":"Amalia  Koski","born_year":null},"career":[{"player_id":12860,"name":"Amalia  Koski","born_year":null,"year":2026,"games":7,"team":"MyVe","turns_at_bat":43,"kunnarit":0,"lyodyt":6,"tuodut":3,"karkilyonnit":21,"karki_yritykset":45,"saatot":60,"saatto_yritykset":91,"etenemiset":51,"eteneminen_yritykset":73,"haavat":15,"palot":7,"season_id":4,"tehot":9,"kl_pct":0.4666666666666667,"saatto_pct":0.6593406593406593,"eten_pct":0.6986301369863014,"kunnari_rate":0.0,"lyoty_rate":0.13953488372093023,"tuotu_rate":0.0410958904109589,"haava_rate":0.3488372093023256,"palo_rate":0.16279069767441862,"tehot_per_turn":0.20930232558139536,"kl_per_turn":0.4883720930232558,"hr_rbi_per_turn":0.13953488372093023,"kl_base0":0.2222222222222222,"kl_base0_tries":9,"kl_base1":0.4,"kl_base1_tries":10,"kl_base2":0.6428571428571429,"kl_base2_tries":14,"kl_base3":0.5,"kl_base3_tries":12,"adv1_pct":0.2222222222222222,"adv2_pct":0.4,"adv3_pct":0.6428571428571429,"adv_home_pct":0.5,"money_kl_pct":0.5,"money_kl_tries":12,"teho_plus":99,"adv_plus":97,"runner_plus":110,"out_avoid_plus":126,"adv1_plus":38,"adv2_plus":69,"adv3_plus":101,"adv_home_plus":106,"money_kl_plus":106,"spark_index":107,"teho_plus_adj":99}],"line":{"player_id":12860,"name":"Amalia  Koski","born_year":null,"year":2026,"games":7,"team":"MyVe","turns_at_bat":43,"kunnarit":0,"lyodyt":6,"tuodut":3,"karkilyonnit":21,"karki_yritykset":45,"saatot":60,"saatto_yritykset":91,"etenemiset":51,"eteneminen_yritykset":73,"haavat":15,"palot":7,"season_id":4,"tehot":9,"kl_pct":0.4666666666666667,"saatto_pct":0.6593406593406593,"eten_pct":0.6986301369863014,"kunnari_rate":0.0,"lyoty_rate":0.13953488372093023,"tuotu_rate":0.0410958904109589,"haava_rate":0.3488372093023256,"palo_rate":0.16279069767441862,"tehot_per_turn":0.20930232558139536,"kl_per_turn":0.4883720930232558,"hr_rbi_per_turn":0.13953488372093023,"kl_base0":0.2222222222222222,"kl_base0_tries":9,"kl_base1":0.4,"kl_base1_tries":10,"kl_base2":0.6428571428571429,"kl_base2_tries":14,"kl_base3":0.5,"kl_base3_tries":12,"adv1_pct":0.2222222222222222,"adv2_pct":0.4,"adv3_pct":0.6428571428571429,"adv_home_pct":0.5,"money_kl_pct":0.5,"money_kl_tries":12,"teho_plus":99,"adv_plus":97,"runner_plus":110,"out_avoid_plus":126,"adv1_plus":38,"adv2_plus":69,"adv3_plus":101,"adv_home_plus":106,"money_kl_plus":106,"spark_index":107,"teho_plus_adj":99,"pct_kl_pct":17,"pct_saatto_pct":58,"pct_eten_pct":86,"pct_kunnari_rate":36,"pct_lyoty_rate":71,"pct_palo_rate":94,"pct_tehot_per_turn":53},"proj":{"player_id":12860,"name":"Amalia  Koski","as_of":"2026-07-02","age":null,"stats":{"kl_pct":{"rate":0.5261551365244658,"effective_n":42.91173095239664,"observed":0.4673165454227665},"saatto_pct":{"rate":0.6513536762351426,"effective_n":85.28232430277751,"observed":0.658582364574762},"eten_pct":{"rate":0.6700526828851315,"effective_n":68.50644978932026,"observed":0.6966759471071095},"kunnari_rate":{"rate":0.003945403613001605,"effective_n":41.80530431706055,"observed":0.0},"lyoty_rate":{"rate":0.11051095030126394,"effective_n":41.2250675370051,"observed":0.1368306437747753},"haava_rate":{"rate":0.3683198593565751,"effective_n":40.097624635209826,"observed":0.34786326057134126},"palo_rate":{"rate":0.2760497153403155,"effective_n":40.65591870548677,"observed":0.16305536269207674}},"teho_plus_proj":149},"career_json":[{"year":2026,"kl_pct":0.4666666666666667,"teho_plus":99}],"pct_stats":["kl_pct","saatto_pct","eten_pct","kunnari_rate","lyoty_rate","palo_rate","tehot_per_turn"],"base_kl":{"player_id":12860,"turns_at_bat":43,"kl_base0":0.2222222222222222,"kl_base0_tries":9,"kl_base1":0.4,"kl_base1_tries":10,"kl_base2":0.6428571428571429,"kl_base2_tries":14,"kl_base3":0.5,"kl_base3_tries":12,"pct_kl_base0":13,"pct_kl_base1":20,"pct_kl_base2":49,"pct_kl_base3":54},"base_keys":["kl_base0","kl_base1","kl_base2","kl_base3"],"comps":[]}