{"player":{"id":12903,"name":"Tiitu Uusitalo","born_year":null},"career":[{"year":2025,"season_id":125,"team":"KaMa","age":null,"games":14,"turns_at_bat":34,"vyk":-0.07,"spark_index":68,"adv_plus":58,"runner_plus":58,"out_avoid_plus":110,"money_kl_plus":95,"teho_plus":65,"teho_plus_adj":66},{"year":2026,"season_id":129,"team":"KaMa","age":null,"games":18,"turns_at_bat":85,"vyk":0.56,"spark_index":106,"adv_plus":112,"runner_plus":98,"out_avoid_plus":101,"money_kl_plus":181,"teho_plus":110,"teho_plus_adj":110}],"line":{"player_id":12903,"name":"Tiitu Uusitalo","born_year":null,"year":2026,"games":18,"team":"KaMa","turns_at_bat":85,"kunnarit":2,"lyodyt":8,"tuodut":6,"karkilyonnit":52,"karki_yritykset":85,"saatot":120,"saatto_yritykset":186,"etenemiset":87,"eteneminen_yritykset":151,"haavat":37,"palot":27,"season_id":129,"tehot":16,"kl_pct":0.611764705882353,"saatto_pct":0.6451612903225806,"eten_pct":0.5761589403973509,"kunnari_rate":0.023529411764705882,"lyoty_rate":0.09411764705882353,"tuotu_rate":0.039735099337748346,"haava_rate":0.43529411764705883,"palo_rate":0.3176470588235294,"tehot_per_turn":0.18823529411764706,"kl_per_turn":0.611764705882353,"hr_rbi_per_turn":0.11764705882352941,"kl_base0":0.2727272727272727,"kl_base0_tries":11,"kl_base1":0.5,"kl_base1_tries":30,"kl_base2":0.75,"kl_base2_tries":32,"kl_base3":0.8333333333333334,"kl_base3_tries":12,"adv1_pct":0.2727272727272727,"adv2_pct":0.5,"adv3_pct":0.75,"adv_home_pct":0.8333333333333334,"money_kl_pct":0.8333333333333334,"money_kl_tries":12,"pos":"L","teho_plus":110,"adv_plus":112,"runner_plus":98,"out_avoid_plus":101,"adv1_plus":57,"adv2_plus":91,"adv3_plus":131,"adv_home_plus":181,"money_kl_plus":181,"spark_index":106,"run_value":8.391587166437834,"raa":2.1,"jyk":6.7,"vyk":0.56,"teho_plus_adj":110,"pct_kl_pct":89,"pct_saatto_pct":77,"pct_eten_pct":50,"pct_kunnari_rate":93,"pct_lyoty_rate":73,"pct_palo_rate":49,"pct_tehot_per_turn":68},"proj":{"player_id":12903,"name":"Tiitu Uusitalo","as_of":"2026-07-15","age":null,"stats":{"kl_pct":{"rate":0.550967505916205,"effective_n":83.89937379075813,"observed":0.5777258622356725},"saatto_pct":{"rate":0.6141488341304717,"effective_n":173.18526564780268,"observed":0.6193766336923195},"eten_pct":{"rate":0.5638708890079921,"effective_n":139.1592224859244,"observed":0.5545616907956097},"kunnari_rate":{"rate":0.01217216278885847,"effective_n":95.19797603345197,"observed":0.018780735341272715},"lyoty_rate":{"rate":0.08765399260944773,"effective_n":87.3870400374847,"observed":0.09734224845310169},"haava_rate":{"rate":0.4318634288681013,"effective_n":76.31407014567019,"observed":0.4387282865882015},"palo_rate":{"rate":0.32376137703540286,"effective_n":81.25531603540286,"observed":0.32012372083737756}},"teho_plus_proj":157},"translation":{"wrc_plus":112,"tier":"solid starter","rows":[{"pesis_label":"Kärkilyönti-% (advance the lead runner)","pesis_value":0.611764705882353,"percentile":89,"mlb_stat":"AVG","mlb_value":"0.329"},{"pesis_label":"Kärkilyönnit per turn (base hits)","pesis_value":0.611764705882353,"percentile":86,"mlb_stat":"H / 600 PA","mlb_value":"174"},{"pesis_label":"Lyödyt per turn (runs batted home)","pesis_value":0.09411764705882353,"percentile":73,"mlb_stat":"RBI / 600 PA","mlb_value":"84"},{"pesis_label":"Tuodut per advance (runs scored)","pesis_value":0.039735099337748346,"percentile":51,"mlb_stat":"R / 600 PA","mlb_value":"76"},{"pesis_label":"Palot per turn (burned outs)","pesis_value":0.3176470588235294,"percentile":49,"mlb_stat":"K%","mlb_value":"22.3%"}]},"pitching":{"era":"4.42","tier":"swingman","games":18,"rows":[{"pesis":"Päästetyt juoksut / ottelu (LRA)","arvo":"7.17","pctile":32,"mlb":"ERA","kaannos":"4.42"},{"pesis":"LRA- (sarjaindeksi, 100 = ka.)","arvo":"120","pctile":null,"mlb":"ERA-","kaannos":"120"},{"pesis":"Estetyt juoksut (kausi)","arvo":"-21.4","pctile":null,"mlb":"Runs saved","kaannos":"-21.4"}]},"career_json":[{"year":2025,"kl_pct":0.2916666666666667,"teho_plus":65},{"year":2026,"kl_pct":0.611764705882353,"teho_plus":110}],"pct_stats":["kl_pct","saatto_pct","eten_pct","kunnari_rate","lyoty_rate","palo_rate","tehot_per_turn"],"base_kl":{"player_id":12903,"turns_at_bat":85,"kl_base0":0.2727272727272727,"kl_base0_tries":11,"kl_base1":0.5,"kl_base1_tries":30,"kl_base2":0.75,"kl_base2_tries":32,"kl_base3":0.8333333333333334,"kl_base3_tries":12,"pct_kl_base0":14,"pct_kl_base1":41,"pct_kl_base2":90,"pct_kl_base3":91},"base_keys":["kl_base0","kl_base1","kl_base2","kl_base3"],"comps":[]}