{"player":{"id":12948,"name":"Lotta Pukkila","born_year":null},"career":[{"year":2026,"season_id":130,"team":"Pesäkarhut-Akatemia","age":null,"games":11,"turns_at_bat":68,"vyk":-0.21,"spark_index":81,"adv_plus":83,"runner_plus":79,"out_avoid_plus":77,"money_kl_plus":210,"teho_plus":34,"teho_plus_adj":35}],"line":{"player_id":12948,"name":"Lotta Pukkila","born_year":null,"year":2026,"games":11,"team":"Pesäkarhut-Akatemia","turns_at_bat":68,"kunnarit":0,"lyodyt":2,"tuodut":3,"karkilyonnit":26,"karki_yritykset":50,"saatot":34,"saatto_yritykset":68,"etenemiset":63,"eteneminen_yritykset":125,"haavat":29,"palot":33,"season_id":130,"tehot":5,"kl_pct":0.52,"saatto_pct":0.5,"eten_pct":0.504,"kunnari_rate":0.0,"lyoty_rate":0.029411764705882353,"tuotu_rate":0.024,"haava_rate":0.4264705882352941,"palo_rate":0.4852941176470588,"tehot_per_turn":0.07352941176470588,"kl_per_turn":0.38235294117647056,"hr_rbi_per_turn":0.029411764705882353,"kl_base0":0.5263157894736842,"kl_base0_tries":38,"kl_base1":0.5,"kl_base1_tries":6,"kl_base2":0.25,"kl_base2_tries":4,"kl_base3":1.0,"kl_base3_tries":2,"adv1_pct":0.5263157894736842,"adv2_pct":0.5,"adv3_pct":0.25,"adv_home_pct":1.0,"money_kl_pct":1.0,"money_kl_tries":2,"pos":"3K","teho_plus":34,"adv_plus":83,"runner_plus":79,"out_avoid_plus":77,"adv1_plus":91,"adv2_plus":87,"adv3_plus":39,"adv_home_plus":210,"money_kl_plus":210,"spark_index":81,"run_value":1.8075151801781217,"raa":-6.4,"jyk":-3.2,"vyk":-0.21,"teho_plus_adj":35,"pct_kl_pct":31,"pct_saatto_pct":9,"pct_eten_pct":4,"pct_kunnari_rate":34,"pct_lyoty_rate":33,"pct_palo_rate":8,"pct_tehot_per_turn":4},"proj":{"player_id":12948,"name":"Lotta Pukkila","as_of":"2026-07-11","age":null,"stats":{"kl_pct":{"rate":0.5481564090632751,"effective_n":45.50861898829915,"observed":0.5206846921169652},"saatto_pct":{"rate":0.5554639157726908,"effective_n":59.42562918411426,"observed":0.5009102762179278},"eten_pct":{"rate":0.545195928019078,"effective_n":109.24964766025306,"observed":0.504456390177962},"kunnari_rate":{"rate":0.0036854777929382467,"effective_n":63.453568179880804,"observed":0.0},"lyoty_rate":{"rate":0.06807756368673178,"effective_n":61.31916156817408,"observed":0.02918466047190526},"haava_rate":{"rate":0.3975991099705894,"effective_n":57.3079606483561,"observed":0.4342653757491127},"palo_rate":{"rate":0.39540293266155957,"effective_n":59.271897116725796,"observed":0.4807153205512787}},"teho_plus_proj":109},"translation":{"wrc_plus":56,"tier":"replacement level","rows":[{"pesis_label":"Kärkilyönti-% (advance the lead runner)","pesis_value":0.52,"percentile":31,"mlb_stat":"AVG","mlb_value":"0.218"},{"pesis_label":"Kärkilyönnit per turn (base hits)","pesis_value":0.38235294117647056,"percentile":8,"mlb_stat":"H / 600 PA","mlb_value":"119"},{"pesis_label":"Lyödyt per turn (runs batted home)","pesis_value":0.029411764705882353,"percentile":33,"mlb_stat":"RBI / 600 PA","mlb_value":"63"},{"pesis_label":"Tuodut per advance (runs scored)","pesis_value":0.024,"percentile":22,"mlb_stat":"R / 600 PA","mlb_value":"62"},{"pesis_label":"Palot per turn (burned outs)","pesis_value":0.4852941176470588,"percentile":8,"mlb_stat":"K%","mlb_value":"29.9%"}]},"pitching":null,"career_json":[{"year":2026,"kl_pct":0.52,"teho_plus":34}],"pct_stats":["kl_pct","saatto_pct","eten_pct","kunnari_rate","lyoty_rate","palo_rate","tehot_per_turn"],"base_kl":{"player_id":12948,"turns_at_bat":68,"kl_base0":0.5263157894736842,"kl_base0_tries":38,"kl_base1":0.5,"kl_base1_tries":6,"kl_base2":0.25,"kl_base2_tries":4,"kl_base3":1.0,"kl_base3_tries":2,"pct_kl_base0":51,"pct_kl_base1":36,"pct_kl_base2":3,"pct_kl_base3":98},"base_keys":["kl_base0","kl_base1","kl_base2","kl_base3"],"comps":[]}