{"player":{"id":12953,"name":"Mikko Mäkinen","born_year":null},"career":[{"year":2026,"season_id":156,"team":"Manse","age":null,"games":11,"turns_at_bat":63,"vyk":0.37,"spark_index":114,"adv_plus":127,"runner_plus":110,"out_avoid_plus":87,"money_kl_plus":46,"teho_plus":102,"teho_plus_adj":100}],"line":{"player_id":12953,"name":"Mikko Mäkinen","born_year":null,"year":2026,"games":11,"team":"Manse","turns_at_bat":63,"kunnarit":0,"lyodyt":1,"tuodut":14,"karkilyonnit":42,"karki_yritykset":58,"saatot":89,"saatto_yritykset":115,"etenemiset":93,"eteneminen_yritykset":136,"haavat":18,"palot":25,"season_id":156,"tehot":15,"kl_pct":0.7241379310344828,"saatto_pct":0.7739130434782608,"eten_pct":0.6838235294117647,"kunnari_rate":0.0,"lyoty_rate":0.015873015873015872,"tuotu_rate":0.10294117647058823,"haava_rate":0.2857142857142857,"palo_rate":0.3968253968253968,"tehot_per_turn":0.23809523809523808,"kl_per_turn":0.6666666666666666,"hr_rbi_per_turn":0.015873015873015872,"kl_base0":0.6666666666666666,"kl_base0_tries":15,"kl_base1":0.8333333333333334,"kl_base1_tries":24,"kl_base2":0.7333333333333333,"kl_base2_tries":15,"kl_base3":0.25,"kl_base3_tries":4,"adv1_pct":0.6666666666666666,"adv2_pct":0.8333333333333334,"adv3_pct":0.7333333333333333,"adv_home_pct":0.25,"money_kl_pct":0.25,"money_kl_tries":4,"pos":"3K","teho_plus":102,"adv_plus":127,"runner_plus":110,"out_avoid_plus":87,"adv1_plus":131,"adv2_plus":156,"adv3_plus":117,"adv_home_plus":46,"money_kl_plus":46,"spark_index":114,"run_value":9.6840897751968,"raa":1.9,"jyk":6.5,"vyk":0.37,"teho_plus_adj":100,"pct_kl_pct":93,"pct_saatto_pct":95,"pct_eten_pct":79,"pct_kunnari_rate":28,"pct_lyoty_rate":15,"pct_palo_rate":15,"pct_tehot_per_turn":58},"proj":{"player_id":12953,"name":"Mikko Mäkinen","as_of":"2026-07-16","age":null,"stats":{"kl_pct":{"rate":0.6306499501374225,"effective_n":53.113956781981884,"observed":0.7227134150869317},"saatto_pct":{"rate":0.7310592964569804,"effective_n":101.67746399949276,"observed":0.7742149557597982},"eten_pct":{"rate":0.664491589931163,"effective_n":121.01270136146735,"observed":0.683157952574387},"kunnari_rate":{"rate":0.006175209101166093,"effective_n":59.483666981662566,"observed":0.0},"lyoty_rate":{"rate":0.06667959074530476,"effective_n":57.83129948050191,"observed":0.014835087861850496},"haava_rate":{"rate":0.3680124925336183,"effective_n":54.72261071661205,"observed":0.2740918948992672},"palo_rate":{"rate":0.3462076445674823,"effective_n":56.24526867024297,"observed":0.40531710276338456}},"teho_plus_proj":116},"translation":{"wrc_plus":105,"tier":"league-average regular","rows":[{"pesis_label":"Kärkilyönti-% (advance the lead runner)","pesis_value":0.7241379310344828,"percentile":93,"mlb_stat":"AVG","mlb_value":"0.441"},{"pesis_label":"Kärkilyönnit per turn (base hits)","pesis_value":0.6666666666666666,"percentile":84,"mlb_stat":"H / 600 PA","mlb_value":"172"},{"pesis_label":"Lyödyt per turn (runs batted home)","pesis_value":0.015873015873015872,"percentile":15,"mlb_stat":"RBI / 600 PA","mlb_value":"51"},{"pesis_label":"Tuodut per advance (runs scored)","pesis_value":0.10294117647058823,"percentile":87,"mlb_stat":"R / 600 PA","mlb_value":"96"},{"pesis_label":"Palot per turn (burned outs)","pesis_value":0.3968253968253968,"percentile":15,"mlb_stat":"K%","mlb_value":"27.9%"}]},"pitching":null,"career_json":[{"year":2026,"kl_pct":0.7241379310344828,"teho_plus":102}],"pct_stats":["kl_pct","saatto_pct","eten_pct","kunnari_rate","lyoty_rate","palo_rate","tehot_per_turn"],"base_kl":{"player_id":12953,"turns_at_bat":63,"kl_base0":0.6666666666666666,"kl_base0_tries":15,"kl_base1":0.8333333333333334,"kl_base1_tries":24,"kl_base2":0.7333333333333333,"kl_base2_tries":15,"kl_base3":0.25,"kl_base3_tries":4,"pct_kl_base0":84,"pct_kl_base1":96,"pct_kl_base2":75,"pct_kl_base3":11},"base_keys":["kl_base0","kl_base1","kl_base2","kl_base3"],"comps":[]}