{"player":{"id":13002,"name":"Carita Varheenmaa","born_year":null},"career":[{"year":2024,"season_id":122,"team":"Tarmo","age":null,"games":22,"turns_at_bat":50,"vyk":-0.2,"spark_index":73,"adv_plus":56,"runner_plus":68,"out_avoid_plus":121,"money_kl_plus":53,"teho_plus":20,"teho_plus_adj":19},{"year":2025,"season_id":126,"team":"Puhti","age":null,"games":24,"turns_at_bat":94,"vyk":0.17,"spark_index":96,"adv_plus":101,"runner_plus":95,"out_avoid_plus":86,"money_kl_plus":133,"teho_plus":96,"teho_plus_adj":93},{"year":2026,"season_id":130,"team":"Puhti","age":null,"games":14,"turns_at_bat":86,"vyk":0.67,"spark_index":110,"adv_plus":107,"runner_plus":115,"out_avoid_plus":108,"money_kl_plus":100,"teho_plus":157,"teho_plus_adj":150}],"line":{"player_id":13002,"name":"Carita Varheenmaa","born_year":null,"year":2026,"games":14,"team":"Puhti","turns_at_bat":86,"kunnarit":0,"lyodyt":20,"tuodut":9,"karkilyonnit":39,"karki_yritykset":74,"saatot":160,"saatto_yritykset":230,"etenemiset":145,"eteneminen_yritykset":200,"haavat":31,"palot":24,"season_id":130,"tehot":29,"kl_pct":0.527027027027027,"saatto_pct":0.6956521739130435,"eten_pct":0.725,"kunnari_rate":0.0,"lyoty_rate":0.23255813953488372,"tuotu_rate":0.045,"haava_rate":0.36046511627906974,"palo_rate":0.27906976744186046,"tehot_per_turn":0.3372093023255814,"kl_per_turn":0.45348837209302323,"hr_rbi_per_turn":0.23255813953488372,"kl_base0":0.75,"kl_base0_tries":4,"kl_base1":0.3333333333333333,"kl_base1_tries":6,"kl_base2":0.6363636363636364,"kl_base2_tries":22,"kl_base3":0.47619047619047616,"kl_base3_tries":42,"adv1_pct":0.75,"adv2_pct":0.3333333333333333,"adv3_pct":0.6363636363636364,"adv_home_pct":0.47619047619047616,"money_kl_pct":0.47619047619047616,"money_kl_tries":42,"pos":"3K","teho_plus":157,"adv_plus":107,"runner_plus":115,"out_avoid_plus":108,"adv1_plus":130,"adv2_plus":58,"adv3_plus":101,"adv_home_plus":100,"money_kl_plus":100,"spark_index":110,"run_value":16.273869142770454,"raa":5.9,"jyk":10.1,"vyk":0.67,"teho_plus_adj":150,"pct_kl_pct":31,"pct_saatto_pct":69,"pct_eten_pct":92,"pct_kunnari_rate":34,"pct_lyoty_rate":85,"pct_palo_rate":64,"pct_tehot_per_turn":86},"proj":{"player_id":13002,"name":"Carita Varheenmaa","as_of":"2026-07-04","age":null,"stats":{"kl_pct":{"rate":0.5460401059285642,"effective_n":99.16622805997953,"observed":0.5324671845370907},"saatto_pct":{"rate":0.679684515996032,"effective_n":241.8567113583904,"observed":0.6870047772082006},"eten_pct":{"rate":0.6899061620767658,"effective_n":219.54734818396201,"observed":0.7028398628662317},"kunnari_rate":{"rate":0.006219830516715131,"effective_n":137.02012137522763,"observed":0.006823819174875142},"lyoty_rate":{"rate":0.1503533050672564,"effective_n":114.96664510054234,"observed":0.18700642254611838},"haava_rate":{"rate":0.3648808176344843,"effective_n":90.41885380039236,"observed":0.3496008357493911},"palo_rate":{"rate":0.31574480653848735,"effective_n":100.42867747480993,"observed":0.3030907372601574}},"teho_plus_proj":169},"translation":{"wrc_plus":127,"tier":"All-Star","rows":[{"pesis_label":"Kärkilyönti-% (advance the lead runner)","pesis_value":0.527027027027027,"percentile":31,"mlb_stat":"AVG","mlb_value":"0.218"},{"pesis_label":"Kärkilyönnit per turn (base hits)","pesis_value":0.45348837209302323,"percentile":21,"mlb_stat":"H / 600 PA","mlb_value":"132"},{"pesis_label":"Lyödyt per turn (runs batted home)","pesis_value":0.23255813953488372,"percentile":85,"mlb_stat":"RBI / 600 PA","mlb_value":"93"},{"pesis_label":"Tuodut per advance (runs scored)","pesis_value":0.045,"percentile":42,"mlb_stat":"R / 600 PA","mlb_value":"72"},{"pesis_label":"Palot per turn (burned outs)","pesis_value":0.27906976744186046,"percentile":64,"mlb_stat":"K%","mlb_value":"20.2%"}]},"pitching":null,"career_json":[{"year":2024,"kl_pct":0.2777777777777778,"teho_plus":20},{"year":2025,"kl_pct":0.5714285714285714,"teho_plus":96},{"year":2026,"kl_pct":0.527027027027027,"teho_plus":157}],"pct_stats":["kl_pct","saatto_pct","eten_pct","kunnari_rate","lyoty_rate","palo_rate","tehot_per_turn"],"base_kl":{"player_id":13002,"turns_at_bat":86,"kl_base0":0.75,"kl_base0_tries":4,"kl_base1":0.3333333333333333,"kl_base1_tries":6,"kl_base2":0.6363636363636364,"kl_base2_tries":22,"kl_base3":0.47619047619047616,"kl_base3_tries":42,"pct_kl_base0":86,"pct_kl_base1":10,"pct_kl_base2":47,"pct_kl_base3":44},"base_keys":["kl_base0","kl_base1","kl_base2","kl_base3"],"comps":[]}