{"player":{"id":13020,"name":"Roope Välkkilä","born_year":null},"career":[{"year":2026,"season_id":156,"team":"KaKa","age":null,"games":11,"turns_at_bat":67,"vyk":-0.17,"spark_index":65,"adv_plus":56,"runner_plus":60,"out_avoid_plus":97,"money_kl_plus":26,"teho_plus":25,"teho_plus_adj":28}],"line":{"player_id":13020,"name":"Roope Välkkilä","born_year":null,"year":2026,"games":11,"team":"KaKa","turns_at_bat":67,"kunnarit":1,"lyodyt":0,"tuodut":3,"karkilyonnit":19,"karki_yritykset":64,"saatot":42,"saatto_yritykset":119,"etenemiset":30,"eteneminen_yritykset":81,"haavat":29,"palot":22,"season_id":156,"tehot":4,"kl_pct":0.296875,"saatto_pct":0.35294117647058826,"eten_pct":0.37037037037037035,"kunnari_rate":0.014925373134328358,"lyoty_rate":0.0,"tuotu_rate":0.037037037037037035,"haava_rate":0.43283582089552236,"palo_rate":0.3283582089552239,"tehot_per_turn":0.05970149253731343,"kl_per_turn":0.2835820895522388,"hr_rbi_per_turn":0.014925373134328358,"kl_base0":0.11764705882352941,"kl_base0_tries":17,"kl_base1":0.39285714285714285,"kl_base1_tries":28,"kl_base2":0.4166666666666667,"kl_base2_tries":12,"kl_base3":0.14285714285714285,"kl_base3_tries":7,"adv1_pct":0.11764705882352941,"adv2_pct":0.39285714285714285,"adv3_pct":0.4166666666666667,"adv_home_pct":0.14285714285714285,"money_kl_pct":0.14285714285714285,"money_kl_tries":7,"pos":"2K","teho_plus":25,"adv_plus":56,"runner_plus":60,"out_avoid_plus":97,"adv1_plus":23,"adv2_plus":74,"adv3_plus":66,"adv_home_plus":26,"money_kl_plus":26,"spark_index":65,"run_value":0.32148137216045747,"raa":-7.9,"jyk":-3.0,"vyk":-0.17,"teho_plus_adj":28,"pct_kl_pct":3,"pct_saatto_pct":2,"pct_eten_pct":1,"pct_kunnari_rate":73,"pct_lyoty_rate":5,"pct_palo_rate":36,"pct_tehot_per_turn":7},"proj":{"player_id":13020,"name":"Roope Välkkilä","as_of":"2026-07-13","age":null,"stats":{"kl_pct":{"rate":0.4263490265215137,"effective_n":57.76006065245254,"observed":0.2987833620260775},"saatto_pct":{"rate":0.43069316643830147,"effective_n":104.43659608477077,"observed":0.35766620566470453},"eten_pct":{"rate":0.47489413316985074,"effective_n":71.21012452861308,"observed":0.37348993091888005},"kunnari_rate":{"rate":0.011262778151860412,"effective_n":62.692811952940204,"observed":0.015141758800391007},"lyoty_rate":{"rate":0.0592344579823671,"effective_n":60.67153673923407,"observed":0.0},"haava_rate":{"rate":0.42418189059891415,"effective_n":56.87389785189641,"observed":0.4325751873825549},"palo_rate":{"rate":0.3140772532073938,"effective_n":58.733150219286465,"observed":0.32691831563224344}},"teho_plus_proj":91},"translation":{"wrc_plus":63,"tier":"replacement level","rows":[{"pesis_label":"Kärkilyönti-% (advance the lead runner)","pesis_value":0.296875,"percentile":3,"mlb_stat":"AVG","mlb_value":"0.014"},{"pesis_label":"Kärkilyönnit per turn (base hits)","pesis_value":0.2835820895522388,"percentile":5,"mlb_stat":"H / 600 PA","mlb_value":"114"},{"pesis_label":"Lyödyt per turn (runs batted home)","pesis_value":0.0,"percentile":5,"mlb_stat":"RBI / 600 PA","mlb_value":"39"},{"pesis_label":"Tuodut per advance (runs scored)","pesis_value":0.037037037037037035,"percentile":30,"mlb_stat":"R / 600 PA","mlb_value":"67"},{"pesis_label":"Palot per turn (burned outs)","pesis_value":0.3283582089552239,"percentile":36,"mlb_stat":"K%","mlb_value":"24.2%"}]},"pitching":null,"career_json":[{"year":2026,"kl_pct":0.296875,"teho_plus":25}],"pct_stats":["kl_pct","saatto_pct","eten_pct","kunnari_rate","lyoty_rate","palo_rate","tehot_per_turn"],"base_kl":{"player_id":13020,"turns_at_bat":67,"kl_base0":0.11764705882352941,"kl_base0_tries":17,"kl_base1":0.39285714285714285,"kl_base1_tries":28,"kl_base2":0.4166666666666667,"kl_base2_tries":12,"kl_base3":0.14285714285714285,"kl_base3_tries":7,"pct_kl_base0":2,"pct_kl_base1":24,"pct_kl_base2":17,"pct_kl_base3":7},"base_keys":["kl_base0","kl_base1","kl_base2","kl_base3"],"comps":[]}