{"player":{"id":13022,"name":"Joel Lähde","born_year":null},"career":[{"year":2024,"season_id":154,"team":"NJ","age":null,"games":1,"turns_at_bat":9,"vyk":-0.05,"spark_index":74,"adv_plus":82,"runner_plus":79,"out_avoid_plus":47,"money_kl_plus":null,"teho_plus":0,"teho_plus_adj":0},{"year":2025,"season_id":155,"team":"JaJa","age":null,"games":16,"turns_at_bat":113,"vyk":0.3,"spark_index":103,"adv_plus":111,"runner_plus":113,"out_avoid_plus":70,"money_kl_plus":128,"teho_plus":102,"teho_plus_adj":102},{"year":2026,"season_id":156,"team":"JaJa","age":null,"games":11,"turns_at_bat":77,"vyk":0.27,"spark_index":102,"adv_plus":108,"runner_plus":107,"out_avoid_plus":77,"money_kl_plus":105,"teho_plus":117,"teho_plus_adj":117}],"line":{"player_id":13022,"name":"Joel Lähde","born_year":null,"year":2026,"games":11,"team":"JaJa","turns_at_bat":77,"kunnarit":1,"lyodyt":3,"tuodut":17,"karkilyonnit":48,"karki_yritykset":78,"saatot":71,"saatto_yritykset":107,"etenemiset":110,"eteneminen_yritykset":166,"haavat":20,"palot":36,"season_id":156,"tehot":21,"kl_pct":0.6153846153846154,"saatto_pct":0.6635514018691588,"eten_pct":0.6626506024096386,"kunnari_rate":0.012987012987012988,"lyoty_rate":0.03896103896103896,"tuotu_rate":0.10240963855421686,"haava_rate":0.2597402597402597,"palo_rate":0.4675324675324675,"tehot_per_turn":0.2727272727272727,"kl_per_turn":0.6233766233766234,"hr_rbi_per_turn":0.05194805194805195,"kl_base0":0.6739130434782609,"kl_base0_tries":46,"kl_base1":0.5,"kl_base1_tries":22,"kl_base2":0.6666666666666666,"kl_base2_tries":3,"kl_base3":0.5714285714285714,"kl_base3_tries":7,"adv1_pct":0.6739130434782609,"adv2_pct":0.5,"adv3_pct":0.6666666666666666,"adv_home_pct":0.5714285714285714,"money_kl_pct":0.5714285714285714,"money_kl_tries":7,"pos":"3V","teho_plus":117,"adv_plus":108,"runner_plus":107,"out_avoid_plus":77,"adv1_plus":132,"adv2_plus":94,"adv3_plus":106,"adv_home_plus":105,"money_kl_plus":105,"spark_index":102,"run_value":8.446372923957215,"raa":-0.9,"jyk":4.8,"vyk":0.27,"teho_plus_adj":117,"pct_kl_pct":72,"pct_saatto_pct":67,"pct_eten_pct":73,"pct_kunnari_rate":68,"pct_lyoty_rate":33,"pct_palo_rate":7,"pct_tehot_per_turn":68},"proj":{"player_id":13022,"name":"Joel Lähde","as_of":"2026-07-16","age":null,"stats":{"kl_pct":{"rate":0.5997602493595158,"effective_n":104.95695274996754,"observed":0.6287261372957449},"saatto_pct":{"rate":0.652701544797421,"effective_n":121.85690555774909,"observed":0.6630361349194106},"eten_pct":{"rate":0.6610895774747855,"effective_n":202.2995250196225,"observed":0.671443496739357},"kunnari_rate":{"rate":0.010197652416317678,"effective_n":126.17673656374437,"observed":0.011161970908328444},"lyoty_rate":{"rate":0.06591574210759303,"effective_n":105.94507996783149,"observed":0.03721592698451681},"haava_rate":{"rate":0.33892070854362144,"effective_n":81.505908179391,"observed":0.2400869009966018},"palo_rate":{"rate":0.40248829359547744,"effective_n":91.72357430935052,"observed":0.48765014774461024}},"teho_plus_proj":117},"translation":{"wrc_plus":112,"tier":"solid starter","rows":[{"pesis_label":"Kärkilyönti-% (advance the lead runner)","pesis_value":0.6153846153846154,"percentile":72,"mlb_stat":"AVG","mlb_value":"0.332"},{"pesis_label":"Kärkilyönnit per turn (base hits)","pesis_value":0.6233766233766234,"percentile":78,"mlb_stat":"H / 600 PA","mlb_value":"167"},{"pesis_label":"Lyödyt per turn (runs batted home)","pesis_value":0.03896103896103896,"percentile":33,"mlb_stat":"RBI / 600 PA","mlb_value":"63"},{"pesis_label":"Tuodut per advance (runs scored)","pesis_value":0.10240963855421686,"percentile":87,"mlb_stat":"R / 600 PA","mlb_value":"96"},{"pesis_label":"Palot per turn (burned outs)","pesis_value":0.4675324675324675,"percentile":7,"mlb_stat":"K%","mlb_value":"30.3%"}]},"pitching":null,"career_json":[{"year":2024,"kl_pct":0.42857142857142855,"teho_plus":0},{"year":2025,"kl_pct":0.660377358490566,"teho_plus":102},{"year":2026,"kl_pct":0.6153846153846154,"teho_plus":117}],"pct_stats":["kl_pct","saatto_pct","eten_pct","kunnari_rate","lyoty_rate","palo_rate","tehot_per_turn"],"base_kl":{"player_id":13022,"turns_at_bat":77,"kl_base0":0.6739130434782609,"kl_base0_tries":46,"kl_base1":0.5,"kl_base1_tries":22,"kl_base2":0.6666666666666666,"kl_base2_tries":3,"kl_base3":0.5714285714285714,"kl_base3_tries":7,"pct_kl_base0":86,"pct_kl_base1":46,"pct_kl_base2":61,"pct_kl_base3":58},"base_keys":["kl_base0","kl_base1","kl_base2","kl_base3"],"comps":[]}