{"player":{"id":13076,"name":"Salla Lahti","born_year":null},"career":[{"year":2025,"season_id":126,"team":"AA","age":null,"games":23,"turns_at_bat":155,"vyk":0.15,"spark_index":94,"adv_plus":96,"runner_plus":92,"out_avoid_plus":94,"money_kl_plus":131,"teho_plus":70,"teho_plus_adj":68},{"year":2026,"season_id":130,"team":"AA","age":null,"games":12,"turns_at_bat":86,"vyk":0.19,"spark_index":102,"adv_plus":104,"runner_plus":101,"out_avoid_plus":98,"money_kl_plus":70,"teho_plus":81,"teho_plus_adj":79}],"line":{"player_id":13076,"name":"Salla Lahti","born_year":null,"year":2026,"games":12,"team":"AA","turns_at_bat":86,"kunnarit":0,"lyodyt":1,"tuodut":14,"karkilyonnit":46,"karki_yritykset":77,"saatot":114,"saatto_yritykset":173,"etenemiset":110,"eteneminen_yritykset":171,"haavat":31,"palot":30,"season_id":130,"tehot":15,"kl_pct":0.5974025974025974,"saatto_pct":0.6589595375722543,"eten_pct":0.6432748538011696,"kunnari_rate":0.0,"lyoty_rate":0.011627906976744186,"tuotu_rate":0.08187134502923976,"haava_rate":0.36046511627906974,"palo_rate":0.3488372093023256,"tehot_per_turn":0.1744186046511628,"kl_per_turn":0.5348837209302325,"hr_rbi_per_turn":0.011627906976744186,"kl_base0":0.3,"kl_base0_tries":10,"kl_base1":0.575,"kl_base1_tries":40,"kl_base2":0.7916666666666666,"kl_base2_tries":24,"kl_base3":0.3333333333333333,"kl_base3_tries":3,"adv1_pct":0.3,"adv2_pct":0.575,"adv3_pct":0.7916666666666666,"adv_home_pct":0.3333333333333333,"money_kl_pct":0.3333333333333333,"money_kl_tries":3,"pos":"2V","teho_plus":81,"adv_plus":104,"runner_plus":101,"out_avoid_plus":98,"adv1_plus":52,"adv2_plus":100,"adv3_plus":124,"adv_home_plus":70,"money_kl_plus":70,"spark_index":102,"run_value":8.561655196614941,"raa":-1.7,"jyk":2.9,"vyk":0.19,"teho_plus_adj":79,"pct_kl_pct":64,"pct_saatto_pct":59,"pct_eten_pct":58,"pct_kunnari_rate":36,"pct_lyoty_rate":17,"pct_palo_rate":41,"pct_tehot_per_turn":41},"proj":{"player_id":13076,"name":"Salla Lahti","as_of":"2026-07-04","age":null,"stats":{"kl_pct":{"rate":0.5781690517661585,"effective_n":117.21997173028431,"observed":0.5829427308771172},"saatto_pct":{"rate":0.6416044936568048,"effective_n":224.61171083384775,"observed":0.642504800245411},"eten_pct":{"rate":0.6271825640290667,"effective_n":221.43426802207964,"observed":0.6255962492281961},"kunnari_rate":{"rate":0.00419592103422435,"effective_n":155.37002591704064,"observed":0.0032912744098628787},"lyoty_rate":{"rate":0.05160984134800788,"effective_n":130.74778623442026,"observed":0.023369239324709752},"haava_rate":{"rate":0.3751544250340922,"effective_n":100.93531877895222,"observed":0.3733975024749463},"palo_rate":{"rate":0.34519594291826333,"effective_n":113.35527479387576,"observed":0.35411133883789475}},"teho_plus_proj":114},"translation":{"wrc_plus":94,"tier":"league-average regular","rows":[{"pesis_label":"Kärkilyönti-% (advance the lead runner)","pesis_value":0.5974025974025974,"percentile":64,"mlb_stat":"AVG","mlb_value":"0.273"},{"pesis_label":"Kärkilyönnit per turn (base hits)","pesis_value":0.5348837209302325,"percentile":51,"mlb_stat":"H / 600 PA","mlb_value":"151"},{"pesis_label":"Lyödyt per turn (runs batted home)","pesis_value":0.011627906976744186,"percentile":17,"mlb_stat":"RBI / 600 PA","mlb_value":"53"},{"pesis_label":"Tuodut per advance (runs scored)","pesis_value":0.08187134502923976,"percentile":81,"mlb_stat":"R / 600 PA","mlb_value":"92"},{"pesis_label":"Palot per turn (burned outs)","pesis_value":0.3488372093023256,"percentile":41,"mlb_stat":"K%","mlb_value":"23.5%"}]},"pitching":null,"career_json":[{"year":2025,"kl_pct":0.5611510791366906,"teho_plus":70},{"year":2026,"kl_pct":0.5974025974025974,"teho_plus":81}],"pct_stats":["kl_pct","saatto_pct","eten_pct","kunnari_rate","lyoty_rate","palo_rate","tehot_per_turn"],"base_kl":{"player_id":13076,"turns_at_bat":86,"kl_base0":0.3,"kl_base0_tries":10,"kl_base1":0.575,"kl_base1_tries":40,"kl_base2":0.7916666666666666,"kl_base2_tries":24,"kl_base3":0.3333333333333333,"kl_base3_tries":3,"pct_kl_base0":21,"pct_kl_base1":55,"pct_kl_base2":85,"pct_kl_base3":20},"base_keys":["kl_base0","kl_base1","kl_base2","kl_base3"],"comps":[]}