{"player":{"id":13076,"name":"Salla Lahti","born_year":null},"career":[{"year":2025,"season_id":126,"team":"AA","age":null,"games":23,"turns_at_bat":155,"vyk":0.15,"spark_index":94,"adv_plus":96,"runner_plus":92,"out_avoid_plus":94,"money_kl_plus":131,"teho_plus":70,"teho_plus_adj":69},{"year":2026,"season_id":130,"team":"AA","age":null,"games":14,"turns_at_bat":102,"vyk":0.24,"spark_index":102,"adv_plus":102,"runner_plus":101,"out_avoid_plus":101,"money_kl_plus":84,"teho_plus":87,"teho_plus_adj":85}],"line":{"player_id":13076,"name":"Salla Lahti","born_year":null,"year":2026,"games":14,"team":"AA","turns_at_bat":102,"kunnarit":0,"lyodyt":2,"tuodut":17,"karkilyonnit":53,"karki_yritykset":91,"saatot":138,"saatto_yritykset":213,"etenemiset":131,"eteneminen_yritykset":204,"haavat":40,"palot":33,"season_id":130,"tehot":19,"kl_pct":0.5824175824175825,"saatto_pct":0.647887323943662,"eten_pct":0.6421568627450981,"kunnari_rate":0.0,"lyoty_rate":0.0196078431372549,"tuotu_rate":0.08333333333333333,"haava_rate":0.39215686274509803,"palo_rate":0.3235294117647059,"tehot_per_turn":0.18627450980392157,"kl_per_turn":0.5196078431372549,"hr_rbi_per_turn":0.0196078431372549,"kl_base0":0.3,"kl_base0_tries":10,"kl_base1":0.5581395348837209,"kl_base1_tries":43,"kl_base2":0.7272727272727273,"kl_base2_tries":33,"kl_base3":0.4,"kl_base3_tries":5,"adv1_pct":0.3,"adv2_pct":0.5581395348837209,"adv3_pct":0.7272727272727273,"adv_home_pct":0.4,"money_kl_pct":0.4,"money_kl_tries":5,"pos":"2V","teho_plus":87,"adv_plus":102,"runner_plus":101,"out_avoid_plus":101,"adv1_plus":52,"adv2_plus":96,"adv3_plus":115,"adv_home_plus":84,"money_kl_plus":84,"spark_index":102,"run_value":10.955282466780904,"raa":-1.4,"jyk":3.6,"vyk":0.24,"teho_plus_adj":85,"pct_kl_pct":54,"pct_saatto_pct":54,"pct_eten_pct":60,"pct_kunnari_rate":34,"pct_lyoty_rate":25,"pct_palo_rate":48,"pct_tehot_per_turn":45},"proj":{"player_id":13076,"name":"Salla Lahti","as_of":"2026-07-08","age":null,"stats":{"kl_pct":{"rate":0.5723576952633599,"effective_n":129.74778416273222,"observed":0.5741541031438089},"saatto_pct":{"rate":0.6360744578569862,"effective_n":260.77605190964886,"observed":0.636174359582267},"eten_pct":{"rate":0.6280928667962375,"effective_n":250.70895221697103,"observed":0.6270912868714927},"kunnari_rate":{"rate":0.004036571042583701,"effective_n":170.07486157297143,"observed":0.0029827260710943364},"lyoty_rate":{"rate":0.052555519788838205,"effective_n":145.10202090789352,"observed":0.027676907825575983},"haava_rate":{"rate":0.38970688366410866,"effective_n":114.7921515466152,"observed":0.3992982027568118},"palo_rate":{"rate":0.33272347582257294,"effective_n":127.44073112962258,"observed":0.3334097721083387}},"teho_plus_proj":114},"translation":{"wrc_plus":97,"tier":"league-average regular","rows":[{"pesis_label":"Kärkilyönti-% (advance the lead runner)","pesis_value":0.5824175824175825,"percentile":54,"mlb_stat":"AVG","mlb_value":"0.256"},{"pesis_label":"Kärkilyönnit per turn (base hits)","pesis_value":0.5196078431372549,"percentile":45,"mlb_stat":"H / 600 PA","mlb_value":"147"},{"pesis_label":"Lyödyt per turn (runs batted home)","pesis_value":0.0196078431372549,"percentile":25,"mlb_stat":"RBI / 600 PA","mlb_value":"59"},{"pesis_label":"Tuodut per advance (runs scored)","pesis_value":0.08333333333333333,"percentile":83,"mlb_stat":"R / 600 PA","mlb_value":"93"},{"pesis_label":"Palot per turn (burned outs)","pesis_value":0.3235294117647059,"percentile":48,"mlb_stat":"K%","mlb_value":"22.5%"}]},"pitching":null,"career_json":[{"year":2025,"kl_pct":0.5611510791366906,"teho_plus":70},{"year":2026,"kl_pct":0.5824175824175825,"teho_plus":87}],"pct_stats":["kl_pct","saatto_pct","eten_pct","kunnari_rate","lyoty_rate","palo_rate","tehot_per_turn"],"base_kl":{"player_id":13076,"turns_at_bat":102,"kl_base0":0.3,"kl_base0_tries":10,"kl_base1":0.5581395348837209,"kl_base1_tries":43,"kl_base2":0.7272727272727273,"kl_base2_tries":33,"kl_base3":0.4,"kl_base3_tries":5,"pct_kl_base0":19,"pct_kl_base1":50,"pct_kl_base2":71,"pct_kl_base3":30},"base_keys":["kl_base0","kl_base1","kl_base2","kl_base3"],"comps":[]}