{"player":{"id":13119,"name":"Meeri Laine","born_year":null},"career":[{"year":2025,"season_id":124,"team":"Tahko","age":null,"games":4,"turns_at_bat":14,"vyk":0.03,"spark_index":92,"adv_plus":75,"runner_plus":102,"out_avoid_plus":119,"money_kl_plus":83,"teho_plus":109,"teho_plus_adj":99},{"year":2026,"season_id":130,"team":"Pesäkarhut-Akatemia","age":null,"games":16,"turns_at_bat":102,"vyk":0.58,"spark_index":103,"adv_plus":99,"runner_plus":97,"out_avoid_plus":122,"money_kl_plus":115,"teho_plus":122,"teho_plus_adj":125}],"line":{"player_id":13119,"name":"Meeri Laine","born_year":null,"year":2026,"games":16,"team":"Pesäkarhut-Akatemia","turns_at_bat":102,"kunnarit":2,"lyodyt":19,"tuodut":6,"karkilyonnit":61,"karki_yritykset":107,"saatot":155,"saatto_yritykset":248,"etenemiset":111,"eteneminen_yritykset":180,"haavat":50,"palot":19,"season_id":130,"tehot":27,"kl_pct":0.5700934579439252,"saatto_pct":0.625,"eten_pct":0.6166666666666667,"kunnari_rate":0.0196078431372549,"lyoty_rate":0.18627450980392157,"tuotu_rate":0.03333333333333333,"haava_rate":0.49019607843137253,"palo_rate":0.18627450980392157,"tehot_per_turn":0.2647058823529412,"kl_per_turn":0.5980392156862745,"hr_rbi_per_turn":0.20588235294117646,"kl_base0":0.6,"kl_base0_tries":5,"kl_base1":0.5,"kl_base1_tries":28,"kl_base2":0.6388888888888888,"kl_base2_tries":36,"kl_base3":0.5526315789473685,"kl_base3_tries":38,"adv1_pct":0.6,"adv2_pct":0.5,"adv3_pct":0.6388888888888888,"adv_home_pct":0.5526315789473685,"money_kl_pct":0.5526315789473685,"money_kl_tries":38,"pos":"1V","teho_plus":122,"adv_plus":99,"runner_plus":97,"out_avoid_plus":122,"adv1_plus":104,"adv2_plus":86,"adv3_plus":100,"adv_home_plus":115,"money_kl_plus":115,"spark_index":103,"run_value":17.489666464122436,"raa":4.0,"jyk":8.9,"vyk":0.58,"teho_plus_adj":125,"pct_kl_pct":51,"pct_saatto_pct":44,"pct_eten_pct":43,"pct_kunnari_rate":91,"pct_lyoty_rate":80,"pct_palo_rate":90,"pct_tehot_per_turn":73},"proj":{"player_id":13119,"name":"Meeri Laine","as_of":"2026-07-16","age":null,"stats":{"kl_pct":{"rate":0.5614635722664758,"effective_n":100.4793079284341,"observed":0.5567811666769441},"saatto_pct":{"rate":0.6203337497289516,"effective_n":223.344633296243,"observed":0.6173082513174549},"eten_pct":{"rate":0.6219227455954756,"effective_n":159.93399051008095,"observed":0.617858952530988},"kunnari_rate":{"rate":0.011538588333373314,"effective_n":102.08125845641814,"observed":0.018119347189303164},"lyoty_rate":{"rate":0.14384132105640662,"effective_n":96.8170088240465,"observed":0.18112503932588156},"haava_rate":{"rate":0.4236525330707278,"effective_n":88.34358288790946,"observed":0.47767763107424255},"palo_rate":{"rate":0.25410113386185956,"effective_n":92.29972859829675,"observed":0.18614502368854965}},"teho_plus_proj":157},"translation":{"wrc_plus":115,"tier":"solid starter","rows":[{"pesis_label":"Kärkilyönti-% (advance the lead runner)","pesis_value":0.5700934579439252,"percentile":51,"mlb_stat":"AVG","mlb_value":"0.287"},{"pesis_label":"Kärkilyönnit per turn (base hits)","pesis_value":0.5980392156862745,"percentile":68,"mlb_stat":"H / 600 PA","mlb_value":"160"},{"pesis_label":"Lyödyt per turn (runs batted home)","pesis_value":0.18627450980392157,"percentile":80,"mlb_stat":"RBI / 600 PA","mlb_value":"89"},{"pesis_label":"Tuodut per advance (runs scored)","pesis_value":0.03333333333333333,"percentile":30,"mlb_stat":"R / 600 PA","mlb_value":"67"},{"pesis_label":"Palot per turn (burned outs)","pesis_value":0.18627450980392157,"percentile":90,"mlb_stat":"K%","mlb_value":"15.2%"}]},"pitching":null,"career_json":[{"year":2025,"kl_pct":0.38461538461538464,"teho_plus":109},{"year":2026,"kl_pct":0.5700934579439252,"teho_plus":122}],"pct_stats":["kl_pct","saatto_pct","eten_pct","kunnari_rate","lyoty_rate","palo_rate","tehot_per_turn"],"base_kl":{"player_id":13119,"turns_at_bat":102,"kl_base0":0.6,"kl_base0_tries":5,"kl_base1":0.5,"kl_base1_tries":28,"kl_base2":0.6388888888888888,"kl_base2_tries":36,"kl_base3":0.5526315789473685,"kl_base3_tries":38,"pct_kl_base0":67,"pct_kl_base1":34,"pct_kl_base2":46,"pct_kl_base3":64},"base_keys":["kl_base0","kl_base1","kl_base2","kl_base3"],"comps":[]}