{"player":{"id":13119,"name":"Meeri Laine","born_year":null},"career":[{"year":2025,"season_id":124,"team":"Tahko","age":null,"games":4,"turns_at_bat":14,"vyk":0.03,"spark_index":92,"adv_plus":75,"runner_plus":102,"out_avoid_plus":119,"money_kl_plus":83,"teho_plus":109,"teho_plus_adj":99},{"year":2026,"season_id":130,"team":"Pesäkarhut-Akatemia","age":null,"games":14,"turns_at_bat":90,"vyk":0.66,"spark_index":104,"adv_plus":101,"runner_plus":99,"out_avoid_plus":121,"money_kl_plus":116,"teho_plus":140,"teho_plus_adj":144}],"line":{"player_id":13119,"name":"Meeri Laine","born_year":null,"year":2026,"games":14,"team":"Pesäkarhut-Akatemia","turns_at_bat":90,"kunnarit":2,"lyodyt":19,"tuodut":6,"karkilyonnit":56,"karki_yritykset":97,"saatot":141,"saatto_yritykset":222,"etenemiset":102,"eteneminen_yritykset":163,"haavat":44,"palot":17,"season_id":130,"tehot":27,"kl_pct":0.5773195876288659,"saatto_pct":0.6351351351351351,"eten_pct":0.6257668711656442,"kunnari_rate":0.022222222222222223,"lyoty_rate":0.2111111111111111,"tuotu_rate":0.03680981595092025,"haava_rate":0.4888888888888889,"palo_rate":0.18888888888888888,"tehot_per_turn":0.3,"kl_per_turn":0.6222222222222222,"hr_rbi_per_turn":0.23333333333333334,"kl_base0":0.6,"kl_base0_tries":5,"kl_base1":0.5652173913043478,"kl_base1_tries":23,"kl_base2":0.6129032258064516,"kl_base2_tries":31,"kl_base3":0.5526315789473685,"kl_base3_tries":38,"adv1_pct":0.6,"adv2_pct":0.5652173913043478,"adv3_pct":0.6129032258064516,"adv_home_pct":0.5526315789473685,"money_kl_pct":0.5526315789473685,"money_kl_tries":38,"pos":"1V","teho_plus":140,"adv_plus":101,"runner_plus":99,"out_avoid_plus":121,"adv1_plus":104,"adv2_plus":97,"adv3_plus":97,"adv_home_plus":116,"money_kl_plus":116,"spark_index":104,"run_value":16.470662789458117,"raa":5.4,"jyk":9.9,"vyk":0.66,"teho_plus_adj":144,"pct_kl_pct":51,"pct_saatto_pct":48,"pct_eten_pct":48,"pct_kunnari_rate":92,"pct_lyoty_rate":81,"pct_palo_rate":87,"pct_tehot_per_turn":77},"proj":{"player_id":13119,"name":"Meeri Laine","as_of":"2026-07-06","age":null,"stats":{"kl_pct":{"rate":0.5653124849831476,"effective_n":93.37716485314029,"observed":0.5628814464045184},"saatto_pct":{"rate":0.6287773835404669,"effective_n":205.8111216384688,"observed":0.6273706916746823},"eten_pct":{"rate":0.6295375407806165,"effective_n":148.99393761459163,"observed":0.6281384031339169},"kunnari_rate":{"rate":0.012051306062983302,"effective_n":91.98819340866493,"observed":0.020514033459738377},"lyoty_rate":{"rate":0.15452129258487304,"effective_n":87.53302402622941,"observed":0.20644607869890966},"haava_rate":{"rate":0.42063950553541113,"effective_n":80.48631318255816,"observed":0.47423901596375717},"palo_rate":{"rate":0.25892844331782594,"effective_n":83.75690630683671,"observed":0.18900952510961702}},"teho_plus_proj":166},"translation":{"wrc_plus":118,"tier":"solid starter","rows":[{"pesis_label":"Kärkilyönti-% (advance the lead runner)","pesis_value":0.5773195876288659,"percentile":51,"mlb_stat":"AVG","mlb_value":"0.252"},{"pesis_label":"Kärkilyönnit per turn (base hits)","pesis_value":0.6222222222222222,"percentile":73,"mlb_stat":"H / 600 PA","mlb_value":"163"},{"pesis_label":"Lyödyt per turn (runs batted home)","pesis_value":0.2111111111111111,"percentile":81,"mlb_stat":"RBI / 600 PA","mlb_value":"90"},{"pesis_label":"Tuodut per advance (runs scored)","pesis_value":0.03680981595092025,"percentile":34,"mlb_stat":"R / 600 PA","mlb_value":"69"},{"pesis_label":"Palot per turn (burned outs)","pesis_value":0.18888888888888888,"percentile":87,"mlb_stat":"K%","mlb_value":"16.0%"}]},"pitching":null,"career_json":[{"year":2025,"kl_pct":0.38461538461538464,"teho_plus":109},{"year":2026,"kl_pct":0.5773195876288659,"teho_plus":140}],"pct_stats":["kl_pct","saatto_pct","eten_pct","kunnari_rate","lyoty_rate","palo_rate","tehot_per_turn"],"base_kl":{"player_id":13119,"turns_at_bat":90,"kl_base0":0.6,"kl_base0_tries":5,"kl_base1":0.5652173913043478,"kl_base1_tries":23,"kl_base2":0.6129032258064516,"kl_base2_tries":31,"kl_base3":0.5526315789473685,"kl_base3_tries":38,"pct_kl_base0":64,"pct_kl_base1":51,"pct_kl_base2":39,"pct_kl_base3":63},"base_keys":["kl_base0","kl_base1","kl_base2","kl_base3"],"comps":[]}