{"player":{"id":13198,"name":"Julia Rusanen","born_year":null},"career":[{"year":2026,"season_id":130,"team":"MyVe","age":null,"games":15,"turns_at_bat":82,"vyk":-0.12,"spark_index":92,"adv_plus":91,"runner_plus":96,"out_avoid_plus":88,"money_kl_plus":60,"teho_plus":40,"teho_plus_adj":41}],"line":{"player_id":13198,"name":"Julia Rusanen","born_year":null,"year":2026,"games":15,"team":"MyVe","turns_at_bat":82,"kunnarit":0,"lyodyt":2,"tuodut":5,"karkilyonnit":40,"karki_yritykset":73,"saatot":62,"saatto_yritykset":110,"etenemiset":93,"eteneminen_yritykset":153,"haavat":26,"palot":34,"season_id":130,"tehot":7,"kl_pct":0.547945205479452,"saatto_pct":0.5636363636363636,"eten_pct":0.6078431372549019,"kunnari_rate":0.0,"lyoty_rate":0.024390243902439025,"tuotu_rate":0.032679738562091505,"haava_rate":0.3170731707317073,"palo_rate":0.4146341463414634,"tehot_per_turn":0.08536585365853659,"kl_per_turn":0.4878048780487805,"hr_rbi_per_turn":0.024390243902439025,"kl_base0":0.6304347826086957,"kl_base0_tries":46,"kl_base1":0.375,"kl_base1_tries":16,"kl_base2":0.75,"kl_base2_tries":4,"kl_base3":0.2857142857142857,"kl_base3_tries":7,"adv1_pct":0.6304347826086957,"adv2_pct":0.375,"adv3_pct":0.75,"adv_home_pct":0.2857142857142857,"money_kl_pct":0.2857142857142857,"money_kl_tries":7,"pos":"L","teho_plus":40,"adv_plus":91,"runner_plus":96,"out_avoid_plus":88,"adv1_plus":109,"adv2_plus":65,"adv3_plus":117,"adv_home_plus":60,"money_kl_plus":60,"spark_index":92,"run_value":4.592852628965199,"raa":-5.7,"jyk":-1.8,"vyk":-0.12,"teho_plus_adj":41,"pct_kl_pct":40,"pct_saatto_pct":21,"pct_eten_pct":37,"pct_kunnari_rate":33,"pct_lyoty_rate":29,"pct_palo_rate":25,"pct_tehot_per_turn":6},"proj":{"player_id":13198,"name":"Julia Rusanen","as_of":"2026-07-12","age":null,"stats":{"kl_pct":{"rate":0.5594307165205564,"effective_n":66.68771421238458,"observed":0.5503808177857227},"saatto_pct":{"rate":0.5841174624931339,"effective_n":97.0467456805116,"observed":0.5624361400916293},"eten_pct":{"rate":0.6152352320000004,"effective_n":136.27069651067774,"observed":0.608196521456458},"kunnari_rate":{"rate":0.003472896353178308,"effective_n":77.16849945297164,"observed":0.0},"lyoty_rate":{"rate":0.0622785195267897,"effective_n":74.89650617828569,"observed":0.024038469788621813},"haava_rate":{"rate":0.35024966439124977,"effective_n":70.61922807309769,"observed":0.3134020199756334},"palo_rate":{"rate":0.3741106280815226,"effective_n":72.71473844234355,"observed":0.420092221135174}},"teho_plus_proj":116},"translation":{"wrc_plus":61,"tier":"replacement level","rows":[{"pesis_label":"Kärkilyönti-% (advance the lead runner)","pesis_value":0.547945205479452,"percentile":40,"mlb_stat":"AVG","mlb_value":"0.234"},{"pesis_label":"Kärkilyönnit per turn (base hits)","pesis_value":0.4878048780487805,"percentile":34,"mlb_stat":"H / 600 PA","mlb_value":"141"},{"pesis_label":"Lyödyt per turn (runs batted home)","pesis_value":0.024390243902439025,"percentile":29,"mlb_stat":"RBI / 600 PA","mlb_value":"61"},{"pesis_label":"Tuodut per advance (runs scored)","pesis_value":0.032679738562091505,"percentile":28,"mlb_stat":"R / 600 PA","mlb_value":"66"},{"pesis_label":"Palot per turn (burned outs)","pesis_value":0.4146341463414634,"percentile":25,"mlb_stat":"K%","mlb_value":"25.9%"}]},"pitching":{"era":"4.40","tier":"back-end starter","games":10,"rows":[{"pesis":"Päästetyt juoksut / ottelu (LRA)","arvo":"7.60","pctile":33,"mlb":"ERA","kaannos":"4.40"},{"pesis":"LRA- (sarjaindeksi, 100 = ka.)","arvo":"102","pctile":null,"mlb":"ERA-","kaannos":"102"},{"pesis":"Estetyt juoksut (kausi)","arvo":"-1.3","pctile":null,"mlb":"Runs saved","kaannos":"-1.3"}]},"career_json":[{"year":2026,"kl_pct":0.547945205479452,"teho_plus":40}],"pct_stats":["kl_pct","saatto_pct","eten_pct","kunnari_rate","lyoty_rate","palo_rate","tehot_per_turn"],"base_kl":{"player_id":13198,"turns_at_bat":82,"kl_base0":0.6304347826086957,"kl_base0_tries":46,"kl_base1":0.375,"kl_base1_tries":16,"kl_base2":0.75,"kl_base2_tries":4,"kl_base3":0.2857142857142857,"kl_base3_tries":7,"pct_kl_base0":70,"pct_kl_base1":15,"pct_kl_base2":77,"pct_kl_base3":13},"base_keys":["kl_base0","kl_base1","kl_base2","kl_base3"],"comps":[]}