{"player":{"id":13198,"name":"Julia Rusanen","born_year":null},"career":[{"year":2026,"age":null,"games":13,"turns_at_bat":71,"vyk":-0.05,"spark_index":94,"adv_plus":93,"runner_plus":97,"out_avoid_plus":93,"money_kl_plus":70,"teho_plus":46,"teho_plus_adj":48}],"line":{"player_id":13198,"name":"Julia Rusanen","born_year":null,"year":2026,"games":13,"team":"MyVe","turns_at_bat":71,"kunnarit":0,"lyodyt":2,"tuodut":5,"karkilyonnit":34,"karki_yritykset":62,"saatot":54,"saatto_yritykset":93,"etenemiset":84,"eteneminen_yritykset":136,"haavat":25,"palot":27,"season_id":4,"tehot":7,"kl_pct":0.5483870967741935,"saatto_pct":0.5806451612903226,"eten_pct":0.6176470588235294,"kunnari_rate":0.0,"lyoty_rate":0.028169014084507043,"tuotu_rate":0.03676470588235294,"haava_rate":0.352112676056338,"palo_rate":0.38028169014084506,"tehot_per_turn":0.09859154929577464,"kl_per_turn":0.4788732394366197,"hr_rbi_per_turn":0.028169014084507043,"kl_base0":0.6097560975609756,"kl_base0_tries":41,"kl_base1":0.4166666666666667,"kl_base1_tries":12,"kl_base2":0.6666666666666666,"kl_base2_tries":3,"kl_base3":0.3333333333333333,"kl_base3_tries":6,"adv1_pct":0.6097560975609756,"adv2_pct":0.4166666666666667,"adv3_pct":0.6666666666666666,"adv_home_pct":0.3333333333333333,"money_kl_pct":0.3333333333333333,"money_kl_tries":6,"pos":"L","teho_plus":46,"adv_plus":93,"runner_plus":97,"out_avoid_plus":93,"adv1_plus":105,"adv2_plus":72,"adv3_plus":105,"adv_home_plus":70,"money_kl_plus":70,"spark_index":94,"run_value":4.203375217534157,"raa":-4.6,"jyk":-0.8,"vyk":-0.05,"teho_plus_adj":48,"pct_kl_pct":40,"pct_saatto_pct":24,"pct_eten_pct":39,"pct_kunnari_rate":36,"pct_lyoty_rate":33,"pct_palo_rate":35,"pct_tehot_per_turn":9},"proj":{"player_id":13198,"name":"Julia Rusanen","as_of":"2026-07-02","age":null,"stats":{"kl_pct":{"rate":0.5600384721438318,"effective_n":57.457127520280366,"observed":0.5514779040291341},"saatto_pct":{"rate":0.5992636530617069,"effective_n":83.47771683039015,"observed":0.5816886445518886},"eten_pct":{"rate":0.623379989311586,"effective_n":124.31809337602998,"observed":0.6192794649938215},"kunnari_rate":{"rate":0.0034035416663964055,"effective_n":67.56556987629453,"observed":0.0},"lyoty_rate":{"rate":0.06585927800220127,"effective_n":65.93473378312648,"observed":0.02813860332553009},"haava_rate":{"rate":0.36770869033259385,"effective_n":62.83534278000043,"observed":0.3536819040876711},"palo_rate":{"rate":0.3551321663532392,"effective_n":64.35866309431547,"observed":0.38205483351692426}},"teho_plus_proj":121},"translation":{"wrc_plus":66,"tier":"replacement level","rows":[{"pesis_label":"Kärkilyönti-% (advance the lead runner)","pesis_value":0.5483870967741935,"percentile":40,"mlb_stat":"AVG","mlb_value":"0.245"},{"pesis_label":"Kärkilyönnit per turn (base hits)","pesis_value":0.4788732394366197,"percentile":26,"mlb_stat":"H / 600 PA","mlb_value":"136"},{"pesis_label":"Lyödyt per turn (runs batted home)","pesis_value":0.028169014084507043,"percentile":33,"mlb_stat":"RBI / 600 PA","mlb_value":"63"},{"pesis_label":"Tuodut per advance (runs scored)","pesis_value":0.03676470588235294,"percentile":31,"mlb_stat":"R / 600 PA","mlb_value":"67"},{"pesis_label":"Palot per turn (burned outs)","pesis_value":0.38028169014084506,"percentile":35,"mlb_stat":"K%","mlb_value":"24.3%"}]},"career_json":[{"year":2026,"kl_pct":0.5483870967741935,"teho_plus":46}],"pct_stats":["kl_pct","saatto_pct","eten_pct","kunnari_rate","lyoty_rate","palo_rate","tehot_per_turn"],"base_kl":{"player_id":13198,"turns_at_bat":71,"kl_base0":0.6097560975609756,"kl_base0_tries":41,"kl_base1":0.4166666666666667,"kl_base1_tries":12,"kl_base2":0.6666666666666666,"kl_base2_tries":3,"kl_base3":0.3333333333333333,"kl_base3_tries":6,"pct_kl_base0":65,"pct_kl_base1":23,"pct_kl_base2":57,"pct_kl_base3":20},"base_keys":["kl_base0","kl_base1","kl_base2","kl_base3"],"comps":[]}