{"player":{"id":1320,"name":"Juha Kallio","born_year":null},"career":[{"year":2000,"age":null,"games":26,"turns_at_bat":187,"vyk":-1.05,"spark_index":76,"adv_plus":67,"runner_plus":74,"out_avoid_plus":103,"money_kl_plus":132,"teho_plus":46,"teho_plus_adj":46}],"line":{"player_id":1320,"name":"Juha Kallio","born_year":null,"year":2000,"games":26,"team":"VäVi","turns_at_bat":187,"kunnarit":1,"lyodyt":6,"tuodut":7,"karkilyonnit":63,"karki_yritykset":175,"saatot":108,"saatto_yritykset":279,"etenemiset":124,"eteneminen_yritykset":288,"haavat":115,"palot":49,"season_id":34,"tehot":14,"kl_pct":0.36,"saatto_pct":0.3870967741935484,"eten_pct":0.4305555555555556,"kunnari_rate":0.0053475935828877,"lyoty_rate":0.03208556149732621,"tuotu_rate":0.024305555555555556,"haava_rate":0.6149732620320856,"palo_rate":0.2620320855614973,"tehot_per_turn":0.0748663101604278,"kl_per_turn":0.33689839572192515,"hr_rbi_per_turn":0.0374331550802139,"kl_base0":0.36585365853658536,"kl_base0_tries":82,"kl_base1":0.2857142857142857,"kl_base1_tries":56,"kl_base2":0.4,"kl_base2_tries":25,"kl_base3":0.5833333333333334,"kl_base3_tries":12,"adv1_pct":0.36585365853658536,"adv2_pct":0.2857142857142857,"adv3_pct":0.4,"adv_home_pct":0.5833333333333334,"money_kl_pct":0.5833333333333334,"money_kl_tries":12,"pos":"3P","teho_plus":46,"adv_plus":67,"runner_plus":74,"out_avoid_plus":103,"adv1_plus":72,"adv2_plus":56,"adv3_plus":69,"adv_home_plus":132,"money_kl_plus":132,"spark_index":76,"run_value":-14.42883832027364,"raa":-7.9,"jyk":-14.4,"vyk":-1.05,"teho_plus_adj":46,"pct_kl_pct":16,"pct_saatto_pct":7,"pct_eten_pct":11,"pct_kunnari_rate":57,"pct_lyoty_rate":37,"pct_palo_rate":52,"pct_tehot_per_turn":11},"proj":null,"translation":null,"career_json":[{"year":2000,"kl_pct":0.36,"teho_plus":46}],"pct_stats":["kl_pct","saatto_pct","eten_pct","kunnari_rate","lyoty_rate","palo_rate","tehot_per_turn"],"base_kl":{"player_id":1320,"turns_at_bat":187,"kl_base0":0.36585365853658536,"kl_base0_tries":82,"kl_base1":0.2857142857142857,"kl_base1_tries":56,"kl_base2":0.4,"kl_base2_tries":25,"kl_base3":0.5833333333333334,"kl_base3_tries":12,"pct_kl_base0":26,"pct_kl_base1":25,"pct_kl_base2":21,"pct_kl_base3":86},"base_keys":["kl_base0","kl_base1","kl_base2","kl_base3"],"comps":[]}