{"player":{"id":13252,"name":"Santtu Vittaniemi","born_year":null},"career":[{"year":2024,"season_id":154,"team":"Lippo","age":null,"games":12,"turns_at_bat":75,"vyk":-0.19,"spark_index":79,"adv_plus":76,"runner_plus":81,"out_avoid_plus":84,"money_kl_plus":30,"teho_plus":21,"teho_plus_adj":21},{"year":2026,"season_id":156,"team":"Lippo Jun.","age":null,"games":6,"turns_at_bat":42,"vyk":-0.13,"spark_index":75,"adv_plus":72,"runner_plus":72,"out_avoid_plus":86,"money_kl_plus":0,"teho_plus":10,"teho_plus_adj":10}],"line":{"player_id":13252,"name":"Santtu Vittaniemi","born_year":null,"year":2026,"games":6,"team":"Lippo Jun.","turns_at_bat":42,"kunnarit":0,"lyodyt":0,"tuodut":1,"karkilyonnit":16,"karki_yritykset":39,"saatot":25,"saatto_yritykset":57,"etenemiset":32,"eteneminen_yritykset":72,"haavat":23,"palot":17,"season_id":156,"tehot":1,"kl_pct":0.41025641025641024,"saatto_pct":0.43859649122807015,"eten_pct":0.4444444444444444,"kunnari_rate":0.0,"lyoty_rate":0.0,"tuotu_rate":0.013888888888888888,"haava_rate":0.5476190476190477,"palo_rate":0.40476190476190477,"tehot_per_turn":0.023809523809523808,"kl_per_turn":0.38095238095238093,"hr_rbi_per_turn":0.0,"kl_base0":0.5217391304347826,"kl_base0_tries":23,"kl_base1":0.2727272727272727,"kl_base1_tries":11,"kl_base2":0.5,"kl_base2_tries":2,"kl_base3":0.0,"kl_base3_tries":3,"adv1_pct":0.5217391304347826,"adv2_pct":0.2727272727272727,"adv3_pct":0.5,"adv_home_pct":0.0,"money_kl_pct":0.0,"money_kl_tries":3,"pos":"S","teho_plus":10,"adv_plus":72,"runner_plus":72,"out_avoid_plus":86,"adv1_plus":102,"adv2_plus":51,"adv3_plus":80,"adv_home_plus":0,"money_kl_plus":0,"spark_index":75,"run_value":-0.2408200605156512,"raa":-5.4,"jyk":-2.3,"vyk":-0.13,"teho_plus_adj":10,"pct_kl_pct":13,"pct_saatto_pct":7,"pct_eten_pct":5,"pct_kunnari_rate":28,"pct_lyoty_rate":5,"pct_palo_rate":14,"pct_tehot_per_turn":2},"proj":{"player_id":13252,"name":"Santtu Vittaniemi","as_of":"2026-06-25","age":null,"stats":{"kl_pct":{"rate":0.49504937679168115,"effective_n":43.069782937677125,"observed":0.4196791454878911},"saatto_pct":{"rate":0.5172372816733488,"effective_n":58.64369036164782,"observed":0.4462164681719452},"eten_pct":{"rate":0.5222128420726717,"effective_n":73.65503387850521,"observed":0.45629649977780923},"kunnari_rate":{"rate":0.006234414039667241,"effective_n":57.779205359768596,"observed":0.0},"lyoty_rate":{"rate":0.06601744904281151,"effective_n":47.857856886719695,"observed":0.002261850540093303},"haava_rate":{"rate":0.4534832227781329,"effective_n":39.70740099803763,"observed":0.539298275795673},"palo_rate":{"rate":0.33978247947331536,"effective_n":42.63875213471204,"observed":0.4056993745261502}},"teho_plus_proj":98},"translation":{"wrc_plus":49,"tier":"replacement level","rows":[{"pesis_label":"Kärkilyönti-% (advance the lead runner)","pesis_value":0.41025641025641024,"percentile":13,"mlb_stat":"AVG","mlb_value":"0.127"},{"pesis_label":"Kärkilyönnit per turn (base hits)","pesis_value":0.38095238095238093,"percentile":18,"mlb_stat":"H / 600 PA","mlb_value":"130"},{"pesis_label":"Lyödyt per turn (runs batted home)","pesis_value":0.0,"percentile":5,"mlb_stat":"RBI / 600 PA","mlb_value":"39"},{"pesis_label":"Tuodut per advance (runs scored)","pesis_value":0.013888888888888888,"percentile":9,"mlb_stat":"R / 600 PA","mlb_value":"52"},{"pesis_label":"Palot per turn (burned outs)","pesis_value":0.40476190476190477,"percentile":14,"mlb_stat":"K%","mlb_value":"28.1%"}]},"pitching":null,"career_json":[{"year":2024,"kl_pct":0.45614035087719296,"teho_plus":21},{"year":2026,"kl_pct":0.41025641025641024,"teho_plus":10}],"pct_stats":["kl_pct","saatto_pct","eten_pct","kunnari_rate","lyoty_rate","palo_rate","tehot_per_turn"],"base_kl":{"player_id":13252,"turns_at_bat":42,"kl_base0":0.5217391304347826,"kl_base0_tries":23,"kl_base1":0.2727272727272727,"kl_base1_tries":11,"kl_base2":0.5,"kl_base2_tries":2,"kl_base3":0.0,"kl_base3_tries":3,"pct_kl_base0":55,"pct_kl_base1":11,"pct_kl_base2":26,"pct_kl_base3":3},"base_keys":["kl_base0","kl_base1","kl_base2","kl_base3"],"comps":[]}