{"player":{"id":13273,"name":"Siiri Iisakkala","born_year":null},"career":[{"year":2026,"season_id":178,"team":"Pesäkarhut 2","age":null,"games":10,"turns_at_bat":61,"vyk":0.19,"spark_index":96,"adv_plus":96,"runner_plus":96,"out_avoid_plus":97,"money_kl_plus":131,"teho_plus":109,"teho_plus_adj":108}],"line":{"player_id":13273,"name":"Siiri Iisakkala","born_year":null,"year":2026,"games":10,"team":"Pesäkarhut 2","turns_at_bat":61,"kunnarit":1,"lyodyt":8,"tuodut":11,"karkilyonnit":32,"karki_yritykset":61,"saatot":83,"saatto_yritykset":126,"etenemiset":85,"eteneminen_yritykset":134,"haavat":29,"palot":20,"season_id":178,"tehot":20,"kl_pct":0.5245901639344263,"saatto_pct":0.6587301587301587,"eten_pct":0.6343283582089553,"kunnari_rate":0.01639344262295082,"lyoty_rate":0.13114754098360656,"tuotu_rate":0.08208955223880597,"haava_rate":0.47540983606557374,"palo_rate":0.32786885245901637,"tehot_per_turn":0.32786885245901637,"kl_per_turn":0.5245901639344263,"hr_rbi_per_turn":0.14754098360655737,"kl_base0":0.3125,"kl_base0_tries":16,"kl_base1":0.25,"kl_base1_tries":12,"kl_base2":0.7142857142857143,"kl_base2_tries":21,"kl_base3":0.75,"kl_base3_tries":12,"adv1_pct":0.3125,"adv2_pct":0.25,"adv3_pct":0.7142857142857143,"adv_home_pct":0.75,"money_kl_pct":0.75,"money_kl_tries":12,"pos":"3P","teho_plus":109,"adv_plus":96,"runner_plus":96,"out_avoid_plus":97,"adv1_plus":56,"adv2_plus":42,"adv3_plus":103,"adv_home_plus":131,"money_kl_plus":131,"spark_index":96,"run_value":8.780970219456345,"raa":-0.9,"jyk":4.3,"vyk":0.19,"teho_plus_adj":108,"pct_kl_pct":24,"pct_saatto_pct":50,"pct_eten_pct":40,"pct_kunnari_rate":73,"pct_lyoty_rate":62,"pct_palo_rate":38,"pct_tehot_per_turn":64},"proj":{"player_id":13273,"name":"Siiri Iisakkala","as_of":"2026-07-03","age":null,"stats":{"kl_pct":{"rate":0.5664497273432797,"effective_n":55.014970166585094,"observed":0.5248363971888858},"saatto_pct":{"rate":0.6570934236814369,"effective_n":109.34137200443018,"observed":0.6559389832820391},"eten_pct":{"rate":0.6381772563332575,"effective_n":115.97579113139733,"observed":0.6294112014350853},"kunnari_rate":{"rate":0.012717830004261852,"effective_n":56.95139778279369,"observed":0.01752371388330557},"lyoty_rate":{"rate":0.13112166083913393,"effective_n":55.04730992601898,"observed":0.13022677326628063},"haava_rate":{"rate":0.4099304933280667,"effective_n":51.462755092340906,"observed":0.4880033674613509},"palo_rate":{"rate":0.3138217226276828,"effective_n":53.21883249994457,"observed":0.32214101482542723}},"teho_plus_proj":111},"translation":{"wrc_plus":109,"tier":"league-average regular","rows":[{"pesis_label":"Kärkilyönti-% (advance the lead runner)","pesis_value":0.5245901639344263,"percentile":24,"mlb_stat":"AVG","mlb_value":"0.242"},{"pesis_label":"Kärkilyönnit per turn (base hits)","pesis_value":0.5245901639344263,"percentile":39,"mlb_stat":"H / 600 PA","mlb_value":"144"},{"pesis_label":"Lyödyt per turn (runs batted home)","pesis_value":0.13114754098360656,"percentile":62,"mlb_stat":"RBI / 600 PA","mlb_value":"78"},{"pesis_label":"Tuodut per advance (runs scored)","pesis_value":0.08208955223880597,"percentile":58,"mlb_stat":"R / 600 PA","mlb_value":"80"},{"pesis_label":"Palot per turn (burned outs)","pesis_value":0.32786885245901637,"percentile":38,"mlb_stat":"K%","mlb_value":"23.9%"}]},"pitching":null,"career_json":[{"year":2026,"kl_pct":0.5245901639344263,"teho_plus":109}],"pct_stats":["kl_pct","saatto_pct","eten_pct","kunnari_rate","lyoty_rate","palo_rate","tehot_per_turn"],"base_kl":{"player_id":13273,"turns_at_bat":61,"kl_base0":0.3125,"kl_base0_tries":16,"kl_base1":0.25,"kl_base1_tries":12,"kl_base2":0.7142857142857143,"kl_base2_tries":21,"kl_base3":0.75,"kl_base3_tries":12,"pct_kl_base0":15,"pct_kl_base1":3,"pct_kl_base2":57,"pct_kl_base3":87},"base_keys":["kl_base0","kl_base1","kl_base2","kl_base3"],"comps":[]}