{"player":{"id":13272,"name":"Minttu Huhtala","born_year":null},"career":[{"year":2026,"season_id":178,"team":"Pesäkarhut 2","age":null,"games":8,"turns_at_bat":39,"vyk":0.0,"spark_index":88,"adv_plus":82,"runner_plus":89,"out_avoid_plus":100,"money_kl_plus":81,"teho_plus":68,"teho_plus_adj":70}],"line":{"player_id":13272,"name":"Minttu Huhtala","born_year":null,"year":2026,"games":8,"team":"Pesäkarhut 2","turns_at_bat":39,"kunnarit":0,"lyodyt":6,"tuodut":2,"karkilyonnit":15,"karki_yritykset":35,"saatot":44,"saatto_yritykset":77,"etenemiset":37,"eteneminen_yritykset":63,"haavat":14,"palot":12,"season_id":178,"tehot":8,"kl_pct":0.42857142857142855,"saatto_pct":0.5714285714285714,"eten_pct":0.5873015873015873,"kunnari_rate":0.0,"lyoty_rate":0.15384615384615385,"tuotu_rate":0.031746031746031744,"haava_rate":0.358974358974359,"palo_rate":0.3076923076923077,"tehot_per_turn":0.20512820512820512,"kl_per_turn":0.38461538461538464,"hr_rbi_per_turn":0.15384615384615385,"kl_base0":0.3333333333333333,"kl_base0_tries":6,"kl_base1":0.3333333333333333,"kl_base1_tries":9,"kl_base2":0.5714285714285714,"kl_base2_tries":7,"kl_base3":0.46153846153846156,"kl_base3_tries":13,"adv1_pct":0.3333333333333333,"adv2_pct":0.3333333333333333,"adv3_pct":0.5714285714285714,"adv_home_pct":0.46153846153846156,"money_kl_pct":0.46153846153846156,"money_kl_tries":13,"pos":"S","teho_plus":68,"adv_plus":82,"runner_plus":89,"out_avoid_plus":100,"adv1_plus":59,"adv2_plus":56,"adv3_plus":83,"adv_home_plus":81,"money_kl_plus":81,"spark_index":88,"run_value":2.850266017061998,"raa":-3.2,"jyk":0.1,"vyk":0.0,"teho_plus_adj":70,"pct_kl_pct":null,"pct_saatto_pct":null,"pct_eten_pct":null,"pct_kunnari_rate":null,"pct_lyoty_rate":null,"pct_palo_rate":null,"pct_tehot_per_turn":null},"proj":{"player_id":13272,"name":"Minttu Huhtala","as_of":"2026-07-03","age":null,"stats":{"kl_pct":{"rate":0.5441266940381223,"effective_n":32.0758961491635,"observed":0.430748057661082},"saatto_pct":{"rate":0.6059127709918122,"effective_n":68.24097825500992,"observed":0.5739622363123316},"eten_pct":{"rate":0.6229294648265581,"effective_n":56.180010538995816,"observed":0.5911138324762854},"kunnari_rate":{"rate":0.007994091267458802,"effective_n":36.78554753369128,"observed":0.0},"lyoty_rate":{"rate":0.14028514236780282,"effective_n":35.73714247663739,"observed":0.15902885417004317},"haava_rate":{"rate":0.3680396303421485,"effective_n":33.75056547529416,"observed":0.36321629447433335},"palo_rate":{"rate":0.30550601545991046,"effective_n":34.72595569013632,"observed":0.299193503729637}},"teho_plus_proj":111},"translation":null,"pitching":null,"career_json":[{"year":2026,"kl_pct":0.42857142857142855,"teho_plus":68}],"pct_stats":["kl_pct","saatto_pct","eten_pct","kunnari_rate","lyoty_rate","palo_rate","tehot_per_turn"],"base_kl":{"player_id":13272,"turns_at_bat":39,"kl_base0":0.3333333333333333,"kl_base0_tries":6,"kl_base1":0.3333333333333333,"kl_base1_tries":9,"kl_base2":0.5714285714285714,"kl_base2_tries":7,"kl_base3":0.46153846153846156,"kl_base3_tries":13,"pct_kl_base0":null,"pct_kl_base1":null,"pct_kl_base2":null,"pct_kl_base3":null},"base_keys":["kl_base0","kl_base1","kl_base2","kl_base3"],"comps":[]}