{"player":{"id":13276,"name":"Inka Hovi","born_year":null},"career":[{"player_id":13276,"name":"Inka Hovi","born_year":null,"year":2026,"games":13,"team":"Puhti","turns_at_bat":103,"kunnarit":0,"lyodyt":2,"tuodut":24,"karkilyonnit":77,"karki_yritykset":101,"saatot":193,"saatto_yritykset":229,"etenemiset":171,"eteneminen_yritykset":230,"haavat":13,"palot":46,"season_id":4,"tehot":26,"kl_pct":0.7623762376237624,"saatto_pct":0.8427947598253275,"eten_pct":0.7434782608695653,"kunnari_rate":0.0,"lyoty_rate":0.019417475728155338,"tuotu_rate":0.10434782608695652,"haava_rate":0.1262135922330097,"palo_rate":0.44660194174757284,"tehot_per_turn":0.2524271844660194,"kl_per_turn":0.7475728155339806,"hr_rbi_per_turn":0.019417475728155338,"kl_base0":0.45454545454545453,"kl_base0_tries":11,"kl_base1":0.8444444444444444,"kl_base1_tries":45,"kl_base2":0.7804878048780488,"kl_base2_tries":41,"kl_base3":0.5,"kl_base3_tries":4,"adv1_pct":0.45454545454545453,"adv2_pct":0.8444444444444444,"adv3_pct":0.7804878048780488,"adv_home_pct":0.5,"money_kl_pct":0.5,"money_kl_tries":4,"teho_plus":119,"adv_plus":133,"runner_plus":117,"out_avoid_plus":83,"adv1_plus":78,"adv2_plus":147,"adv3_plus":123,"adv_home_plus":106,"money_kl_plus":106,"spark_index":118,"teho_plus_adj":113}],"line":{"player_id":13276,"name":"Inka Hovi","born_year":null,"year":2026,"games":13,"team":"Puhti","turns_at_bat":103,"kunnarit":0,"lyodyt":2,"tuodut":24,"karkilyonnit":77,"karki_yritykset":101,"saatot":193,"saatto_yritykset":229,"etenemiset":171,"eteneminen_yritykset":230,"haavat":13,"palot":46,"season_id":4,"tehot":26,"kl_pct":0.7623762376237624,"saatto_pct":0.8427947598253275,"eten_pct":0.7434782608695653,"kunnari_rate":0.0,"lyoty_rate":0.019417475728155338,"tuotu_rate":0.10434782608695652,"haava_rate":0.1262135922330097,"palo_rate":0.44660194174757284,"tehot_per_turn":0.2524271844660194,"kl_per_turn":0.7475728155339806,"hr_rbi_per_turn":0.019417475728155338,"kl_base0":0.45454545454545453,"kl_base0_tries":11,"kl_base1":0.8444444444444444,"kl_base1_tries":45,"kl_base2":0.7804878048780488,"kl_base2_tries":41,"kl_base3":0.5,"kl_base3_tries":4,"adv1_pct":0.45454545454545453,"adv2_pct":0.8444444444444444,"adv3_pct":0.7804878048780488,"adv_home_pct":0.5,"money_kl_pct":0.5,"money_kl_tries":4,"teho_plus":119,"adv_plus":133,"runner_plus":117,"out_avoid_plus":83,"adv1_plus":78,"adv2_plus":147,"adv3_plus":123,"adv_home_plus":106,"money_kl_plus":106,"spark_index":118,"teho_plus_adj":113,"pct_kl_pct":95,"pct_saatto_pct":100,"pct_eten_pct":97,"pct_kunnari_rate":36,"pct_lyoty_rate":27,"pct_palo_rate":21,"pct_tehot_per_turn":69},"proj":{"player_id":13276,"name":"Inka Hovi","as_of":"2026-06-27","age":null,"stats":{"kl_pct":{"rate":0.6857663405415071,"effective_n":94.11768744349982,"observed":0.7606917519237362},"saatto_pct":{"rate":0.8087971465288946,"effective_n":207.50445858314768,"observed":0.8421179638367436},"eten_pct":{"rate":0.7208544339828408,"effective_n":208.42958508042076,"observed":0.7417917345433751},"kunnari_rate":{"rate":0.002927580364771246,"effective_n":98.05967820297123,"observed":0.0},"lyoty_rate":{"rate":0.05464018294388421,"effective_n":95.70247931776176,"observed":0.01927401195521436},"haava_rate":{"rate":0.25854735721554056,"effective_n":91.2018755847903,"observed":0.1291913416965537},"palo_rate":{"rate":0.39490616507024623,"effective_n":93.4173265162171,"observed":0.4475155357965148}},"teho_plus_proj":129},"career_json":[{"year":2026,"kl_pct":0.7623762376237624,"teho_plus":119}],"pct_stats":["kl_pct","saatto_pct","eten_pct","kunnari_rate","lyoty_rate","palo_rate","tehot_per_turn"],"base_kl":{"player_id":13276,"turns_at_bat":103,"kl_base0":0.45454545454545453,"kl_base0_tries":11,"kl_base1":0.8444444444444444,"kl_base1_tries":45,"kl_base2":0.7804878048780488,"kl_base2_tries":41,"kl_base3":0.5,"kl_base3_tries":4,"pct_kl_base0":36,"pct_kl_base1":93,"pct_kl_base2":83,"pct_kl_base3":54},"base_keys":["kl_base0","kl_base1","kl_base2","kl_base3"],"log":[{"player_id":13276,"season_id":4,"match_id":129418,"date":"2026-05-14","team":"Puhti","opponent":"Jana","home":1,"turns_at_bat":8,"kunnarit":0,"lyodyt":0,"tuodut":2,"karkilyonnit":6,"karki_yritykset":7,"saatot":17,"saatto_yritykset":19,"etenemiset":14,"eteneminen_yritykset":18,"haavat":0,"palot":4,"stadium":"Kuusankosken pesäpallokenttä, Kouvola","tehot":2,"kl_pct":0.8571428571428571},{"player_id":13276,"season_id":4,"match_id":129306,"date":"2026-05-16","team":"Puhti","opponent":"KPK","home":1,"turns_at_bat":8,"kunnarit":0,"lyodyt":0,"tuodut":3,"karkilyonnit":6,"karki_yritykset":8,"saatot":14,"saatto_yritykset":19,"etenemiset":13,"eteneminen_yritykset":17,"haavat":0,"palot":4,"stadium":"Kuusankosken pesäpallokenttä, Kouvola","tehot":3,"kl_pct":0.75},{"player_id":13276,"season_id":4,"match_id":129407,"date":"2026-05-21","team":"Puhti","opponent":"Tarmo","home":1,"turns_at_bat":8,"kunnarit":0,"lyodyt":0,"tuodut":2,"karkilyonnit":6,"karki_yritykset":7,"saatot":12,"saatto_yritykset":14,"etenemiset":13,"eteneminen_yritykset":19,"haavat":1,"palot":5,"stadium":"Kuusankosken pesäpallokenttä, Kouvola","tehot":2,"kl_pct":0.8571428571428571},{"player_id":13276,"season_id":4,"match_id":129268,"date":"2026-05-23","team":"Puhti","opponent":"PesäKuula","home":0,"turns_at_bat":8,"kunnarit":0,"lyodyt":0,"tuodut":0,"karkilyonnit":6,"karki_yritykset":7,"saatot":16,"saatto_yritykset":18,"etenemiset":13,"eteneminen_yritykset":20,"haavat":2,"palot":5,"stadium":"Suvannon pesäpallokenttä, Ylivieska","tehot":0,"kl_pct":0.8571428571428571},{"player_id":13276,"season_id":4,"match_id":129272,"date":"2026-05-24","team":"Puhti","opponent":"HP-K","home":0,"turns_at_bat":9,"kunnarit":0,"lyodyt":1,"tuodut":2,"karkilyonnit":5,"karki_yritykset":8,"saatot":19,"saatto_yritykset":22,"etenemiset":17,"eteneminen_yritykset":19,"haavat":1,"palot":1,"stadium":"Ronkaalan pesäpallokenttä, Haapajärvi","tehot":3,"kl_pct":0.625},{"player_id":13276,"season_id":4,"match_id":129397,"date":"2026-05-28","team":"Puhti","opponent":"ViU","home":1,"turns_at_bat":7,"kunnarit":0,"lyodyt":0,"tuodut":2,"karkilyonnit":6,"karki_yritykset":7,"saatot":17,"saatto_yritykset":18,"etenemiset":16,"eteneminen_yritykset":18,"haavat":1,"palot":1,"stadium":"Kuusankosken pesäpallokenttä, Kouvola","tehot":2,"kl_pct":0.8571428571428571},{"player_id":13276,"season_id":4,"match_id":129390,"date":"2026-06-02","team":"Puhti","opponent":"Jana","home":0,"turns_at_bat":8,"kunnarit":0,"lyodyt":0,"tuodut":1,"karkilyonnit":3,"karki_yritykset":6,"saatot":10,"saatto_yritykset":15,"etenemiset":10,"eteneminen_yritykset":17,"haavat":1,"palot":6,"stadium":"Kansanpuiston kenttä, Turenki (Janakkala)","tehot":1,"kl_pct":0.5},{"player_id":13276,"season_id":4,"match_id":129396,"date":"2026-06-06","team":"Puhti","opponent":"Pesäkarhut-Akatemia","home":1,"turns_at_bat":9,"kunnarit":0,"lyodyt":0,"tuodut":5,"karkilyonnit":9,"karki_yritykset":10,"saatot":20,"saatto_yritykset":21,"etenemiset":18,"eteneminen_yritykset":21,"haavat":0,"palot":3,"stadium":"Kuusankosken pesäpallokenttä, Kouvola","tehot":5,"kl_pct":0.9},{"player_id":13276,"season_id":4,"match_id":129425,"date":"2026-06-07","team":"Puhti","opponent":"ViU","home":0,"turns_at_bat":8,"kunnarit":0,"lyodyt":1,"tuodut":2,"karkilyonnit":6,"karki_yritykset":8,"saatot":14,"saatto_yritykset":17,"etenemiset":13,"eteneminen_yritykset":17,"haavat":2,"palot":2,"stadium":"Viinijärven pesäpallokenttä, Liperi","tehot":3,"kl_pct":0.75},{"player_id":13276,"season_id":4,"match_id":129395,"date":"2026-06-10","team":"Puhti","opponent":"HP","home":1,"turns_at_bat":8,"kunnarit":0,"lyodyt":0,"tuodut":3,"karkilyonnit":7,"karki_yritykset":9,"saatot":13,"saatto_yritykset":17,"etenemiset":10,"eteneminen_yritykset":14,"haavat":1,"palot":3,"stadium":"Kuusankosken pesäpallokenttä, Kouvola","tehot":3,"kl_pct":0.7777777777777778},{"player_id":13276,"season_id":4,"match_id":129398,"date":"2026-06-17","team":"Puhti","opponent":"MyVe","home":1,"turns_at_bat":5,"kunnarit":0,"lyodyt":0,"tuodut":1,"karkilyonnit":6,"karki_yritykset":6,