{"player":{"id":13277,"name":"Nea Nurmela","born_year":null},"career":[{"year":2026,"season_id":130,"team":"HP","age":null,"games":17,"turns_at_bat":100,"vyk":0.05,"spark_index":89,"adv_plus":81,"runner_plus":95,"out_avoid_plus":102,"money_kl_plus":89,"teho_plus":83,"teho_plus_adj":86}],"line":{"player_id":13277,"name":"Nea Nurmela","born_year":null,"year":2026,"games":17,"team":"HP","turns_at_bat":100,"kunnarit":0,"lyodyt":3,"tuodut":15,"karkilyonnit":38,"karki_yritykset":83,"saatot":71,"saatto_yritykset":136,"etenemiset":109,"eteneminen_yritykset":180,"haavat":39,"palot":32,"season_id":130,"tehot":18,"kl_pct":0.4578313253012048,"saatto_pct":0.5220588235294118,"eten_pct":0.6055555555555555,"kunnari_rate":0.0,"lyoty_rate":0.03,"tuotu_rate":0.08333333333333333,"haava_rate":0.39,"palo_rate":0.32,"tehot_per_turn":0.18,"kl_per_turn":0.38,"hr_rbi_per_turn":0.03,"kl_base0":0.5116279069767442,"kl_base0_tries":43,"kl_base1":0.47619047619047616,"kl_base1_tries":21,"kl_base2":0.25,"kl_base2_tries":12,"kl_base3":0.42857142857142855,"kl_base3_tries":7,"adv1_pct":0.5116279069767442,"adv2_pct":0.47619047619047616,"adv3_pct":0.25,"adv_home_pct":0.42857142857142855,"money_kl_pct":0.42857142857142855,"money_kl_tries":7,"pos":"L","teho_plus":83,"adv_plus":81,"runner_plus":95,"out_avoid_plus":102,"adv1_plus":89,"adv2_plus":82,"adv3_plus":39,"adv_home_plus":89,"money_kl_plus":89,"spark_index":89,"run_value":9.145889872992177,"raa":-4.1,"jyk":0.7,"vyk":0.05,"teho_plus_adj":86,"pct_kl_pct":15,"pct_saatto_pct":12,"pct_eten_pct":34,"pct_kunnari_rate":32,"pct_lyoty_rate":34,"pct_palo_rate":48,"pct_tehot_per_turn":42},"proj":{"player_id":13277,"name":"Nea Nurmela","as_of":"2026-07-16","age":null,"stats":{"kl_pct":{"rate":0.5070742050357626,"effective_n":75.04998108957834,"observed":0.4573227347127723},"saatto_pct":{"rate":0.5495779133133727,"effective_n":119.64982197183873,"observed":0.5202760536691315},"eten_pct":{"rate":0.6136085407835479,"effective_n":157.670058295764,"observed":0.6068498137714219},"kunnari_rate":{"rate":0.003338289953313321,"effective_n":93.540005320908,"observed":0.0},"lyoty_rate":{"rate":0.06244883474503961,"effective_n":90.52530155396833,"observed":0.0303948037237738},"haava_rate":{"rate":0.3827076762320869,"effective_n":84.89151508385649,"observed":0.39069769783750674},"palo_rate":{"rate":0.32422594124580306,"effective_n":87.64467997702346,"observed":0.31666876909284836}},"teho_plus_proj":115},"translation":{"wrc_plus":95,"tier":"league-average regular","rows":[{"pesis_label":"Kärkilyönti-% (advance the lead runner)","pesis_value":0.4578313253012048,"percentile":15,"mlb_stat":"AVG","mlb_value":"0.175"},{"pesis_label":"Kärkilyönnit per turn (base hits)","pesis_value":0.38,"percentile":7,"mlb_stat":"H / 600 PA","mlb_value":"118"},{"pesis_label":"Lyödyt per turn (runs batted home)","pesis_value":0.03,"percentile":34,"mlb_stat":"RBI / 600 PA","mlb_value":"64"},{"pesis_label":"Tuodut per advance (runs scored)","pesis_value":0.08333333333333333,"percentile":84,"mlb_stat":"R / 600 PA","mlb_value":"94"},{"pesis_label":"Palot per turn (burned outs)","pesis_value":0.32,"percentile":48,"mlb_stat":"K%","mlb_value":"22.5%"}]},"pitching":{"era":"4.05","tier":"back-end starter","games":10,"rows":[{"pesis":"Päästetyt juoksut / ottelu (LRA)","arvo":"7.40","pctile":48,"mlb":"ERA","kaannos":"4.05"},{"pesis":"LRA- (sarjaindeksi, 100 = ka.)","arvo":"97","pctile":null,"mlb":"ERA-","kaannos":"97"},{"pesis":"Estetyt juoksut (kausi)","arvo":"2.1","pctile":null,"mlb":"Runs saved","kaannos":"2.1"}]},"career_json":[{"year":2026,"kl_pct":0.4578313253012048,"teho_plus":83}],"pct_stats":["kl_pct","saatto_pct","eten_pct","kunnari_rate","lyoty_rate","palo_rate","tehot_per_turn"],"base_kl":{"player_id":13277,"turns_at_bat":100,"kl_base0":0.5116279069767442,"kl_base0_tries":43,"kl_base1":0.47619047619047616,"kl_base1_tries":21,"kl_base2":0.25,"kl_base2_tries":12,"kl_base3":0.42857142857142855,"kl_base3_tries":7,"pct_kl_base0":52,"pct_kl_base1":29,"pct_kl_base2":3,"pct_kl_base3":34},"base_keys":["kl_base0","kl_base1","kl_base2","kl_base3"],"comps":[]}