{"player":{"id":13308,"name":"Katri Koivisto ","born_year":null},"career":[{"year":2026,"season_id":178,"team":"LMV","age":null,"games":12,"turns_at_bat":89,"vyk":0.31,"spark_index":102,"adv_plus":103,"runner_plus":105,"out_avoid_plus":93,"money_kl_plus":117,"teho_plus":97,"teho_plus_adj":93}],"line":{"player_id":13308,"name":"Katri Koivisto ","born_year":null,"year":2026,"games":12,"team":"LMV","turns_at_bat":89,"kunnarit":2,"lyodyt":4,"tuodut":20,"karkilyonnit":50,"karki_yritykset":81,"saatot":79,"saatto_yritykset":114,"etenemiset":128,"eteneminen_yritykset":185,"haavat":25,"palot":32,"season_id":178,"tehot":26,"kl_pct":0.6172839506172839,"saatto_pct":0.6929824561403509,"eten_pct":0.6918918918918919,"kunnari_rate":0.02247191011235955,"lyoty_rate":0.0449438202247191,"tuotu_rate":0.10810810810810811,"haava_rate":0.2808988764044944,"palo_rate":0.3595505617977528,"tehot_per_turn":0.29213483146067415,"kl_per_turn":0.5617977528089888,"hr_rbi_per_turn":0.06741573033707865,"kl_base0":0.6363636363636364,"kl_base0_tries":44,"kl_base1":0.47368421052631576,"kl_base1_tries":19,"kl_base2":0.7777777777777778,"kl_base2_tries":9,"kl_base3":0.6666666666666666,"kl_base3_tries":9,"adv1_pct":0.6363636363636364,"adv2_pct":0.47368421052631576,"adv3_pct":0.7777777777777778,"adv_home_pct":0.6666666666666666,"money_kl_pct":0.6666666666666666,"money_kl_tries":9,"pos":"1V","teho_plus":97,"adv_plus":103,"runner_plus":105,"out_avoid_plus":93,"adv1_plus":113,"adv2_plus":80,"adv3_plus":112,"adv_home_plus":117,"money_kl_plus":117,"spark_index":102,"run_value":13.709298554096836,"raa":-0.4,"jyk":7.2,"vyk":0.31,"teho_plus_adj":93,"pct_kl_pct":54,"pct_saatto_pct":66,"pct_eten_pct":69,"pct_kunnari_rate":82,"pct_lyoty_rate":22,"pct_palo_rate":26,"pct_tehot_per_turn":55},"proj":{"player_id":13308,"name":"Katri Koivisto ","as_of":"2026-07-13","age":null,"stats":{"kl_pct":{"rate":0.6146820341782386,"effective_n":73.99933606352782,"observed":0.6228521384694753},"saatto_pct":{"rate":0.6867009681988306,"effective_n":101.55159383723432,"observed":0.6971200433068405},"eten_pct":{"rate":0.686466789929638,"effective_n":164.02444729863882,"observed":0.694988852042472},"kunnari_rate":{"rate":0.015400679049764261,"effective_n":83.37490602560268,"observed":0.02254483930549773},"lyoty_rate":{"rate":0.08917317714134347,"effective_n":80.75672124474029,"observed":0.04700777224488332},"haava_rate":{"rate":0.32887366287198794,"effective_n":75.87690560237075,"observed":0.27499906410864844},"palo_rate":{"rate":0.3353854348203386,"effective_n":78.2594191162436,"observed":0.36308612590497713}},"teho_plus_proj":103},"translation":{"wrc_plus":103,"tier":"league-average regular","rows":[{"pesis_label":"Kärkilyönti-% (advance the lead runner)","pesis_value":0.6172839506172839,"percentile":54,"mlb_stat":"AVG","mlb_value":"0.334"},{"pesis_label":"Kärkilyönnit per turn (base hits)","pesis_value":0.5617977528089888,"percentile":49,"mlb_stat":"H / 600 PA","mlb_value":"149"},{"pesis_label":"Lyödyt per turn (runs batted home)","pesis_value":0.0449438202247191,"percentile":22,"mlb_stat":"RBI / 600 PA","mlb_value":"57"},{"pesis_label":"Tuodut per advance (runs scored)","pesis_value":0.10810810810810811,"percentile":78,"mlb_stat":"R / 600 PA","mlb_value":"90"},{"pesis_label":"Palot per turn (burned outs)","pesis_value":0.3595505617977528,"percentile":26,"mlb_stat":"K%","mlb_value":"25.7%"}]},"pitching":null,"career_json":[{"year":2026,"kl_pct":0.6172839506172839,"teho_plus":97}],"pct_stats":["kl_pct","saatto_pct","eten_pct","kunnari_rate","lyoty_rate","palo_rate","tehot_per_turn"],"base_kl":{"player_id":13308,"turns_at_bat":89,"kl_base0":0.6363636363636364,"kl_base0_tries":44,"kl_base1":0.47368421052631576,"kl_base1_tries":19,"kl_base2":0.7777777777777778,"kl_base2_tries":9,"kl_base3":0.6666666666666666,"kl_base3_tries":9,"pct_kl_base0":68,"pct_kl_base1":27,"pct_kl_base2":72,"pct_kl_base3":74},"base_keys":["kl_base0","kl_base1","kl_base2","kl_base3"],"comps":[]}