{"player":{"id":13315,"name":"Jami Kallio","born_year":null},"career":[{"year":2026,"season_id":156,"team":"LaihLu","age":null,"games":7,"turns_at_bat":32,"vyk":0.01,"spark_index":79,"adv_plus":65,"runner_plus":73,"out_avoid_plus":121,"money_kl_plus":132,"teho_plus":94,"teho_plus_adj":97}],"line":{"player_id":13315,"name":"Jami Kallio","born_year":null,"year":2026,"games":7,"team":"LaihLu","turns_at_bat":32,"kunnarit":0,"lyodyt":5,"tuodut":2,"karkilyonnit":12,"karki_yritykset":34,"saatot":20,"saatto_yritykset":49,"etenemiset":18,"eteneminen_yritykset":40,"haavat":17,"palot":5,"season_id":156,"tehot":7,"kl_pct":0.35294117647058826,"saatto_pct":0.40816326530612246,"eten_pct":0.45,"kunnari_rate":0.0,"lyoty_rate":0.15625,"tuotu_rate":0.05,"haava_rate":0.53125,"palo_rate":0.15625,"tehot_per_turn":0.21875,"kl_per_turn":0.375,"hr_rbi_per_turn":0.15625,"kl_base0":0.3125,"kl_base0_tries":16,"kl_base1":0.0,"kl_base1_tries":6,"kl_base2":0.4,"kl_base2_tries":5,"kl_base3":0.7142857142857143,"kl_base3_tries":7,"adv1_pct":0.3125,"adv2_pct":0.0,"adv3_pct":0.4,"adv_home_pct":0.7142857142857143,"money_kl_pct":0.7142857142857143,"money_kl_tries":7,"pos":"S","teho_plus":94,"adv_plus":65,"runner_plus":73,"out_avoid_plus":121,"adv1_plus":61,"adv2_plus":0,"adv3_plus":64,"adv_home_plus":132,"money_kl_plus":132,"spark_index":79,"run_value":1.6395920792433611,"raa":-2.2,"jyk":0.1,"vyk":0.01,"teho_plus_adj":97,"pct_kl_pct":null,"pct_saatto_pct":null,"pct_eten_pct":null,"pct_kunnari_rate":null,"pct_lyoty_rate":null,"pct_palo_rate":null,"pct_tehot_per_turn":null},"proj":{"player_id":13315,"name":"Jami Kallio","as_of":"2026-07-12","age":null,"stats":{"kl_pct":{"rate":0.47949867011725905,"effective_n":31.349888723338257,"observed":0.34630765754619},"saatto_pct":{"rate":0.504955862964825,"effective_n":43.78713109147698,"observed":0.398749176550156},"eten_pct":{"rate":0.5420010731683977,"effective_n":35.8620459848789,"observed":0.43437106601173625},"kunnari_rate":{"rate":0.007320080073355505,"effective_n":30.55077520797636,"observed":0.0},"lyoty_rate":{"rate":0.11603631717413412,"effective_n":29.866808772589593,"observed":0.14848175868164273},"haava_rate":{"rate":0.4490450477662856,"effective_n":28.574120991787346,"observed":0.5525266099871947},"palo_rate":{"rate":0.262404799578359,"effective_n":29.20830651212071,"observed":0.14615944784629473}},"teho_plus_proj":122},"translation":null,"pitching":null,"career_json":[{"year":2026,"kl_pct":0.35294117647058826,"teho_plus":94}],"pct_stats":["kl_pct","saatto_pct","eten_pct","kunnari_rate","lyoty_rate","palo_rate","tehot_per_turn"],"base_kl":{"player_id":13315,"turns_at_bat":32,"kl_base0":0.3125,"kl_base0_tries":16,"kl_base1":0.0,"kl_base1_tries":6,"kl_base2":0.4,"kl_base2_tries":5,"kl_base3":0.7142857142857143,"kl_base3_tries":7,"pct_kl_base0":null,"pct_kl_base1":null,"pct_kl_base2":null,"pct_kl_base3":null},"base_keys":["kl_base0","kl_base1","kl_base2","kl_base3"],"comps":[]}