{"player":{"id":13320,"name":"Toivo Maijala","born_year":null},"career":[{"year":2024,"season_id":154,"team":"LaihLu","age":null,"games":1,"turns_at_bat":3,"vyk":-0.03,"spark_index":19,"adv_plus":0,"runner_plus":0,"out_avoid_plus":95,"money_kl_plus":null,"teho_plus":0,"teho_plus_adj":0},{"year":2026,"season_id":156,"team":"LaihLu","age":null,"games":12,"turns_at_bat":69,"vyk":-0.12,"spark_index":82,"adv_plus":75,"runner_plus":84,"out_avoid_plus":96,"money_kl_plus":53,"teho_plus":56,"teho_plus_adj":55}],"line":{"player_id":13320,"name":"Toivo Maijala","born_year":null,"year":2026,"games":12,"team":"LaihLu","turns_at_bat":69,"kunnarit":0,"lyodyt":2,"tuodut":7,"karkilyonnit":23,"karki_yritykset":54,"saatot":44,"saatto_yritykset":95,"etenemiset":59,"eteneminen_yritykset":114,"haavat":32,"palot":23,"season_id":156,"tehot":9,"kl_pct":0.42592592592592593,"saatto_pct":0.4631578947368421,"eten_pct":0.5175438596491229,"kunnari_rate":0.0,"lyoty_rate":0.028985507246376812,"tuotu_rate":0.06140350877192982,"haava_rate":0.463768115942029,"palo_rate":0.3333333333333333,"tehot_per_turn":0.13043478260869565,"kl_per_turn":0.3333333333333333,"hr_rbi_per_turn":0.028985507246376812,"kl_base0":0.4090909090909091,"kl_base0_tries":22,"kl_base1":0.4,"kl_base1_tries":15,"kl_base2":0.6,"kl_base2_tries":10,"kl_base3":0.2857142857142857,"kl_base3_tries":7,"adv1_pct":0.4090909090909091,"adv2_pct":0.4,"adv3_pct":0.6,"adv_home_pct":0.2857142857142857,"money_kl_pct":0.2857142857142857,"money_kl_tries":7,"pos":"2V","teho_plus":56,"adv_plus":75,"runner_plus":84,"out_avoid_plus":96,"adv1_plus":80,"adv2_plus":75,"adv3_plus":96,"adv_home_plus":53,"money_kl_plus":53,"spark_index":82,"run_value":1.3882684671292966,"raa":-7.1,"jyk":-2.1,"vyk":-0.12,"teho_plus_adj":55,"pct_kl_pct":17,"pct_saatto_pct":11,"pct_eten_pct":17,"pct_kunnari_rate":28,"pct_lyoty_rate":25,"pct_palo_rate":34,"pct_tehot_per_turn":25},"proj":{"player_id":13320,"name":"Toivo Maijala","as_of":"2026-07-12","age":null,"stats":{"kl_pct":{"rate":0.49093380210974497,"effective_n":50.302619441734485,"observed":0.4214918123704432},"saatto_pct":{"rate":0.5174017391067982,"effective_n":85.56429460390943,"observed":0.4688026789717232},"eten_pct":{"rate":0.5509036116423592,"effective_n":102.98009693571328,"observed":0.5176881452738804},"kunnari_rate":{"rate":0.005958332673654155,"effective_n":66.0166651581227,"observed":0.0},"lyoty_rate":{"rate":0.07048278955028552,"effective_n":63.91203979170602,"observed":0.028331434703026685},"haava_rate":{"rate":0.4338875879100964,"effective_n":60.36329362808666,"observed":0.4578745036001635},"palo_rate":{"rate":0.3205191438232462,"effective_n":62.06065865782816,"observed":0.3409756991531175}},"teho_plus_proj":103},"translation":{"wrc_plus":83,"tier":"bench bat","rows":[{"pesis_label":"Kärkilyönti-% (advance the lead runner)","pesis_value":0.42592592592592593,"percentile":17,"mlb_stat":"AVG","mlb_value":"0.143"},{"pesis_label":"Kärkilyönnit per turn (base hits)","pesis_value":0.3333333333333333,"percentile":9,"mlb_stat":"H / 600 PA","mlb_value":"121"},{"pesis_label":"Lyödyt per turn (runs batted home)","pesis_value":0.028985507246376812,"percentile":25,"mlb_stat":"RBI / 600 PA","mlb_value":"59"},{"pesis_label":"Tuodut per advance (runs scored)","pesis_value":0.06140350877192982,"percentile":56,"mlb_stat":"R / 600 PA","mlb_value":"79"},{"pesis_label":"Palot per turn (burned outs)","pesis_value":0.3333333333333333,"percentile":34,"mlb_stat":"K%","mlb_value":"24.5%"}]},"pitching":null,"career_json":[{"year":2024,"kl_pct":0.0,"teho_plus":0},{"year":2026,"kl_pct":0.42592592592592593,"teho_plus":56}],"pct_stats":["kl_pct","saatto_pct","eten_pct","kunnari_rate","lyoty_rate","palo_rate","tehot_per_turn"],"base_kl":{"player_id":13320,"turns_at_bat":69,"kl_base0":0.4090909090909091,"kl_base0_tries":22,"kl_base1":0.4,"kl_base1_tries":15,"kl_base2":0.6,"kl_base2_tries":10,"kl_base3":0.2857142857142857,"kl_base3_tries":7,"pct_kl_base0":31,"pct_kl_base1":26,"pct_kl_base2":45,"pct_kl_base3":14},"base_keys":["kl_base0","kl_base1","kl_base2","kl_base3"],"comps":[]}