{"player":{"id":13387,"name":"Rasmus Seppänen","born_year":null},"career":[{"year":2026,"season_id":129,"team":"UPV","age":null,"games":10,"turns_at_bat":20,"vyk":0.08,"spark_index":85,"adv_plus":77,"runner_plus":79,"out_avoid_plus":112,"money_kl_plus":88,"teho_plus":117,"teho_plus_adj":115}],"line":{"player_id":13387,"name":"Rasmus Seppänen","born_year":null,"year":2026,"games":10,"team":"UPV","turns_at_bat":20,"kunnarit":0,"lyodyt":2,"tuodut":2,"karkilyonnit":9,"karki_yritykset":19,"saatot":15,"saatto_yritykset":36,"etenemiset":14,"eteneminen_yritykset":30,"haavat":11,"palot":5,"season_id":129,"tehot":4,"kl_pct":0.47368421052631576,"saatto_pct":0.4166666666666667,"eten_pct":0.4666666666666667,"kunnari_rate":0.0,"lyoty_rate":0.1,"tuotu_rate":0.06666666666666667,"haava_rate":0.55,"palo_rate":0.25,"tehot_per_turn":0.2,"kl_per_turn":0.45,"hr_rbi_per_turn":0.1,"kl_base0":0.4,"kl_base0_tries":5,"kl_base1":0.0,"kl_base1_tries":3,"kl_base2":0.8333333333333334,"kl_base2_tries":6,"kl_base3":0.4,"kl_base3_tries":5,"adv1_pct":0.4,"adv2_pct":0.0,"adv3_pct":0.8333333333333334,"adv_home_pct":0.4,"money_kl_pct":0.4,"money_kl_tries":5,"pos":"L","teho_plus":117,"adv_plus":77,"runner_plus":79,"out_avoid_plus":112,"adv1_plus":83,"adv2_plus":0,"adv3_plus":145,"adv_home_plus":88,"money_kl_plus":88,"spark_index":85,"run_value":1.7044025403362233,"raa":-0.2,"jyk":0.9,"vyk":0.08,"teho_plus_adj":115,"pct_kl_pct":null,"pct_saatto_pct":null,"pct_eten_pct":null,"pct_kunnari_rate":null,"pct_lyoty_rate":null,"pct_palo_rate":null,"pct_tehot_per_turn":null},"proj":{"player_id":13387,"name":"Rasmus Seppänen","as_of":"2026-07-11","age":null,"stats":{"kl_pct":{"rate":0.5027467912126788,"effective_n":17.332691811961055,"observed":0.46334655295023663},"saatto_pct":{"rate":0.5095602937603617,"effective_n":31.768861425411195,"observed":0.40575597664897145},"eten_pct":{"rate":0.5460168877796516,"effective_n":27.027791607049352,"observed":0.4643458158633487},"kunnari_rate":{"rate":0.005771211382652423,"effective_n":18.90139777445043,"observed":0.0},"lyoty_rate":{"rate":0.08013635382988082,"effective_n":18.38329277953341,"observed":0.09561972764002508},"haava_rate":{"rate":0.4431297349031837,"effective_n":17.405208313276958,"observed":0.5523825608835622},"palo_rate":{"rate":0.3152569475542343,"effective_n":17.884835024580212,"observed":0.2576005389186397}},"teho_plus_proj":147},"translation":null,"pitching":{"era":"5.58","tier":"replacement level","games":10,"rows":[{"pesis":"Päästetyt juoksut / ottelu (LRA)","arvo":"8.50","pctile":4,"mlb":"ERA","kaannos":"5.58"},{"pesis":"LRA- (sarjaindeksi, 100 = ka.)","arvo":"143","pctile":null,"mlb":"ERA-","kaannos":"143"},{"pesis":"Estetyt juoksut (kausi)","arvo":"-25.6","pctile":null,"mlb":"Runs saved","kaannos":"-25.6"}]},"career_json":[{"year":2026,"kl_pct":0.47368421052631576,"teho_plus":117}],"pct_stats":["kl_pct","saatto_pct","eten_pct","kunnari_rate","lyoty_rate","palo_rate","tehot_per_turn"],"base_kl":{"player_id":13387,"turns_at_bat":20,"kl_base0":0.4,"kl_base0_tries":5,"kl_base1":0.0,"kl_base1_tries":3,"kl_base2":0.8333333333333334,"kl_base2_tries":6,"kl_base3":0.4,"kl_base3_tries":5,"pct_kl_base0":null,"pct_kl_base1":null,"pct_kl_base2":null,"pct_kl_base3":null},"base_keys":["kl_base0","kl_base1","kl_base2","kl_base3"],"comps":[]}