{"player":{"id":13381,"name":"Aada Stubbe","born_year":null},"career":[{"player_id":13381,"name":"Aada Stubbe","born_year":null,"year":2026,"games":9,"team":"Pesä Ysit","turns_at_bat":28,"kunnarit":1,"lyodyt":5,"tuodut":2,"karkilyonnit":19,"karki_yritykset":30,"saatot":39,"saatto_yritykset":58,"etenemiset":26,"eteneminen_yritykset":44,"haavat":13,"palot":5,"season_id":4,"tehot":8,"kl_pct":0.6333333333333333,"saatto_pct":0.6724137931034483,"eten_pct":0.5909090909090909,"kunnari_rate":0.03571428571428571,"lyoty_rate":0.17857142857142858,"tuotu_rate":0.045454545454545456,"haava_rate":0.4642857142857143,"palo_rate":0.17857142857142858,"tehot_per_turn":0.2857142857142857,"kl_per_turn":0.6785714285714286,"hr_rbi_per_turn":0.21428571428571427,"kl_base0":0.25,"kl_base0_tries":4,"kl_base1":0.4,"kl_base1_tries":5,"kl_base2":0.7692307692307693,"kl_base2_tries":13,"kl_base3":0.75,"kl_base3_tries":8,"adv1_pct":0.25,"adv2_pct":0.4,"adv3_pct":0.7692307692307693,"adv_home_pct":0.75,"money_kl_pct":0.75,"money_kl_tries":8,"teho_plus":135,"adv_plus":107,"runner_plus":93,"out_avoid_plus":123,"adv1_plus":43,"adv2_plus":69,"adv3_plus":121,"adv_home_plus":158,"money_kl_plus":158,"spark_index":106,"teho_plus_adj":131}],"line":{"player_id":13381,"name":"Aada Stubbe","born_year":null,"year":2026,"games":9,"team":"Pesä Ysit","turns_at_bat":28,"kunnarit":1,"lyodyt":5,"tuodut":2,"karkilyonnit":19,"karki_yritykset":30,"saatot":39,"saatto_yritykset":58,"etenemiset":26,"eteneminen_yritykset":44,"haavat":13,"palot":5,"season_id":4,"tehot":8,"kl_pct":0.6333333333333333,"saatto_pct":0.6724137931034483,"eten_pct":0.5909090909090909,"kunnari_rate":0.03571428571428571,"lyoty_rate":0.17857142857142858,"tuotu_rate":0.045454545454545456,"haava_rate":0.4642857142857143,"palo_rate":0.17857142857142858,"tehot_per_turn":0.2857142857142857,"kl_per_turn":0.6785714285714286,"hr_rbi_per_turn":0.21428571428571427,"kl_base0":0.25,"kl_base0_tries":4,"kl_base1":0.4,"kl_base1_tries":5,"kl_base2":0.7692307692307693,"kl_base2_tries":13,"kl_base3":0.75,"kl_base3_tries":8,"adv1_pct":0.25,"adv2_pct":0.4,"adv3_pct":0.7692307692307693,"adv_home_pct":0.75,"money_kl_pct":0.75,"money_kl_tries":8,"teho_plus":135,"adv_plus":107,"runner_plus":93,"out_avoid_plus":123,"adv1_plus":43,"adv2_plus":69,"adv3_plus":121,"adv_home_plus":158,"money_kl_plus":158,"spark_index":106,"teho_plus_adj":131,"pct_kl_pct":null,"pct_saatto_pct":null,"pct_eten_pct":null,"pct_kunnari_rate":null,"pct_lyoty_rate":null,"pct_palo_rate":null,"pct_tehot_per_turn":null},"proj":{"player_id":13381,"name":"Aada Stubbe","as_of":"2026-06-25","age":null,"stats":{"kl_pct":{"rate":0.5874445531436759,"effective_n":27.588250111033645,"observed":0.6292195552384077},"saatto_pct":{"rate":0.6511742542297548,"effective_n":51.84127640682252,"observed":0.6629274845759008},"eten_pct":{"rate":0.6117914682635366,"effective_n":39.12442912315402,"observed":0.5839522015486028},"kunnari_rate":{"rate":0.01065530971682495,"effective_n":26.540051409004047,"observed":0.03477922432033721},"lyoty_rate":{"rate":0.11571087243723135,"effective_n":25.84485031606676,"observed":0.1737891701839604},"haava_rate":{"rate":0.3950570239708528,"effective_n":24.519968307425266,"observed":0.4706466584592104},"palo_rate":{"rate":0.2961026082154753,"effective_n":25.171747782654794,"observed":0.17733223870250808}},"teho_plus_proj":146},"career_json":[{"year":2026,"kl_pct":0.6333333333333333,"teho_plus":135}],"pct_stats":["kl_pct","saatto_pct","eten_pct","kunnari_rate","lyoty_rate","palo_rate","tehot_per_turn"],"base_kl":{"player_id":13381,"turns_at_bat":28,"kl_base0":0.25,"kl_base0_tries":4,"kl_base1":0.4,"kl_base1_tries":5,"kl_base2":0.7692307692307693,"kl_base2_tries":13,"kl_base3":0.75,"kl_base3_tries":8,"pct_kl_base0":null,"pct_kl_base1":null,"pct_kl_base2":null,"pct_kl_base3":null},"base_keys":["kl_base0","kl_base1","kl_base2","kl_base3"],"log":[{"player_id":13381,"season_id":4,"match_id":129412,"date":"2026-05-10","team":"Pesä Ysit","opponent":"Jana","home":0,"turns_at_bat":4,"kunnarit":0,"lyodyt":0,"tuodut":0,"karkilyonnit":2,"karki_yritykset":2,"saatot":6,"saatto_yritykset":6,"etenemiset":4,"eteneminen_yritykset":7,"haavat":2,"palot":1,"stadium":"Kansanpuiston kenttä, Turenki (Janakkala)","tehot":0,"kl_pct":1.0},{"player_id":13381,"season_id":4,"match_id":129283,"date":"2026-05-16","team":"Pesä Ysit","opponent":"SMJ","home":0,"turns_at_bat":5,"kunnarit":1,"lyodyt":4,"tuodut":2,"karkilyonnit":9,"karki_yritykset":10,"saatot":18,"saatto_yritykset":19,"etenemiset":12,"eteneminen_yritykset":14,"haavat":1,"palot":1,"stadium":"Unico Areena, Seinäjoki","tehot":7,"kl_pct":0.9},{"player_id":13381,"season_id":4,"match_id":129377,"date":"2026-05-17","team":"Pesä Ysit","opponent":"Tarmo","home":0,"turns_at_bat":2,"kunnarit":0,"lyodyt":0,"tuodut":0,"karkilyonnit":0,"karki_yritykset":3,"saatot":0,"saatto_yritykset":4,"etenemiset":0,"eteneminen_yritykset":2,"haavat":2,"palot":0,"stadium":"Ikaalisten Pesispuisto","tehot":0,"kl_pct":0.0},{"player_id":13381,"season_id":4,"match_id":129309,"date":"2026-05-22","team":"Pesä Ysit","opponent":"AA","home":1,"turns_at_bat":1,"kunnarit":0,"lyodyt":0,"tuodut":0,"karkilyonnit":0,"karki_yritykset":1,"saatot":0,"saatto_yritykset":1,"etenemiset":0,"eteneminen_yritykset":0,"haavat":0,"palot":0,"stadium":"Vanha kenttä, Lappeenranta","tehot":0,"kl_pct":0.0},{"player_id":13381,"season_id":4,"match_id":129389,"date":"2026-06-02","team":"Pesä Ysit","opponent":"MyVe","home":0,"turns_at_bat":5,"kunnarit":0,"lyodyt":0,"tuodut":0,"karkilyonnit":1,"karki_yritykset":2,"saatot":3,"saatto_yritykset":5,"etenemiset":4,"eteneminen_yritykset":6,"haavat":1,"palot":1,"stadium":"Vihka Areena, Mynämäki","tehot":0,"kl_pct":0.5},{"player_id":13381,"season_id":4,"match_id":129259,"date":"2026-06-06","team":"Pesä Ysit","opponent":"TyTe","home":0,"turns_at_bat":1,"kunnarit":0,"lyodyt":1,"tuodut":0,"karkilyonnit":1,"karki_yritykset":1,"saatot":2,"saatto_yritykset":2,"etenemiset":1,"eteneminen_yritykset":2,"haavat":0,"palot":1,"stadium":"Tyrnävän pesäpallokenttä","tehot":1,"kl_pct":1.0},{"player_id":13381,"season_id":4,"match_id":129384,"date":"2026-06-10","team":"Pesä Ysit","opponent":"Jana","home":1,"turns_at_bat":3,"kunnarit":0,"lyodyt":0,"tuodut":0,"karkilyonnit":2,"karki_yritykset":3,"saatot":5,"saatto_yritykset":9,"etenemiset":3,"eteneminen_yritykset":6,"haavat":2,"palot":1,"stadium":"Vanha kenttä, Lappeenranta","tehot":0,"kl_pct":0.6666666666666666},{"player_id":13381,"season_id":4,"match_id":129414,"date":"2026-06-12","team":"Pesä Ysit","opponent":"HP","home":0,"turns_at_bat":6,"kunnarit":0,"lyodyt":0,"tuodut":0,"karkilyonnit":4,"karki_yritykset":7,"saatot":5,"saatto_yritykset":10,"etenemiset":2,"eteneminen_yritykset":6,"haavat":4,"palot":0,"stadium":"Vallikenttä, Hamina","tehot":0,"kl_pct":0.5714285714285714},{"player_id":13381,"season_id":4,"match_id":129417,"date":"2026-06-24","team":"Pesä Ysit","opponent":"MyVe","home":1,"turns_at_bat":1,"kunnarit":0,"lyodyt":0,"tuodut":0,"karkilyonnit":0,"karki_yritykset":1,"saatot":0,"saatto_yritykset":2,"etenemiset":0,"eteneminen_yritykset":1,"haavat":1,"palot":0,"stadium":"Vanha kenttä, Lappeenranta","tehot":0,"kl_pct":0.0}],"comps":[]}