{"player":{"id":13382,"name":"Iida Rinkinen","born_year":null},"career":[{"year":2025,"season_id":126,"team":"Pesä Ysit","age":null,"games":6,"turns_at_bat":17,"vyk":0.08,"spark_index":121,"adv_plus":118,"runner_plus":119,"out_avoid_plus":132,"money_kl_plus":69,"teho_plus":80,"teho_plus_adj":80},{"year":2026,"season_id":130,"team":"Pesä Ysit","age":null,"games":4,"turns_at_bat":21,"vyk":0.01,"spark_index":89,"adv_plus":98,"runner_plus":82,"out_avoid_plus":78,"money_kl_plus":79,"teho_plus":67,"teho_plus_adj":67}],"line":{"player_id":13382,"name":"Iida Rinkinen","born_year":null,"year":2026,"games":4,"team":"Pesä Ysit","turns_at_bat":21,"kunnarit":0,"lyodyt":3,"tuodut":0,"karkilyonnit":13,"karki_yritykset":22,"saatot":22,"saatto_yritykset":36,"etenemiset":14,"eteneminen_yritykset":27,"haavat":3,"palot":10,"season_id":130,"tehot":3,"kl_pct":0.5909090909090909,"saatto_pct":0.6111111111111112,"eten_pct":0.5185185185185185,"kunnari_rate":0.0,"lyoty_rate":0.14285714285714285,"tuotu_rate":0.0,"haava_rate":0.14285714285714285,"palo_rate":0.47619047619047616,"tehot_per_turn":0.14285714285714285,"kl_per_turn":0.6190476190476191,"hr_rbi_per_turn":0.14285714285714285,"kl_base0":0.4,"kl_base0_tries":5,"kl_base1":1.0,"kl_base1_tries":3,"kl_base2":0.8333333333333334,"kl_base2_tries":6,"kl_base3":0.375,"kl_base3_tries":8,"adv1_pct":0.4,"adv2_pct":1.0,"adv3_pct":0.8333333333333334,"adv_home_pct":0.375,"money_kl_pct":0.375,"money_kl_tries":8,"pos":"3P","teho_plus":67,"adv_plus":98,"runner_plus":82,"out_avoid_plus":78,"adv1_plus":69,"adv2_plus":174,"adv3_plus":131,"adv_home_plus":79,"money_kl_plus":79,"spark_index":89,"run_value":1.496988792514232,"raa":-1.0,"jyk":0.1,"vyk":0.01,"teho_plus_adj":67,"pct_kl_pct":null,"pct_saatto_pct":null,"pct_eten_pct":null,"pct_kunnari_rate":null,"pct_lyoty_rate":null,"pct_palo_rate":null,"pct_tehot_per_turn":null},"proj":{"player_id":13382,"name":"Iida Rinkinen","as_of":"2026-06-13","age":null,"stats":{"kl_pct":{"rate":0.5753425295320836,"effective_n":26.266475887841743,"observed":0.5901895610888384},"saatto_pct":{"rate":0.6381137046331653,"effective_n":41.901687642067664,"observed":0.6396073877213235},"eten_pct":{"rate":0.6043319784625231,"effective_n":31.421518650298786,"observed":0.5567915094057752},"kunnari_rate":{"rate":0.00433158820161628,"effective_n":28.690379510083975,"observed":0.0},"lyoty_rate":{"rate":0.10804394198227378,"effective_n":25.96087332426834,"observed":0.13971975827690625},"haava_rate":{"rate":0.3362842507533869,"effective_n":22.592886544627905,"observed":0.1563890010419564},"palo_rate":{"rate":0.35277882604480426,"effective_n":24.00753421003519,"observed":0.4201425873682511}},"teho_plus_proj":137},"translation":null,"pitching":null,"career_json":[{"year":2025,"kl_pct":0.6,"teho_plus":80},{"year":2026,"kl_pct":0.5909090909090909,"teho_plus":67}],"pct_stats":["kl_pct","saatto_pct","eten_pct","kunnari_rate","lyoty_rate","palo_rate","tehot_per_turn"],"base_kl":{"player_id":13382,"turns_at_bat":21,"kl_base0":0.4,"kl_base0_tries":5,"kl_base1":1.0,"kl_base1_tries":3,"kl_base2":0.8333333333333334,"kl_base2_tries":6,"kl_base3":0.375,"kl_base3_tries":8,"pct_kl_base0":null,"pct_kl_base1":null,"pct_kl_base2":null,"pct_kl_base3":null},"base_keys":["kl_base0","kl_base1","kl_base2","kl_base3"],"comps":[]}