{"player":{"id":13412,"name":"Tilda Immonen","born_year":null},"career":[{"year":2025,"season_id":126,"team":"SiiPe","age":null,"games":2,"turns_at_bat":9,"vyk":0.0,"spark_index":111,"adv_plus":129,"runner_plus":101,"out_avoid_plus":83,"money_kl_plus":206,"teho_plus":50,"teho_plus_adj":47},{"year":2026,"season_id":130,"team":"ViU","age":null,"games":8,"turns_at_bat":30,"vyk":0.16,"spark_index":89,"adv_plus":66,"runner_plus":102,"out_avoid_plus":125,"money_kl_plus":58,"teho_plus":138,"teho_plus_adj":138}],"line":{"player_id":13412,"name":"Tilda Immonen","born_year":null,"year":2026,"games":8,"team":"ViU","turns_at_bat":30,"kunnarit":0,"lyodyt":8,"tuodut":1,"karkilyonnit":16,"karki_yritykset":43,"saatot":37,"saatto_yritykset":88,"etenemiset":24,"eteneminen_yritykset":37,"haavat":8,"palot":5,"season_id":130,"tehot":9,"kl_pct":0.37209302325581395,"saatto_pct":0.42045454545454547,"eten_pct":0.6486486486486487,"kunnari_rate":0.0,"lyoty_rate":0.26666666666666666,"tuotu_rate":0.02702702702702703,"haava_rate":0.26666666666666666,"palo_rate":0.16666666666666666,"tehot_per_turn":0.3,"kl_per_turn":0.5333333333333333,"hr_rbi_per_turn":0.26666666666666666,"kl_base0":null,"kl_base0_tries":0,"kl_base1":0.6666666666666666,"kl_base1_tries":3,"kl_base2":0.5454545454545454,"kl_base2_tries":11,"kl_base3":0.27586206896551724,"kl_base3_tries":29,"adv1_pct":null,"adv2_pct":0.6666666666666666,"adv3_pct":0.5454545454545454,"adv_home_pct":0.27586206896551724,"money_kl_pct":0.27586206896551724,"money_kl_tries":29,"pos":"3V","teho_plus":138,"adv_plus":66,"runner_plus":102,"out_avoid_plus":125,"adv1_plus":null,"adv2_plus":115,"adv3_plus":85,"adv_home_plus":58,"money_kl_plus":58,"spark_index":89,"run_value":4.915568203352077,"raa":1.0,"jyk":2.4,"vyk":0.16,"teho_plus_adj":138,"pct_kl_pct":null,"pct_saatto_pct":null,"pct_eten_pct":null,"pct_kunnari_rate":null,"pct_lyoty_rate":null,"pct_palo_rate":null,"pct_tehot_per_turn":null},"proj":{"player_id":13412,"name":"Tilda Immonen","as_of":"2026-07-16","age":null,"stats":{"kl_pct":{"rate":0.5014392863525001,"effective_n":42.857390886660085,"observed":0.40642785556606986},"saatto_pct":{"rate":0.5032014205819031,"effective_n":82.47636235881792,"observed":0.4382007119447712},"eten_pct":{"rate":0.6422173355679732,"effective_n":38.63550801113236,"observed":0.6516591903795911},"kunnari_rate":{"rate":0.004668577588610604,"effective_n":32.69285791294111,"observed":0.0},"lyoty_rate":{"rate":0.14196446430882811,"effective_n":30.68322994614659,"observed":0.25471496505320007},"haava_rate":{"rate":0.3533941841977787,"effective_n":27.883502550444287,"observed":0.2725914170519389},"palo_rate":{"rate":0.2932191502178406,"effective_n":29.126893972695633,"observed":0.18531580768979036}},"teho_plus_proj":156},"translation":null,"pitching":null,"career_json":[{"year":2025,"kl_pct":0.8,"teho_plus":50},{"year":2026,"kl_pct":0.37209302325581395,"teho_plus":138}],"pct_stats":["kl_pct","saatto_pct","eten_pct","kunnari_rate","lyoty_rate","palo_rate","tehot_per_turn"],"base_kl":{"player_id":13412,"turns_at_bat":30,"kl_base0":null,"kl_base0_tries":0,"kl_base1":0.6666666666666666,"kl_base1_tries":3,"kl_base2":0.5454545454545454,"kl_base2_tries":11,"kl_base3":0.27586206896551724,"kl_base3_tries":29,"pct_kl_base0":null,"pct_kl_base1":null,"pct_kl_base2":null,"pct_kl_base3":null},"base_keys":["kl_base0","kl_base1","kl_base2","kl_base3"],"comps":[]}