{"player":{"id":13428,"name":"Roosa Pessinen","born_year":null},"career":[{"year":2026,"season_id":178,"team":"ÄhtU","age":null,"games":14,"turns_at_bat":94,"vyk":0.1,"spark_index":100,"adv_plus":104,"runner_plus":96,"out_avoid_plus":95,"money_kl_plus":140,"teho_plus":67,"teho_plus_adj":68}],"line":{"player_id":13428,"name":"Roosa Pessinen","born_year":null,"year":2026,"games":14,"team":"ÄhtU","turns_at_bat":94,"kunnarit":0,"lyodyt":4,"tuodut":15,"karkilyonnit":46,"karki_yritykset":73,"saatot":90,"saatto_yritykset":131,"etenemiset":116,"eteneminen_yritykset":183,"haavat":35,"palot":32,"season_id":178,"tehot":19,"kl_pct":0.6301369863013698,"saatto_pct":0.6870229007633588,"eten_pct":0.6338797814207651,"kunnari_rate":0.0,"lyoty_rate":0.0425531914893617,"tuotu_rate":0.08196721311475409,"haava_rate":0.3723404255319149,"palo_rate":0.3404255319148936,"tehot_per_turn":0.20212765957446807,"kl_per_turn":0.48936170212765956,"hr_rbi_per_turn":0.0425531914893617,"kl_base0":0.71875,"kl_base0_tries":32,"kl_base1":0.5238095238095238,"kl_base1_tries":21,"kl_base2":0.5333333333333333,"kl_base2_tries":15,"kl_base3":0.8,"kl_base3_tries":5,"adv1_pct":0.71875,"adv2_pct":0.5238095238095238,"adv3_pct":0.5333333333333333,"adv_home_pct":0.8,"money_kl_pct":0.8,"money_kl_tries":5,"pos":"S","teho_plus":67,"adv_plus":104,"runner_plus":96,"out_avoid_plus":95,"adv1_plus":128,"adv2_plus":88,"adv3_plus":77,"adv_home_plus":140,"money_kl_plus":140,"spark_index":100,"run_value":9.087772311716357,"raa":-5.8,"jyk":2.2,"vyk":0.1,"teho_plus_adj":68,"pct_kl_pct":60,"pct_saatto_pct":62,"pct_eten_pct":40,"pct_kunnari_rate":28,"pct_lyoty_rate":21,"pct_palo_rate":31,"pct_tehot_per_turn":28},"proj":{"player_id":13428,"name":"Roosa Pessinen","as_of":"2026-07-16","age":null,"stats":{"kl_pct":{"rate":0.6193992343437569,"effective_n":65.58795486140676,"observed":0.6329324250786714},"saatto_pct":{"rate":0.6853246760462517,"effective_n":114.64735558127612,"observed":0.6940734342913909},"eten_pct":{"rate":0.6445152605198624,"effective_n":161.19461391572077,"observed":0.6401742349384965},"kunnari_rate":{"rate":0.006025154505091441,"effective_n":87.86816254417035,"observed":0.0},"lyoty_rate":{"rate":0.0859096521081913,"effective_n":85.01734722915474,"observed":0.042786431124062975},"haava_rate":{"rate":0.36701379568960596,"effective_n":79.71000853321578,"observed":0.3635785362032692},"palo_rate":{"rate":0.3240576591826289,"effective_n":82.30023026487129,"observed":0.3393871174153119}},"teho_plus_proj":95},"translation":{"wrc_plus":85,"tier":"bench bat","rows":[{"pesis_label":"Kärkilyönti-% (advance the lead runner)","pesis_value":0.6301369863013698,"percentile":60,"mlb_stat":"AVG","mlb_value":"0.347"},{"pesis_label":"Kärkilyönnit per turn (base hits)","pesis_value":0.48936170212765956,"percentile":31,"mlb_stat":"H / 600 PA","mlb_value":"139"},{"pesis_label":"Lyödyt per turn (runs batted home)","pesis_value":0.0425531914893617,"percentile":21,"mlb_stat":"RBI / 600 PA","mlb_value":"56"},{"pesis_label":"Tuodut per advance (runs scored)","pesis_value":0.08196721311475409,"percentile":58,"mlb_stat":"R / 600 PA","mlb_value":"80"},{"pesis_label":"Palot per turn (burned outs)","pesis_value":0.3404255319148936,"percentile":31,"mlb_stat":"K%","mlb_value":"24.9%"}]},"pitching":null,"career_json":[{"year":2026,"kl_pct":0.6301369863013698,"teho_plus":67}],"pct_stats":["kl_pct","saatto_pct","eten_pct","kunnari_rate","lyoty_rate","palo_rate","tehot_per_turn"],"base_kl":{"player_id":13428,"turns_at_bat":94,"kl_base0":0.71875,"kl_base0_tries":32,"kl_base1":0.5238095238095238,"kl_base1_tries":21,"kl_base2":0.5333333333333333,"kl_base2_tries":15,"kl_base3":0.8,"kl_base3_tries":5,"pct_kl_base0":84,"pct_kl_base1":38,"pct_kl_base2":19,"pct_kl_base3":93},"base_keys":["kl_base0","kl_base1","kl_base2","kl_base3"],"comps":[]}