{"player":{"id":13429,"name":"Aada Viitasaari","born_year":null},"career":[{"year":2024,"season_id":176,"team":"AA","age":null,"games":1,"turns_at_bat":5,"vyk":-0.01,"spark_index":47,"adv_plus":48,"runner_plus":0,"out_avoid_plus":116,"money_kl_plus":0,"teho_plus":0,"teho_plus_adj":0},{"year":2025,"season_id":177,"team":"AA","age":null,"games":18,"turns_at_bat":108,"vyk":0.58,"spark_index":106,"adv_plus":107,"runner_plus":107,"out_avoid_plus":103,"money_kl_plus":108,"teho_plus":115,"teho_plus_adj":113}],"line":{"player_id":13429,"name":"Aada Viitasaari","born_year":null,"year":2025,"games":18,"team":"AA","turns_at_bat":108,"kunnarit":1,"lyodyt":12,"tuodut":24,"karkilyonnit":70,"karki_yritykset":106,"saatot":146,"saatto_yritykset":206,"etenemiset":148,"eteneminen_yritykset":210,"haavat":30,"palot":32,"season_id":177,"tehot":37,"kl_pct":0.660377358490566,"saatto_pct":0.7087378640776699,"eten_pct":0.7047619047619048,"kunnari_rate":0.009259259259259259,"lyoty_rate":0.1111111111111111,"tuotu_rate":0.11428571428571428,"haava_rate":0.2777777777777778,"palo_rate":0.2962962962962963,"tehot_per_turn":0.3425925925925926,"kl_per_turn":0.6481481481481481,"hr_rbi_per_turn":0.12037037037037036,"kl_base0":0.7058823529411765,"kl_base0_tries":17,"kl_base1":0.6,"kl_base1_tries":35,"kl_base2":0.7272727272727273,"kl_base2_tries":33,"kl_base3":0.6190476190476191,"kl_base3_tries":21,"adv1_pct":0.7058823529411765,"adv2_pct":0.6,"adv3_pct":0.7272727272727273,"adv_home_pct":0.6190476190476191,"money_kl_pct":0.6190476190476191,"money_kl_tries":21,"pos":"3P","teho_plus":115,"adv_plus":107,"runner_plus":107,"out_avoid_plus":103,"adv1_plus":121,"adv2_plus":100,"adv3_plus":107,"adv_home_plus":108,"money_kl_plus":108,"spark_index":106,"run_value":18.422284612751202,"raa":3.3,"jyk":12.9,"vyk":0.58,"teho_plus_adj":113,"pct_kl_pct":70,"pct_saatto_pct":72,"pct_eten_pct":78,"pct_kunnari_rate":50,"pct_lyoty_rate":56,"pct_palo_rate":51,"pct_tehot_per_turn":68},"proj":null,"translation":null,"pitching":null,"career_json":[{"year":2024,"kl_pct":0.4,"teho_plus":0},{"year":2025,"kl_pct":0.660377358490566,"teho_plus":115}],"pct_stats":["kl_pct","saatto_pct","eten_pct","kunnari_rate","lyoty_rate","palo_rate","tehot_per_turn"],"base_kl":{"player_id":13429,"turns_at_bat":108,"kl_base0":0.7058823529411765,"kl_base0_tries":17,"kl_base1":0.6,"kl_base1_tries":35,"kl_base2":0.7272727272727273,"kl_base2_tries":33,"kl_base3":0.6190476190476191,"kl_base3_tries":21,"pct_kl_base0":83,"pct_kl_base1":51,"pct_kl_base2":62,"pct_kl_base3":63},"base_keys":["kl_base0","kl_base1","kl_base2","kl_base3"],"comps":[]}