{"player":{"id":13420,"name":"Mira Mönkkönen","born_year":null},"career":[{"year":2025,"season_id":126,"team":"SiiPe","age":null,"games":21,"turns_at_bat":133,"vyk":0.01,"spark_index":97,"adv_plus":96,"runner_plus":101,"out_avoid_plus":92,"money_kl_plus":null,"teho_plus":68,"teho_plus_adj":64},{"year":2026,"season_id":130,"team":"SiiPe","age":null,"games":13,"turns_at_bat":67,"vyk":0.07,"spark_index":95,"adv_plus":95,"runner_plus":103,"out_avoid_plus":85,"money_kl_plus":210,"teho_plus":97,"teho_plus_adj":95}],"line":{"player_id":13420,"name":"Mira Mönkkönen","born_year":null,"year":2026,"games":13,"team":"SiiPe","turns_at_bat":67,"kunnarit":0,"lyodyt":1,"tuodut":13,"karkilyonnit":24,"karki_yritykset":44,"saatot":42,"saatto_yritykset":69,"etenemiset":89,"eteneminen_yritykset":136,"haavat":18,"palot":29,"season_id":130,"tehot":14,"kl_pct":0.5454545454545454,"saatto_pct":0.6086956521739131,"eten_pct":0.6544117647058824,"kunnari_rate":0.0,"lyoty_rate":0.014925373134328358,"tuotu_rate":0.09558823529411764,"haava_rate":0.26865671641791045,"palo_rate":0.43283582089552236,"tehot_per_turn":0.208955223880597,"kl_per_turn":0.3582089552238806,"hr_rbi_per_turn":0.014925373134328358,"kl_base0":0.5294117647058824,"kl_base0_tries":34,"kl_base1":0.7142857142857143,"kl_base1_tries":7,"kl_base2":0.0,"kl_base2_tries":2,"kl_base3":1.0,"kl_base3_tries":1,"adv1_pct":0.5294117647058824,"adv2_pct":0.7142857142857143,"adv3_pct":0.0,"adv_home_pct":1.0,"money_kl_pct":1.0,"money_kl_tries":1,"pos":null,"teho_plus":97,"adv_plus":95,"runner_plus":103,"out_avoid_plus":85,"adv1_plus":92,"adv2_plus":124,"adv3_plus":0,"adv_home_plus":210,"money_kl_plus":210,"spark_index":95,"run_value":6.0439910338843195,"raa":-2.1,"jyk":1.1,"vyk":0.07,"teho_plus_adj":95,"pct_kl_pct":39,"pct_saatto_pct":34,"pct_eten_pct":66,"pct_kunnari_rate":34,"pct_lyoty_rate":20,"pct_palo_rate":19,"pct_tehot_per_turn":55},"proj":{"player_id":13420,"name":"Mira Mönkkönen","as_of":"2026-07-12","age":null,"stats":{"kl_pct":{"rate":0.5591867028860842,"effective_n":70.47623065736695,"observed":0.5508380403000271},"saatto_pct":{"rate":0.6189230801651048,"effective_n":89.21616390704594,"observed":0.6110375384838729},"eten_pct":{"rate":0.6478831702192671,"effective_n":174.6742760346623,"observed":0.6517966368758589},"kunnari_rate":{"rate":0.002777428327481609,"effective_n":123.43168278091606,"observed":0.0},"lyoty_rate":{"rate":0.04819047785996094,"effective_n":101.52222050506506,"observed":0.009028144112260732},"haava_rate":{"rate":0.3393473573766057,"effective_n":74.9418162881855,"observed":0.2896567236625727},"palo_rate":{"rate":0.3739118564630051,"effective_n":86.03919560750874,"observed":0.4127004685407083}},"teho_plus_proj":114},"translation":{"wrc_plus":103,"tier":"league-average regular","rows":[{"pesis_label":"Kärkilyönti-% (advance the lead runner)","pesis_value":0.5454545454545454,"percentile":39,"mlb_stat":"AVG","mlb_value":"0.232"},{"pesis_label":"Kärkilyönnit per turn (base hits)","pesis_value":0.3582089552238806,"percentile":4,"mlb_stat":"H / 600 PA","mlb_value":"111"},{"pesis_label":"Lyödyt per turn (runs batted home)","pesis_value":0.014925373134328358,"percentile":20,"mlb_stat":"RBI / 600 PA","mlb_value":"55"},{"pesis_label":"Tuodut per advance (runs scored)","pesis_value":0.09558823529411764,"percentile":90,"mlb_stat":"R / 600 PA","mlb_value":"99"},{"pesis_label":"Palot per turn (burned outs)","pesis_value":0.43283582089552236,"percentile":19,"mlb_stat":"K%","mlb_value":"27.0%"}]},"pitching":null,"career_json":[{"year":2025,"kl_pct":0.5544554455445545,"teho_plus":68},{"year":2026,"kl_pct":0.5454545454545454,"teho_plus":97}],"pct_stats":["kl_pct","saatto_pct","eten_pct","kunnari_rate","lyoty_rate","palo_rate","tehot_per_turn"],"base_kl":{"player_id":13420,"turns_at_bat":67,"kl_base0":0.5294117647058824,"kl_base0_tries":34,"kl_base1":0.7142857142857143,"kl_base1_tries":7,"kl_base2":0.0,"kl_base2_tries":2,"kl_base3":1.0,"kl_base3_tries":1,"pct_kl_base0":52,"pct_kl_base1":81,"pct_kl_base2":1,"pct_kl_base3":98},"base_keys":["kl_base0","kl_base1","kl_base2","kl_base3"],"comps":[]}