{"player":{"id":13423,"name":"Minja Huttunen","born_year":null},"career":[{"year":2026,"season_id":130,"team":"SiiPe","age":null,"games":4,"turns_at_bat":20,"vyk":0.09,"spark_index":102,"adv_plus":93,"runner_plus":102,"out_avoid_plus":127,"money_kl_plus":157,"teho_plus":116,"teho_plus_adj":109}],"line":{"player_id":13423,"name":"Minja Huttunen","born_year":null,"year":2026,"games":4,"team":"SiiPe","turns_at_bat":20,"kunnarit":0,"lyodyt":3,"tuodut":2,"karkilyonnit":9,"karki_yritykset":18,"saatot":24,"saatto_yritykset":40,"etenemiset":20,"eteneminen_yritykset":31,"haavat":8,"palot":3,"season_id":130,"tehot":5,"kl_pct":0.5,"saatto_pct":0.6,"eten_pct":0.6451612903225806,"kunnari_rate":0.0,"lyoty_rate":0.15,"tuotu_rate":0.06451612903225806,"haava_rate":0.4,"palo_rate":0.15,"tehot_per_turn":0.25,"kl_per_turn":0.45,"hr_rbi_per_turn":0.15,"kl_base0":0.0,"kl_base0_tries":1,"kl_base1":0.5714285714285714,"kl_base1_tries":7,"kl_base2":0.3333333333333333,"kl_base2_tries":6,"kl_base3":0.75,"kl_base3_tries":4,"adv1_pct":0.0,"adv2_pct":0.5714285714285714,"adv3_pct":0.3333333333333333,"adv_home_pct":0.75,"money_kl_pct":0.75,"money_kl_tries":4,"pos":"3V","teho_plus":116,"adv_plus":93,"runner_plus":102,"out_avoid_plus":127,"adv1_plus":0,"adv2_plus":99,"adv3_plus":52,"adv_home_plus":157,"money_kl_plus":157,"spark_index":102,"run_value":2.779213199521065,"raa":0.3,"jyk":1.4,"vyk":0.09,"teho_plus_adj":109,"pct_kl_pct":null,"pct_saatto_pct":null,"pct_eten_pct":null,"pct_kunnari_rate":null,"pct_lyoty_rate":null,"pct_palo_rate":null,"pct_tehot_per_turn":null},"proj":{"player_id":13423,"name":"Minja Huttunen","as_of":"2026-07-05","age":null,"stats":{"kl_pct":{"rate":0.5525263166312709,"effective_n":17.51772104044791,"observed":0.49606627672988113},"saatto_pct":{"rate":0.617515148934174,"effective_n":38.29848669642983,"observed":0.5975061528369506},"eten_pct":{"rate":0.6367231222024023,"effective_n":29.955244454069213,"observed":0.6406926162826724},"kunnari_rate":{"rate":0.004596094132990494,"effective_n":19.67498827466597,"observed":0.0},"lyoty_rate":{"rate":0.10731904814153446,"effective_n":19.517507082434463,"observed":0.14405578441292524},"haava_rate":{"rate":0.3805227739840895,"effective_n":19.211915373734033,"observed":0.4026015492246295},"palo_rate":{"rate":0.2978257585574871,"effective_n":19.363192483736903,"observed":0.15369860867497007}},"teho_plus_proj":141},"translation":null,"pitching":null,"career_json":[{"year":2026,"kl_pct":0.5,"teho_plus":116}],"pct_stats":["kl_pct","saatto_pct","eten_pct","kunnari_rate","lyoty_rate","palo_rate","tehot_per_turn"],"base_kl":{"player_id":13423,"turns_at_bat":20,"kl_base0":0.0,"kl_base0_tries":1,"kl_base1":0.5714285714285714,"kl_base1_tries":7,"kl_base2":0.3333333333333333,"kl_base2_tries":6,"kl_base3":0.75,"kl_base3_tries":4,"pct_kl_base0":null,"pct_kl_base1":null,"pct_kl_base2":null,"pct_kl_base3":null},"base_keys":["kl_base0","kl_base1","kl_base2","kl_base3"],"comps":[]}