{"player":{"id":13456,"name":"Milla Nivala","born_year":null},"career":[{"year":2025,"age":null,"games":6,"turns_at_bat":29,"vyk":0.16,"spark_index":100,"adv_plus":92,"runner_plus":106,"out_avoid_plus":113,"money_kl_plus":82,"teho_plus":125,"teho_plus_adj":130},{"year":2026,"age":null,"games":15,"turns_at_bat":85,"vyk":0.42,"spark_index":86,"adv_plus":74,"runner_plus":92,"out_avoid_plus":109,"money_kl_plus":70,"teho_plus":122,"teho_plus_adj":118}],"line":{"player_id":13456,"name":"Milla Nivala","born_year":null,"year":2026,"games":15,"team":"Tarmo","turns_at_bat":85,"kunnarit":0,"lyodyt":21,"tuodut":1,"karkilyonnit":42,"karki_yritykset":100,"saatot":108,"saatto_yritykset":232,"etenemiset":71,"eteneminen_yritykset":122,"haavat":28,"palot":23,"season_id":4,"tehot":22,"kl_pct":0.42,"saatto_pct":0.46551724137931033,"eten_pct":0.5819672131147541,"kunnari_rate":0.0,"lyoty_rate":0.24705882352941178,"tuotu_rate":0.00819672131147541,"haava_rate":0.32941176470588235,"palo_rate":0.27058823529411763,"tehot_per_turn":0.25882352941176473,"kl_per_turn":0.49411764705882355,"hr_rbi_per_turn":0.24705882352941178,"kl_base0":0.0,"kl_base0_tries":1,"kl_base1":0.5454545454545454,"kl_base1_tries":11,"kl_base2":0.6,"kl_base2_tries":25,"kl_base3":0.3333333333333333,"kl_base3_tries":63,"adv1_pct":0.0,"adv2_pct":0.5454545454545454,"adv3_pct":0.6,"adv_home_pct":0.3333333333333333,"money_kl_pct":0.3333333333333333,"money_kl_tries":63,"pos":null,"teho_plus":122,"adv_plus":74,"runner_plus":92,"out_avoid_plus":109,"adv1_plus":0,"adv2_plus":95,"adv3_plus":95,"adv_home_plus":70,"money_kl_plus":70,"spark_index":86,"run_value":12.228237983713749,"raa":1.6,"jyk":6.2,"vyk":0.42,"teho_plus_adj":118,"pct_kl_pct":8,"pct_saatto_pct":3,"pct_eten_pct":17,"pct_kunnari_rate":36,"pct_lyoty_rate":88,"pct_palo_rate":68,"pct_tehot_per_turn":71},"proj":{"player_id":13456,"name":"Milla Nivala","as_of":"2026-06-29","age":null,"stats":{"kl_pct":{"rate":0.48694761434518663,"effective_n":107.48229311140885,"observed":0.4415697480888775},"saatto_pct":{"rate":0.49838081316544486,"effective_n":230.76562757490944,"observed":0.4745365550870244},"eten_pct":{"rate":0.6009342070731609,"effective_n":118.90443133918383,"observed":0.587208406793336},"kunnari_rate":{"rate":0.002964199623633598,"effective_n":95.36580301997415,"observed":0.0},"lyoty_rate":{"rate":0.18004167332720178,"effective_n":89.06771103314799,"observed":0.25467577928957275},"haava_rate":{"rate":0.35174358287961555,"effective_n":79.98243398834326,"observed":0.3207631720126434},"palo_rate":{"rate":0.29881438705567037,"effective_n":84.05757243672541,"observed":0.265828477543417}},"teho_plus_proj":171},"translation":{"wrc_plus":114,"tier":"solid starter","rows":[{"pesis_label":"Kärkilyönti-% (advance the lead runner)","pesis_value":0.42,"percentile":8,"mlb_stat":"AVG","mlb_value":"0.215"},{"pesis_label":"Kärkilyönnit per turn (base hits)","pesis_value":0.49411764705882355,"percentile":33,"mlb_stat":"H / 600 PA","mlb_value":"140"},{"pesis_label":"Lyödyt per turn (runs batted home)","pesis_value":0.24705882352941178,"percentile":88,"mlb_stat":"RBI / 600 PA","mlb_value":"95"},{"pesis_label":"Tuodut per advance (runs scored)","pesis_value":0.00819672131147541,"percentile":4,"mlb_stat":"R / 600 PA","mlb_value":"44"},{"pesis_label":"Palot per turn (burned outs)","pesis_value":0.27058823529411763,"percentile":68,"mlb_stat":"K%","mlb_value":"19.6%"}]},"career_json":[{"year":2025,"kl_pct":0.5609756097560976,"teho_plus":125},{"year":2026,"kl_pct":0.42,"teho_plus":122}],"pct_stats":["kl_pct","saatto_pct","eten_pct","kunnari_rate","lyoty_rate","palo_rate","tehot_per_turn"],"base_kl":{"player_id":13456,"turns_at_bat":85,"kl_base0":0.0,"kl_base0_tries":1,"kl_base1":0.5454545454545454,"kl_base1_tries":11,"kl_base2":0.6,"kl_base2_tries":25,"kl_base3":0.3333333333333333,"kl_base3_tries":63,"pct_kl_base0":5,"pct_kl_base1":47,"pct_kl_base2":37,"pct_kl_base3":20},"base_keys":["kl_base0","kl_base1","kl_base2","kl_base3"],"comps":[]}