{"player":{"id":13456,"name":"Milla Nivala","born_year":null},"career":[{"player_id":13456,"name":"Milla Nivala","born_year":null,"year":2026,"games":15,"team":"Tarmo","turns_at_bat":85,"kunnarit":0,"lyodyt":21,"tuodut":1,"karkilyonnit":42,"karki_yritykset":100,"saatot":108,"saatto_yritykset":232,"etenemiset":71,"eteneminen_yritykset":122,"haavat":28,"palot":23,"season_id":4,"tehot":22,"kl_pct":0.42,"saatto_pct":0.46551724137931033,"eten_pct":0.5819672131147541,"kunnari_rate":0.0,"lyoty_rate":0.24705882352941178,"tuotu_rate":0.00819672131147541,"haava_rate":0.32941176470588235,"palo_rate":0.27058823529411763,"tehot_per_turn":0.25882352941176473,"kl_per_turn":0.49411764705882355,"hr_rbi_per_turn":0.24705882352941178,"kl_base0":0.0,"kl_base0_tries":1,"kl_base1":0.5454545454545454,"kl_base1_tries":11,"kl_base2":0.6,"kl_base2_tries":25,"kl_base3":0.3333333333333333,"kl_base3_tries":63,"adv1_pct":0.0,"adv2_pct":0.5454545454545454,"adv3_pct":0.6,"adv_home_pct":0.3333333333333333,"money_kl_pct":0.3333333333333333,"money_kl_tries":63,"teho_plus":122,"adv_plus":74,"runner_plus":92,"out_avoid_plus":109,"adv1_plus":0,"adv2_plus":95,"adv3_plus":95,"adv_home_plus":70,"money_kl_plus":70,"spark_index":86,"teho_plus_adj":120}],"line":{"player_id":13456,"name":"Milla Nivala","born_year":null,"year":2026,"games":15,"team":"Tarmo","turns_at_bat":85,"kunnarit":0,"lyodyt":21,"tuodut":1,"karkilyonnit":42,"karki_yritykset":100,"saatot":108,"saatto_yritykset":232,"etenemiset":71,"eteneminen_yritykset":122,"haavat":28,"palot":23,"season_id":4,"tehot":22,"kl_pct":0.42,"saatto_pct":0.46551724137931033,"eten_pct":0.5819672131147541,"kunnari_rate":0.0,"lyoty_rate":0.24705882352941178,"tuotu_rate":0.00819672131147541,"haava_rate":0.32941176470588235,"palo_rate":0.27058823529411763,"tehot_per_turn":0.25882352941176473,"kl_per_turn":0.49411764705882355,"hr_rbi_per_turn":0.24705882352941178,"kl_base0":0.0,"kl_base0_tries":1,"kl_base1":0.5454545454545454,"kl_base1_tries":11,"kl_base2":0.6,"kl_base2_tries":25,"kl_base3":0.3333333333333333,"kl_base3_tries":63,"adv1_pct":0.0,"adv2_pct":0.5454545454545454,"adv3_pct":0.6,"adv_home_pct":0.3333333333333333,"money_kl_pct":0.3333333333333333,"money_kl_tries":63,"teho_plus":122,"adv_plus":74,"runner_plus":92,"out_avoid_plus":109,"adv1_plus":0,"adv2_plus":95,"adv3_plus":95,"adv_home_plus":70,"money_kl_plus":70,"spark_index":86,"teho_plus_adj":120,"pct_kl_pct":8,"pct_saatto_pct":3,"pct_eten_pct":17,"pct_kunnari_rate":36,"pct_lyoty_rate":88,"pct_palo_rate":68,"pct_tehot_per_turn":71},"proj":{"player_id":13456,"name":"Milla Nivala","as_of":"2026-06-29","age":null,"stats":{"kl_pct":{"rate":0.48022019461358934,"effective_n":92.64881118989604,"observed":0.4232204097506972},"saatto_pct":{"rate":0.49238545384899723,"effective_n":208.41207865651063,"observed":0.46483307018103026},"eten_pct":{"rate":0.5963498997452462,"effective_n":108.8505190860187,"observed":0.579250543132416},"kunnari_rate":{"rate":0.0031814126864783284,"effective_n":80.66155986887044,"observed":0.0},"lyoty_rate":{"rate":0.1736065411173666,"effective_n":78.60045959832334,"observed":0.25162998318917107},"haava_rate":{"rate":0.35623136863458466,"effective_n":74.68162396012656,"observed":0.32906122979714053},"palo_rate":{"rate":0.30178383150804144,"effective_n":76.60797359320007,"observed":0.2686911937169688}},"teho_plus_proj":167},"career_json":[{"year":2026,"kl_pct":0.42,"teho_plus":122}],"pct_stats":["kl_pct","saatto_pct","eten_pct","kunnari_rate","lyoty_rate","palo_rate","tehot_per_turn"],"base_kl":{"player_id":13456,"turns_at_bat":85,"kl_base0":0.0,"kl_base0_tries":1,"kl_base1":0.5454545454545454,"kl_base1_tries":11,"kl_base2":0.6,"kl_base2_tries":25,"kl_base3":0.3333333333333333,"kl_base3_tries":63,"pct_kl_base0":5,"pct_kl_base1":47,"pct_kl_base2":37,"pct_kl_base3":20},"base_keys":["kl_base0","kl_base1","kl_base2","kl_base3"],"comps":[]}