{"player":{"id":13456,"name":"Milla Nivala","born_year":null},"career":[{"year":2025,"season_id":126,"team":"PattU Naiset","age":null,"games":6,"turns_at_bat":29,"vyk":0.16,"spark_index":100,"adv_plus":92,"runner_plus":106,"out_avoid_plus":113,"money_kl_plus":82,"teho_plus":125,"teho_plus_adj":129},{"year":2026,"season_id":130,"team":"Tarmo","age":null,"games":17,"turns_at_bat":97,"vyk":0.51,"spark_index":90,"adv_plus":78,"runner_plus":96,"out_avoid_plus":113,"money_kl_plus":77,"teho_plus":138,"teho_plus_adj":133}],"line":{"player_id":13456,"name":"Milla Nivala","born_year":null,"year":2026,"games":17,"team":"Tarmo","turns_at_bat":97,"kunnarit":0,"lyodyt":28,"tuodut":1,"karkilyonnit":52,"karki_yritykset":120,"saatot":137,"saatto_yritykset":274,"etenemiset":90,"eteneminen_yritykset":148,"haavat":34,"palot":24,"season_id":130,"tehot":29,"kl_pct":0.43333333333333335,"saatto_pct":0.5,"eten_pct":0.6081081081081081,"kunnari_rate":0.0,"lyoty_rate":0.28865979381443296,"tuotu_rate":0.006756756756756757,"haava_rate":0.35051546391752575,"palo_rate":0.24742268041237114,"tehot_per_turn":0.29896907216494845,"kl_per_turn":0.5360824742268041,"hr_rbi_per_turn":0.28865979381443296,"kl_base0":0.0,"kl_base0_tries":2,"kl_base1":0.5,"kl_base1_tries":12,"kl_base2":0.6,"kl_base2_tries":30,"kl_base3":0.3684210526315789,"kl_base3_tries":76,"adv1_pct":0.0,"adv2_pct":0.5,"adv3_pct":0.6,"adv_home_pct":0.3684210526315789,"money_kl_pct":0.3684210526315789,"money_kl_tries":76,"pos":null,"teho_plus":138,"adv_plus":78,"runner_plus":96,"out_avoid_plus":113,"adv1_plus":0,"adv2_plus":86,"adv3_plus":94,"adv_home_plus":77,"money_kl_plus":77,"spark_index":90,"run_value":15.931590523554844,"raa":3.1,"jyk":7.7,"vyk":0.51,"teho_plus_adj":133,"pct_kl_pct":11,"pct_saatto_pct":9,"pct_eten_pct":37,"pct_kunnari_rate":33,"pct_lyoty_rate":94,"pct_palo_rate":73,"pct_tehot_per_turn":80},"proj":{"player_id":13456,"name":"Milla Nivala","as_of":"2026-07-16","age":null,"stats":{"kl_pct":{"rate":0.4899456258005605,"effective_n":121.90430562362734,"observed":0.4510476744519833},"saatto_pct":{"rate":0.5265214080859814,"effective_n":256.9018069450936,"observed":0.5093276309534985},"eten_pct":{"rate":0.6195155553522028,"effective_n":136.6930073671316,"observed":0.6139765293180809},"kunnari_rate":{"rate":0.00316059634144462,"effective_n":104.08128730248164,"observed":0.0},"lyoty_rate":{"rate":0.2059404036098277,"effective_n":96.49291087121294,"observed":0.2950542112993464},"haava_rate":{"rate":0.3619542679074484,"effective_n":85.2176515284387,"observed":0.34571687369303394},"palo_rate":{"rate":0.28467395118721467,"effective_n":90.33518145861211,"observed":0.24208848324661097}},"teho_plus_proj":182},"translation":{"wrc_plus":121,"tier":"solid starter","rows":[{"pesis_label":"Kärkilyönti-% (advance the lead runner)","pesis_value":0.43333333333333335,"percentile":11,"mlb_stat":"AVG","mlb_value":"0.150"},{"pesis_label":"Kärkilyönnit per turn (base hits)","pesis_value":0.5360824742268041,"percentile":49,"mlb_stat":"H / 600 PA","mlb_value":"149"},{"pesis_label":"Lyödyt per turn (runs batted home)","pesis_value":0.28865979381443296,"percentile":94,"mlb_stat":"RBI / 600 PA","mlb_value":"103"},{"pesis_label":"Tuodut per advance (runs scored)","pesis_value":0.006756756756756757,"percentile":3,"mlb_stat":"R / 600 PA","mlb_value":"42"},{"pesis_label":"Palot per turn (burned outs)","pesis_value":0.24742268041237114,"percentile":73,"mlb_stat":"K%","mlb_value":"18.8%"}]},"pitching":null,"career_json":[{"year":2025,"kl_pct":0.5609756097560976,"teho_plus":125},{"year":2026,"kl_pct":0.43333333333333335,"teho_plus":138}],"pct_stats":["kl_pct","saatto_pct","eten_pct","kunnari_rate","lyoty_rate","palo_rate","tehot_per_turn"],"base_kl":{"player_id":13456,"turns_at_bat":97,"kl_base0":0.0,"kl_base0_tries":2,"kl_base1":0.5,"kl_base1_tries":12,"kl_base2":0.6,"kl_base2_tries":30,"kl_base3":0.3684210526315789,"kl_base3_tries":76,"pct_kl_base0":5,"pct_kl_base1":34,"pct_kl_base2":34,"pct_kl_base3":26},"base_keys":["kl_base0","kl_base1","kl_base2","kl_base3"],"comps":[]}