{"player":{"id":13467,"name":"Menni Vettenranta","born_year":null},"career":[{"year":2025,"season_id":177,"team":"Pesäkarhut-Akatemia","age":null,"games":16,"turns_at_bat":110,"vyk":0.03,"spark_index":90,"adv_plus":87,"runner_plus":82,"out_avoid_plus":111,"money_kl_plus":111,"teho_plus":49,"teho_plus_adj":49},{"year":2026,"season_id":178,"team":"Pesäkarhut 1","age":null,"games":11,"turns_at_bat":75,"vyk":0.2,"spark_index":94,"adv_plus":87,"runner_plus":88,"out_avoid_plus":121,"money_kl_plus":151,"teho_plus":89,"teho_plus_adj":89}],"line":{"player_id":13467,"name":"Menni Vettenranta","born_year":null,"year":2026,"games":11,"team":"Pesäkarhut 1","turns_at_bat":75,"kunnarit":1,"lyodyt":12,"tuodut":7,"karkilyonnit":40,"karki_yritykset":72,"saatot":87,"saatto_yritykset":155,"etenemiset":73,"eteneminen_yritykset":126,"haavat":41,"palot":12,"season_id":178,"tehot":20,"kl_pct":0.5555555555555556,"saatto_pct":0.5612903225806452,"eten_pct":0.5793650793650794,"kunnari_rate":0.013333333333333334,"lyoty_rate":0.16,"tuotu_rate":0.05555555555555555,"haava_rate":0.5466666666666666,"palo_rate":0.16,"tehot_per_turn":0.26666666666666666,"kl_per_turn":0.5333333333333333,"hr_rbi_per_turn":0.17333333333333334,"kl_base0":0.4444444444444444,"kl_base0_tries":18,"kl_base1":0.4117647058823529,"kl_base1_tries":17,"kl_base2":0.5454545454545454,"kl_base2_tries":22,"kl_base3":0.8666666666666667,"kl_base3_tries":15,"adv1_pct":0.4444444444444444,"adv2_pct":0.4117647058823529,"adv3_pct":0.5454545454545454,"adv_home_pct":0.8666666666666667,"money_kl_pct":0.8666666666666667,"money_kl_tries":15,"pos":"2V","teho_plus":89,"adv_plus":87,"runner_plus":88,"out_avoid_plus":121,"adv1_plus":79,"adv2_plus":69,"adv3_plus":79,"adv_home_plus":151,"money_kl_plus":151,"spark_index":94,"run_value":9.906397528155155,"raa":-1.8,"jyk":4.6,"vyk":0.2,"teho_plus_adj":89,"pct_kl_pct":33,"pct_saatto_pct":16,"pct_eten_pct":21,"pct_kunnari_rate":66,"pct_lyoty_rate":72,"pct_palo_rate":95,"pct_tehot_per_turn":47},"proj":{"player_id":13467,"name":"Menni Vettenranta","as_of":"2026-07-12","age":null,"stats":{"kl_pct":{"rate":0.5656091303304184,"effective_n":91.72614493733626,"observed":0.5399872705430341},"saatto_pct":{"rate":0.5828157678359275,"effective_n":175.35931471405684,"observed":0.5651296345449284},"eten_pct":{"rate":0.5918669062969015,"effective_n":152.2070391965946,"observed":0.5699445182439705},"kunnari_rate":{"rate":0.010900618717395371,"effective_n":122.53411506900586,"observed":0.011333204636690915},"lyoty_rate":{"rate":0.1277627432755874,"effective_n":104.03942272936503,"observed":0.12462234843432621},"haava_rate":{"rate":0.4449408755943041,"effective_n":80.8620157363848,"observed":0.5380621169310876},"palo_rate":{"rate":0.24276179799814504,"effective_n":90.6702865130844,"observed":0.1849265319641642}},"teho_plus_proj":105},"translation":{"wrc_plus":98,"tier":"league-average regular","rows":[{"pesis_label":"Kärkilyönti-% (advance the lead runner)","pesis_value":0.5555555555555556,"percentile":33,"mlb_stat":"AVG","mlb_value":"0.273"},{"pesis_label":"Kärkilyönnit per turn (base hits)","pesis_value":0.5333333333333333,"percentile":41,"mlb_stat":"H / 600 PA","mlb_value":"145"},{"pesis_label":"Lyödyt per turn (runs batted home)","pesis_value":0.16,"percentile":72,"mlb_stat":"RBI / 600 PA","mlb_value":"84"},{"pesis_label":"Tuodut per advance (runs scored)","pesis_value":0.05555555555555555,"percentile":34,"mlb_stat":"R / 600 PA","mlb_value":"69"},{"pesis_label":"Palot per turn (burned outs)","pesis_value":0.16,"percentile":95,"mlb_stat":"K%","mlb_value":"13.2%"}]},"pitching":null,"career_json":[{"year":2025,"kl_pct":0.5189873417721519,"teho_plus":49},{"year":2026,"kl_pct":0.5555555555555556,"teho_plus":89}],"pct_stats":["kl_pct","saatto_pct","eten_pct","kunnari_rate","lyoty_rate","palo_rate","tehot_per_turn"],"base_kl":{"player_id":13467,"turns_at_bat":75,"kl_base0":0.4444444444444444,"kl_base0_tries":18,"kl_base1":0.4117647058823529,"kl_base1_tries":17,"kl_base2":0.5454545454545454,"kl_base2_tries":22,"kl_base3":0.8666666666666667,"kl_base3_tries":15,"pct_kl_base0":32,"pct_kl_base1":18,"pct_kl_base2":21,"pct_kl_base3":97},"base_keys":["kl_base0","kl_base1","kl_base2","kl_base3"],"comps":[]}