{"player":{"id":13483,"name":"Aada Oikarinen","born_year":null},"career":[{"year":2026,"season_id":178,"team":"Pesäkarhut 1","age":null,"games":10,"turns_at_bat":68,"vyk":-0.11,"spark_index":82,"adv_plus":73,"runner_plus":86,"out_avoid_plus":100,"money_kl_plus":32,"teho_plus":59,"teho_plus_adj":58}],"line":{"player_id":13483,"name":"Aada Oikarinen","born_year":null,"year":2026,"games":10,"team":"Pesäkarhut 1","turns_at_bat":68,"kunnarit":0,"lyodyt":2,"tuodut":10,"karkilyonnit":21,"karki_yritykset":51,"saatot":57,"saatto_yritykset":115,"etenemiset":66,"eteneminen_yritykset":116,"haavat":29,"palot":21,"season_id":178,"tehot":12,"kl_pct":0.4117647058823529,"saatto_pct":0.4956521739130435,"eten_pct":0.5689655172413793,"kunnari_rate":0.0,"lyoty_rate":0.029411764705882353,"tuotu_rate":0.08620689655172414,"haava_rate":0.4264705882352941,"palo_rate":0.3088235294117647,"tehot_per_turn":0.17647058823529413,"kl_per_turn":0.3088235294117647,"hr_rbi_per_turn":0.029411764705882353,"kl_base0":0.375,"kl_base0_tries":16,"kl_base1":0.5833333333333334,"kl_base1_tries":12,"kl_base2":0.5,"kl_base2_tries":12,"kl_base3":0.18181818181818182,"kl_base3_tries":11,"adv1_pct":0.375,"adv2_pct":0.5833333333333334,"adv3_pct":0.5,"adv_home_pct":0.18181818181818182,"money_kl_pct":0.18181818181818182,"money_kl_tries":11,"pos":"3K","teho_plus":59,"adv_plus":73,"runner_plus":86,"out_avoid_plus":100,"adv1_plus":67,"adv2_plus":98,"adv3_plus":72,"adv_home_plus":32,"money_kl_plus":32,"spark_index":82,"run_value":2.4764209974395293,"raa":-8.3,"jyk":-2.5,"vyk":-0.11,"teho_plus_adj":58,"pct_kl_pct":5,"pct_saatto_pct":7,"pct_eten_pct":16,"pct_kunnari_rate":28,"pct_lyoty_rate":15,"pct_palo_rate":47,"pct_tehot_per_turn":23},"proj":{"player_id":13483,"name":"Aada Oikarinen","as_of":"2026-07-08","age":null,"stats":{"kl_pct":{"rate":0.5222176914972109,"effective_n":46.10954109952813,"observed":0.4150104161727777},"saatto_pct":{"rate":0.546467643119635,"effective_n":100.63877845231876,"observed":0.5012439292626958},"eten_pct":{"rate":0.598478639826332,"effective_n":101.99698477403969,"observed":0.5690505054171368},"kunnari_rate":{"rate":0.0068193362839371425,"effective_n":63.659779173552245,"observed":0.0},"lyoty_rate":{"rate":0.08694830449952276,"effective_n":61.62286492674209,"observed":0.02880219809891391},"haava_rate":{"rate":0.3927041305600514,"effective_n":57.79611723869664,"observed":0.4324162952128371},"palo_rate":{"rate":0.30708196399721654,"effective_n":59.66953935959602,"observed":0.3054657679701907}},"teho_plus_proj":91},"translation":{"wrc_plus":82,"tier":"bench bat","rows":[{"pesis_label":"Kärkilyönti-% (advance the lead runner)","pesis_value":0.4117647058823529,"percentile":5,"mlb_stat":"AVG","mlb_value":"0.129"},{"pesis_label":"Kärkilyönnit per turn (base hits)","pesis_value":0.3088235294117647,"percentile":4,"mlb_stat":"H / 600 PA","mlb_value":"111"},{"pesis_label":"Lyödyt per turn (runs batted home)","pesis_value":0.029411764705882353,"percentile":15,"mlb_stat":"RBI / 600 PA","mlb_value":"51"},{"pesis_label":"Tuodut per advance (runs scored)","pesis_value":0.08620689655172414,"percentile":62,"mlb_stat":"R / 600 PA","mlb_value":"81"},{"pesis_label":"Palot per turn (burned outs)","pesis_value":0.3088235294117647,"percentile":47,"mlb_stat":"K%","mlb_value":"22.6%"}]},"pitching":null,"career_json":[{"year":2026,"kl_pct":0.4117647058823529,"teho_plus":59}],"pct_stats":["kl_pct","saatto_pct","eten_pct","kunnari_rate","lyoty_rate","palo_rate","tehot_per_turn"],"base_kl":{"player_id":13483,"turns_at_bat":68,"kl_base0":0.375,"kl_base0_tries":16,"kl_base1":0.5833333333333334,"kl_base1_tries":12,"kl_base2":0.5,"kl_base2_tries":12,"kl_base3":0.18181818181818182,"kl_base3_tries":11,"pct_kl_base0":22,"pct_kl_base1":51,"pct_kl_base2":15,"pct_kl_base3":5},"base_keys":["kl_base0","kl_base1","kl_base2","kl_base3"],"comps":[]}