{"player":{"id":135,"name":"Rami Järvinen","born_year":null},"career":[{"year":1995,"season_id":11,"team":"KaMa","age":null,"games":24,"turns_at_bat":47,"vyk":-0.25,"spark_index":65,"adv_plus":51,"runner_plus":71,"out_avoid_plus":91,"money_kl_plus":57,"teho_plus":38,"teho_plus_adj":39}],"line":{"player_id":135,"name":"Rami Järvinen","born_year":null,"year":1995,"games":24,"team":"KaMa","turns_at_bat":47,"kunnarit":0,"lyodyt":2,"tuodut":1,"karkilyonnit":10,"karki_yritykset":42,"saatot":24,"saatto_yritykset":74,"etenemiset":32,"eteneminen_yritykset":74,"haavat":23,"palot":19,"season_id":11,"tehot":3,"kl_pct":0.23809523809523808,"saatto_pct":0.32432432432432434,"eten_pct":0.43243243243243246,"kunnari_rate":0.0,"lyoty_rate":0.0425531914893617,"tuotu_rate":0.013513513513513514,"haava_rate":0.48936170212765956,"palo_rate":0.40425531914893614,"tehot_per_turn":0.06382978723404255,"kl_per_turn":0.2127659574468085,"hr_rbi_per_turn":0.0425531914893617,"kl_base0":0.29411764705882354,"kl_base0_tries":17,"kl_base1":0.1111111111111111,"kl_base1_tries":9,"kl_base2":0.2857142857142857,"kl_base2_tries":7,"kl_base3":0.2222222222222222,"kl_base3_tries":9,"adv1_pct":0.29411764705882354,"adv2_pct":0.1111111111111111,"adv3_pct":0.2857142857142857,"adv_home_pct":0.2222222222222222,"money_kl_pct":0.2222222222222222,"money_kl_tries":9,"pos":"3P","teho_plus":38,"adv_plus":51,"runner_plus":71,"out_avoid_plus":91,"adv1_plus":60,"adv2_plus":20,"adv3_plus":46,"adv_home_plus":57,"money_kl_plus":57,"spark_index":65,"run_value":-3.0391252648458646,"raa":-4.4,"jyk":-3.0,"vyk":-0.25,"teho_plus_adj":39,"pct_kl_pct":1,"pct_saatto_pct":1,"pct_eten_pct":3,"pct_kunnari_rate":21,"pct_lyoty_rate":39,"pct_palo_rate":28,"pct_tehot_per_turn":6},"proj":null,"translation":null,"pitching":null,"career_json":[{"year":1995,"kl_pct":0.23809523809523808,"teho_plus":38}],"pct_stats":["kl_pct","saatto_pct","eten_pct","kunnari_rate","lyoty_rate","palo_rate","tehot_per_turn"],"base_kl":{"player_id":135,"turns_at_bat":47,"kl_base0":0.29411764705882354,"kl_base0_tries":17,"kl_base1":0.1111111111111111,"kl_base1_tries":9,"kl_base2":0.2857142857142857,"kl_base2_tries":7,"kl_base3":0.2222222222222222,"kl_base3_tries":9,"pct_kl_base0":11,"pct_kl_base1":2,"pct_kl_base2":4,"pct_kl_base3":11},"base_keys":["kl_base0","kl_base1","kl_base2","kl_base3"],"comps":[]}