{"player":{"id":13508,"name":"Pihla  Gyllenbögel","born_year":null},"career":[{"player_id":13508,"name":"Pihla  Gyllenbögel","born_year":null,"year":2026,"games":8,"team":"AA","turns_at_bat":37,"kunnarit":0,"lyodyt":1,"tuodut":2,"karkilyonnit":15,"karki_yritykset":33,"saatot":37,"saatto_yritykset":65,"etenemiset":27,"eteneminen_yritykset":57,"haavat":17,"palot":13,"season_id":4,"tehot":3,"kl_pct":0.45454545454545453,"saatto_pct":0.5692307692307692,"eten_pct":0.47368421052631576,"kunnari_rate":0.0,"lyoty_rate":0.02702702702702703,"tuotu_rate":0.03508771929824561,"haava_rate":0.4594594594594595,"palo_rate":0.35135135135135137,"tehot_per_turn":0.08108108108108109,"kl_per_turn":0.40540540540540543,"hr_rbi_per_turn":0.02702702702702703,"kl_base0":0.2,"kl_base0_tries":10,"kl_base1":0.5454545454545454,"kl_base1_tries":11,"kl_base2":0.5454545454545454,"kl_base2_tries":11,"kl_base3":1.0,"kl_base3_tries":1,"adv1_pct":0.2,"adv2_pct":0.5454545454545454,"adv3_pct":0.5454545454545454,"adv_home_pct":1.0,"money_kl_pct":1.0,"money_kl_tries":1,"teho_plus":38,"adv_plus":87,"runner_plus":75,"out_avoid_plus":97,"adv1_plus":34,"adv2_plus":95,"adv3_plus":86,"adv_home_plus":211,"money_kl_plus":211,"spark_index":85,"teho_plus_adj":38}],"line":{"player_id":13508,"name":"Pihla  Gyllenbögel","born_year":null,"year":2026,"games":8,"team":"AA","turns_at_bat":37,"kunnarit":0,"lyodyt":1,"tuodut":2,"karkilyonnit":15,"karki_yritykset":33,"saatot":37,"saatto_yritykset":65,"etenemiset":27,"eteneminen_yritykset":57,"haavat":17,"palot":13,"season_id":4,"tehot":3,"kl_pct":0.45454545454545453,"saatto_pct":0.5692307692307692,"eten_pct":0.47368421052631576,"kunnari_rate":0.0,"lyoty_rate":0.02702702702702703,"tuotu_rate":0.03508771929824561,"haava_rate":0.4594594594594595,"palo_rate":0.35135135135135137,"tehot_per_turn":0.08108108108108109,"kl_per_turn":0.40540540540540543,"hr_rbi_per_turn":0.02702702702702703,"kl_base0":0.2,"kl_base0_tries":10,"kl_base1":0.5454545454545454,"kl_base1_tries":11,"kl_base2":0.5454545454545454,"kl_base2_tries":11,"kl_base3":1.0,"kl_base3_tries":1,"adv1_pct":0.2,"adv2_pct":0.5454545454545454,"adv3_pct":0.5454545454545454,"adv_home_pct":1.0,"money_kl_pct":1.0,"money_kl_tries":1,"teho_plus":38,"adv_plus":87,"runner_plus":75,"out_avoid_plus":97,"adv1_plus":34,"adv2_plus":95,"adv3_plus":86,"adv_home_plus":211,"money_kl_plus":211,"spark_index":85,"teho_plus_adj":38,"pct_kl_pct":null,"pct_saatto_pct":null,"pct_eten_pct":null,"pct_kunnari_rate":null,"pct_lyoty_rate":null,"pct_palo_rate":null,"pct_tehot_per_turn":null},"proj":{"player_id":13508,"name":"Pihla  Gyllenbögel","as_of":"2026-06-18","age":null,"stats":{"kl_pct":{"rate":0.5288770489425061,"effective_n":31.07655982571009,"observed":0.452885656744132},"saatto_pct":{"rate":0.5922307517428239,"effective_n":60.02414821104874,"observed":0.5631018479842564},"eten_pct":{"rate":0.5522725399529667,"effective_n":52.10431026402467,"observed":0.47425323958494564},"kunnari_rate":{"rate":0.004105720843511448,"effective_n":35.48724732813774,"observed":0.0},"lyoty_rate":{"rate":0.0762683783216875,"effective_n":34.76374712183174,"observed":0.028679301932152214},"haava_rate":{"rate":0.3975144374793392,"effective_n":33.37910703730427,"observed":0.46040398064557714},"palo_rate":{"rate":0.3366204639711323,"effective_n":34.061252581085476,"observed":0.3440121673273163}},"teho_plus_proj":116},"career_json":[{"year":2026,"kl_pct":0.45454545454545453,"teho_plus":38}],"pct_stats":["kl_pct","saatto_pct","eten_pct","kunnari_rate","lyoty_rate","palo_rate","tehot_per_turn"],"base_kl":{"player_id":13508,"turns_at_bat":37,"kl_base0":0.2,"kl_base0_tries":10,"kl_base1":0.5454545454545454,"kl_base1_tries":11,"kl_base2":0.5454545454545454,"kl_base2_tries":11,"kl_base3":1.0,"kl_base3_tries":1,"pct_kl_base0":null,"pct_kl_base1":null,"pct_kl_base2":null,"pct_kl_base3":null},"base_keys":["kl_base0","kl_base1","kl_base2","kl_base3"],"comps":[]}