{"player":{"id":13508,"name":"Pihla  Gyllenbögel","born_year":null},"career":[{"year":2026,"season_id":130,"team":"AA","age":null,"games":9,"turns_at_bat":41,"vyk":-0.09,"spark_index":81,"adv_plus":79,"runner_plus":71,"out_avoid_plus":99,"money_kl_plus":105,"teho_plus":34,"teho_plus_adj":32}],"line":{"player_id":13508,"name":"Pihla  Gyllenbögel","born_year":null,"year":2026,"games":9,"team":"AA","turns_at_bat":41,"kunnarit":0,"lyodyt":1,"tuodut":2,"karkilyonnit":15,"karki_yritykset":36,"saatot":37,"saatto_yritykset":71,"etenemiset":27,"eteneminen_yritykset":60,"haavat":19,"palot":14,"season_id":130,"tehot":3,"kl_pct":0.4166666666666667,"saatto_pct":0.5211267605633803,"eten_pct":0.45,"kunnari_rate":0.0,"lyoty_rate":0.024390243902439025,"tuotu_rate":0.03333333333333333,"haava_rate":0.4634146341463415,"palo_rate":0.34146341463414637,"tehot_per_turn":0.07317073170731707,"kl_per_turn":0.36585365853658536,"hr_rbi_per_turn":0.024390243902439025,"kl_base0":0.18181818181818182,"kl_base0_tries":11,"kl_base1":0.5,"kl_base1_tries":12,"kl_base2":0.5454545454545454,"kl_base2_tries":11,"kl_base3":0.5,"kl_base3_tries":2,"adv1_pct":0.18181818181818182,"adv2_pct":0.5,"adv3_pct":0.5454545454545454,"adv_home_pct":0.5,"money_kl_pct":0.5,"money_kl_tries":2,"pos":"2P","teho_plus":34,"adv_plus":79,"runner_plus":71,"out_avoid_plus":99,"adv1_plus":31,"adv2_plus":87,"adv3_plus":86,"adv_home_plus":105,"money_kl_plus":105,"spark_index":81,"run_value":1.3890084851847226,"raa":-3.5,"jyk":-1.3,"vyk":-0.09,"teho_plus_adj":32,"pct_kl_pct":8,"pct_saatto_pct":12,"pct_eten_pct":1,"pct_kunnari_rate":36,"pct_lyoty_rate":29,"pct_palo_rate":43,"pct_tehot_per_turn":3},"proj":{"player_id":13508,"name":"Pihla  Gyllenbögel","as_of":"2026-07-04","age":null,"stats":{"kl_pct":{"rate":0.5133857511392173,"effective_n":32.60898230960489,"observed":0.411345537936968},"saatto_pct":{"rate":0.5589246404755085,"effective_n":62.27172552456579,"observed":0.5090629303983544},"eten_pct":{"rate":0.5388608512897428,"effective_n":51.85583130943991,"observed":0.4469261551646087},"kunnari_rate":{"rate":0.004067083433847061,"effective_n":38.36053133793331,"observed":0.0},"lyoty_rate":{"rate":0.0748922556359347,"effective_n":37.12011156719351,"observed":0.025598140500339466},"haava_rate":{"rate":0.3996410647011823,"effective_n":34.78661677519557,"observed":0.46493423312885324},"palo_rate":{"rate":0.3328808392044862,"effective_n":35.929524984138595,"observed":0.33358774688765364}},"teho_plus_proj":112},"translation":{"wrc_plus":53,"tier":"replacement level","rows":[{"pesis_label":"Kärkilyönti-% (advance the lead runner)","pesis_value":0.4166666666666667,"percentile":8,"mlb_stat":"AVG","mlb_value":"0.160"},{"pesis_label":"Kärkilyönnit per turn (base hits)","pesis_value":0.36585365853658536,"percentile":6,"mlb_stat":"H / 600 PA","mlb_value":"116"},{"pesis_label":"Lyödyt per turn (runs batted home)","pesis_value":0.024390243902439025,"percentile":29,"mlb_stat":"RBI / 600 PA","mlb_value":"61"},{"pesis_label":"Tuodut per advance (runs scored)","pesis_value":0.03333333333333333,"percentile":29,"mlb_stat":"R / 600 PA","mlb_value":"66"},{"pesis_label":"Palot per turn (burned outs)","pesis_value":0.34146341463414637,"percentile":43,"mlb_stat":"K%","mlb_value":"23.2%"}]},"pitching":null,"career_json":[{"year":2026,"kl_pct":0.4166666666666667,"teho_plus":34}],"pct_stats":["kl_pct","saatto_pct","eten_pct","kunnari_rate","lyoty_rate","palo_rate","tehot_per_turn"],"base_kl":{"player_id":13508,"turns_at_bat":41,"kl_base0":0.18181818181818182,"kl_base0_tries":11,"kl_base1":0.5,"kl_base1_tries":12,"kl_base2":0.5454545454545454,"kl_base2_tries":11,"kl_base3":0.5,"kl_base3_tries":2,"pct_kl_base0":13,"pct_kl_base1":38,"pct_kl_base2":28,"pct_kl_base3":56},"base_keys":["kl_base0","kl_base1","kl_base2","kl_base3"],"comps":[]}