{"player":{"id":13510,"name":"Esteri Antila","born_year":null},"career":[{"year":2025,"season_id":177,"team":"Virkiä 1","age":null,"games":12,"turns_at_bat":78,"vyk":0.22,"spark_index":97,"adv_plus":93,"runner_plus":92,"out_avoid_plus":114,"money_kl_plus":119,"teho_plus":99,"teho_plus_adj":98},{"year":2026,"season_id":178,"team":"Virkiä 1","age":null,"games":14,"turns_at_bat":86,"vyk":0.09,"spark_index":92,"adv_plus":88,"runner_plus":76,"out_avoid_plus":124,"money_kl_plus":109,"teho_plus":89,"teho_plus_adj":88}],"line":{"player_id":13510,"name":"Esteri Antila","born_year":null,"year":2026,"games":14,"team":"Virkiä 1","turns_at_bat":86,"kunnarit":2,"lyodyt":13,"tuodut":8,"karkilyonnit":38,"karki_yritykset":69,"saatot":89,"saatto_yritykset":155,"etenemiset":71,"eteneminen_yritykset":141,"haavat":58,"palot":12,"season_id":178,"tehot":23,"kl_pct":0.5507246376811594,"saatto_pct":0.5741935483870968,"eten_pct":0.5035460992907801,"kunnari_rate":0.023255813953488372,"lyoty_rate":0.1511627906976744,"tuotu_rate":0.05673758865248227,"haava_rate":0.6744186046511628,"palo_rate":0.13953488372093023,"tehot_per_turn":0.26744186046511625,"kl_per_turn":0.4418604651162791,"hr_rbi_per_turn":0.1744186046511628,"kl_base0":0.1111111111111111,"kl_base0_tries":9,"kl_base1":0.5294117647058824,"kl_base1_tries":17,"kl_base2":0.6842105263157895,"kl_base2_tries":19,"kl_base3":0.625,"kl_base3_tries":24,"adv1_pct":0.1111111111111111,"adv2_pct":0.5294117647058824,"adv3_pct":0.6842105263157895,"adv_home_pct":0.625,"money_kl_pct":0.625,"money_kl_tries":24,"pos":"2V","teho_plus":89,"adv_plus":88,"runner_plus":76,"out_avoid_plus":124,"adv1_plus":20,"adv2_plus":89,"adv3_plus":99,"adv_home_plus":109,"money_kl_plus":109,"spark_index":92,"run_value":8.054363135848956,"raa":-5.3,"jyk":2.0,"vyk":0.09,"teho_plus_adj":88,"pct_kl_pct":32,"pct_saatto_pct":20,"pct_eten_pct":6,"pct_kunnari_rate":84,"pct_lyoty_rate":70,"pct_palo_rate":98,"pct_tehot_per_turn":48},"proj":{"player_id":13510,"name":"Esteri Antila","as_of":"2026-07-11","age":null,"stats":{"kl_pct":{"rate":0.5773928443057519,"effective_n":86.18517981918141,"observed":0.558355321226398},"saatto_pct":{"rate":0.5944029319520429,"effective_n":173.12181672155936,"observed":0.5791493414231474},"eten_pct":{"rate":0.554272920511149,"effective_n":157.36272345388133,"observed":0.5210996907783559},"kunnari_rate":{"rate":0.013139694937244283,"effective_n":117.89540910872047,"observed":0.01588285023490518},"lyoty_rate":{"rate":0.14326444710942496,"effective_n":104.13672881451012,"observed":0.15198558794884146},"haava_rate":{"rate":0.502715373861418,"effective_n":86.58236303384652,"observed":0.6563815891587513},"palo_rate":{"rate":0.22427580921093604,"effective_n":94.08071199727208,"observed":0.1528730279187231}},"teho_plus_proj":107},"translation":{"wrc_plus":99,"tier":"league-average regular","rows":[{"pesis_label":"Kärkilyönti-% (advance the lead runner)","pesis_value":0.5507246376811594,"percentile":32,"mlb_stat":"AVG","mlb_value":"0.268"},{"pesis_label":"Kärkilyönnit per turn (base hits)","pesis_value":0.4418604651162791,"percentile":21,"mlb_stat":"H / 600 PA","mlb_value":"132"},{"pesis_label":"Lyödyt per turn (runs batted home)","pesis_value":0.1511627906976744,"percentile":70,"mlb_stat":"RBI / 600 PA","mlb_value":"82"},{"pesis_label":"Tuodut per advance (runs scored)","pesis_value":0.05673758865248227,"percentile":35,"mlb_stat":"R / 600 PA","mlb_value":"69"},{"pesis_label":"Palot per turn (burned outs)","pesis_value":0.13953488372093023,"percentile":98,"mlb_stat":"K%","mlb_value":"10.9%"}]},"pitching":null,"career_json":[{"year":2025,"kl_pct":0.5774647887323944,"teho_plus":99},{"year":2026,"kl_pct":0.5507246376811594,"teho_plus":89}],"pct_stats":["kl_pct","saatto_pct","eten_pct","kunnari_rate","lyoty_rate","palo_rate","tehot_per_turn"],"base_kl":{"player_id":13510,"turns_at_bat":86,"kl_base0":0.1111111111111111,"kl_base0_tries":9,"kl_base1":0.5294117647058824,"kl_base1_tries":17,"kl_base2":0.6842105263157895,"kl_base2_tries":19,"kl_base3":0.625,"kl_base3_tries":24,"pct_kl_base0":3,"pct_kl_base1":38,"pct_kl_base2":50,"pct_kl_base3":66},"base_keys":["kl_base0","kl_base1","kl_base2","kl_base3"],"comps":[]}