{"player":{"id":13543,"name":"Aada Saarenheimo","born_year":null},"career":[{"year":2025,"season_id":177,"team":"Fera","age":null,"games":1,"turns_at_bat":7,"vyk":-0.03,"spark_index":68,"adv_plus":47,"runner_plus":93,"out_avoid_plus":83,"money_kl_plus":null,"teho_plus":48,"teho_plus_adj":50},{"year":2026,"season_id":178,"team":"Fera","age":null,"games":9,"turns_at_bat":56,"vyk":0.03,"spark_index":91,"adv_plus":90,"runner_plus":93,"out_avoid_plus":90,"money_kl_plus":22,"teho_plus":24,"teho_plus_adj":24}],"line":{"player_id":13543,"name":"Aada Saarenheimo","born_year":null,"year":2026,"games":9,"team":"Fera","turns_at_bat":56,"kunnarit":0,"lyodyt":1,"tuodut":3,"karkilyonnit":25,"karki_yritykset":52,"saatot":65,"saatto_yritykset":103,"etenemiset":68,"eteneminen_yritykset":111,"haavat":22,"palot":21,"season_id":178,"tehot":4,"kl_pct":0.4807692307692308,"saatto_pct":0.6310679611650486,"eten_pct":0.6126126126126126,"kunnari_rate":0.0,"lyoty_rate":0.017857142857142856,"tuotu_rate":0.02702702702702703,"haava_rate":0.39285714285714285,"palo_rate":0.375,"tehot_per_turn":0.07142857142857142,"kl_per_turn":0.44642857142857145,"hr_rbi_per_turn":0.017857142857142856,"kl_base0":0.45454545454545453,"kl_base0_tries":11,"kl_base1":0.52,"kl_base1_tries":25,"kl_base2":0.75,"kl_base2_tries":8,"kl_base3":0.125,"kl_base3_tries":8,"adv1_pct":0.45454545454545453,"adv2_pct":0.52,"adv3_pct":0.75,"adv_home_pct":0.125,"money_kl_pct":0.125,"money_kl_tries":8,"pos":"2P","teho_plus":24,"adv_plus":90,"runner_plus":93,"out_avoid_plus":90,"adv1_plus":81,"adv2_plus":88,"adv3_plus":108,"adv_home_plus":22,"money_kl_plus":22,"spark_index":91,"run_value":4.640528866651173,"raa":-4.1,"jyk":0.7,"vyk":0.03,"teho_plus_adj":24,"pct_kl_pct":14,"pct_saatto_pct":39,"pct_eten_pct":32,"pct_kunnari_rate":28,"pct_lyoty_rate":9,"pct_palo_rate":19,"pct_tehot_per_turn":3},"proj":{"player_id":13543,"name":"Aada Saarenheimo","as_of":"2026-07-17","age":null,"stats":{"kl_pct":{"rate":0.5516468875340486,"effective_n":46.45008060980207,"observed":0.48306767917986715},"saatto_pct":{"rate":0.6384165484955249,"effective_n":88.14655045026588,"observed":0.6284310795502993},"eten_pct":{"rate":0.629714025179316,"effective_n":96.37850101468932,"observed":0.6146881166223388},"kunnari_rate":{"rate":0.007184507493827612,"effective_n":54.45287341959334,"observed":0.0},"lyoty_rate":{"rate":0.08794456586602376,"effective_n":51.332329365317946,"observed":0.019422457782981708},"haava_rate":{"rate":0.3752946700267221,"effective_n":46.39007409878022,"observed":0.38742471435998016},"palo_rate":{"rate":0.3337367808945067,"effective_n":48.688094040171755,"observed":0.37562080351503085}},"teho_plus_proj":94},"translation":{"wrc_plus":53,"tier":"replacement level","rows":[{"pesis_label":"Kärkilyönti-% (advance the lead runner)","pesis_value":0.4807692307692308,"percentile":14,"mlb_stat":"AVG","mlb_value":"0.198"},{"pesis_label":"Kärkilyönnit per turn (base hits)","pesis_value":0.44642857142857145,"percentile":23,"mlb_stat":"H / 600 PA","mlb_value":"134"},{"pesis_label":"Lyödyt per turn (runs batted home)","pesis_value":0.017857142857142856,"percentile":9,"mlb_stat":"RBI / 600 PA","mlb_value":"45"},{"pesis_label":"Tuodut per advance (runs scored)","pesis_value":0.02702702702702703,"percentile":11,"mlb_stat":"R / 600 PA","mlb_value":"54"},{"pesis_label":"Palot per turn (burned outs)","pesis_value":0.375,"percentile":19,"mlb_stat":"K%","mlb_value":"27.0%"}]},"pitching":{"era":"5.33","tier":"replacement level","games":3,"rows":[{"pesis":"Päästetyt juoksut / ottelu (LRA)","arvo":"22.33","pctile":7,"mlb":"ERA","kaannos":"5.33"},{"pesis":"LRA- (sarjaindeksi, 100 = ka.)","arvo":"202","pctile":null,"mlb":"ERA-","kaannos":"202"},{"pesis":"Estetyt juoksut (kausi)","arvo":"-33.8","pctile":null,"mlb":"Runs saved","kaannos":"-33.8"}]},"career_json":[{"year":2025,"kl_pct":0.3333333333333333,"teho_plus":48},{"year":2026,"kl_pct":0.4807692307692308,"teho_plus":24}],"pct_stats":["kl_pct","saatto_pct","eten_pct","kunnari_rate","lyoty_rate","palo_rate","tehot_per_turn"],"base_kl":{"player_id":13543,"turns_at_bat":56,"kl_base0":0.45454545454545453,"kl_base0_tries":11,"kl_base1":0.52,"kl_base1_tries":25,"kl_base2":0.75,"kl_base2_tries":8,"kl_base3":0.125,"kl_base3_tries":8,"pct_kl_base0":34,"pct_kl_base1":37,"pct_kl_base2":67,"pct_kl_base3":3},"base_keys":["kl_base0","kl_base1","kl_base2","kl_base3"],"comps":[]}