{"player":{"id":13560,"name":"Julianna Mäkelä","born_year":null},"career":[{"year":2024,"season_id":122,"team":"PattU","age":null,"games":1,"turns_at_bat":6,"vyk":0.01,"spark_index":99,"adv_plus":106,"runner_plus":103,"out_avoid_plus":76,"money_kl_plus":null,"teho_plus":82,"teho_plus_adj":82},{"year":2026,"season_id":130,"team":"HP-K","age":null,"games":13,"turns_at_bat":67,"vyk":0.01,"spark_index":85,"adv_plus":85,"runner_plus":90,"out_avoid_plus":78,"money_kl_plus":140,"teho_plus":76,"teho_plus_adj":76}],"line":{"player_id":13560,"name":"Julianna Mäkelä","born_year":null,"year":2026,"games":13,"team":"HP-K","turns_at_bat":67,"kunnarit":0,"lyodyt":4,"tuodut":7,"karkilyonnit":32,"karki_yritykset":66,"saatot":50,"saatto_yritykset":91,"etenemiset":71,"eteneminen_yritykset":125,"haavat":22,"palot":32,"season_id":130,"tehot":11,"kl_pct":0.48484848484848486,"saatto_pct":0.5494505494505495,"eten_pct":0.568,"kunnari_rate":0.0,"lyoty_rate":0.05970149253731343,"tuotu_rate":0.056,"haava_rate":0.3283582089552239,"palo_rate":0.47761194029850745,"tehot_per_turn":0.16417910447761194,"kl_per_turn":0.47761194029850745,"hr_rbi_per_turn":0.05970149253731343,"kl_base0":0.4,"kl_base0_tries":40,"kl_base1":0.6428571428571429,"kl_base1_tries":14,"kl_base2":0.5,"kl_base2_tries":6,"kl_base3":0.6666666666666666,"kl_base3_tries":6,"adv1_pct":0.4,"adv2_pct":0.6428571428571429,"adv3_pct":0.5,"adv_home_pct":0.6666666666666666,"money_kl_pct":0.6666666666666666,"money_kl_tries":6,"pos":"2K","teho_plus":76,"adv_plus":85,"runner_plus":90,"out_avoid_plus":78,"adv1_plus":69,"adv2_plus":111,"adv3_plus":78,"adv_home_plus":140,"money_kl_plus":140,"spark_index":85,"run_value":5.249894239456845,"raa":-3.2,"jyk":0.1,"vyk":0.01,"teho_plus_adj":76,"pct_kl_pct":24,"pct_saatto_pct":16,"pct_eten_pct":16,"pct_kunnari_rate":33,"pct_lyoty_rate":52,"pct_palo_rate":11,"pct_tehot_per_turn":39},"proj":{"player_id":13560,"name":"Julianna Mäkelä","as_of":"2026-07-15","age":null,"stats":{"kl_pct":{"rate":0.5272545025262457,"effective_n":60.06074513763289,"observed":0.4850623869550649},"saatto_pct":{"rate":0.5751887064993496,"effective_n":79.56017693596566,"observed":0.5442529781531403},"eten_pct":{"rate":0.5871969048793053,"effective_n":109.17437381597787,"observed":0.5655701598675122},"kunnari_rate":{"rate":0.0037264428163771377,"effective_n":63.753192106561535,"observed":0.0},"lyoty_rate":{"rate":0.08169687707897282,"effective_n":60.89237146146588,"observed":0.06017402477673724},"haava_rate":{"rate":0.3603470795126025,"effective_n":56.3762597543912,"observed":0.33210095783399063},"palo_rate":{"rate":0.3944253374032033,"effective_n":58.50027541875459,"observed":0.4793602581745347}},"teho_plus_proj":121},"translation":{"wrc_plus":93,"tier":"league-average regular","rows":[{"pesis_label":"Kärkilyönti-% (advance the lead runner)","pesis_value":0.48484848484848486,"percentile":24,"mlb_stat":"AVG","mlb_value":"0.202"},{"pesis_label":"Kärkilyönnit per turn (base hits)","pesis_value":0.47761194029850745,"percentile":29,"mlb_stat":"H / 600 PA","mlb_value":"138"},{"pesis_label":"Lyödyt per turn (runs batted home)","pesis_value":0.05970149253731343,"percentile":52,"mlb_stat":"RBI / 600 PA","mlb_value":"73"},{"pesis_label":"Tuodut per advance (runs scored)","pesis_value":0.056,"percentile":60,"mlb_stat":"R / 600 PA","mlb_value":"81"},{"pesis_label":"Palot per turn (burned outs)","pesis_value":0.47761194029850745,"percentile":11,"mlb_stat":"K%","mlb_value":"28.9%"}]},"pitching":null,"career_json":[{"year":2024,"kl_pct":0.6,"teho_plus":82},{"year":2026,"kl_pct":0.48484848484848486,"teho_plus":76}],"pct_stats":["kl_pct","saatto_pct","eten_pct","kunnari_rate","lyoty_rate","palo_rate","tehot_per_turn"],"base_kl":{"player_id":13560,"turns_at_bat":67,"kl_base0":0.4,"kl_base0_tries":40,"kl_base1":0.6428571428571429,"kl_base1_tries":14,"kl_base2":0.5,"kl_base2_tries":6,"kl_base3":0.6666666666666666,"kl_base3_tries":6,"pct_kl_base0":31,"pct_kl_base1":71,"pct_kl_base2":16,"pct_kl_base3":82},"base_keys":["kl_base0","kl_base1","kl_base2","kl_base3"],"comps":[]}