{"player":{"id":13564,"name":"Henni Rajaniemi","born_year":null},"career":[{"year":2025,"season_id":177,"team":"PattU Naiset","age":null,"games":2,"turns_at_bat":9,"vyk":0.01,"spark_index":92,"adv_plus":89,"runner_plus":95,"out_avoid_plus":97,"money_kl_plus":116,"teho_plus":74,"teho_plus_adj":74},{"year":2026,"season_id":178,"team":"SoJy","age":null,"games":10,"turns_at_bat":69,"vyk":0.13,"spark_index":96,"adv_plus":95,"runner_plus":94,"out_avoid_plus":101,"money_kl_plus":66,"teho_plus":63,"teho_plus_adj":62}],"line":{"player_id":13564,"name":"Henni Rajaniemi","born_year":null,"year":2026,"games":10,"team":"SoJy","turns_at_bat":69,"kunnarit":0,"lyodyt":3,"tuodut":10,"karkilyonnit":35,"karki_yritykset":62,"saatot":86,"saatto_yritykset":137,"etenemiset":78,"eteneminen_yritykset":126,"haavat":27,"palot":21,"season_id":178,"tehot":13,"kl_pct":0.5645161290322581,"saatto_pct":0.6277372262773723,"eten_pct":0.6190476190476191,"kunnari_rate":0.0,"lyoty_rate":0.043478260869565216,"tuotu_rate":0.07936507936507936,"haava_rate":0.391304347826087,"palo_rate":0.30434782608695654,"tehot_per_turn":0.18840579710144928,"kl_per_turn":0.5072463768115942,"hr_rbi_per_turn":0.043478260869565216,"kl_base0":0.375,"kl_base0_tries":8,"kl_base1":0.56,"kl_base1_tries":25,"kl_base2":0.7142857142857143,"kl_base2_tries":21,"kl_base3":0.375,"kl_base3_tries":8,"adv1_pct":0.375,"adv2_pct":0.56,"adv3_pct":0.7142857142857143,"adv_home_pct":0.375,"money_kl_pct":0.375,"money_kl_tries":8,"pos":"2V","teho_plus":63,"adv_plus":95,"runner_plus":94,"out_avoid_plus":101,"adv1_plus":67,"adv2_plus":94,"adv3_plus":103,"adv_home_plus":66,"money_kl_plus":66,"spark_index":96,"run_value":7.781444297687445,"raa":-3.0,"jyk":3.0,"vyk":0.13,"teho_plus_adj":62,"pct_kl_pct":36,"pct_saatto_pct":38,"pct_eten_pct":34,"pct_kunnari_rate":28,"pct_lyoty_rate":21,"pct_palo_rate":48,"pct_tehot_per_turn":26},"proj":{"player_id":13564,"name":"Henni Rajaniemi","as_of":"2026-07-20","age":null,"stats":{"kl_pct":{"rate":0.5835021671210665,"effective_n":58.35618777093044,"observed":0.5616674135215213},"saatto_pct":{"rate":0.6356715872445374,"effective_n":124.10910362535678,"observed":0.627694871086972},"eten_pct":{"rate":0.6313912054262102,"effective_n":113.96152359898181,"observed":0.619419484728956},"kunnari_rate":{"rate":0.006640262429555579,"effective_n":68.75127145941931,"observed":0.0},"lyoty_rate":{"rate":0.0938426583251984,"effective_n":65.45672672890791,"observed":0.047314941826266964},"haava_rate":{"rate":0.37480395867910077,"effective_n":60.30472651308131,"observed":0.38332140914076196},"palo_rate":{"rate":0.3079601178096859,"effective_n":62.69365320256924,"observed":0.3075951715433872}},"teho_plus_proj":96},"translation":{"wrc_plus":84,"tier":"bench bat","rows":[{"pesis_label":"Kärkilyönti-% (advance the lead runner)","pesis_value":0.5645161290322581,"percentile":36,"mlb_stat":"AVG","mlb_value":"0.282"},{"pesis_label":"Kärkilyönnit per turn (base hits)","pesis_value":0.5072463768115942,"percentile":34,"mlb_stat":"H / 600 PA","mlb_value":"141"},{"pesis_label":"Lyödyt per turn (runs batted home)","pesis_value":0.043478260869565216,"percentile":21,"mlb_stat":"RBI / 600 PA","mlb_value":"56"},{"pesis_label":"Tuodut per advance (runs scored)","pesis_value":0.07936507936507936,"percentile":56,"mlb_stat":"R / 600 PA","mlb_value":"79"},{"pesis_label":"Palot per turn (burned outs)","pesis_value":0.30434782608695654,"percentile":48,"mlb_stat":"K%","mlb_value":"22.5%"}]},"pitching":null,"career_json":[{"year":2025,"kl_pct":0.5,"teho_plus":74},{"year":2026,"kl_pct":0.5645161290322581,"teho_plus":63}],"pct_stats":["kl_pct","saatto_pct","eten_pct","kunnari_rate","lyoty_rate","palo_rate","tehot_per_turn"],"base_kl":{"player_id":13564,"turns_at_bat":69,"kl_base0":0.375,"kl_base0_tries":8,"kl_base1":0.56,"kl_base1_tries":25,"kl_base2":0.7142857142857143,"kl_base2_tries":21,"kl_base3":0.375,"kl_base3_tries":8,"pct_kl_base0":22,"pct_kl_base1":46,"pct_kl_base2":57,"pct_kl_base3":19},"base_keys":["kl_base0","kl_base1","kl_base2","kl_base3"],"comps":[]}