{"player":{"id":13560,"name":"Julianna Mäkelä","born_year":null},"career":[{"year":2024,"season_id":122,"team":"PattU","age":null,"games":1,"turns_at_bat":6,"vyk":0.0,"spark_index":99,"adv_plus":106,"runner_plus":103,"out_avoid_plus":76,"money_kl_plus":null,"teho_plus":82,"teho_plus_adj":82},{"year":2026,"season_id":130,"team":"HP-K","age":null,"games":14,"turns_at_bat":71,"vyk":-0.09,"spark_index":85,"adv_plus":86,"runner_plus":89,"out_avoid_plus":78,"money_kl_plus":140,"teho_plus":71,"teho_plus_adj":71}],"line":{"player_id":13560,"name":"Julianna Mäkelä","born_year":null,"year":2026,"games":14,"team":"HP-K","turns_at_bat":71,"kunnarit":0,"lyodyt":4,"tuodut":7,"karkilyonnit":34,"karki_yritykset":69,"saatot":53,"saatto_yritykset":95,"etenemiset":76,"eteneminen_yritykset":134,"haavat":24,"palot":34,"season_id":130,"tehot":11,"kl_pct":0.4927536231884058,"saatto_pct":0.5578947368421052,"eten_pct":0.5671641791044776,"kunnari_rate":0.0,"lyoty_rate":0.056338028169014086,"tuotu_rate":0.05223880597014925,"haava_rate":0.3380281690140845,"palo_rate":0.4788732394366197,"tehot_per_turn":0.15492957746478872,"kl_per_turn":0.4788732394366197,"hr_rbi_per_turn":0.056338028169014086,"kl_base0":0.4186046511627907,"kl_base0_tries":43,"kl_base1":0.6428571428571429,"kl_base1_tries":14,"kl_base2":0.5,"kl_base2_tries":6,"kl_base3":0.6666666666666666,"kl_base3_tries":6,"adv1_pct":0.4186046511627907,"adv2_pct":0.6428571428571429,"adv3_pct":0.5,"adv_home_pct":0.6666666666666666,"money_kl_pct":0.6666666666666666,"money_kl_tries":6,"pos":"2K","teho_plus":71,"adv_plus":86,"runner_plus":89,"out_avoid_plus":78,"adv1_plus":73,"adv2_plus":111,"adv3_plus":78,"adv_home_plus":140,"money_kl_plus":140,"spark_index":85,"run_value":6.187587816765302,"raa":-5.6,"jyk":-1.4,"vyk":-0.09,"teho_plus_adj":71,"pct_kl_pct":25,"pct_saatto_pct":20,"pct_eten_pct":16,"pct_kunnari_rate":33,"pct_lyoty_rate":49,"pct_palo_rate":13,"pct_tehot_per_turn":34},"proj":{"player_id":13560,"name":"Julianna Mäkelä","as_of":"2026-07-22","age":null,"stats":{"kl_pct":{"rate":0.5309907059096297,"effective_n":61.801764383135485,"observed":0.493851430537219},"saatto_pct":{"rate":0.5815289017782246,"effective_n":81.34304669756338,"observed":0.5543300058563875},"eten_pct":{"rate":0.585913854287499,"effective_n":115.11793036399314,"observed":0.5647903429200694},"kunnari_rate":{"rate":0.003762951233658772,"effective_n":66.85798486997182,"observed":0.0},"lyoty_rate":{"rate":0.07975943370458864,"effective_n":63.613082948009726,"observed":0.05640162451426676},"haava_rate":{"rate":0.3638748725193711,"effective_n":58.412442782759285,"observed":0.34354095513569477},"palo_rate":{"rate":0.39669021928789416,"effective_n":60.86579328185938,"observed":0.48071124247949343}},"teho_plus_proj":120},"translation":{"wrc_plus":90,"tier":"league-average regular","rows":[{"pesis_label":"Kärkilyönti-% (advance the lead runner)","pesis_value":0.4927536231884058,"percentile":25,"mlb_stat":"AVG","mlb_value":"0.210"},{"pesis_label":"Kärkilyönnit per turn (base hits)","pesis_value":0.4788732394366197,"percentile":29,"mlb_stat":"H / 600 PA","mlb_value":"138"},{"pesis_label":"Lyödyt per turn (runs batted home)","pesis_value":0.056338028169014086,"percentile":49,"mlb_stat":"RBI / 600 PA","mlb_value":"71"},{"pesis_label":"Tuodut per advance (runs scored)","pesis_value":0.05223880597014925,"percentile":55,"mlb_stat":"R / 600 PA","mlb_value":"78"},{"pesis_label":"Palot per turn (burned outs)","pesis_value":0.4788732394366197,"percentile":13,"mlb_stat":"K%","mlb_value":"28.4%"}]},"pitching":null,"career_json":[{"year":2024,"kl_pct":0.6,"teho_plus":82},{"year":2026,"kl_pct":0.4927536231884058,"teho_plus":71}],"pct_stats":["kl_pct","saatto_pct","eten_pct","kunnari_rate","lyoty_rate","palo_rate","tehot_per_turn"],"base_kl":{"player_id":13560,"turns_at_bat":71,"kl_base0":0.4186046511627907,"kl_base0_tries":43,"kl_base1":0.6428571428571429,"kl_base1_tries":14,"kl_base2":0.5,"kl_base2_tries":6,"kl_base3":0.6666666666666666,"kl_base3_tries":6,"pct_kl_base0":32,"pct_kl_base1":72,"pct_kl_base2":16,"pct_kl_base3":83},"base_keys":["kl_base0","kl_base1","kl_base2","kl_base3"],"comps":[]}