{"player":{"id":13574,"name":"Nooa  Ojajärvi ","born_year":null},"career":[{"year":2026,"season_id":156,"team":"SMJ","age":null,"games":6,"turns_at_bat":32,"vyk":0.04,"spark_index":95,"adv_plus":91,"runner_plus":87,"out_avoid_plus":117,"money_kl_plus":0,"teho_plus":27,"teho_plus_adj":27}],"line":{"player_id":13574,"name":"Nooa  Ojajärvi ","born_year":null,"year":2026,"games":6,"team":"SMJ","turns_at_bat":32,"kunnarit":0,"lyodyt":0,"tuodut":2,"karkilyonnit":10,"karki_yritykset":23,"saatot":32,"saatto_yritykset":54,"etenemiset":29,"eteneminen_yritykset":54,"haavat":19,"palot":6,"season_id":156,"tehot":2,"kl_pct":0.43478260869565216,"saatto_pct":0.5925925925925926,"eten_pct":0.5370370370370371,"kunnari_rate":0.0,"lyoty_rate":0.0,"tuotu_rate":0.037037037037037035,"haava_rate":0.59375,"palo_rate":0.1875,"tehot_per_turn":0.0625,"kl_per_turn":0.3125,"hr_rbi_per_turn":0.0,"kl_base0":0.2857142857142857,"kl_base0_tries":7,"kl_base1":0.5,"kl_base1_tries":6,"kl_base2":0.625,"kl_base2_tries":8,"kl_base3":0.0,"kl_base3_tries":2,"adv1_pct":0.2857142857142857,"adv2_pct":0.5,"adv3_pct":0.625,"adv_home_pct":0.0,"money_kl_pct":0.0,"money_kl_tries":2,"pos":"S","teho_plus":27,"adv_plus":91,"runner_plus":87,"out_avoid_plus":117,"adv1_plus":56,"adv2_plus":94,"adv3_plus":100,"adv_home_plus":0,"money_kl_plus":0,"spark_index":95,"run_value":2.2654866795259325,"raa":-1.7,"jyk":0.7,"vyk":0.04,"teho_plus_adj":27,"pct_kl_pct":null,"pct_saatto_pct":null,"pct_eten_pct":null,"pct_kunnari_rate":null,"pct_lyoty_rate":null,"pct_palo_rate":null,"pct_tehot_per_turn":null},"proj":{"player_id":13574,"name":"Nooa  Ojajärvi ","as_of":"2026-07-03","age":null,"stats":{"kl_pct":{"rate":0.5218678056878714,"effective_n":21.366154916609553,"observed":0.44524785348614326},"saatto_pct":{"rate":0.6119908371637854,"effective_n":49.28454875027087,"observed":0.6043864178052916},"eten_pct":{"rate":0.5811724726463199,"effective_n":49.55690116576802,"observed":0.5426896609423835},"kunnari_rate":{"rate":0.007363816657515163,"effective_n":30.512869263888888,"observed":0.0},"lyoty_rate":{"rate":0.07588283758838921,"effective_n":29.80878545282731,"observed":0.0},"haava_rate":{"rate":0.45576026854086216,"effective_n":28.474311292590727,"observed":0.583426123590152},"palo_rate":{"rate":0.2747178637984174,"effective_n":29.129602101271963,"observed":0.1925143686727621}},"teho_plus_proj":110},"translation":null,"pitching":null,"career_json":[{"year":2026,"kl_pct":0.43478260869565216,"teho_plus":27}],"pct_stats":["kl_pct","saatto_pct","eten_pct","kunnari_rate","lyoty_rate","palo_rate","tehot_per_turn"],"base_kl":{"player_id":13574,"turns_at_bat":32,"kl_base0":0.2857142857142857,"kl_base0_tries":7,"kl_base1":0.5,"kl_base1_tries":6,"kl_base2":0.625,"kl_base2_tries":8,"kl_base3":0.0,"kl_base3_tries":2,"pct_kl_base0":null,"pct_kl_base1":null,"pct_kl_base2":null,"pct_kl_base3":null},"base_keys":["kl_base0","kl_base1","kl_base2","kl_base3"],"comps":[]}