{"player":{"id":13582,"name":"Anton Hakaste","born_year":null},"career":[{"year":2026,"season_id":156,"team":"PKS Akatemia","age":null,"games":3,"turns_at_bat":19,"vyk":0.1,"spark_index":97,"adv_plus":89,"runner_plus":99,"out_avoid_plus":114,"money_kl_plus":53,"teho_plus":68,"teho_plus_adj":68}],"line":{"player_id":13582,"name":"Anton Hakaste","born_year":null,"year":2026,"games":3,"team":"PKS Akatemia","turns_at_bat":19,"kunnarit":0,"lyodyt":2,"tuodut":1,"karkilyonnit":10,"karki_yritykset":20,"saatot":25,"saatto_yritykset":46,"etenemiset":19,"eteneminen_yritykset":31,"haavat":8,"palot":4,"season_id":156,"tehot":3,"kl_pct":0.5,"saatto_pct":0.5434782608695652,"eten_pct":0.6129032258064516,"kunnari_rate":0.0,"lyoty_rate":0.10526315789473684,"tuotu_rate":0.03225806451612903,"haava_rate":0.42105263157894735,"palo_rate":0.21052631578947367,"tehot_per_turn":0.15789473684210525,"kl_per_turn":0.5263157894736842,"hr_rbi_per_turn":0.10526315789473684,"kl_base0":0.5,"kl_base0_tries":2,"kl_base1":0.25,"kl_base1_tries":4,"kl_base2":0.8571428571428571,"kl_base2_tries":7,"kl_base3":0.2857142857142857,"kl_base3_tries":7,"adv1_pct":0.5,"adv2_pct":0.25,"adv3_pct":0.8571428571428571,"adv_home_pct":0.2857142857142857,"money_kl_pct":0.2857142857142857,"money_kl_tries":7,"pos":"3K","teho_plus":68,"adv_plus":89,"runner_plus":99,"out_avoid_plus":114,"adv1_plus":98,"adv2_plus":47,"adv3_plus":137,"adv_home_plus":53,"money_kl_plus":53,"spark_index":97,"run_value":2.56290765765515,"raa":0.3,"jyk":1.7,"vyk":0.1,"teho_plus_adj":68,"pct_kl_pct":null,"pct_saatto_pct":null,"pct_eten_pct":null,"pct_kunnari_rate":null,"pct_lyoty_rate":null,"pct_palo_rate":null,"pct_tehot_per_turn":null},"proj":{"player_id":13582,"name":"Anton Hakaste","as_of":"2026-07-23","age":null,"stats":{"kl_pct":{"rate":0.5404376273378567,"effective_n":18.98755674022169,"observed":0.5130941414476424},"saatto_pct":{"rate":0.5882730714059872,"effective_n":43.42033126886594,"observed":0.5579232853800818},"eten_pct":{"rate":0.6212412542402281,"effective_n":29.502078492472563,"observed":0.6247046301380498},"kunnari_rate":{"rate":0.007971201320333075,"effective_n":18.253154743064883,"observed":0.0},"lyoty_rate":{"rate":0.10528753836406644,"effective_n":17.9020284550759,"observed":0.11138402583840301},"haava_rate":{"rate":0.42067632014093675,"effective_n":17.241008024393892,"observed":0.42763774122575526},"palo_rate":{"rate":0.2866897069110446,"effective_n":17.564859713301963,"observed":0.20399406908112497}},"teho_plus_proj":128},"translation":null,"pitching":null,"career_json":[{"year":2026,"kl_pct":0.5,"teho_plus":68}],"pct_stats":["kl_pct","saatto_pct","eten_pct","kunnari_rate","lyoty_rate","palo_rate","tehot_per_turn"],"base_kl":{"player_id":13582,"turns_at_bat":19,"kl_base0":0.5,"kl_base0_tries":2,"kl_base1":0.25,"kl_base1_tries":4,"kl_base2":0.8571428571428571,"kl_base2_tries":7,"kl_base3":0.2857142857142857,"kl_base3_tries":7,"pct_kl_base0":null,"pct_kl_base1":null,"pct_kl_base2":null,"pct_kl_base3":null},"base_keys":["kl_base0","kl_base1","kl_base2","kl_base3"],"comps":[]}