{"player":{"id":13662,"name":"Aiju Kuutti","born_year":null},"career":[{"year":2026,"season_id":178,"team":"Manse PP","age":null,"games":4,"turns_at_bat":25,"vyk":0.25,"spark_index":114,"adv_plus":116,"runner_plus":115,"out_avoid_plus":110,"money_kl_plus":116,"teho_plus":106,"teho_plus_adj":103}],"line":{"player_id":13662,"name":"Aiju Kuutti","born_year":null,"year":2026,"games":4,"team":"Manse PP","turns_at_bat":25,"kunnarit":1,"lyodyt":3,"tuodut":4,"karkilyonnit":20,"karki_yritykset":29,"saatot":42,"saatto_yritykset":54,"etenemiset":37,"eteneminen_yritykset":49,"haavat":6,"palot":6,"season_id":178,"tehot":8,"kl_pct":0.6896551724137931,"saatto_pct":0.7777777777777778,"eten_pct":0.7551020408163265,"kunnari_rate":0.04,"lyoty_rate":0.12,"tuotu_rate":0.08163265306122448,"haava_rate":0.24,"palo_rate":0.24,"tehot_per_turn":0.32,"kl_per_turn":0.8,"hr_rbi_per_turn":0.16,"kl_base0":0.6666666666666666,"kl_base0_tries":6,"kl_base1":0.9,"kl_base1_tries":10,"kl_base2":0.42857142857142855,"kl_base2_tries":7,"kl_base3":0.6666666666666666,"kl_base3_tries":6,"adv1_pct":0.6666666666666666,"adv2_pct":0.9,"adv3_pct":0.42857142857142855,"adv_home_pct":0.6666666666666666,"money_kl_pct":0.6666666666666666,"money_kl_tries":6,"pos":"2P","teho_plus":106,"adv_plus":116,"runner_plus":115,"out_avoid_plus":110,"adv1_plus":119,"adv2_plus":152,"adv3_plus":62,"adv_home_plus":116,"money_kl_plus":116,"spark_index":114,"run_value":7.534753682143074,"raa":3.6,"jyk":5.8,"vyk":0.25,"teho_plus_adj":103,"pct_kl_pct":null,"pct_saatto_pct":null,"pct_eten_pct":null,"pct_kunnari_rate":null,"pct_lyoty_rate":null,"pct_palo_rate":null,"pct_tehot_per_turn":null},"proj":{"player_id":13662,"name":"Aiju Kuutti","as_of":"2026-07-21","age":null,"stats":{"kl_pct":{"rate":0.6334353718916014,"effective_n":28.208881468943794,"observed":0.6944728613482685},"saatto_pct":{"rate":0.7274613924010163,"effective_n":51.656349609825604,"observed":0.7793738704279136},"eten_pct":{"rate":0.7051626256830479,"effective_n":46.904294553525844,"observed":0.754715774370296},"kunnari_rate":{"rate":0.015592904079616887,"effective_n":24.383494242474896,"observed":0.04092932662052722},"lyoty_rate":{"rate":0.13012570311799176,"effective_n":24.083700342625704,"observed":0.12419187904884507},"haava_rate":{"rate":0.3452601596554232,"effective_n":23.500503898553262,"observed":0.24140122147159948},"palo_rate":{"rate":0.29317228108283766,"effective_n":23.789404682641916,"observed":0.24248136347090327}},"teho_plus_proj":119},"translation":null,"pitching":null,"career_json":[{"year":2026,"kl_pct":0.6896551724137931,"teho_plus":106}],"pct_stats":["kl_pct","saatto_pct","eten_pct","kunnari_rate","lyoty_rate","palo_rate","tehot_per_turn"],"base_kl":{"player_id":13662,"turns_at_bat":25,"kl_base0":0.6666666666666666,"kl_base0_tries":6,"kl_base1":0.9,"kl_base1_tries":10,"kl_base2":0.42857142857142855,"kl_base2_tries":7,"kl_base3":0.6666666666666666,"kl_base3_tries":6,"pct_kl_base0":null,"pct_kl_base1":null,"pct_kl_base2":null,"pct_kl_base3":null},"base_keys":["kl_base0","kl_base1","kl_base2","kl_base3"],"comps":[]}