{"player":{"id":13668,"name":"Peppi Keski-Korsu","born_year":null},"career":[{"year":2026,"season_id":128,"team":"Lippo Naiset","age":null,"games":15,"turns_at_bat":60,"vyk":0.35,"spark_index":92,"adv_plus":86,"runner_plus":90,"out_avoid_plus":111,"money_kl_plus":110,"teho_plus":148,"teho_plus_adj":150}],"line":{"player_id":13668,"name":"Peppi Keski-Korsu","born_year":null,"year":2026,"games":15,"team":"Lippo Naiset","turns_at_bat":60,"kunnarit":0,"lyodyt":15,"tuodut":0,"karkilyonnit":30,"karki_yritykset":63,"saatot":70,"saatto_yritykset":141,"etenemiset":45,"eteneminen_yritykset":84,"haavat":23,"palot":16,"season_id":128,"tehot":15,"kl_pct":0.47619047619047616,"saatto_pct":0.49645390070921985,"eten_pct":0.5357142857142857,"kunnari_rate":0.0,"lyoty_rate":0.25,"tuotu_rate":0.0,"haava_rate":0.38333333333333336,"palo_rate":0.26666666666666666,"tehot_per_turn":0.25,"kl_per_turn":0.5,"hr_rbi_per_turn":0.25,"kl_base0":0.3333333333333333,"kl_base0_tries":9,"kl_base1":0.42857142857142855,"kl_base1_tries":7,"kl_base2":0.5625,"kl_base2_tries":16,"kl_base3":0.4838709677419355,"kl_base3_tries":31,"adv1_pct":0.3333333333333333,"adv2_pct":0.42857142857142855,"adv3_pct":0.5625,"adv_home_pct":0.4838709677419355,"money_kl_pct":0.4838709677419355,"money_kl_tries":31,"pos":"3V","teho_plus":148,"adv_plus":86,"runner_plus":90,"out_avoid_plus":111,"adv1_plus":66,"adv2_plus":78,"adv3_plus":93,"adv_home_plus":110,"money_kl_plus":110,"spark_index":92,"run_value":7.802178600822231,"raa":1.0,"jyk":4.0,"vyk":0.35,"teho_plus_adj":150,"pct_kl_pct":40,"pct_saatto_pct":24,"pct_eten_pct":31,"pct_kunnari_rate":34,"pct_lyoty_rate":89,"pct_palo_rate":65,"pct_tehot_per_turn":81},"proj":{"player_id":13668,"name":"Peppi Keski-Korsu","as_of":"2026-07-06","age":null,"stats":{"kl_pct":{"rate":0.5028046851437247,"effective_n":57.94248052599473,"observed":0.4793062459444359},"saatto_pct":{"rate":0.521728208648162,"effective_n":126.30102300188261,"observed":0.49799958235568237},"eten_pct":{"rate":0.5588232178606289,"effective_n":75.62567695591507,"observed":0.5350408941568324},"kunnari_rate":{"rate":0.0034340185035665297,"effective_n":56.595394683046905,"observed":0.0},"lyoty_rate":{"rate":0.14738848847101357,"effective_n":54.99286424560942,"observed":0.24951992475750856},"haava_rate":{"rate":0.39989000507176853,"effective_n":51.97241777671686,"observed":0.38936543713605004},"palo_rate":{"rate":0.3130667621271617,"effective_n":53.452817115638766,"observed":0.26970891065108227}},"teho_plus_proj":188},"translation":{"wrc_plus":122,"tier":"solid starter","rows":[{"pesis_label":"Kärkilyönti-% (advance the lead runner)","pesis_value":0.47619047619047616,"percentile":40,"mlb_stat":"AVG","mlb_value":"0.234"},{"pesis_label":"Kärkilyönnit per turn (base hits)","pesis_value":0.5,"percentile":52,"mlb_stat":"H / 600 PA","mlb_value":"151"},{"pesis_label":"Lyödyt per turn (runs batted home)","pesis_value":0.25,"percentile":89,"mlb_stat":"RBI / 600 PA","mlb_value":"97"},{"pesis_label":"Tuodut per advance (runs scored)","pesis_value":0.0,"percentile":6,"mlb_stat":"R / 600 PA","mlb_value":"48"},{"pesis_label":"Palot per turn (burned outs)","pesis_value":0.26666666666666666,"percentile":65,"mlb_stat":"K%","mlb_value":"20.1%"}]},"pitching":null,"career_json":[{"year":2026,"kl_pct":0.47619047619047616,"teho_plus":148}],"pct_stats":["kl_pct","saatto_pct","eten_pct","kunnari_rate","lyoty_rate","palo_rate","tehot_per_turn"],"base_kl":{"player_id":13668,"turns_at_bat":60,"kl_base0":0.3333333333333333,"kl_base0_tries":9,"kl_base1":0.42857142857142855,"kl_base1_tries":7,"kl_base2":0.5625,"kl_base2_tries":16,"kl_base3":0.4838709677419355,"kl_base3_tries":31,"pct_kl_base0":27,"pct_kl_base1":31,"pct_kl_base2":50,"pct_kl_base3":56},"base_keys":["kl_base0","kl_base1","kl_base2","kl_base3"],"comps":[]}