{"player":{"id":13694,"name":"Enni Jokela","born_year":null},"career":[{"year":2025,"season_id":177,"team":"Fera","age":null,"games":2,"turns_at_bat":6,"vyk":-0.04,"spark_index":61,"adv_plus":52,"runner_plus":51,"out_avoid_plus":97,"money_kl_plus":0,"teho_plus":0,"teho_plus_adj":0},{"year":2026,"season_id":178,"team":"Fera","age":null,"games":6,"turns_at_bat":27,"vyk":-0.09,"spark_index":69,"adv_plus":61,"runner_plus":64,"out_avoid_plus":96,"money_kl_plus":58,"teho_plus":25,"teho_plus_adj":25}],"line":{"player_id":13694,"name":"Enni Jokela","born_year":null,"year":2026,"games":6,"team":"Fera","turns_at_bat":27,"kunnarit":0,"lyodyt":1,"tuodut":1,"karkilyonnit":9,"karki_yritykset":26,"saatot":17,"saatto_yritykset":40,"etenemiset":14,"eteneminen_yritykset":33,"haavat":10,"palot":9,"season_id":178,"tehot":2,"kl_pct":0.34615384615384615,"saatto_pct":0.425,"eten_pct":0.42424242424242425,"kunnari_rate":0.0,"lyoty_rate":0.037037037037037035,"tuotu_rate":0.030303030303030304,"haava_rate":0.37037037037037035,"palo_rate":0.3333333333333333,"tehot_per_turn":0.07407407407407407,"kl_per_turn":0.3333333333333333,"hr_rbi_per_turn":0.037037037037037035,"kl_base0":0.2,"kl_base0_tries":10,"kl_base1":0.4444444444444444,"kl_base1_tries":9,"kl_base2":0.5,"kl_base2_tries":4,"kl_base3":0.3333333333333333,"kl_base3_tries":3,"adv1_pct":0.2,"adv2_pct":0.4444444444444444,"adv3_pct":0.5,"adv_home_pct":0.3333333333333333,"money_kl_pct":0.3333333333333333,"money_kl_tries":3,"pos":"3V","teho_plus":25,"adv_plus":61,"runner_plus":64,"out_avoid_plus":96,"adv1_plus":36,"adv2_plus":75,"adv3_plus":72,"adv_home_plus":58,"money_kl_plus":58,"spark_index":69,"run_value":0.007674391532445646,"raa":-4.3,"jyk":-2.0,"vyk":-0.09,"teho_plus_adj":25,"pct_kl_pct":null,"pct_saatto_pct":null,"pct_eten_pct":null,"pct_kunnari_rate":null,"pct_lyoty_rate":null,"pct_palo_rate":null,"pct_tehot_per_turn":null},"proj":{"player_id":13694,"name":"Enni Jokela","as_of":"2026-07-17","age":null,"stats":{"kl_pct":{"rate":0.5287039310526207,"effective_n":24.764569448774473,"observed":0.3448079863306272},"saatto_pct":{"rate":0.547374750418974,"effective_n":37.19611839859428,"observed":0.4259917883775198},"eten_pct":{"rate":0.5690048771232619,"effective_n":31.37162130678317,"observed":0.4263514557825891},"kunnari_rate":{"rate":0.008463948452355421,"effective_n":27.97323058714383,"observed":0.0},"lyoty_rate":{"rate":0.106952531790275,"effective_n":26.32317874584099,"observed":0.03162760630824935},"haava_rate":{"rate":0.37518196363453965,"effective_n":23.94829160292882,"observed":0.3978554904366459},"palo_rate":{"rate":0.31133552273194043,"effective_n":25.01608786077429,"observed":0.3210831310585334}},"teho_plus_proj":95},"translation":null,"pitching":null,"career_json":[{"year":2025,"kl_pct":0.25,"teho_plus":0},{"year":2026,"kl_pct":0.34615384615384615,"teho_plus":25}],"pct_stats":["kl_pct","saatto_pct","eten_pct","kunnari_rate","lyoty_rate","palo_rate","tehot_per_turn"],"base_kl":{"player_id":13694,"turns_at_bat":27,"kl_base0":0.2,"kl_base0_tries":10,"kl_base1":0.4444444444444444,"kl_base1_tries":9,"kl_base2":0.5,"kl_base2_tries":4,"kl_base3":0.3333333333333333,"kl_base3_tries":3,"pct_kl_base0":null,"pct_kl_base1":null,"pct_kl_base2":null,"pct_kl_base3":null},"base_keys":["kl_base0","kl_base1","kl_base2","kl_base3"],"comps":[]}