{"player":{"id":13692,"name":"Minea Kastola","born_year":null},"career":[{"year":2026,"season_id":178,"team":"Fera","age":null,"games":8,"turns_at_bat":38,"vyk":-0.17,"spark_index":64,"adv_plus":57,"runner_plus":63,"out_avoid_plus":84,"money_kl_plus":0,"teho_plus":9,"teho_plus_adj":9}],"line":{"player_id":13692,"name":"Minea Kastola","born_year":null,"year":2026,"games":8,"team":"Fera","turns_at_bat":38,"kunnarit":0,"lyodyt":0,"tuodut":1,"karkilyonnit":11,"karki_yritykset":39,"saatot":25,"saatto_yritykset":60,"etenemiset":21,"eteneminen_yritykset":51,"haavat":14,"palot":16,"season_id":178,"tehot":1,"kl_pct":0.28205128205128205,"saatto_pct":0.4166666666666667,"eten_pct":0.4117647058823529,"kunnari_rate":0.0,"lyoty_rate":0.0,"tuotu_rate":0.0196078431372549,"haava_rate":0.3684210526315789,"palo_rate":0.42105263157894735,"tehot_per_turn":0.02631578947368421,"kl_per_turn":0.2894736842105263,"hr_rbi_per_turn":0.0,"kl_base0":0.125,"kl_base0_tries":16,"kl_base1":0.3333333333333333,"kl_base1_tries":18,"kl_base2":0.75,"kl_base2_tries":4,"kl_base3":0.0,"kl_base3_tries":1,"adv1_pct":0.125,"adv2_pct":0.3333333333333333,"adv3_pct":0.75,"adv_home_pct":0.0,"money_kl_pct":0.0,"money_kl_tries":1,"pos":"3V","teho_plus":9,"adv_plus":57,"runner_plus":63,"out_avoid_plus":84,"adv1_plus":22,"adv2_plus":56,"adv3_plus":108,"adv_home_plus":0,"money_kl_plus":0,"spark_index":64,"run_value":-1.1370551363409958,"raa":-7.1,"jyk":-3.8,"vyk":-0.17,"teho_plus_adj":9,"pct_kl_pct":null,"pct_saatto_pct":null,"pct_eten_pct":null,"pct_kunnari_rate":null,"pct_lyoty_rate":null,"pct_palo_rate":null,"pct_tehot_per_turn":null},"proj":{"player_id":13692,"name":"Minea Kastola","as_of":"2026-07-08","age":null,"stats":{"kl_pct":{"rate":0.4852374918242833,"effective_n":34.507285351623715,"observed":0.2773830442285576},"saatto_pct":{"rate":0.5213272113219163,"effective_n":51.1707664494205,"observed":0.4126524569598095},"eten_pct":{"rate":0.5453638263456498,"effective_n":42.734583640938716,"observed":0.4128740418940231},"kunnari_rate":{"rate":0.008094975934562506,"effective_n":35.04279733761588,"observed":0.0},"lyoty_rate":{"rate":0.0927882320126622,"effective_n":33.67545323026197,"observed":0.0},"haava_rate":{"rate":0.36725789922660285,"effective_n":31.14359740788278,"observed":0.35960540002164176},"palo_rate":{"rate":0.3386689792586745,"effective_n":32.37695805536728,"observed":0.41368017564184584}},"teho_plus_proj":88},"translation":null,"pitching":null,"career_json":[{"year":2026,"kl_pct":0.28205128205128205,"teho_plus":9}],"pct_stats":["kl_pct","saatto_pct","eten_pct","kunnari_rate","lyoty_rate","palo_rate","tehot_per_turn"],"base_kl":{"player_id":13692,"turns_at_bat":38,"kl_base0":0.125,"kl_base0_tries":16,"kl_base1":0.3333333333333333,"kl_base1_tries":18,"kl_base2":0.75,"kl_base2_tries":4,"kl_base3":0.0,"kl_base3_tries":1,"pct_kl_base0":null,"pct_kl_base1":null,"pct_kl_base2":null,"pct_kl_base3":null},"base_keys":["kl_base0","kl_base1","kl_base2","kl_base3"],"comps":[]}