{"player":{"id":13695,"name":"Saranna Isosalo","born_year":null},"career":[{"year":2025,"season_id":177,"team":"EuVe","age":null,"games":12,"turns_at_bat":77,"vyk":0.07,"spark_index":93,"adv_plus":92,"runner_plus":100,"out_avoid_plus":85,"money_kl_plus":97,"teho_plus":91,"teho_plus_adj":93},{"year":2026,"season_id":178,"team":"EuVe","age":null,"games":10,"turns_at_bat":77,"vyk":0.62,"spark_index":106,"adv_plus":106,"runner_plus":108,"out_avoid_plus":101,"money_kl_plus":111,"teho_plus":142,"teho_plus_adj":144}],"line":{"player_id":13695,"name":"Saranna Isosalo","born_year":null,"year":2026,"games":10,"team":"EuVe","turns_at_bat":77,"kunnarit":2,"lyodyt":12,"tuodut":19,"karkilyonnit":60,"karki_yritykset":91,"saatot":126,"saatto_yritykset":182,"etenemiset":115,"eteneminen_yritykset":162,"haavat":24,"palot":23,"season_id":178,"tehot":33,"kl_pct":0.6593406593406593,"saatto_pct":0.6923076923076923,"eten_pct":0.7098765432098766,"kunnari_rate":0.025974025974025976,"lyoty_rate":0.15584415584415584,"tuotu_rate":0.11728395061728394,"haava_rate":0.3116883116883117,"palo_rate":0.2987012987012987,"tehot_per_turn":0.42857142857142855,"kl_per_turn":0.7792207792207793,"hr_rbi_per_turn":0.18181818181818182,"kl_base0":0.6842105263157895,"kl_base0_tries":19,"kl_base1":0.5789473684210527,"kl_base1_tries":19,"kl_base2":0.7096774193548387,"kl_base2_tries":31,"kl_base3":0.6363636363636364,"kl_base3_tries":22,"adv1_pct":0.6842105263157895,"adv2_pct":0.5789473684210527,"adv3_pct":0.7096774193548387,"adv_home_pct":0.6363636363636364,"money_kl_pct":0.6363636363636364,"money_kl_tries":22,"pos":"L","teho_plus":142,"adv_plus":106,"runner_plus":108,"out_avoid_plus":101,"adv1_plus":122,"adv2_plus":98,"adv3_plus":103,"adv_home_plus":111,"money_kl_plus":111,"spark_index":106,"run_value":19.623214542560817,"raa":7.6,"jyk":14.2,"vyk":0.62,"teho_plus_adj":144,"pct_kl_pct":70,"pct_saatto_pct":65,"pct_eten_pct":77,"pct_kunnari_rate":86,"pct_lyoty_rate":71,"pct_palo_rate":51,"pct_tehot_per_turn":82},"proj":{"player_id":13695,"name":"Saranna Isosalo","as_of":"2026-07-17","age":null,"stats":{"kl_pct":{"rate":0.6227113076915218,"effective_n":100.72877032427272,"observed":0.6334168434562168},"saatto_pct":{"rate":0.6809537593701154,"effective_n":181.9619933269264,"observed":0.6854673601381512},"eten_pct":{"rate":0.691042558229899,"effective_n":171.04632484722683,"observed":0.7005034578479952},"kunnari_rate":{"rate":0.015452277876863426,"effective_n":107.43094494687287,"observed":0.021045781397827052},"lyoty_rate":{"rate":0.1386806721995089,"effective_n":93.48778344279278,"observed":0.1444727561040923},"haava_rate":{"rate":0.3375116963332131,"effective_n":75.64585323910504,"observed":0.29500330259819113},"palo_rate":{"rate":0.31636513991698034,"effective_n":83.27521394002969,"observed":0.3241648431323261}},"teho_plus_proj":120},"translation":{"wrc_plus":123,"tier":"solid starter","rows":[{"pesis_label":"Kärkilyönti-% (advance the lead runner)","pesis_value":0.6593406593406593,"percentile":70,"mlb_stat":"AVG","mlb_value":"0.376"},{"pesis_label":"Kärkilyönnit per turn (base hits)","pesis_value":0.7792207792207793,"percentile":92,"mlb_stat":"H / 600 PA","mlb_value":"181"},{"pesis_label":"Lyödyt per turn (runs batted home)","pesis_value":0.15584415584415584,"percentile":71,"mlb_stat":"RBI / 600 PA","mlb_value":"83"},{"pesis_label":"Tuodut per advance (runs scored)","pesis_value":0.11728395061728394,"percentile":83,"mlb_stat":"R / 600 PA","mlb_value":"93"},{"pesis_label":"Palot per turn (burned outs)","pesis_value":0.2987012987012987,"percentile":51,"mlb_stat":"K%","mlb_value":"22.1%"}]},"pitching":{"era":"3.53","tier":"mid-rotation starter","games":6,"rows":[{"pesis":"Päästetyt juoksut / ottelu (LRA)","arvo":"7.67","pctile":70,"mlb":"ERA","kaannos":"3.53"},{"pesis":"LRA- (sarjaindeksi, 100 = ka.)","arvo":"69","pctile":null,"mlb":"ERA-","kaannos":"69"},{"pesis":"Estetyt juoksut (kausi)","arvo":"20.5","pctile":null,"mlb":"Runs saved","kaannos":"20.5"}]},"career_json":[{"year":2025,"kl_pct":0.53125,"teho_plus":91},{"year":2026,"kl_pct":0.6593406593406593,"teho_plus":142}],"pct_stats":["kl_pct","saatto_pct","eten_pct","kunnari_rate","lyoty_rate","palo_rate","tehot_per_turn"],"base_kl":{"player_id":13695,"turns_at_bat":77,"kl_base0":0.6842105263157895,"kl_base0_tries":19,"kl_base1":0.5789473684210527,"kl_base1_tries":19,"kl_base2":0.7096774193548387,"kl_base2_tries":31,"kl_base3":0.6363636363636364,"kl_base3_tries":22,"pct_kl_base0":77,"pct_kl_base1":50,"pct_kl_base2":56,"pct_kl_base3":68},"base_keys":["kl_base0","kl_base1","kl_base2","kl_base3"],"comps":[]}