{"player":{"id":13719,"name":"Seria Kontio","born_year":null},"career":[{"year":2026,"season_id":128,"team":"Virkiä","age":null,"games":18,"turns_at_bat":99,"vyk":0.68,"spark_index":98,"adv_plus":90,"runner_plus":97,"out_avoid_plus":118,"money_kl_plus":141,"teho_plus":118,"teho_plus_adj":118}],"line":{"player_id":13719,"name":"Seria Kontio","born_year":null,"year":2026,"games":18,"team":"Virkiä","turns_at_bat":99,"kunnarit":2,"lyodyt":8,"tuodut":10,"karkilyonnit":43,"karki_yritykset":96,"saatot":103,"saatto_yritykset":188,"etenemiset":97,"eteneminen_yritykset":168,"haavat":49,"palot":22,"season_id":128,"tehot":20,"kl_pct":0.4479166666666667,"saatto_pct":0.5478723404255319,"eten_pct":0.5773809523809523,"kunnari_rate":0.020202020202020204,"lyoty_rate":0.08080808080808081,"tuotu_rate":0.05952380952380952,"haava_rate":0.494949494949495,"palo_rate":0.2222222222222222,"tehot_per_turn":0.20202020202020202,"kl_per_turn":0.43434343434343436,"hr_rbi_per_turn":0.10101010101010101,"kl_base0":0.3333333333333333,"kl_base0_tries":30,"kl_base1":0.4074074074074074,"kl_base1_tries":27,"kl_base2":0.5217391304347826,"kl_base2_tries":23,"kl_base3":0.625,"kl_base3_tries":16,"adv1_pct":0.3333333333333333,"adv2_pct":0.4074074074074074,"adv3_pct":0.5217391304347826,"adv_home_pct":0.625,"money_kl_pct":0.625,"money_kl_tries":16,"pos":"3P","teho_plus":118,"adv_plus":90,"runner_plus":97,"out_avoid_plus":118,"adv1_plus":66,"adv2_plus":73,"adv3_plus":87,"adv_home_plus":141,"money_kl_plus":141,"spark_index":98,"run_value":10.19708981231697,"raa":2.6,"jyk":7.9,"vyk":0.68,"teho_plus_adj":118,"pct_kl_pct":27,"pct_saatto_pct":38,"pct_eten_pct":48,"pct_kunnari_rate":94,"pct_lyoty_rate":70,"pct_palo_rate":81,"pct_tehot_per_turn":70},"proj":{"player_id":13719,"name":"Seria Kontio","as_of":"2026-07-15","age":null,"stats":{"kl_pct":{"rate":0.47989306016344446,"effective_n":86.78042505835398,"observed":0.4473899482563989},"saatto_pct":{"rate":0.5554356318552404,"effective_n":165.981860981335,"observed":0.5449557019095245},"eten_pct":{"rate":0.5817165410350947,"effective_n":148.87582709622652,"observed":0.5765446438156409},"kunnari_rate":{"rate":0.011536515031589856,"effective_n":92.97637941823321,"observed":0.019739726610139122},"lyoty_rate":{"rate":0.08001833502778014,"effective_n":90.15087749495001,"observed":0.08146219036248005},"haava_rate":{"rate":0.4451843049812598,"effective_n":84.84436218723697,"observed":0.4921730860132237},"palo_rate":{"rate":0.282187111602606,"effective_n":87.44198855008557,"observed":0.2281595063234633}},"teho_plus_proj":155},"translation":{"wrc_plus":113,"tier":"solid starter","rows":[{"pesis_label":"Kärkilyönti-% (advance the lead runner)","pesis_value":0.4479166666666667,"percentile":27,"mlb_stat":"AVG","mlb_value":"0.165"},{"pesis_label":"Kärkilyönnit per turn (base hits)","pesis_value":0.43434343434343436,"percentile":38,"mlb_stat":"H / 600 PA","mlb_value":"143"},{"pesis_label":"Lyödyt per turn (runs batted home)","pesis_value":0.08080808080808081,"percentile":70,"mlb_stat":"RBI / 600 PA","mlb_value":"82"},{"pesis_label":"Tuodut per advance (runs scored)","pesis_value":0.05952380952380952,"percentile":77,"mlb_stat":"R / 600 PA","mlb_value":"89"},{"pesis_label":"Palot per turn (burned outs)","pesis_value":0.2222222222222222,"percentile":81,"mlb_stat":"K%","mlb_value":"17.4%"}]},"pitching":null,"career_json":[{"year":2026,"kl_pct":0.4479166666666667,"teho_plus":118}],"pct_stats":["kl_pct","saatto_pct","eten_pct","kunnari_rate","lyoty_rate","palo_rate","tehot_per_turn"],"base_kl":{"player_id":13719,"turns_at_bat":99,"kl_base0":0.3333333333333333,"kl_base0_tries":30,"kl_base1":0.4074074074074074,"kl_base1_tries":27,"kl_base2":0.5217391304347826,"kl_base2_tries":23,"kl_base3":0.625,"kl_base3_tries":16,"pct_kl_base0":26,"pct_kl_base1":25,"pct_kl_base2":41,"pct_kl_base3":81},"base_keys":["kl_base0","kl_base1","kl_base2","kl_base3"],"comps":[]}