{"player":{"id":13755,"name":"Reino Saarinen","born_year":null},"career":[{"year":2025,"season_id":125,"team":"KPL","age":null,"games":1,"turns_at_bat":6,"vyk":-0.01,"spark_index":64,"adv_plus":19,"runner_plus":83,"out_avoid_plus":149,"money_kl_plus":null,"teho_plus":92,"teho_plus_adj":91},{"year":2026,"season_id":129,"team":"UPV","age":null,"games":11,"turns_at_bat":75,"vyk":-0.02,"spark_index":84,"adv_plus":74,"runner_plus":79,"out_avoid_plus":115,"money_kl_plus":0,"teho_plus":39,"teho_plus_adj":38}],"line":{"player_id":13755,"name":"Reino Saarinen","born_year":null,"year":2026,"games":11,"team":"UPV","turns_at_bat":75,"kunnarit":0,"lyodyt":0,"tuodut":5,"karkilyonnit":23,"karki_yritykset":65,"saatot":46,"saatto_yritykset":100,"etenemiset":53,"eteneminen_yritykset":114,"haavat":44,"palot":17,"season_id":129,"tehot":5,"kl_pct":0.35384615384615387,"saatto_pct":0.46,"eten_pct":0.4649122807017544,"kunnari_rate":0.0,"lyoty_rate":0.0,"tuotu_rate":0.043859649122807015,"haava_rate":0.5866666666666667,"palo_rate":0.22666666666666666,"tehot_per_turn":0.06666666666666667,"kl_per_turn":0.30666666666666664,"hr_rbi_per_turn":0.0,"kl_base0":0.2926829268292683,"kl_base0_tries":41,"kl_base1":0.5,"kl_base1_tries":14,"kl_base2":0.5,"kl_base2_tries":8,"kl_base3":0.0,"kl_base3_tries":2,"adv1_pct":0.2926829268292683,"adv2_pct":0.5,"adv3_pct":0.5,"adv_home_pct":0.0,"money_kl_pct":0.0,"money_kl_tries":2,"pos":"2K","teho_plus":39,"adv_plus":74,"runner_plus":79,"out_avoid_plus":115,"adv1_plus":61,"adv2_plus":91,"adv3_plus":87,"adv_home_plus":0,"money_kl_plus":0,"spark_index":84,"run_value":0.8994850753721902,"raa":-4.4,"jyk":-0.3,"vyk":-0.02,"teho_plus_adj":38,"pct_kl_pct":4,"pct_saatto_pct":5,"pct_eten_pct":5,"pct_kunnari_rate":27,"pct_lyoty_rate":9,"pct_palo_rate":79,"pct_tehot_per_turn":12},"proj":{"player_id":13755,"name":"Reino Saarinen","as_of":"2026-07-16","age":null,"stats":{"kl_pct":{"rate":0.42808391188607625,"effective_n":62.28007700531002,"observed":0.3451623930687201},"saatto_pct":{"rate":0.4897409345017709,"effective_n":91.21557165239437,"observed":0.4448875838971164},"eten_pct":{"rate":0.5046713629987183,"effective_n":104.16041610462213,"observed":0.4635675585191873},"kunnari_rate":{"rate":0.004481119119892762,"effective_n":74.06555294565086,"observed":0.0},"lyoty_rate":{"rate":0.04082755133875645,"effective_n":71.31944885350626,"observed":0.0},"haava_rate":{"rate":0.48929837180617836,"effective_n":66.72030432741849,"observed":0.5846472856315835},"palo_rate":{"rate":0.28041936286099334,"effective_n":68.89668497055179,"observed":0.22517208431491567}},"teho_plus_proj":114},"translation":{"wrc_plus":71,"tier":"replacement level","rows":[{"pesis_label":"Kärkilyönti-% (advance the lead runner)","pesis_value":0.35384615384615387,"percentile":4,"mlb_stat":"AVG","mlb_value":"0.071"},{"pesis_label":"Kärkilyönnit per turn (base hits)","pesis_value":0.30666666666666664,"percentile":4,"mlb_stat":"H / 600 PA","mlb_value":"111"},{"pesis_label":"Lyödyt per turn (runs batted home)","pesis_value":0.0,"percentile":9,"mlb_stat":"RBI / 600 PA","mlb_value":"45"},{"pesis_label":"Tuodut per advance (runs scored)","pesis_value":0.043859649122807015,"percentile":54,"mlb_stat":"R / 600 PA","mlb_value":"78"},{"pesis_label":"Palot per turn (burned outs)","pesis_value":0.22666666666666666,"percentile":79,"mlb_stat":"K%","mlb_value":"17.8%"}]},"pitching":null,"career_json":[{"year":2025,"kl_pct":0.14285714285714285,"teho_plus":92},{"year":2026,"kl_pct":0.35384615384615387,"teho_plus":39}],"pct_stats":["kl_pct","saatto_pct","eten_pct","kunnari_rate","lyoty_rate","palo_rate","tehot_per_turn"],"base_kl":{"player_id":13755,"turns_at_bat":75,"kl_base0":0.2926829268292683,"kl_base0_tries":41,"kl_base1":0.5,"kl_base1_tries":14,"kl_base2":0.5,"kl_base2_tries":8,"kl_base3":0.0,"kl_base3_tries":2,"pct_kl_base0":17,"pct_kl_base1":40,"pct_kl_base2":37,"pct_kl_base3":5},"base_keys":["kl_base0","kl_base1","kl_base2","kl_base3"],"comps":[]}