{"player":{"id":13755,"name":"Reino Saarinen","born_year":null},"career":[{"year":2025,"season_id":125,"team":"KPL","age":null,"games":1,"turns_at_bat":6,"vyk":-0.01,"spark_index":64,"adv_plus":19,"runner_plus":83,"out_avoid_plus":149,"money_kl_plus":null,"teho_plus":92,"teho_plus_adj":91},{"year":2026,"season_id":129,"team":"UPV","age":null,"games":9,"turns_at_bat":62,"vyk":-0.0,"spark_index":85,"adv_plus":73,"runner_plus":81,"out_avoid_plus":120,"money_kl_plus":0,"teho_plus":47,"teho_plus_adj":46}],"line":{"player_id":13755,"name":"Reino Saarinen","born_year":null,"year":2026,"games":9,"team":"UPV","turns_at_bat":62,"kunnarit":0,"lyodyt":0,"tuodut":5,"karkilyonnit":18,"karki_yritykset":54,"saatot":41,"saatto_yritykset":89,"etenemiset":45,"eteneminen_yritykset":94,"haavat":37,"palot":12,"season_id":129,"tehot":5,"kl_pct":0.3333333333333333,"saatto_pct":0.4606741573033708,"eten_pct":0.4787234042553192,"kunnari_rate":0.0,"lyoty_rate":0.0,"tuotu_rate":0.05319148936170213,"haava_rate":0.5967741935483871,"palo_rate":0.1935483870967742,"tehot_per_turn":0.08064516129032258,"kl_per_turn":0.2903225806451613,"hr_rbi_per_turn":0.0,"kl_base0":0.23333333333333334,"kl_base0_tries":30,"kl_base1":0.5,"kl_base1_tries":14,"kl_base2":0.5,"kl_base2_tries":8,"kl_base3":0.0,"kl_base3_tries":2,"adv1_pct":0.23333333333333334,"adv2_pct":0.5,"adv3_pct":0.5,"adv_home_pct":0.0,"money_kl_pct":0.0,"money_kl_tries":2,"pos":"2K","teho_plus":47,"adv_plus":73,"runner_plus":81,"out_avoid_plus":120,"adv1_plus":49,"adv2_plus":91,"adv3_plus":87,"adv_home_plus":0,"money_kl_plus":0,"spark_index":85,"run_value":2.610639674216178,"raa":-3.3,"jyk":-0.0,"vyk":-0.0,"teho_plus_adj":46,"pct_kl_pct":2,"pct_saatto_pct":5,"pct_eten_pct":8,"pct_kunnari_rate":29,"pct_lyoty_rate":9,"pct_palo_rate":93,"pct_tehot_per_turn":21},"proj":{"player_id":13755,"name":"Reino Saarinen","as_of":"2026-07-11","age":null,"stats":{"kl_pct":{"rate":0.4247300605552316,"effective_n":52.15020192341064,"observed":0.3218749261792385},"saatto_pct":{"rate":0.49222142589179313,"effective_n":81.96501305784419,"observed":0.44352626277875606},"eten_pct":{"rate":0.5194948516843311,"effective_n":86.0749226577835,"observed":0.47844351631580967},"kunnari_rate":{"rate":0.004410703815078914,"effective_n":61.74635194539761,"observed":0.0},"lyoty_rate":{"rate":0.04397828876424663,"effective_n":59.302212172569774,"observed":0.0},"haava_rate":{"rate":0.4854619099199138,"effective_n":55.251606720152694,"observed":0.5964955261502644},"palo_rate":{"rate":0.26974351651136114,"effective_n":57.16201913436614,"observed":0.18800655356390894}},"teho_plus_proj":120},"translation":{"wrc_plus":80,"tier":"bench bat","rows":[{"pesis_label":"Kärkilyönti-% (advance the lead runner)","pesis_value":0.3333333333333333,"percentile":2,"mlb_stat":"AVG","mlb_value":"0.119"},{"pesis_label":"Kärkilyönnit per turn (base hits)","pesis_value":0.2903225806451613,"percentile":3,"mlb_stat":"H / 600 PA","mlb_value":"109"},{"pesis_label":"Lyödyt per turn (runs batted home)","pesis_value":0.0,"percentile":9,"mlb_stat":"RBI / 600 PA","mlb_value":"45"},{"pesis_label":"Tuodut per advance (runs scored)","pesis_value":0.05319148936170213,"percentile":68,"mlb_stat":"R / 600 PA","mlb_value":"84"},{"pesis_label":"Palot per turn (burned outs)","pesis_value":0.1935483870967742,"percentile":93,"mlb_stat":"K%","mlb_value":"14.1%"}]},"pitching":null,"career_json":[{"year":2025,"kl_pct":0.14285714285714285,"teho_plus":92},{"year":2026,"kl_pct":0.3333333333333333,"teho_plus":47}],"pct_stats":["kl_pct","saatto_pct","eten_pct","kunnari_rate","lyoty_rate","palo_rate","tehot_per_turn"],"base_kl":{"player_id":13755,"turns_at_bat":62,"kl_base0":0.23333333333333334,"kl_base0_tries":30,"kl_base1":0.5,"kl_base1_tries":14,"kl_base2":0.5,"kl_base2_tries":8,"kl_base3":0.0,"kl_base3_tries":2,"pct_kl_base0":14,"pct_kl_base1":40,"pct_kl_base2":34,"pct_kl_base3":5},"base_keys":["kl_base0","kl_base1","kl_base2","kl_base3"],"comps":[]}