{"player":{"id":13763,"name":"Petrus Lintula","born_year":null},"career":[{"year":2024,"season_id":154,"team":"JoKo jun.","age":null,"games":10,"turns_at_bat":60,"vyk":0.0,"spark_index":90,"adv_plus":83,"runner_plus":94,"out_avoid_plus":104,"money_kl_plus":0,"teho_plus":46,"teho_plus_adj":46},{"year":2025,"season_id":155,"team":"Manse PP","age":null,"games":3,"turns_at_bat":16,"vyk":0.07,"spark_index":88,"adv_plus":69,"runner_plus":88,"out_avoid_plus":135,"money_kl_plus":0,"teho_plus":0,"teho_plus_adj":0},{"year":2026,"season_id":156,"team":"Manse","age":null,"games":12,"turns_at_bat":71,"vyk":0.25,"spark_index":95,"adv_plus":87,"runner_plus":99,"out_avoid_plus":109,"money_kl_plus":65,"teho_plus":72,"teho_plus_adj":71}],"line":{"player_id":13763,"name":"Petrus Lintula","born_year":null,"year":2026,"games":12,"team":"Manse","turns_at_bat":71,"kunnarit":0,"lyodyt":7,"tuodut":5,"karkilyonnit":29,"karki_yritykset":65,"saatot":90,"saatto_yritykset":163,"etenemiset":86,"eteneminen_yritykset":140,"haavat":37,"palot":17,"season_id":156,"tehot":12,"kl_pct":0.4461538461538462,"saatto_pct":0.5521472392638037,"eten_pct":0.6142857142857143,"kunnari_rate":0.0,"lyoty_rate":0.09859154929577464,"tuotu_rate":0.03571428571428571,"haava_rate":0.5211267605633803,"palo_rate":0.23943661971830985,"tehot_per_turn":0.16901408450704225,"kl_per_turn":0.4084507042253521,"hr_rbi_per_turn":0.09859154929577464,"kl_base0":0.4444444444444444,"kl_base0_tries":9,"kl_base1":0.3888888888888889,"kl_base1_tries":18,"kl_base2":0.6111111111111112,"kl_base2_tries":18,"kl_base3":0.35,"kl_base3_tries":20,"adv1_pct":0.4444444444444444,"adv2_pct":0.3888888888888889,"adv3_pct":0.6111111111111112,"adv_home_pct":0.35,"money_kl_pct":0.35,"money_kl_tries":20,"pos":"L","teho_plus":72,"adv_plus":87,"runner_plus":99,"out_avoid_plus":109,"adv1_plus":87,"adv2_plus":73,"adv3_plus":98,"adv_home_plus":65,"money_kl_plus":65,"spark_index":95,"run_value":7.934635352318889,"raa":-0.8,"jyk":4.4,"vyk":0.25,"teho_plus_adj":71,"pct_kl_pct":21,"pct_saatto_pct":28,"pct_eten_pct":47,"pct_kunnari_rate":28,"pct_lyoty_rate":63,"pct_palo_rate":71,"pct_tehot_per_turn":38},"proj":{"player_id":13763,"name":"Petrus Lintula","as_of":"2026-07-13","age":null,"stats":{"kl_pct":{"rate":0.4926751467254721,"effective_n":69.51334365072826,"observed":0.4439271923296141},"saatto_pct":{"rate":0.5638479753100893,"effective_n":156.3692293160584,"observed":0.549136034471082},"eten_pct":{"rate":0.614875546247814,"effective_n":137.67601574414218,"observed":0.613263535507101},"kunnari_rate":{"rate":0.005325344987454451,"effective_n":88.12720611845748,"observed":0.0},"lyoty_rate":{"rate":0.09269450638378543,"effective_n":77.0560206694544,"observed":0.08079353208450063},"haava_rate":{"rate":0.4590445025821041,"effective_n":66.44014489119105,"observed":0.5187015173090234},"palo_rate":{"rate":0.27209851010086056,"effective_n":70.57124865708082,"observed":0.23519816541796337}},"teho_plus_proj":121},"translation":{"wrc_plus":92,"tier":"league-average regular","rows":[{"pesis_label":"Kärkilyönti-% (advance the lead runner)","pesis_value":0.4461538461538462,"percentile":21,"mlb_stat":"AVG","mlb_value":"0.163"},{"pesis_label":"Kärkilyönnit per turn (base hits)","pesis_value":0.4084507042253521,"percentile":22,"mlb_stat":"H / 600 PA","mlb_value":"133"},{"pesis_label":"Lyödyt per turn (runs batted home)","pesis_value":0.09859154929577464,"percentile":63,"mlb_stat":"RBI / 600 PA","mlb_value":"79"},{"pesis_label":"Tuodut per advance (runs scored)","pesis_value":0.03571428571428571,"percentile":29,"mlb_stat":"R / 600 PA","mlb_value":"66"},{"pesis_label":"Palot per turn (burned outs)","pesis_value":0.23943661971830985,"percentile":71,"mlb_stat":"K%","mlb_value":"19.2%"}]},"pitching":{"era":"2.42","tier":"ace","games":4,"rows":[{"pesis":"Päästetyt juoksut / ottelu (LRA)","arvo":"3.50","pctile":96,"mlb":"ERA","kaannos":"2.42"},{"pesis":"LRA- (sarjaindeksi, 100 = ka.)","arvo":"41","pctile":null,"mlb":"ERA-","kaannos":"41"},{"pesis":"Estetyt juoksut (kausi)","arvo":"20.0","pctile":null,"mlb":"Runs saved","kaannos":"20.0"}]},"career_json":[{"year":2024,"kl_pct":0.4791666666666667,"teho_plus":46},{"year":2025,"kl_pct":0.4,"teho_plus":0},{"year":2026,"kl_pct":0.4461538461538462,"teho_plus":72}],"pct_stats":["kl_pct","saatto_pct","eten_pct","kunnari_rate","lyoty_rate","palo_rate","tehot_per_turn"],"base_kl":{"player_id":13763,"turns_at_bat":71,"kl_base0":0.4444444444444444,"kl_base0_tries":9,"kl_base1":0.3888888888888889,"kl_base1_tries":18,"kl_base2":0.6111111111111112,"kl_base2_tries":18,"kl_base3":0.35,"kl_base3_tries":20,"pct_kl_base0":38,"pct_kl_base1":24,"pct_kl_base2":48,"pct_kl_base3":21},"base_keys":["kl_base0","kl_base1","kl_base2","kl_base3"],"comps":[]}