{"player":{"id":13770,"name":"Annika Arffman","born_year":null},"career":[{"year":2024,"season_id":176,"team":"SoJy","age":null,"games":8,"turns_at_bat":39,"vyk":-0.18,"spark_index":61,"adv_plus":50,"runner_plus":45,"out_avoid_plus":112,"money_kl_plus":57,"teho_plus":8,"teho_plus_adj":9},{"year":2025,"season_id":177,"team":"SoJy","age":null,"games":1,"turns_at_bat":7,"vyk":-0.02,"spark_index":62,"adv_plus":52,"runner_plus":51,"out_avoid_plus":104,"money_kl_plus":0,"teho_plus":0,"teho_plus_adj":0},{"year":2026,"season_id":178,"team":"SoJy","age":null,"games":10,"turns_at_bat":56,"vyk":-0.05,"spark_index":91,"adv_plus":88,"runner_plus":80,"out_avoid_plus":114,"money_kl_plus":58,"teho_plus":18,"teho_plus_adj":18}],"line":{"player_id":13770,"name":"Annika Arffman","born_year":null,"year":2026,"games":10,"team":"SoJy","turns_at_bat":56,"kunnarit":0,"lyodyt":1,"tuodut":2,"karkilyonnit":21,"karki_yritykset":41,"saatot":48,"saatto_yritykset":81,"etenemiset":46,"eteneminen_yritykset":87,"haavat":29,"palot":12,"season_id":178,"tehot":3,"kl_pct":0.5121951219512195,"saatto_pct":0.5925925925925926,"eten_pct":0.5287356321839081,"kunnari_rate":0.0,"lyoty_rate":0.017857142857142856,"tuotu_rate":0.022988505747126436,"haava_rate":0.5178571428571429,"palo_rate":0.21428571428571427,"tehot_per_turn":0.05357142857142857,"kl_per_turn":0.375,"hr_rbi_per_turn":0.017857142857142856,"kl_base0":0.5,"kl_base0_tries":16,"kl_base1":0.42857142857142855,"kl_base1_tries":14,"kl_base2":0.75,"kl_base2_tries":8,"kl_base3":0.3333333333333333,"kl_base3_tries":3,"adv1_pct":0.5,"adv2_pct":0.42857142857142855,"adv3_pct":0.75,"adv_home_pct":0.3333333333333333,"money_kl_pct":0.3333333333333333,"money_kl_tries":3,"pos":"2P","teho_plus":18,"adv_plus":88,"runner_plus":80,"out_avoid_plus":114,"adv1_plus":89,"adv2_plus":72,"adv3_plus":108,"adv_home_plus":58,"money_kl_plus":58,"spark_index":91,"run_value":2.732884355827309,"raa":-6.0,"jyk":-1.2,"vyk":-0.05,"teho_plus_adj":18,"pct_kl_pct":21,"pct_saatto_pct":26,"pct_eten_pct":8,"pct_kunnari_rate":28,"pct_lyoty_rate":9,"pct_palo_rate":83,"pct_tehot_per_turn":1},"proj":{"player_id":13770,"name":"Annika Arffman","as_of":"2026-07-20","age":null,"stats":{"kl_pct":{"rate":0.5541149781263912,"effective_n":43.36830514061171,"observed":0.48402131071634685},"saatto_pct":{"rate":0.6025730929649177,"effective_n":75.47198483689854,"observed":0.5719506677870716},"eten_pct":{"rate":0.5678936238571629,"effective_n":79.62429140710067,"observed":0.5109335452242009},"kunnari_rate":{"rate":0.00681400460026091,"effective_n":64.18944319867285,"observed":0.0},"lyoty_rate":{"rate":0.08489025731796473,"effective_n":56.827722992078535,"observed":0.018786539884828448},"haava_rate":{"rate":0.4220496794153374,"effective_n":49.13375068173619,"observed":0.5287146824275765},"palo_rate":{"rate":0.2712903738310999,"effective_n":52.26875660230159,"observed":0.21462833961131725}},"teho_plus_proj":87},"translation":{"wrc_plus":42,"tier":"replacement level","rows":[{"pesis_label":"Kärkilyönti-% (advance the lead runner)","pesis_value":0.5121951219512195,"percentile":21,"mlb_stat":"AVG","mlb_value":"0.229"},{"pesis_label":"Kärkilyönnit per turn (base hits)","pesis_value":0.375,"percentile":9,"mlb_stat":"H / 600 PA","mlb_value":"121"},{"pesis_label":"Lyödyt per turn (runs batted home)","pesis_value":0.017857142857142856,"percentile":9,"mlb_stat":"RBI / 600 PA","mlb_value":"45"},{"pesis_label":"Tuodut per advance (runs scored)","pesis_value":0.022988505747126436,"percentile":8,"mlb_stat":"R / 600 PA","mlb_value":"51"},{"pesis_label":"Palot per turn (burned outs)","pesis_value":0.21428571428571427,"percentile":83,"mlb_stat":"K%","mlb_value":"17.0%"}]},"pitching":null,"career_json":[{"year":2024,"kl_pct":0.3,"teho_plus":8},{"year":2025,"kl_pct":0.3333333333333333,"teho_plus":0},{"year":2026,"kl_pct":0.5121951219512195,"teho_plus":18}],"pct_stats":["kl_pct","saatto_pct","eten_pct","kunnari_rate","lyoty_rate","palo_rate","tehot_per_turn"],"base_kl":{"player_id":13770,"turns_at_bat":56,"kl_base0":0.5,"kl_base0_tries":16,"kl_base1":0.42857142857142855,"kl_base1_tries":14,"kl_base2":0.75,"kl_base2_tries":8,"kl_base3":0.3333333333333333,"kl_base3_tries":3,"pct_kl_base0":42,"pct_kl_base1":20,"pct_kl_base2":67,"pct_kl_base3":14},"base_keys":["kl_base0","kl_base1","kl_base2","kl_base3"],"comps":[]}