{"player":{"id":13771,"name":"Monica Lindeman","born_year":null},"career":[{"year":2024,"season_id":176,"team":"SoJy","age":null,"games":1,"turns_at_bat":3,"vyk":0.0,"spark_index":73,"adv_plus":58,"runner_plus":50,"out_avoid_plus":145,"money_kl_plus":86,"teho_plus":109,"teho_plus_adj":110},{"year":2025,"season_id":177,"team":"SoJy","age":null,"games":9,"turns_at_bat":66,"vyk":0.21,"spark_index":98,"adv_plus":102,"runner_plus":93,"out_avoid_plus":93,"money_kl_plus":116,"teho_plus":86,"teho_plus_adj":84},{"year":2026,"season_id":178,"team":"SoJy","age":null,"games":12,"turns_at_bat":75,"vyk":0.55,"spark_index":102,"adv_plus":100,"runner_plus":104,"out_avoid_plus":104,"money_kl_plus":108,"teho_plus":142,"teho_plus_adj":141}],"line":{"player_id":13771,"name":"Monica Lindeman","born_year":null,"year":2026,"games":12,"team":"SoJy","turns_at_bat":75,"kunnarit":2,"lyodyt":19,"tuodut":11,"karkilyonnit":53,"karki_yritykset":89,"saatot":129,"saatto_yritykset":193,"etenemiset":116,"eteneminen_yritykset":170,"haavat":33,"palot":21,"season_id":178,"tehot":32,"kl_pct":0.5955056179775281,"saatto_pct":0.6683937823834197,"eten_pct":0.6823529411764706,"kunnari_rate":0.02666666666666667,"lyoty_rate":0.25333333333333335,"tuotu_rate":0.06470588235294118,"haava_rate":0.44,"palo_rate":0.28,"tehot_per_turn":0.4266666666666667,"kl_per_turn":0.7066666666666667,"hr_rbi_per_turn":0.28,"kl_base0":0.4444444444444444,"kl_base0_tries":9,"kl_base1":0.4090909090909091,"kl_base1_tries":22,"kl_base2":0.7916666666666666,"kl_base2_tries":24,"kl_base3":0.6176470588235294,"kl_base3_tries":34,"adv1_pct":0.4444444444444444,"adv2_pct":0.4090909090909091,"adv3_pct":0.7916666666666666,"adv_home_pct":0.6176470588235294,"money_kl_pct":0.6176470588235294,"money_kl_tries":34,"pos":"1V","teho_plus":142,"adv_plus":100,"runner_plus":104,"out_avoid_plus":104,"adv1_plus":79,"adv2_plus":69,"adv3_plus":114,"adv_home_plus":108,"money_kl_plus":108,"spark_index":102,"run_value":17.688828188760187,"raa":6.0,"jyk":12.5,"vyk":0.55,"teho_plus_adj":141,"pct_kl_pct":47,"pct_saatto_pct":52,"pct_eten_pct":66,"pct_kunnari_rate":87,"pct_lyoty_rate":87,"pct_palo_rate":60,"pct_tehot_per_turn":82},"proj":{"player_id":13771,"name":"Monica Lindeman","as_of":"2026-07-20","age":null,"stats":{"kl_pct":{"rate":0.6032531611005869,"effective_n":97.86129174831702,"observed":0.6023423480444392},"saatto_pct":{"rate":0.6603260601033566,"effective_n":195.29454024677878,"observed":0.6603065809216457},"eten_pct":{"rate":0.66783028433173,"effective_n":172.74955452096668,"observed":0.670479428150274},"kunnari_rate":{"rate":0.01569592579709146,"effective_n":100.54421878857815,"observed":0.021963348497676727},"lyoty_rate":{"rate":0.17731560062517854,"effective_n":87.75947883146335,"observed":0.21870467230350207},"haava_rate":{"rate":0.3969678701419823,"effective_n":71.37053264133327,"observed":0.43521942251145834},"palo_rate":{"rate":0.3013569844258248,"effective_n":78.40133629235704,"observed":0.2943273786636137}},"teho_plus_proj":131},"translation":{"wrc_plus":123,"tier":"solid starter","rows":[{"pesis_label":"Kärkilyönti-% (advance the lead runner)","pesis_value":0.5955056179775281,"percentile":47,"mlb_stat":"AVG","mlb_value":"0.313"},{"pesis_label":"Kärkilyönnit per turn (base hits)","pesis_value":0.7066666666666667,"percentile":81,"mlb_stat":"H / 600 PA","mlb_value":"169"},{"pesis_label":"Lyödyt per turn (runs batted home)","pesis_value":0.25333333333333335,"percentile":87,"mlb_stat":"RBI / 600 PA","mlb_value":"95"},{"pesis_label":"Tuodut per advance (runs scored)","pesis_value":0.06470588235294118,"percentile":43,"mlb_stat":"R / 600 PA","mlb_value":"73"},{"pesis_label":"Palot per turn (burned outs)","pesis_value":0.28,"percentile":60,"mlb_stat":"K%","mlb_value":"20.8%"}]},"pitching":null,"career_json":[{"year":2024,"kl_pct":0.3333333333333333,"teho_plus":109},{"year":2025,"kl_pct":0.6610169491525424,"teho_plus":86},{"year":2026,"kl_pct":0.5955056179775281,"teho_plus":142}],"pct_stats":["kl_pct","saatto_pct","eten_pct","kunnari_rate","lyoty_rate","palo_rate","tehot_per_turn"],"base_kl":{"player_id":13771,"turns_at_bat":75,"kl_base0":0.4444444444444444,"kl_base0_tries":9,"kl_base1":0.4090909090909091,"kl_base1_tries":22,"kl_base2":0.7916666666666666,"kl_base2_tries":24,"kl_base3":0.6176470588235294,"kl_base3_tries":34,"pct_kl_base0":32,"pct_kl_base1":17,"pct_kl_base2":75,"pct_kl_base3":63},"base_keys":["kl_base0","kl_base1","kl_base2","kl_base3"],"comps":[]}