{"player":{"id":13781,"name":"Aaro Ojanperä","born_year":null},"career":[{"year":2024,"season_id":119,"team":"KeKi","age":null,"games":3,"turns_at_bat":5,"vyk":0.02,"spark_index":103,"adv_plus":104,"runner_plus":91,"out_avoid_plus":119,"money_kl_plus":102,"teho_plus":102,"teho_plus_adj":102},{"year":2026,"season_id":127,"team":"KeKi","age":null,"games":21,"turns_at_bat":88,"vyk":0.31,"spark_index":96,"adv_plus":89,"runner_plus":105,"out_avoid_plus":99,"money_kl_plus":106,"teho_plus":178,"teho_plus_adj":179}],"line":{"player_id":13781,"name":"Aaro Ojanperä","born_year":null,"year":2026,"games":21,"team":"KeKi","turns_at_bat":88,"kunnarit":0,"lyodyt":26,"tuodut":0,"karkilyonnit":42,"karki_yritykset":97,"saatot":115,"saatto_yritykset":212,"etenemiset":83,"eteneminen_yritykset":133,"haavat":21,"palot":29,"season_id":127,"tehot":26,"kl_pct":0.4329896907216495,"saatto_pct":0.5424528301886793,"eten_pct":0.6240601503759399,"kunnari_rate":0.0,"lyoty_rate":0.29545454545454547,"tuotu_rate":0.0,"haava_rate":0.23863636363636365,"palo_rate":0.32954545454545453,"tehot_per_turn":0.29545454545454547,"kl_per_turn":0.4772727272727273,"hr_rbi_per_turn":0.29545454545454547,"kl_base0":0.3333333333333333,"kl_base0_tries":6,"kl_base1":0.5,"kl_base1_tries":8,"kl_base2":0.3448275862068966,"kl_base2_tries":29,"kl_base3":0.48148148148148145,"kl_base3_tries":54,"adv1_pct":0.3333333333333333,"adv2_pct":0.5,"adv3_pct":0.3448275862068966,"adv_home_pct":0.48148148148148145,"money_kl_pct":0.48148148148148145,"money_kl_tries":54,"pos":null,"teho_plus":178,"adv_plus":89,"runner_plus":105,"out_avoid_plus":99,"adv1_plus":61,"adv2_plus":93,"adv3_plus":60,"adv_home_plus":106,"money_kl_plus":106,"spark_index":96,"run_value":7.942865973414775,"raa":-0.2,"jyk":3.6,"vyk":0.31,"teho_plus_adj":179,"pct_kl_pct":20,"pct_saatto_pct":29,"pct_eten_pct":73,"pct_kunnari_rate":24,"pct_lyoty_rate":91,"pct_palo_rate":43,"pct_tehot_per_turn":90},"proj":{"player_id":13781,"name":"Aaro Ojanperä","as_of":"2026-07-22","age":null,"stats":{"kl_pct":{"rate":0.47501728276844507,"effective_n":86.67916123321714,"observed":0.434466558481464},"saatto_pct":{"rate":0.5529900827008586,"effective_n":182.0701150597629,"observed":0.5438556288342233},"eten_pct":{"rate":0.6164883245872548,"effective_n":113.21803292758756,"observed":0.6268499453788609},"kunnari_rate":{"rate":0.0040388653010391415,"effective_n":82.40157518935636,"observed":0.0},"lyoty_rate":{"rate":0.18562342307628288,"effective_n":78.6484569072259,"observed":0.2987958390981718},"haava_rate":{"rate":0.3490690837442035,"effective_n":72.39171395285688,"observed":0.24150429561167613},"palo_rate":{"rate":0.32139736783766776,"effective_n":75.36793435064611,"observed":0.3188290768409345}},"teho_plus_proj":226},"translation":{"wrc_plus":132,"tier":"All-Star","rows":[{"pesis_label":"Kärkilyönti-% (advance the lead runner)","pesis_value":0.4329896907216495,"percentile":20,"mlb_stat":"AVG","mlb_value":"0.150"},{"pesis_label":"Kärkilyönnit per turn (base hits)","pesis_value":0.4772727272727273,"percentile":47,"mlb_stat":"H / 600 PA","mlb_value":"148"},{"pesis_label":"Lyödyt per turn (runs batted home)","pesis_value":0.29545454545454547,"percentile":91,"mlb_stat":"RBI / 600 PA","mlb_value":"99"},{"pesis_label":"Tuodut per advance (runs scored)","pesis_value":0.0,"percentile":1,"mlb_stat":"R / 600 PA","mlb_value":"34"},{"pesis_label":"Palot per turn (burned outs)","pesis_value":0.32954545454545453,"percentile":43,"mlb_stat":"K%","mlb_value":"23.2%"}]},"pitching":null,"career_json":[{"year":2024,"kl_pct":0.6666666666666666,"teho_plus":102},{"year":2026,"kl_pct":0.4329896907216495,"teho_plus":178}],"pct_stats":["kl_pct","saatto_pct","eten_pct","kunnari_rate","lyoty_rate","palo_rate","tehot_per_turn"],"base_kl":{"player_id":13781,"turns_at_bat":88,"kl_base0":0.3333333333333333,"kl_base0_tries":6,"kl_base1":0.5,"kl_base1_tries":8,"kl_base2":0.3448275862068966,"kl_base2_tries":29,"kl_base3":0.48148148148148145,"kl_base3_tries":54,"pct_kl_base0":20,"pct_kl_base1":49,"pct_kl_base2":10,"pct_kl_base3":53},"base_keys":["kl_base0","kl_base1","kl_base2","kl_base3"],"comps":[]}