{"player":{"id":13781,"name":"Aaro Ojanperä","born_year":null},"career":[{"year":2024,"season_id":119,"team":"KeKi","age":null,"games":3,"turns_at_bat":5,"vyk":0.02,"spark_index":103,"adv_plus":104,"runner_plus":91,"out_avoid_plus":119,"money_kl_plus":102,"teho_plus":102,"teho_plus_adj":102},{"year":2026,"season_id":127,"team":"KeKi","age":null,"games":17,"turns_at_bat":70,"vyk":0.41,"spark_index":92,"adv_plus":84,"runner_plus":102,"out_avoid_plus":95,"money_kl_plus":95,"teho_plus":150,"teho_plus_adj":150}],"line":{"player_id":13781,"name":"Aaro Ojanperä","born_year":null,"year":2026,"games":17,"team":"KeKi","turns_at_bat":70,"kunnarit":0,"lyodyt":17,"tuodut":0,"karkilyonnit":30,"karki_yritykset":74,"saatot":82,"saatto_yritykset":160,"etenemiset":61,"eteneminen_yritykset":102,"haavat":16,"palot":25,"season_id":127,"tehot":17,"kl_pct":0.40540540540540543,"saatto_pct":0.5125,"eten_pct":0.5980392156862745,"kunnari_rate":0.0,"lyoty_rate":0.24285714285714285,"tuotu_rate":0.0,"haava_rate":0.22857142857142856,"palo_rate":0.35714285714285715,"tehot_per_turn":0.24285714285714285,"kl_per_turn":0.42857142857142855,"hr_rbi_per_turn":0.24285714285714285,"kl_base0":0.3333333333333333,"kl_base0_tries":6,"kl_base1":0.6,"kl_base1_tries":5,"kl_base2":0.34782608695652173,"kl_base2_tries":23,"kl_base3":0.425,"kl_base3_tries":40,"adv1_pct":0.3333333333333333,"adv2_pct":0.6,"adv3_pct":0.34782608695652173,"adv_home_pct":0.425,"money_kl_pct":0.425,"money_kl_tries":40,"pos":null,"teho_plus":150,"adv_plus":84,"runner_plus":102,"out_avoid_plus":95,"adv1_plus":62,"adv2_plus":113,"adv3_plus":61,"adv_home_plus":95,"money_kl_plus":95,"spark_index":92,"run_value":7.132919500360121,"raa":1.7,"jyk":4.6,"vyk":0.41,"teho_plus_adj":150,"pct_kl_pct":15,"pct_saatto_pct":17,"pct_eten_pct":57,"pct_kunnari_rate":28,"pct_lyoty_rate":90,"pct_palo_rate":36,"pct_tehot_per_turn":83},"proj":{"player_id":13781,"name":"Aaro Ojanperä","as_of":"2026-07-05","age":null,"stats":{"kl_pct":{"rate":0.4614246044713628,"effective_n":67.41836244706612,"observed":0.40341040717267673},"saatto_pct":{"rate":0.5266089072616653,"effective_n":140.49686512145854,"observed":0.5083773386111637},"eten_pct":{"rate":0.5935289960050832,"effective_n":88.78202068168423,"observed":0.5960337738840004},"kunnari_rate":{"rate":0.004377087457118158,"effective_n":66.86493114923017,"observed":0.0},"lyoty_rate":{"rate":0.14729427460853278,"effective_n":64.18176327843737,"observed":0.240379765423675},"haava_rate":{"rate":0.3547373505597396,"effective_n":59.83677950091948,"observed":0.22994315729755313},"palo_rate":{"rate":0.3350174521692066,"effective_n":61.8925030553489,"observed":0.3487376260024695}},"teho_plus_proj":203},"translation":{"wrc_plus":124,"tier":"solid starter","rows":[{"pesis_label":"Kärkilyönti-% (advance the lead runner)","pesis_value":0.40540540540540543,"percentile":15,"mlb_stat":"AVG","mlb_value":"0.184"},{"pesis_label":"Kärkilyönnit per turn (base hits)","pesis_value":0.42857142857142855,"percentile":30,"mlb_stat":"H / 600 PA","mlb_value":"138"},{"pesis_label":"Lyödyt per turn (runs batted home)","pesis_value":0.24285714285714285,"percentile":90,"mlb_stat":"RBI / 600 PA","mlb_value":"98"},{"pesis_label":"Tuodut per advance (runs scored)","pesis_value":0.0,"percentile":2,"mlb_stat":"R / 600 PA","mlb_value":"39"},{"pesis_label":"Palot per turn (burned outs)","pesis_value":0.35714285714285715,"percentile":36,"mlb_stat":"K%","mlb_value":"24.2%"}]},"pitching":null,"career_json":[{"year":2024,"kl_pct":0.6666666666666666,"teho_plus":102},{"year":2026,"kl_pct":0.40540540540540543,"teho_plus":150}],"pct_stats":["kl_pct","saatto_pct","eten_pct","kunnari_rate","lyoty_rate","palo_rate","tehot_per_turn"],"base_kl":{"player_id":13781,"turns_at_bat":70,"kl_base0":0.3333333333333333,"kl_base0_tries":6,"kl_base1":0.6,"kl_base1_tries":5,"kl_base2":0.34782608695652173,"kl_base2_tries":23,"kl_base3":0.425,"kl_base3_tries":40,"pct_kl_base0":21,"pct_kl_base1":72,"pct_kl_base2":10,"pct_kl_base3":45},"base_keys":["kl_base0","kl_base1","kl_base2","kl_base3"],"comps":[]}