{"player":{"id":13781,"name":"Aaro Ojanperä","born_year":null},"career":[{"year":2024,"season_id":119,"team":"KeKi","age":null,"games":3,"turns_at_bat":5,"vyk":0.02,"spark_index":103,"adv_plus":104,"runner_plus":91,"out_avoid_plus":119,"money_kl_plus":102,"teho_plus":102,"teho_plus_adj":102},{"year":2026,"season_id":127,"team":"KeKi","age":null,"games":16,"turns_at_bat":67,"vyk":0.41,"spark_index":92,"adv_plus":86,"runner_plus":101,"out_avoid_plus":95,"money_kl_plus":97,"teho_plus":157,"teho_plus_adj":157}],"line":{"player_id":13781,"name":"Aaro Ojanperä","born_year":null,"year":2026,"games":16,"team":"KeKi","turns_at_bat":67,"kunnarit":0,"lyodyt":17,"tuodut":0,"karkilyonnit":30,"karki_yritykset":72,"saatot":80,"saatto_yritykset":154,"etenemiset":59,"eteneminen_yritykset":99,"haavat":16,"palot":24,"season_id":127,"tehot":17,"kl_pct":0.4166666666666667,"saatto_pct":0.5194805194805194,"eten_pct":0.5959595959595959,"kunnari_rate":0.0,"lyoty_rate":0.2537313432835821,"tuotu_rate":0.0,"haava_rate":0.23880597014925373,"palo_rate":0.3582089552238806,"tehot_per_turn":0.2537313432835821,"kl_per_turn":0.44776119402985076,"hr_rbi_per_turn":0.2537313432835821,"kl_base0":0.3333333333333333,"kl_base0_tries":6,"kl_base1":0.6,"kl_base1_tries":5,"kl_base2":0.36363636363636365,"kl_base2_tries":22,"kl_base3":0.4358974358974359,"kl_base3_tries":39,"adv1_pct":0.3333333333333333,"adv2_pct":0.6,"adv3_pct":0.36363636363636365,"adv_home_pct":0.4358974358974359,"money_kl_pct":0.4358974358974359,"money_kl_tries":39,"pos":null,"teho_plus":157,"adv_plus":86,"runner_plus":101,"out_avoid_plus":95,"adv1_plus":62,"adv2_plus":113,"adv3_plus":64,"adv_home_plus":97,"money_kl_plus":97,"spark_index":92,"run_value":6.549490963274035,"raa":1.9,"jyk":4.6,"vyk":0.41,"teho_plus_adj":157,"pct_kl_pct":18,"pct_saatto_pct":22,"pct_eten_pct":54,"pct_kunnari_rate":28,"pct_lyoty_rate":90,"pct_palo_rate":36,"pct_tehot_per_turn":85},"proj":{"player_id":13781,"name":"Aaro Ojanperä","as_of":"2026-07-02","age":null,"stats":{"kl_pct":{"rate":0.46834832435811996,"effective_n":66.01673236906551,"observed":0.4157055266330023},"saatto_pct":{"rate":0.5329403768273424,"effective_n":136.14811611878977,"observed":0.5161535521717575},"eten_pct":{"rate":0.5917148245987305,"effective_n":86.83184039532694,"observed":0.5935737996112287},"kunnari_rate":{"rate":0.004471158040675736,"effective_n":64.2556947635197,"observed":0.0},"lyoty_rate":{"rate":0.15074622904217008,"effective_n":61.74480104532671,"observed":0.25212951064438166},"haava_rate":{"rate":0.36145436223650906,"effective_n":57.71315556182416,"observed":0.24201631192100856},"palo_rate":{"rate":0.3348422848937086,"effective_n":59.617049850655114,"observed":0.349519026814087}},"teho_plus_proj":205},"translation":{"wrc_plus":126,"tier":"All-Star","rows":[{"pesis_label":"Kärkilyönti-% (advance the lead runner)","pesis_value":0.4166666666666667,"percentile":18,"mlb_stat":"AVG","mlb_value":"0.191"},{"pesis_label":"Kärkilyönnit per turn (base hits)","pesis_value":0.44776119402985076,"percentile":37,"mlb_stat":"H / 600 PA","mlb_value":"143"},{"pesis_label":"Lyödyt per turn (runs batted home)","pesis_value":0.2537313432835821,"percentile":90,"mlb_stat":"RBI / 600 PA","mlb_value":"98"},{"pesis_label":"Tuodut per advance (runs scored)","pesis_value":0.0,"percentile":2,"mlb_stat":"R / 600 PA","mlb_value":"39"},{"pesis_label":"Palot per turn (burned outs)","pesis_value":0.3582089552238806,"percentile":36,"mlb_stat":"K%","mlb_value":"24.2%"}]},"pitching":null,"career_json":[{"year":2024,"kl_pct":0.6666666666666666,"teho_plus":102},{"year":2026,"kl_pct":0.4166666666666667,"teho_plus":157}],"pct_stats":["kl_pct","saatto_pct","eten_pct","kunnari_rate","lyoty_rate","palo_rate","tehot_per_turn"],"base_kl":{"player_id":13781,"turns_at_bat":67,"kl_base0":0.3333333333333333,"kl_base0_tries":6,"kl_base1":0.6,"kl_base1_tries":5,"kl_base2":0.36363636363636365,"kl_base2_tries":22,"kl_base3":0.4358974358974359,"kl_base3_tries":39,"pct_kl_base0":20,"pct_kl_base1":73,"pct_kl_base2":10,"pct_kl_base3":47},"base_keys":["kl_base0","kl_base1","kl_base2","kl_base3"],"comps":[]}