{"player":{"id":13861,"name":"Kira Piippo","born_year":null},"career":[{"year":2024,"season_id":176,"team":"PattU","age":null,"games":13,"turns_at_bat":92,"vyk":-0.05,"spark_index":85,"adv_plus":86,"runner_plus":87,"out_avoid_plus":79,"money_kl_plus":93,"teho_plus":71,"teho_plus_adj":71},{"year":2025,"season_id":177,"team":"PattU Naiset","age":null,"games":13,"turns_at_bat":64,"vyk":-0.0,"spark_index":83,"adv_plus":80,"runner_plus":81,"out_avoid_plus":93,"money_kl_plus":65,"teho_plus":57,"teho_plus_adj":57},{"year":2026,"season_id":178,"team":"PattU Naiset","age":null,"games":12,"turns_at_bat":59,"vyk":0.08,"spark_index":87,"adv_plus":76,"runner_plus":87,"out_avoid_plus":115,"money_kl_plus":51,"teho_plus":51,"teho_plus_adj":51}],"line":{"player_id":13861,"name":"Kira Piippo","born_year":null,"year":2026,"games":12,"team":"PattU Naiset","turns_at_bat":59,"kunnarit":0,"lyodyt":7,"tuodut":2,"karkilyonnit":27,"karki_yritykset":63,"saatot":72,"saatto_yritykset":141,"etenemiset":54,"eteneminen_yritykset":94,"haavat":28,"palot":12,"season_id":178,"tehot":9,"kl_pct":0.42857142857142855,"saatto_pct":0.5106382978723404,"eten_pct":0.574468085106383,"kunnari_rate":0.0,"lyoty_rate":0.11864406779661017,"tuotu_rate":0.02127659574468085,"haava_rate":0.4745762711864407,"palo_rate":0.2033898305084746,"tehot_per_turn":0.15254237288135594,"kl_per_turn":0.4576271186440678,"hr_rbi_per_turn":0.11864406779661017,"kl_base0":0.5,"kl_base0_tries":6,"kl_base1":0.21428571428571427,"kl_base1_tries":14,"kl_base2":0.7368421052631579,"kl_base2_tries":19,"kl_base3":0.2916666666666667,"kl_base3_tries":24,"adv1_pct":0.5,"adv2_pct":0.21428571428571427,"adv3_pct":0.7368421052631579,"adv_home_pct":0.2916666666666667,"money_kl_pct":0.2916666666666667,"money_kl_tries":24,"pos":"3K","teho_plus":51,"adv_plus":76,"runner_plus":87,"out_avoid_plus":115,"adv1_plus":89,"adv2_plus":36,"adv3_plus":106,"adv_home_plus":51,"money_kl_plus":51,"spark_index":87,"run_value":6.0930543615091635,"raa":-3.3,"jyk":1.8,"vyk":0.08,"teho_plus_adj":51,"pct_kl_pct":6,"pct_saatto_pct":9,"pct_eten_pct":19,"pct_kunnari_rate":28,"pct_lyoty_rate":59,"pct_palo_rate":85,"pct_tehot_per_turn":16},"proj":{"player_id":13861,"name":"Kira Piippo","as_of":"2026-07-12","age":null,"stats":{"kl_pct":{"rate":0.5172960745494111,"effective_n":86.96219920103286,"observed":0.4570563918742038},"saatto_pct":{"rate":0.5502333625334869,"effective_n":158.8994175084625,"observed":0.5225389215337197},"eten_pct":{"rate":0.5954237727351237,"effective_n":117.93361676970402,"observed":0.5686771637679527},"kunnari_rate":{"rate":0.009349334759216532,"effective_n":106.55534031168318,"observed":0.008124453636127545},"lyoty_rate":{"rate":0.11675351060158541,"effective_n":84.83183101288778,"observed":0.10262304614899603},"haava_rate":{"rate":0.4075107137690233,"effective_n":63.5868245687998,"observed":0.46689199708639656},"palo_rate":{"rate":0.27942091346305314,"effective_n":71.82473558807504,"observed":0.24726873502100774}},"teho_plus_proj":101},"translation":{"wrc_plus":75,"tier":"bench bat","rows":[{"pesis_label":"Kärkilyönti-% (advance the lead runner)","pesis_value":0.42857142857142855,"percentile":6,"mlb_stat":"AVG","mlb_value":"0.146"},{"pesis_label":"Kärkilyönnit per turn (base hits)","pesis_value":0.4576271186440678,"percentile":25,"mlb_stat":"H / 600 PA","mlb_value":"135"},{"pesis_label":"Lyödyt per turn (runs batted home)","pesis_value":0.11864406779661017,"percentile":59,"mlb_stat":"RBI / 600 PA","mlb_value":"77"},{"pesis_label":"Tuodut per advance (runs scored)","pesis_value":0.02127659574468085,"percentile":7,"mlb_stat":"R / 600 PA","mlb_value":"49"},{"pesis_label":"Palot per turn (burned outs)","pesis_value":0.2033898305084746,"percentile":85,"mlb_stat":"K%","mlb_value":"16.5%"}]},"pitching":null,"career_json":[{"year":2024,"kl_pct":0.5411764705882353,"teho_plus":71},{"year":2025,"kl_pct":0.4918032786885246,"teho_plus":57},{"year":2026,"kl_pct":0.42857142857142855,"teho_plus":51}],"pct_stats":["kl_pct","saatto_pct","eten_pct","kunnari_rate","lyoty_rate","palo_rate","tehot_per_turn"],"base_kl":{"player_id":13861,"turns_at_bat":59,"kl_base0":0.5,"kl_base0_tries":6,"kl_base1":0.21428571428571427,"kl_base1_tries":14,"kl_base2":0.7368421052631579,"kl_base2_tries":19,"kl_base3":0.2916666666666667,"kl_base3_tries":24,"pct_kl_base0":42,"pct_kl_base1":2,"pct_kl_base2":64,"pct_kl_base3":10},"base_keys":["kl_base0","kl_base1","kl_base2","kl_base3"],"comps":[]}