{"player":{"id":13895,"name":"Fanni Mansikka","born_year":null},"career":[{"year":2026,"season_id":178,"team":"Manse PP","age":null,"games":14,"turns_at_bat":95,"vyk":0.78,"spark_index":112,"adv_plus":111,"runner_plus":112,"out_avoid_plus":114,"money_kl_plus":147,"teho_plus":192,"teho_plus_adj":181}],"line":{"player_id":13895,"name":"Fanni Mansikka","born_year":null,"year":2026,"games":14,"team":"Manse PP","turns_at_bat":95,"kunnarit":2,"lyodyt":24,"tuodut":29,"karkilyonnit":64,"karki_yritykset":90,"saatot":162,"saatto_yritykset":226,"etenemiset":156,"eteneminen_yritykset":211,"haavat":35,"palot":20,"season_id":178,"tehot":55,"kl_pct":0.7111111111111111,"saatto_pct":0.7168141592920354,"eten_pct":0.7393364928909952,"kunnari_rate":0.021052631578947368,"lyoty_rate":0.25263157894736843,"tuotu_rate":0.13744075829383887,"haava_rate":0.3684210526315789,"palo_rate":0.21052631578947367,"tehot_per_turn":0.5789473684210527,"kl_per_turn":0.6736842105263158,"hr_rbi_per_turn":0.2736842105263158,"kl_base0":0.5,"kl_base0_tries":10,"kl_base1":0.6,"kl_base1_tries":20,"kl_base2":0.7241379310344828,"kl_base2_tries":29,"kl_base3":0.8387096774193549,"kl_base3_tries":31,"adv1_pct":0.5,"adv2_pct":0.6,"adv3_pct":0.7241379310344828,"adv_home_pct":0.8387096774193549,"money_kl_pct":0.8387096774193549,"money_kl_tries":31,"pos":"3K","teho_plus":192,"adv_plus":111,"runner_plus":112,"out_avoid_plus":114,"adv1_plus":89,"adv2_plus":101,"adv3_plus":105,"adv_home_plus":147,"money_kl_plus":147,"spark_index":112,"run_value":24.5519925787031,"raa":9.7,"jyk":17.8,"vyk":0.78,"teho_plus_adj":181,"pct_kl_pct":85,"pct_saatto_pct":74,"pct_eten_pct":88,"pct_kunnari_rate":80,"pct_lyoty_rate":86,"pct_palo_rate":84,"pct_tehot_per_turn":93},"proj":{"player_id":13895,"name":"Fanni Mansikka","as_of":"2026-07-21","age":null,"stats":{"kl_pct":{"rate":0.6711150232704867,"effective_n":81.28005845974161,"observed":0.7200834815541846},"saatto_pct":{"rate":0.7161271246810618,"effective_n":195.7613400901838,"observed":0.7275237878778221},"eten_pct":{"rate":0.7264388932522751,"effective_n":183.50386318017595,"observed":0.7449227415556915},"kunnari_rate":{"rate":0.01563530739026863,"effective_n":87.93116707757902,"observed":0.02269957361351737},"lyoty_rate":{"rate":0.198512475954543,"effective_n":84.64271583882625,"observed":0.26152148618106685},"haava_rate":{"rate":0.36722692897653225,"effective_n":78.51746554111966,"observed":0.3641521560231938},"palo_rate":{"rate":0.2582940152538866,"effective_n":81.50735987316301,"observed":0.20920197292017764}},"teho_plus_proj":143},"translation":{"wrc_plus":137,"tier":"All-Star","rows":[{"pesis_label":"Kärkilyönti-% (advance the lead runner)","pesis_value":0.7111111111111111,"percentile":85,"mlb_stat":"AVG","mlb_value":"0.428"},{"pesis_label":"Kärkilyönnit per turn (base hits)","pesis_value":0.6736842105263158,"percentile":74,"mlb_stat":"H / 600 PA","mlb_value":"164"},{"pesis_label":"Lyödyt per turn (runs batted home)","pesis_value":0.25263157894736843,"percentile":86,"mlb_stat":"RBI / 600 PA","mlb_value":"94"},{"pesis_label":"Tuodut per advance (runs scored)","pesis_value":0.13744075829383887,"percentile":92,"mlb_stat":"R / 600 PA","mlb_value":"101"},{"pesis_label":"Palot per turn (burned outs)","pesis_value":0.21052631578947367,"percentile":84,"mlb_stat":"K%","mlb_value":"16.7%"}]},"pitching":null,"career_json":[{"year":2026,"kl_pct":0.7111111111111111,"teho_plus":192}],"pct_stats":["kl_pct","saatto_pct","eten_pct","kunnari_rate","lyoty_rate","palo_rate","tehot_per_turn"],"base_kl":{"player_id":13895,"turns_at_bat":95,"kl_base0":0.5,"kl_base0_tries":10,"kl_base1":0.6,"kl_base1_tries":20,"kl_base2":0.7241379310344828,"kl_base2_tries":29,"kl_base3":0.8387096774193549,"kl_base3_tries":31,"pct_kl_base0":42,"pct_kl_base1":55,"pct_kl_base2":60,"pct_kl_base3":96},"base_keys":["kl_base0","kl_base1","kl_base2","kl_base3"],"comps":[]}