{"player":{"id":13969,"name":"Venla Huovinen","born_year":null},"career":[{"year":2026,"season_id":178,"team":"Manse PP","age":null,"games":7,"turns_at_bat":49,"vyk":0.24,"spark_index":104,"adv_plus":113,"runner_plus":98,"out_avoid_plus":91,"money_kl_plus":175,"teho_plus":88,"teho_plus_adj":83}],"line":{"player_id":13969,"name":"Venla Huovinen","born_year":null,"year":2026,"games":7,"team":"Manse PP","turns_at_bat":49,"kunnarit":1,"lyodyt":4,"tuodut":8,"karkilyonnit":32,"karki_yritykset":46,"saatot":74,"saatto_yritykset":100,"etenemiset":61,"eteneminen_yritykset":95,"haavat":16,"palot":18,"season_id":178,"tehot":13,"kl_pct":0.6956521739130435,"saatto_pct":0.74,"eten_pct":0.6421052631578947,"kunnari_rate":0.02040816326530612,"lyoty_rate":0.08163265306122448,"tuotu_rate":0.08421052631578947,"haava_rate":0.32653061224489793,"palo_rate":0.3673469387755102,"tehot_per_turn":0.2653061224489796,"kl_per_turn":0.6530612244897959,"hr_rbi_per_turn":0.10204081632653061,"kl_base0":0.625,"kl_base0_tries":8,"kl_base1":0.5625,"kl_base1_tries":16,"kl_base2":0.7647058823529411,"kl_base2_tries":17,"kl_base3":1.0,"kl_base3_tries":5,"adv1_pct":0.625,"adv2_pct":0.5625,"adv3_pct":0.7647058823529411,"adv_home_pct":1.0,"money_kl_pct":1.0,"money_kl_tries":5,"pos":"3P","teho_plus":88,"adv_plus":113,"runner_plus":98,"out_avoid_plus":91,"adv1_plus":111,"adv2_plus":95,"adv3_plus":110,"adv_home_plus":175,"money_kl_plus":175,"spark_index":104,"run_value":8.993806627524014,"raa":1.2,"jyk":5.4,"vyk":0.24,"teho_plus_adj":83,"pct_kl_pct":80,"pct_saatto_pct":82,"pct_eten_pct":44,"pct_kunnari_rate":78,"pct_lyoty_rate":45,"pct_palo_rate":22,"pct_tehot_per_turn":47},"proj":{"player_id":13969,"name":"Venla Huovinen","as_of":"2026-07-09","age":null,"stats":{"kl_pct":{"rate":0.6432081932881565,"effective_n":43.04965775851923,"observed":0.6970100574680873},"saatto_pct":{"rate":0.7148283166820002,"effective_n":91.35134076423591,"observed":0.7387268999385882},"eten_pct":{"rate":0.6481815037009491,"effective_n":86.37967359018045,"observed":0.6422028079954942},"kunnari_rate":{"rate":0.013370825648410845,"effective_n":46.683801174065074,"observed":0.020912227011134477},"lyoty_rate":{"rate":0.1140936236699016,"effective_n":45.58461218105961,"observed":0.08312913676138149},"haava_rate":{"rate":0.35663094338465634,"effective_n":43.49635875880385,"observed":0.32646497476322334},"palo_rate":{"rate":0.32952769752035116,"effective_n":44.522621935268624,"observed":0.3676930376450593}},"teho_plus_proj":107},"translation":{"wrc_plus":98,"tier":"league-average regular","rows":[{"pesis_label":"Kärkilyönti-% (advance the lead runner)","pesis_value":0.6956521739130435,"percentile":80,"mlb_stat":"AVG","mlb_value":"0.413"},{"pesis_label":"Kärkilyönnit per turn (base hits)","pesis_value":0.6530612244897959,"percentile":70,"mlb_stat":"H / 600 PA","mlb_value":"162"},{"pesis_label":"Lyödyt per turn (runs batted home)","pesis_value":0.08163265306122448,"percentile":45,"mlb_stat":"RBI / 600 PA","mlb_value":"69"},{"pesis_label":"Tuodut per advance (runs scored)","pesis_value":0.08421052631578947,"percentile":60,"mlb_stat":"R / 600 PA","mlb_value":"81"},{"pesis_label":"Palot per turn (burned outs)","pesis_value":0.3673469387755102,"percentile":22,"mlb_stat":"K%","mlb_value":"26.4%"}]},"pitching":null,"career_json":[{"year":2026,"kl_pct":0.6956521739130435,"teho_plus":88}],"pct_stats":["kl_pct","saatto_pct","eten_pct","kunnari_rate","lyoty_rate","palo_rate","tehot_per_turn"],"base_kl":{"player_id":13969,"turns_at_bat":49,"kl_base0":0.625,"kl_base0_tries":8,"kl_base1":0.5625,"kl_base1_tries":16,"kl_base2":0.7647058823529411,"kl_base2_tries":17,"kl_base3":1.0,"kl_base3_tries":5,"pct_kl_base0":65,"pct_kl_base1":47,"pct_kl_base2":70,"pct_kl_base3":99},"base_keys":["kl_base0","kl_base1","kl_base2","kl_base3"],"comps":[]}