{"player":{"id":13994,"name":"Siiri Määttä","born_year":null},"career":[{"year":2026,"season_id":178,"team":"SiiPe","age":null,"games":7,"turns_at_bat":35,"vyk":0.33,"spark_index":111,"adv_plus":106,"runner_plus":113,"out_avoid_plus":120,"money_kl_plus":96,"teho_plus":142,"teho_plus_adj":143}],"line":{"player_id":13994,"name":"Siiri Määttä","born_year":null,"year":2026,"games":7,"team":"SiiPe","turns_at_bat":35,"kunnarit":0,"lyodyt":11,"tuodut":4,"karkilyonnit":28,"karki_yritykset":44,"saatot":73,"saatto_yritykset":105,"etenemiset":52,"eteneminen_yritykset":70,"haavat":12,"palot":6,"season_id":178,"tehot":15,"kl_pct":0.6363636363636364,"saatto_pct":0.6952380952380952,"eten_pct":0.7428571428571429,"kunnari_rate":0.0,"lyoty_rate":0.3142857142857143,"tuotu_rate":0.05714285714285714,"haava_rate":0.34285714285714286,"palo_rate":0.17142857142857143,"tehot_per_turn":0.42857142857142855,"kl_per_turn":0.8,"hr_rbi_per_turn":0.3142857142857143,"kl_base0":0.0,"kl_base0_tries":1,"kl_base1":0.5714285714285714,"kl_base1_tries":7,"kl_base2":0.8125,"kl_base2_tries":16,"kl_base3":0.55,"kl_base3_tries":20,"adv1_pct":0.0,"adv2_pct":0.5714285714285714,"adv3_pct":0.8125,"adv_home_pct":0.55,"money_kl_pct":0.55,"money_kl_tries":20,"pos":"3V","teho_plus":142,"adv_plus":106,"runner_plus":113,"out_avoid_plus":120,"adv1_plus":0,"adv2_plus":96,"adv3_plus":117,"adv_home_plus":96,"money_kl_plus":96,"spark_index":111,"run_value":10.019457804477755,"raa":4.5,"jyk":7.5,"vyk":0.33,"teho_plus_adj":143,"pct_kl_pct":null,"pct_saatto_pct":null,"pct_eten_pct":null,"pct_kunnari_rate":null,"pct_lyoty_rate":null,"pct_palo_rate":null,"pct_tehot_per_turn":null},"proj":{"player_id":13994,"name":"Siiri Määttä","as_of":"2026-07-12","age":null,"stats":{"kl_pct":{"rate":0.6186638001323008,"effective_n":39.664017788110726,"observed":0.6396673648276793},"saatto_pct":{"rate":0.6844929012216199,"effective_n":92.17138661015665,"observed":0.6949696571552255},"eten_pct":{"rate":0.7065949702251778,"effective_n":62.05686898283248,"observed":0.745263718070356},"kunnari_rate":{"rate":0.008213886311054018,"effective_n":32.79828156206855,"observed":0.0},"lyoty_rate":{"rate":0.18318332865123,"effective_n":31.77333945999174,"observed":0.3124401846639781},"haava_rate":{"rate":0.3653949719097255,"effective_n":29.863392249946536,"observed":0.35117625614772224},"palo_rate":{"rate":0.2681493254450569,"effective_n":30.79579774297985,"observed":0.16381892384534616}},"teho_plus_proj":134},"translation":null,"pitching":null,"career_json":[{"year":2026,"kl_pct":0.6363636363636364,"teho_plus":142}],"pct_stats":["kl_pct","saatto_pct","eten_pct","kunnari_rate","lyoty_rate","palo_rate","tehot_per_turn"],"base_kl":{"player_id":13994,"turns_at_bat":35,"kl_base0":0.0,"kl_base0_tries":1,"kl_base1":0.5714285714285714,"kl_base1_tries":7,"kl_base2":0.8125,"kl_base2_tries":16,"kl_base3":0.55,"kl_base3_tries":20,"pct_kl_base0":null,"pct_kl_base1":null,"pct_kl_base2":null,"pct_kl_base3":null},"base_keys":["kl_base0","kl_base1","kl_base2","kl_base3"],"comps":[]}