{"player":{"id":1403,"name":"Katri Svendsberg","born_year":null},"career":[{"year":2000,"season_id":26,"team":"Tahko","age":null,"games":16,"turns_at_bat":135,"vyk":0.29,"spark_index":97,"adv_plus":103,"runner_plus":94,"out_avoid_plus":88,"money_kl_plus":107,"teho_plus":94,"teho_plus_adj":93}],"line":{"player_id":1403,"name":"Katri Svendsberg","born_year":null,"year":2000,"games":16,"team":"Tahko","turns_at_bat":135,"kunnarit":2,"lyodyt":5,"tuodut":25,"karkilyonnit":81,"karki_yritykset":135,"saatot":163,"saatto_yritykset":256,"etenemiset":144,"eteneminen_yritykset":244,"haavat":49,"palot":51,"season_id":26,"tehot":32,"kl_pct":0.6,"saatto_pct":0.63671875,"eten_pct":0.5901639344262295,"kunnari_rate":0.014814814814814815,"lyoty_rate":0.037037037037037035,"tuotu_rate":0.10245901639344263,"haava_rate":0.362962962962963,"palo_rate":0.37777777777777777,"tehot_per_turn":0.23703703703703705,"kl_per_turn":0.6,"hr_rbi_per_turn":0.05185185185185185,"kl_base0":0.3870967741935484,"kl_base0_tries":31,"kl_base1":0.6666666666666666,"kl_base1_tries":57,"kl_base2":0.6857142857142857,"kl_base2_tries":35,"kl_base3":0.5833333333333334,"kl_base3_tries":12,"adv1_pct":0.3870967741935484,"adv2_pct":0.6666666666666666,"adv3_pct":0.6857142857142857,"adv_home_pct":0.5833333333333334,"money_kl_pct":0.5833333333333334,"money_kl_tries":12,"pos":"S","teho_plus":94,"adv_plus":103,"runner_plus":94,"out_avoid_plus":88,"adv1_plus":73,"adv2_plus":116,"adv3_plus":105,"adv_home_plus":107,"money_kl_plus":107,"spark_index":97,"run_value":6.1001311047397735,"raa":-2.0,"jyk":6.1,"vyk":0.29,"teho_plus_adj":93,"pct_kl_pct":61,"pct_saatto_pct":60,"pct_eten_pct":35,"pct_kunnari_rate":63,"pct_lyoty_rate":17,"pct_palo_rate":13,"pct_tehot_per_turn":55},"proj":null,"translation":null,"pitching":null,"career_json":[{"year":2000,"kl_pct":0.6,"teho_plus":94}],"pct_stats":["kl_pct","saatto_pct","eten_pct","kunnari_rate","lyoty_rate","palo_rate","tehot_per_turn"],"base_kl":{"player_id":1403,"turns_at_bat":135,"kl_base0":0.3870967741935484,"kl_base0_tries":31,"kl_base1":0.6666666666666666,"kl_base1_tries":57,"kl_base2":0.6857142857142857,"kl_base2_tries":35,"kl_base3":0.5833333333333334,"kl_base3_tries":12,"pct_kl_base0":20,"pct_kl_base1":79,"pct_kl_base2":65,"pct_kl_base3":59},"base_keys":["kl_base0","kl_base1","kl_base2","kl_base3"],"comps":[]}