{"player":{"id":14185,"name":"Miika Etula","born_year":null},"career":[{"year":2025,"season_id":125,"team":"KaMa","age":null,"games":6,"turns_at_bat":25,"vyk":-0.13,"spark_index":70,"adv_plus":63,"runner_plus":65,"out_avoid_plus":95,"money_kl_plus":107,"teho_plus":22,"teho_plus_adj":22},{"year":2026,"season_id":129,"team":"KaMa","age":null,"games":18,"turns_at_bat":39,"vyk":-0.18,"spark_index":71,"adv_plus":64,"runner_plus":69,"out_avoid_plus":92,"money_kl_plus":72,"teho_plus":44,"teho_plus_adj":44}],"line":{"player_id":14185,"name":"Miika Etula","born_year":null,"year":2026,"games":18,"team":"KaMa","turns_at_bat":39,"kunnarit":0,"lyodyt":2,"tuodut":1,"karkilyonnit":7,"karki_yritykset":25,"saatot":25,"saatto_yritykset":63,"etenemiset":22,"eteneminen_yritykset":54,"haavat":17,"palot":15,"season_id":129,"tehot":3,"kl_pct":0.28,"saatto_pct":0.3968253968253968,"eten_pct":0.4074074074074074,"kunnari_rate":0.0,"lyoty_rate":0.05128205128205128,"tuotu_rate":0.018518518518518517,"haava_rate":0.4358974358974359,"palo_rate":0.38461538461538464,"tehot_per_turn":0.07692307692307693,"kl_per_turn":0.1794871794871795,"hr_rbi_per_turn":0.05128205128205128,"kl_base0":0.2857142857142857,"kl_base0_tries":7,"kl_base1":0.14285714285714285,"kl_base1_tries":7,"kl_base2":0.4,"kl_base2_tries":5,"kl_base3":0.3333333333333333,"kl_base3_tries":6,"adv1_pct":0.2857142857142857,"adv2_pct":0.14285714285714285,"adv3_pct":0.4,"adv_home_pct":0.3333333333333333,"money_kl_pct":0.3333333333333333,"money_kl_tries":6,"pos":"3K","teho_plus":44,"adv_plus":64,"runner_plus":69,"out_avoid_plus":92,"adv1_plus":60,"adv2_plus":26,"adv3_plus":70,"adv_home_plus":72,"money_kl_plus":72,"spark_index":71,"run_value":-1.7241173469437987,"raa":-4.5,"jyk":-2.2,"vyk":-0.18,"teho_plus_adj":44,"pct_kl_pct":null,"pct_saatto_pct":null,"pct_eten_pct":null,"pct_kunnari_rate":null,"pct_lyoty_rate":null,"pct_palo_rate":null,"pct_tehot_per_turn":null},"proj":{"player_id":14185,"name":"Miika Etula","as_of":"2026-07-17","age":null,"stats":{"kl_pct":{"rate":0.4495907880832875,"effective_n":27.35846470178327,"observed":0.3081135555733353},"saatto_pct":{"rate":0.4742322758137959,"effective_n":63.02758178857317,"observed":0.3993619425202688},"eten_pct":{"rate":0.4967611697859836,"effective_n":55.26246545251026,"observed":0.41194422224421934},"kunnari_rate":{"rate":0.005220251547634879,"effective_n":48.55402553716594,"observed":0.0},"lyoty_rate":{"rate":0.06808499701551773,"effective_n":43.56578060458213,"observed":0.05078878755357499},"haava_rate":{"rate":0.42602347001560165,"effective_n":36.710843905580084,"observed":0.4288413531958975},"palo_rate":{"rate":0.3478566970516515,"effective_n":39.72610245189288,"observed":0.387292242715639}},"teho_plus_proj":128},"translation":null,"pitching":null,"career_json":[{"year":2025,"kl_pct":0.4,"teho_plus":22},{"year":2026,"kl_pct":0.28,"teho_plus":44}],"pct_stats":["kl_pct","saatto_pct","eten_pct","kunnari_rate","lyoty_rate","palo_rate","tehot_per_turn"],"base_kl":{"player_id":14185,"turns_at_bat":39,"kl_base0":0.2857142857142857,"kl_base0_tries":7,"kl_base1":0.14285714285714285,"kl_base1_tries":7,"kl_base2":0.4,"kl_base2_tries":5,"kl_base3":0.3333333333333333,"kl_base3_tries":6,"pct_kl_base0":null,"pct_kl_base1":null,"pct_kl_base2":null,"pct_kl_base3":null},"base_keys":["kl_base0","kl_base1","kl_base2","kl_base3"],"comps":[]}