{"player":{"id":14238,"name":"Atte  Raitila","born_year":null},"career":[{"year":2026,"season_id":156,"team":"KaKa","age":null,"games":14,"turns_at_bat":86,"vyk":-0.14,"spark_index":82,"adv_plus":79,"runner_plus":81,"out_avoid_plus":89,"money_kl_plus":0,"teho_plus":30,"teho_plus_adj":34}],"line":{"player_id":14238,"name":"Atte  Raitila","born_year":null,"year":2026,"games":14,"team":"KaKa","turns_at_bat":86,"kunnarit":0,"lyodyt":0,"tuodut":6,"karkilyonnit":35,"karki_yritykset":75,"saatot":58,"saatto_yritykset":122,"etenemiset":74,"eteneminen_yritykset":147,"haavat":40,"palot":33,"season_id":156,"tehot":6,"kl_pct":0.4666666666666667,"saatto_pct":0.47540983606557374,"eten_pct":0.5034013605442177,"kunnari_rate":0.0,"lyoty_rate":0.0,"tuotu_rate":0.04081632653061224,"haava_rate":0.46511627906976744,"palo_rate":0.38372093023255816,"tehot_per_turn":0.06976744186046512,"kl_per_turn":0.4069767441860465,"hr_rbi_per_turn":0.0,"kl_base0":0.5428571428571428,"kl_base0_tries":35,"kl_base1":0.4827586206896552,"kl_base1_tries":29,"kl_base2":0.2222222222222222,"kl_base2_tries":9,"kl_base3":0.0,"kl_base3_tries":2,"adv1_pct":0.5428571428571428,"adv2_pct":0.4827586206896552,"adv3_pct":0.2222222222222222,"adv_home_pct":0.0,"money_kl_pct":0.0,"money_kl_tries":2,"pos":"3K","teho_plus":30,"adv_plus":79,"runner_plus":81,"out_avoid_plus":89,"adv1_plus":106,"adv2_plus":90,"adv3_plus":35,"adv_home_plus":0,"money_kl_plus":0,"spark_index":82,"run_value":1.5962878167853507,"raa":-8.8,"jyk":-2.5,"vyk":-0.14,"teho_plus_adj":34,"pct_kl_pct":25,"pct_saatto_pct":12,"pct_eten_pct":13,"pct_kunnari_rate":28,"pct_lyoty_rate":4,"pct_palo_rate":18,"pct_tehot_per_turn":9},"proj":{"player_id":14238,"name":"Atte  Raitila","as_of":"2026-07-23","age":null,"stats":{"kl_pct":{"rate":0.5063490973036783,"effective_n":67.63384275798094,"observed":0.46843172210671746},"saatto_pct":{"rate":0.5186367367837174,"effective_n":106.03038966589756,"observed":0.47993791504964506},"eten_pct":{"rate":0.5401824853056203,"effective_n":128.71578704265383,"observed":0.5094888015709693},"kunnari_rate":{"rate":0.005510333308691569,"effective_n":79.99583834427115,"observed":0.0},"lyoty_rate":{"rate":0.05288499239273574,"effective_n":77.20648147480343,"observed":0.0},"haava_rate":{"rate":0.4353625083880898,"effective_n":72.01557823868391,"observed":0.4574221902007465},"palo_rate":{"rate":0.3449294025463458,"effective_n":74.54875778132003,"observed":0.3879433771432912}},"teho_plus_proj":94},"translation":{"wrc_plus":66,"tier":"replacement level","rows":[{"pesis_label":"Kärkilyönti-% (advance the lead runner)","pesis_value":0.4666666666666667,"percentile":25,"mlb_stat":"AVG","mlb_value":"0.184"},{"pesis_label":"Kärkilyönnit per turn (base hits)","pesis_value":0.4069767441860465,"percentile":22,"mlb_stat":"H / 600 PA","mlb_value":"133"},{"pesis_label":"Lyödyt per turn (runs batted home)","pesis_value":0.0,"percentile":4,"mlb_stat":"RBI / 600 PA","mlb_value":"37"},{"pesis_label":"Tuodut per advance (runs scored)","pesis_value":0.04081632653061224,"percentile":36,"mlb_stat":"R / 600 PA","mlb_value":"70"},{"pesis_label":"Palot per turn (burned outs)","pesis_value":0.38372093023255816,"percentile":18,"mlb_stat":"K%","mlb_value":"27.2%"}]},"pitching":null,"career_json":[{"year":2026,"kl_pct":0.4666666666666667,"teho_plus":30}],"pct_stats":["kl_pct","saatto_pct","eten_pct","kunnari_rate","lyoty_rate","palo_rate","tehot_per_turn"],"base_kl":{"player_id":14238,"turns_at_bat":86,"kl_base0":0.5428571428571428,"kl_base0_tries":35,"kl_base1":0.4827586206896552,"kl_base1_tries":29,"kl_base2":0.2222222222222222,"kl_base2_tries":9,"kl_base3":0.0,"kl_base3_tries":2,"pct_kl_base0":61,"pct_kl_base1":40,"pct_kl_base2":5,"pct_kl_base3":3},"base_keys":["kl_base0","kl_base1","kl_base2","kl_base3"],"comps":[]}