{"player":{"id":14247,"name":"Johannes Kiri","born_year":null},"career":[{"player_id":14247,"name":"Johannes Kiri","born_year":null,"year":2026,"games":15,"team":"HP","turns_at_bat":116,"kunnarit":2,"lyodyt":0,"tuodut":26,"karkilyonnit":63,"karki_yritykset":105,"saatot":68,"saatto_yritykset":116,"etenemiset":171,"eteneminen_yritykset":260,"haavat":31,"palot":58,"season_id":3,"tehot":28,"kl_pct":0.6,"saatto_pct":0.5862068965517241,"eten_pct":0.6576923076923077,"kunnari_rate":0.017241379310344827,"lyoty_rate":0.0,"tuotu_rate":0.1,"haava_rate":0.2672413793103448,"palo_rate":0.5,"tehot_per_turn":0.2413793103448276,"kl_per_turn":0.5431034482758621,"hr_rbi_per_turn":0.017241379310344827,"kl_base0":0.5888888888888889,"kl_base0_tries":90,"kl_base1":1.0,"kl_base1_tries":5,"kl_base2":0.75,"kl_base2_tries":4,"kl_base3":0.3333333333333333,"kl_base3_tries":6,"adv1_pct":0.5888888888888889,"adv2_pct":1.0,"adv3_pct":0.75,"adv_home_pct":0.3333333333333333,"money_kl_pct":0.3333333333333333,"money_kl_tries":6,"teho_plus":143,"adv_plus":105,"runner_plus":111,"out_avoid_plus":74,"adv1_plus":123,"adv2_plus":181,"adv3_plus":131,"adv_home_plus":74,"money_kl_plus":74,"spark_index":101,"teho_plus_adj":144}],"line":{"player_id":14247,"name":"Johannes Kiri","born_year":null,"year":2026,"games":15,"team":"HP","turns_at_bat":116,"kunnarit":2,"lyodyt":0,"tuodut":26,"karkilyonnit":63,"karki_yritykset":105,"saatot":68,"saatto_yritykset":116,"etenemiset":171,"eteneminen_yritykset":260,"haavat":31,"palot":58,"season_id":3,"tehot":28,"kl_pct":0.6,"saatto_pct":0.5862068965517241,"eten_pct":0.6576923076923077,"kunnari_rate":0.017241379310344827,"lyoty_rate":0.0,"tuotu_rate":0.1,"haava_rate":0.2672413793103448,"palo_rate":0.5,"tehot_per_turn":0.2413793103448276,"kl_per_turn":0.5431034482758621,"hr_rbi_per_turn":0.017241379310344827,"kl_base0":0.5888888888888889,"kl_base0_tries":90,"kl_base1":1.0,"kl_base1_tries":5,"kl_base2":0.75,"kl_base2_tries":4,"kl_base3":0.3333333333333333,"kl_base3_tries":6,"adv1_pct":0.5888888888888889,"adv2_pct":1.0,"adv3_pct":0.75,"adv_home_pct":0.3333333333333333,"money_kl_pct":0.3333333333333333,"money_kl_tries":6,"teho_plus":143,"adv_plus":105,"runner_plus":111,"out_avoid_plus":74,"adv1_plus":123,"adv2_plus":181,"adv3_plus":131,"adv_home_plus":74,"money_kl_plus":74,"spark_index":101,"teho_plus_adj":144,"pct_kl_pct":88,"pct_saatto_pct":44,"pct_eten_pct":89,"pct_kunnari_rate":85,"pct_lyoty_rate":12,"pct_palo_rate":6,"pct_tehot_per_turn":82},"proj":{"player_id":14247,"name":"Johannes Kiri","as_of":"2026-07-02","age":null,"stats":{"kl_pct":{"rate":0.5682457841658637,"effective_n":97.15799372380604,"observed":0.6020837394245905},"saatto_pct":{"rate":0.5892419016204593,"effective_n":104.38705184001918,"observed":0.5881320015134991},"eten_pct":{"rate":0.6454582276588268,"effective_n":233.83643882391135,"observed":0.6572446432306176},"kunnari_rate":{"rate":0.01164227098576071,"effective_n":110.03598532314903,"observed":0.017393264141508637},"lyoty_rate":{"rate":0.03257630419128787,"effective_n":107.20274313412901,"observed":0.0},"haava_rate":{"rate":0.3443082086994387,"effective_n":101.81563807310765,"observed":0.2668405087525143},"palo_rate":{"rate":0.42585998200099207,"effective_n":104.46378955199671,"observed":0.5003200527289372}},"teho_plus_proj":141},"career_json":[{"year":2026,"kl_pct":0.6,"teho_plus":143}],"pct_stats":["kl_pct","saatto_pct","eten_pct","kunnari_rate","lyoty_rate","palo_rate","tehot_per_turn"],"base_kl":{"player_id":14247,"turns_at_bat":116,"kl_base0":0.5888888888888889,"kl_base0_tries":90,"kl_base1":1.0,"kl_base1_tries":5,"kl_base2":0.75,"kl_base2_tries":4,"kl_base3":0.3333333333333333,"kl_base3_tries":6,"pct_kl_base0":91,"pct_kl_base1":98,"pct_kl_base2":84,"pct_kl_base3":36},"base_keys":["kl_base0","kl_base1","kl_base2","kl_base3"],"log":[{"player_id":14247,"season_id":3,"match_id":129568,"date":"2026-05-09","team":"HP","opponent":"PuPe","home":1,"turns_at_bat":8,"kunnarit":0,"lyodyt":0,"tuodut":3,"karkilyonnit":2,"karki_yritykset":7,"saatot":4,"saatto_yritykset":10,"etenemiset":13,"eteneminen_yritykset":18,"haavat":2,"palot":3,"stadium":"Vallikenttä, Hamina","tehot":3,"kl_pct":0.2857142857142857},{"player_id":14247,"season_id":3,"match_id":129574,"date":"2026-05-15","team":"HP","opponent":"SiKi","home":1,"turns_at_bat":8,"kunnarit":0,"lyodyt":0,"tuodut":2,"karkilyonnit":2,"karki_yritykset":8,"saatot":2,"saatto_yritykset":8,"etenemiset":8,"eteneminen_yritykset":14,"haavat":3,"palot":3,"stadium":"Vallikenttä, Hamina","tehot":2,"kl_pct":0.25},{"player_id":14247,"season_id":3,"match_id":129584,"date":"2026-05-22","team":"HP","opponent":"SiiPe","home":1,"turns_at_bat":7,"kunnarit":0,"lyodyt":0,"tuodut":2,"karkilyonnit":3,"karki_yritykset":5,"saatot":4,"saatto_yritykset":6,"etenemiset":12,"eteneminen_yritykset":17,"haavat":2,"palot":3,"stadium":"Vallikenttä, Hamina","tehot":2,"kl_pct":0.6},{"player_id":14247,"season_id":3,"match_id":129590,"date":"2026-05-24","team":"HP","opponent":"Jkl Kiri","home":0,"turns_at_bat":8,"kunnarit":0,"lyodyt":0,"tuodut":0,"karkilyonnit":6,"karki_yritykset":8,"saatot":6,"saatto_yritykset":8,"etenemiset":11,"eteneminen_yritykset":19,"haavat":2,"palot":6,"stadium":"Hippoksen pesäpallostadion, Jyväskylä","tehot":0,"kl_pct":0.75},{"player_id":14247,"season_id":3,"match_id":129592,"date":"2026-05-27","team":"HP","opponent":"PuPe","home":0,"turns_at_bat":8,"kunnarit":0,"lyodyt":0,"tuodut":0,"karkilyonnit":4,"karki_yritykset":6,"saatot":4,"saatto_yritykset":6,"etenemiset":14,"eteneminen_yritykset":22,"haavat":1,"palot":7,"stadium":"Osuma Areena, Kuopio","tehot":0,"kl_pct":0.6666666666666666},{"player_id":14247,"season_id":3,"match_id":129596,"date":"2026-05-29","team":"HP","opponent":"Jkl Kiri","home":1,"turns_at_bat":8,"kunnarit":0,"lyodyt":0,"tuodut":1,"karkilyonnit":7,"karki_yritykset":8,"saatot":7,"saatto_yritykset":8,"etenemiset":15,"eteneminen_yritykset":22,"haavat":3,"palot":4,"stadium":"Vallikenttä, Hamina","tehot":1,"kl_pct":0.875},{"player_id":14247,"season_id":3,"match_id":129602,"date":"2026-06-03","team":"HP","opponent":"PuMu","home":0,"turns_at_bat":8,"kunnarit":0,"lyodyt":0,"tuodut":2,"karkilyonnit":4,"karki_yritykset":5,"saatot":4,"saatto_yritykset":6,"etenemiset":11,"eteneminen_yritykset":17,"haavat":1,"palot":5,"stadium":"Good Guy Stadion, Meilahti (Helsinki)","tehot":2,"kl_pct":0.8},{"player_id":14247,"season_id":3,"match_id":129608,"date":"2026-06-06","team":"HP","opponent":"Ura","home":1,"turns_at_bat":7,"kunnarit":1,"lyodyt":0,"tuodut":3,"karkilyonnit":6,"karki_yritykset":9,"saatot":6,"saatto_yritykset":9,"etenemiset":11,"eteneminen_yritykset":15,"haavat":2,"palot":2,"stadium":"Vallikenttä, Hamina","tehot":4,"kl_pct":0.6666666666666666},{"player_id":14247,"season_id":3,"match_id":129611,"date":"2026-06-10","team":"HP","opponent":"SMJ","home":0,"turns_at_bat":7,"kunnarit":0,"lyodyt":0,"tuodut":2,"karkilyonnit":1,"karki_yritykset":4,"saatot":2,"saatto_yritykset":7,"etenemiset":7,"eteneminen_yritykset":12,"haavat":3,"palot":2,"stadium":"Unico Areena, Seinäjoki","tehot":2,"kl_pct":0.25},{"player_id":14247,"season_id":3,"match_id":129613,"date":"2026-06-11","team":"HP","opponent":"NJ","home":0,"turns_at_bat":8,"kunnarit":0,"lyodyt":0,"tuodut":2,"karkilyonnit":4,"karki_yritykset":7,"saatot":4,"saatto_yritykset":9,"etenemiset":13,"eteneminen_yritykset":19,"haavat":2,"palot":4,"stadium":"Hehku Areena, Nurmo (Seinäjoki)","tehot":2,"kl_pct":0.5714285714285714},{"player_id":14247,"season_id":3,"match_id":129618,"date":"2026-06-14","team":"HP","opponent":"UPV","home":1,"turns_at_bat":7,"kunnarit":1,"lyodyt":0,"tuodut":4,"karkilyonnit":7,"karki_yritykset":8,"saatot":8,"saatto_yritykset":9,"etenemiset":14,"eteneminen_yritykset":17,"haavat":1,"palot":2,"stadium":"Vallikenttä, Hamina","tehot":5,"kl_pct":0.875},{"player_id":14247,"season_id":3,"match_id":129621,"date":"2026-06-17","team":"HP","opponent":"PuMu","home":1,"turns_at_bat":8,"kunnarit":0,"lyodyt":0,"tuodut":2,"karkilyonnit":5,"karki_yritykset":8,"saatot":5,