{"player":{"id":14296,"name":"Kira Lemponen","born_year":null},"career":[{"year":2025,"season_id":177,"team":"PattU Naiset","age":null,"games":2,"turns_at_bat":8,"vyk":0.02,"spark_index":110,"adv_plus":131,"runner_plus":101,"out_avoid_plus":73,"money_kl_plus":174,"teho_plus":84,"teho_plus_adj":84},{"year":2026,"season_id":178,"team":"PattU Naiset","age":null,"games":12,"turns_at_bat":68,"vyk":-0.14,"spark_index":81,"adv_plus":81,"runner_plus":81,"out_avoid_plus":81,"money_kl_plus":87,"teho_plus":34,"teho_plus_adj":34}],"line":{"player_id":14296,"name":"Kira Lemponen","born_year":null,"year":2026,"games":12,"team":"PattU Naiset","turns_at_bat":68,"kunnarit":0,"lyodyt":4,"tuodut":3,"karkilyonnit":26,"karki_yritykset":57,"saatot":59,"saatto_yritykset":106,"etenemiset":61,"eteneminen_yritykset":114,"haavat":23,"palot":30,"season_id":178,"tehot":7,"kl_pct":0.45614035087719296,"saatto_pct":0.5566037735849056,"eten_pct":0.5350877192982456,"kunnari_rate":0.0,"lyoty_rate":0.058823529411764705,"tuotu_rate":0.02631578947368421,"haava_rate":0.3382352941176471,"palo_rate":0.4411764705882353,"tehot_per_turn":0.10294117647058823,"kl_per_turn":0.38235294117647056,"hr_rbi_per_turn":0.058823529411764705,"kl_base0":0.4,"kl_base0_tries":15,"kl_base1":0.4583333333333333,"kl_base1_tries":24,"kl_base2":0.5,"kl_base2_tries":10,"kl_base3":0.5,"kl_base3_tries":8,"adv1_pct":0.4,"adv2_pct":0.4583333333333333,"adv3_pct":0.5,"adv_home_pct":0.5,"money_kl_pct":0.5,"money_kl_tries":8,"pos":"2P","teho_plus":34,"adv_plus":81,"runner_plus":81,"out_avoid_plus":81,"adv1_plus":71,"adv2_plus":77,"adv3_plus":72,"adv_home_plus":87,"money_kl_plus":87,"spark_index":81,"run_value":1.5959814817826734,"raa":-9.0,"jyk":-3.2,"vyk":-0.14,"teho_plus_adj":34,"pct_kl_pct":10,"pct_saatto_pct":15,"pct_eten_pct":9,"pct_kunnari_rate":28,"pct_lyoty_rate":32,"pct_palo_rate":7,"pct_tehot_per_turn":8},"proj":{"player_id":14296,"name":"Kira Lemponen","as_of":"2026-07-12","age":null,"stats":{"kl_pct":{"rate":0.5434201253849499,"effective_n":54.306959584828604,"observed":0.47562891134360424},"saatto_pct":{"rate":0.5968976246343568,"effective_n":98.19178718456138,"observed":0.5710486813093598},"eten_pct":{"rate":0.5795116165401223,"effective_n":108.39602443530627,"observed":0.543029593457675},"kunnari_rate":{"rate":0.006665233725358711,"effective_n":68.3006305540631,"observed":0.0},"lyoty_rate":{"rate":0.10104379874772192,"effective_n":65.43889600548191,"observed":0.06338667769161649},"haava_rate":{"rate":0.3591588939201781,"effective_n":60.861207440470395,"observed":0.34193565880655946},"palo_rate":{"rate":0.36843839634433107,"effective_n":62.99656128194819,"observed":0.44479475021426435}},"teho_plus_proj":93},"translation":{"wrc_plus":65,"tier":"replacement level","rows":[{"pesis_label":"Kärkilyönti-% (advance the lead runner)","pesis_value":0.45614035087719296,"percentile":10,"mlb_stat":"AVG","mlb_value":"0.173"},{"pesis_label":"Kärkilyönnit per turn (base hits)","pesis_value":0.38235294117647056,"percentile":10,"mlb_stat":"H / 600 PA","mlb_value":"122"},{"pesis_label":"Lyödyt per turn (runs batted home)","pesis_value":0.058823529411764705,"percentile":32,"mlb_stat":"RBI / 600 PA","mlb_value":"63"},{"pesis_label":"Tuodut per advance (runs scored)","pesis_value":0.02631578947368421,"percentile":10,"mlb_stat":"R / 600 PA","mlb_value":"53"},{"pesis_label":"Palot per turn (burned outs)","pesis_value":0.4411764705882353,"percentile":7,"mlb_stat":"K%","mlb_value":"30.3%"}]},"pitching":null,"career_json":[{"year":2025,"kl_pct":0.8333333333333334,"teho_plus":84},{"year":2026,"kl_pct":0.45614035087719296,"teho_plus":34}],"pct_stats":["kl_pct","saatto_pct","eten_pct","kunnari_rate","lyoty_rate","palo_rate","tehot_per_turn"],"base_kl":{"player_id":14296,"turns_at_bat":68,"kl_base0":0.4,"kl_base0_tries":15,"kl_base1":0.4583333333333333,"kl_base1_tries":24,"kl_base2":0.5,"kl_base2_tries":10,"kl_base3":0.5,"kl_base3_tries":8,"pct_kl_base0":25,"pct_kl_base1":24,"pct_kl_base2":15,"pct_kl_base3":37},"base_keys":["kl_base0","kl_base1","kl_base2","kl_base3"],"comps":[]}