{"player":{"id":14309,"name":"Annastiina  Heikkilä","born_year":null},"career":[{"year":2026,"season_id":130,"team":"Tarmo","age":null,"games":6,"turns_at_bat":27,"vyk":0.02,"spark_index":88,"adv_plus":77,"runner_plus":90,"out_avoid_plus":111,"money_kl_plus":63,"teho_plus":68,"teho_plus_adj":64}],"line":{"player_id":14309,"name":"Annastiina  Heikkilä","born_year":null,"year":2026,"games":6,"team":"Tarmo","turns_at_bat":27,"kunnarit":0,"lyodyt":3,"tuodut":1,"karkilyonnit":14,"karki_yritykset":30,"saatot":27,"saatto_yritykset":57,"etenemiset":25,"eteneminen_yritykset":44,"haavat":12,"palot":7,"season_id":130,"tehot":4,"kl_pct":0.4666666666666667,"saatto_pct":0.47368421052631576,"eten_pct":0.5681818181818182,"kunnari_rate":0.0,"lyoty_rate":0.1111111111111111,"tuotu_rate":0.022727272727272728,"haava_rate":0.4444444444444444,"palo_rate":0.25925925925925924,"tehot_per_turn":0.14814814814814814,"kl_per_turn":0.5185185185185185,"hr_rbi_per_turn":0.1111111111111111,"kl_base0":0.6,"kl_base0_tries":5,"kl_base1":0.5,"kl_base1_tries":6,"kl_base2":0.5555555555555556,"kl_base2_tries":9,"kl_base3":0.3,"kl_base3_tries":10,"adv1_pct":0.6,"adv2_pct":0.5,"adv3_pct":0.5555555555555556,"adv_home_pct":0.3,"money_kl_pct":0.3,"money_kl_tries":10,"pos":"3V","teho_plus":68,"adv_plus":77,"runner_plus":90,"out_avoid_plus":111,"adv1_plus":104,"adv2_plus":86,"adv3_plus":87,"adv_home_plus":63,"money_kl_plus":63,"spark_index":88,"run_value":2.576245180040779,"raa":-1.0,"jyk":0.3,"vyk":0.02,"teho_plus_adj":64,"pct_kl_pct":null,"pct_saatto_pct":null,"pct_eten_pct":null,"pct_kunnari_rate":null,"pct_lyoty_rate":null,"pct_palo_rate":null,"pct_tehot_per_turn":null},"proj":{"player_id":14309,"name":"Annastiina  Heikkilä","as_of":"2026-07-16","age":null,"stats":{"kl_pct":{"rate":0.5338875760427512,"effective_n":27.92889151899691,"observed":0.458506469944555},"saatto_pct":{"rate":0.5389231977077854,"effective_n":52.2403333989849,"observed":0.4638654679125524},"eten_pct":{"rate":0.6022610856614052,"effective_n":39.441525617922615,"observed":0.5611909296354743},"kunnari_rate":{"rate":0.004857886731893464,"effective_n":25.789833300287018,"observed":0.0},"lyoty_rate":{"rate":0.10080060322032935,"effective_n":25.218976292861406,"observed":0.1082420897200169},"haava_rate":{"rate":0.3884931682513925,"effective_n":24.140559146029734,"observed":0.4411090759781799},"palo_rate":{"rate":0.3155721972196791,"effective_n":24.669544598085018,"observed":0.25983114833854454}},"teho_plus_proj":132},"translation":null,"pitching":null,"career_json":[{"year":2026,"kl_pct":0.4666666666666667,"teho_plus":68}],"pct_stats":["kl_pct","saatto_pct","eten_pct","kunnari_rate","lyoty_rate","palo_rate","tehot_per_turn"],"base_kl":{"player_id":14309,"turns_at_bat":27,"kl_base0":0.6,"kl_base0_tries":5,"kl_base1":0.5,"kl_base1_tries":6,"kl_base2":0.5555555555555556,"kl_base2_tries":9,"kl_base3":0.3,"kl_base3_tries":10,"pct_kl_base0":null,"pct_kl_base1":null,"pct_kl_base2":null,"pct_kl_base3":null},"base_keys":["kl_base0","kl_base1","kl_base2","kl_base3"],"comps":[]}