{"player":{"id":14339,"name":"Vappu Mäkelä","born_year":null},"career":[{"year":2026,"season_id":178,"team":"PattU Naiset","age":null,"games":10,"turns_at_bat":42,"vyk":-0.03,"spark_index":89,"adv_plus":90,"runner_plus":86,"out_avoid_plus":93,"money_kl_plus":131,"teho_plus":55,"teho_plus_adj":55}],"line":{"player_id":14339,"name":"Vappu Mäkelä","born_year":null,"year":2026,"games":10,"team":"PattU Naiset","turns_at_bat":42,"kunnarit":0,"lyodyt":3,"tuodut":4,"karkilyonnit":18,"karki_yritykset":34,"saatot":39,"saatto_yritykset":65,"etenemiset":40,"eteneminen_yritykset":71,"haavat":16,"palot":15,"season_id":178,"tehot":7,"kl_pct":0.5294117647058824,"saatto_pct":0.6,"eten_pct":0.5633802816901409,"kunnari_rate":0.0,"lyoty_rate":0.07142857142857142,"tuotu_rate":0.056338028169014086,"haava_rate":0.38095238095238093,"palo_rate":0.35714285714285715,"tehot_per_turn":0.16666666666666666,"kl_per_turn":0.42857142857142855,"hr_rbi_per_turn":0.07142857142857142,"kl_base0":0.45454545454545453,"kl_base0_tries":11,"kl_base1":0.5,"kl_base1_tries":14,"kl_base2":0.6,"kl_base2_tries":5,"kl_base3":0.75,"kl_base3_tries":4,"adv1_pct":0.45454545454545453,"adv2_pct":0.5,"adv3_pct":0.6,"adv_home_pct":0.75,"money_kl_pct":0.75,"money_kl_tries":4,"pos":"L","teho_plus":55,"adv_plus":90,"runner_plus":86,"out_avoid_plus":93,"adv1_plus":81,"adv2_plus":84,"adv3_plus":87,"adv_home_plus":131,"money_kl_plus":131,"spark_index":89,"run_value":2.2883884797854854,"raa":-4.2,"jyk":-0.6,"vyk":-0.03,"teho_plus_adj":55,"pct_kl_pct":27,"pct_saatto_pct":28,"pct_eten_pct":16,"pct_kunnari_rate":28,"pct_lyoty_rate":40,"pct_palo_rate":27,"pct_tehot_per_turn":21},"proj":{"player_id":14339,"name":"Vappu Mäkelä","as_of":"2026-07-08","age":null,"stats":{"kl_pct":{"rate":0.5779107717339237,"effective_n":32.16006192140407,"observed":0.5278587317798491},"saatto_pct":{"rate":0.6269599942092334,"effective_n":60.296464835506264,"observed":0.6047622282663558},"eten_pct":{"rate":0.6087187008503046,"effective_n":65.77892566206147,"observed":0.5707439128096946},"kunnari_rate":{"rate":0.007817662851464027,"effective_n":40.32387175255449,"observed":0.0},"lyoty_rate":{"rate":0.11294221322134783,"effective_n":39.52479336924964,"observed":0.0745463734677771},"haava_rate":{"rate":0.3705463090949398,"effective_n":38.00009618055448,"observed":0.3728588706696672},"palo_rate":{"rate":0.3232398543673393,"effective_n":38.75049118523954,"observed":0.35419427773764933}},"teho_plus_proj":101},"translation":{"wrc_plus":80,"tier":"bench bat","rows":[{"pesis_label":"Kärkilyönti-% (advance the lead runner)","pesis_value":0.5294117647058824,"percentile":27,"mlb_stat":"AVG","mlb_value":"0.246"},{"pesis_label":"Kärkilyönnit per turn (base hits)","pesis_value":0.42857142857142855,"percentile":18,"mlb_stat":"H / 600 PA","mlb_value":"130"},{"pesis_label":"Lyödyt per turn (runs batted home)","pesis_value":0.07142857142857142,"percentile":40,"mlb_stat":"RBI / 600 PA","mlb_value":"67"},{"pesis_label":"Tuodut per advance (runs scored)","pesis_value":0.056338028169014086,"percentile":35,"mlb_stat":"R / 600 PA","mlb_value":"69"},{"pesis_label":"Palot per turn (burned outs)","pesis_value":0.35714285714285715,"percentile":27,"mlb_stat":"K%","mlb_value":"25.6%"}]},"pitching":null,"career_json":[{"year":2026,"kl_pct":0.5294117647058824,"teho_plus":55}],"pct_stats":["kl_pct","saatto_pct","eten_pct","kunnari_rate","lyoty_rate","palo_rate","tehot_per_turn"],"base_kl":{"player_id":14339,"turns_at_bat":42,"kl_base0":0.45454545454545453,"kl_base0_tries":11,"kl_base1":0.5,"kl_base1_tries":14,"kl_base2":0.6,"kl_base2_tries":5,"kl_base3":0.75,"kl_base3_tries":4,"pct_kl_base0":34,"pct_kl_base1":32,"pct_kl_base2":30,"pct_kl_base3":87},"base_keys":["kl_base0","kl_base1","kl_base2","kl_base3"],"comps":[]}