{"player":{"id":14372,"name":"Venla Vahanto","born_year":null},"career":[{"year":2026,"season_id":178,"team":"EuVe","age":null,"games":3,"turns_at_bat":15,"vyk":0.1,"spark_index":100,"adv_plus":123,"runner_plus":85,"out_avoid_plus":67,"money_kl_plus":175,"teho_plus":155,"teho_plus_adj":155}],"line":{"player_id":14372,"name":"Venla Vahanto","born_year":null,"year":2026,"games":3,"team":"EuVe","turns_at_bat":15,"kunnarit":1,"lyodyt":4,"tuodut":2,"karkilyonnit":13,"karki_yritykset":16,"saatot":25,"saatto_yritykset":32,"etenemiset":18,"eteneminen_yritykset":32,"haavat":6,"palot":8,"season_id":178,"tehot":7,"kl_pct":0.8125,"saatto_pct":0.78125,"eten_pct":0.5625,"kunnari_rate":0.06666666666666667,"lyoty_rate":0.26666666666666666,"tuotu_rate":0.0625,"haava_rate":0.4,"palo_rate":0.5333333333333333,"tehot_per_turn":0.4666666666666667,"kl_per_turn":0.8666666666666667,"hr_rbi_per_turn":0.3333333333333333,"kl_base0":0.3333333333333333,"kl_base0_tries":3,"kl_base1":0.75,"kl_base1_tries":4,"kl_base2":1.0,"kl_base2_tries":4,"kl_base3":1.0,"kl_base3_tries":5,"adv1_pct":0.3333333333333333,"adv2_pct":0.75,"adv3_pct":1.0,"adv_home_pct":1.0,"money_kl_pct":1.0,"money_kl_tries":5,"pos":"1V","teho_plus":155,"adv_plus":123,"runner_plus":85,"out_avoid_plus":67,"adv1_plus":59,"adv2_plus":126,"adv3_plus":144,"adv_home_plus":175,"money_kl_plus":175,"spark_index":100,"run_value":3.3597456255123035,"raa":1.0,"jyk":2.3,"vyk":0.1,"teho_plus_adj":155,"pct_kl_pct":null,"pct_saatto_pct":null,"pct_eten_pct":null,"pct_kunnari_rate":null,"pct_lyoty_rate":null,"pct_palo_rate":null,"pct_tehot_per_turn":null},"proj":{"player_id":14372,"name":"Venla Vahanto","as_of":"2026-07-04","age":null,"stats":{"kl_pct":{"rate":0.6472000665332073,"effective_n":15.236330034298186,"observed":0.8142522203009473},"saatto_pct":{"rate":0.7138006740103164,"effective_n":29.527500269055366,"observed":0.7862066688843581},"eten_pct":{"rate":0.6266370951537178,"effective_n":29.185478597380914,"observed":0.5718758778763691},"kunnari_rate":{"rate":0.01678704872368663,"effective_n":14.21464072455809,"observed":0.07020930175715195},"lyoty_rate":{"rate":0.15349116646750083,"effective_n":13.845431119330616,"observed":0.27855401023178367},"haava_rate":{"rate":0.3745987547843185,"effective_n":13.15075760837589,"observed":0.41229690238399386},"palo_rate":{"rate":0.33833890371550795,"effective_n":13.491007403261728,"observed":0.516400351887773}},"teho_plus_proj":119},"translation":null,"pitching":null,"career_json":[{"year":2026,"kl_pct":0.8125,"teho_plus":155}],"pct_stats":["kl_pct","saatto_pct","eten_pct","kunnari_rate","lyoty_rate","palo_rate","tehot_per_turn"],"base_kl":{"player_id":14372,"turns_at_bat":15,"kl_base0":0.3333333333333333,"kl_base0_tries":3,"kl_base1":0.75,"kl_base1_tries":4,"kl_base2":1.0,"kl_base2_tries":4,"kl_base3":1.0,"kl_base3_tries":5,"pct_kl_base0":null,"pct_kl_base1":null,"pct_kl_base2":null,"pct_kl_base3":null},"base_keys":["kl_base0","kl_base1","kl_base2","kl_base3"],"comps":[]}