{"player":{"id":14401,"name":"Eetu  Haapakoski","born_year":null},"career":[{"year":2023,"season_id":153,"team":"YK","age":null,"games":2,"turns_at_bat":6,"vyk":-0.04,"spark_index":54,"adv_plus":45,"runner_plus":27,"out_avoid_plus":119,"money_kl_plus":null,"teho_plus":0,"teho_plus_adj":0},{"year":2025,"season_id":155,"team":"KeKi","age":null,"games":4,"turns_at_bat":28,"vyk":0.06,"spark_index":92,"adv_plus":84,"runner_plus":97,"out_avoid_plus":103,"money_kl_plus":0,"teho_plus":61,"teho_plus_adj":64},{"year":2026,"season_id":156,"team":"YK","age":null,"games":16,"turns_at_bat":109,"vyk":0.84,"spark_index":109,"adv_plus":112,"runner_plus":108,"out_avoid_plus":102,"money_kl_plus":148,"teho_plus":133,"teho_plus_adj":133}],"line":{"player_id":14401,"name":"Eetu  Haapakoski","born_year":null,"year":2026,"games":16,"team":"YK","turns_at_bat":109,"kunnarit":3,"lyodyt":5,"tuodut":26,"karkilyonnit":66,"karki_yritykset":101,"saatot":147,"saatto_yritykset":217,"etenemiset":151,"eteneminen_yritykset":225,"haavat":42,"palot":32,"season_id":156,"tehot":34,"kl_pct":0.6534653465346535,"saatto_pct":0.6774193548387096,"eten_pct":0.6711111111111111,"kunnari_rate":0.027522935779816515,"lyoty_rate":0.045871559633027525,"tuotu_rate":0.11555555555555555,"haava_rate":0.3853211009174312,"palo_rate":0.29357798165137616,"tehot_per_turn":0.3119266055045872,"kl_per_turn":0.6055045871559633,"hr_rbi_per_turn":0.07339449541284404,"kl_base0":0.5,"kl_base0_tries":14,"kl_base1":0.6041666666666666,"kl_base1_tries":48,"kl_base2":0.7586206896551724,"kl_base2_tries":29,"kl_base3":0.8,"kl_base3_tries":10,"adv1_pct":0.5,"adv2_pct":0.6041666666666666,"adv3_pct":0.7586206896551724,"adv_home_pct":0.8,"money_kl_pct":0.8,"money_kl_tries":10,"pos":"3P","teho_plus":133,"adv_plus":112,"runner_plus":108,"out_avoid_plus":102,"adv1_plus":98,"adv2_plus":113,"adv3_plus":121,"adv_home_plus":148,"money_kl_plus":148,"spark_index":109,"run_value":19.893338184077876,"raa":6.7,"jyk":14.7,"vyk":0.84,"teho_plus_adj":133,"pct_kl_pct":82,"pct_saatto_pct":74,"pct_eten_pct":77,"pct_kunnari_rate":90,"pct_lyoty_rate":39,"pct_palo_rate":50,"pct_tehot_per_turn":77},"proj":{"player_id":14401,"name":"Eetu  Haapakoski","as_of":"2026-07-23","age":null,"stats":{"kl_pct":{"rate":0.5979335050461029,"effective_n":100.28743620420596,"observed":0.6271551781050453},"saatto_pct":{"rate":0.659501934264685,"effective_n":198.86431139013942,"observed":0.6672024449317782},"eten_pct":{"rate":0.6572475282738207,"effective_n":202.59092821109238,"observed":0.6666383263024659},"kunnari_rate":{"rate":0.016381755741863714,"effective_n":114.42330240069302,"observed":0.02393062857871589},"lyoty_rate":{"rate":0.06994972852961369,"effective_n":106.1027073824521,"observed":0.04433412114725073},"haava_rate":{"rate":0.40523862428106366,"effective_n":94.24885605349057,"observed":0.39013236486509023},"palo_rate":{"rate":0.296290491809494,"effective_n":99.59063344324888,"observed":0.28941761168167907}},"teho_plus_proj":121},"translation":{"wrc_plus":118,"tier":"solid starter","rows":[{"pesis_label":"Kärkilyönti-% (advance the lead runner)","pesis_value":0.6534653465346535,"percentile":82,"mlb_stat":"AVG","mlb_value":"0.370"},{"pesis_label":"Kärkilyönnit per turn (base hits)","pesis_value":0.6055045871559633,"percentile":75,"mlb_stat":"H / 600 PA","mlb_value":"165"},{"pesis_label":"Lyödyt per turn (runs batted home)","pesis_value":0.045871559633027525,"percentile":39,"mlb_stat":"RBI / 600 PA","mlb_value":"66"},{"pesis_label":"Tuodut per advance (runs scored)","pesis_value":0.11555555555555555,"percentile":92,"mlb_stat":"R / 600 PA","mlb_value":"101"},{"pesis_label":"Palot per turn (burned outs)","pesis_value":0.29357798165137616,"percentile":50,"mlb_stat":"K%","mlb_value":"22.2%"}]},"pitching":null,"career_json":[{"year":2023,"kl_pct":0.25,"teho_plus":0},{"year":2025,"kl_pct":0.4,"teho_plus":61},{"year":2026,"kl_pct":0.6534653465346535,"teho_plus":133}],"pct_stats":["kl_pct","saatto_pct","eten_pct","kunnari_rate","lyoty_rate","palo_rate","tehot_per_turn"],"base_kl":{"player_id":14401,"turns_at_bat":109,"kl_base0":0.5,"kl_base0_tries":14,"kl_base1":0.6041666666666666,"kl_base1_tries":48,"kl_base2":0.7586206896551724,"kl_base2_tries":29,"kl_base3":0.8,"kl_base3_tries":10,"pct_kl_base0":51,"pct_kl_base1":66,"pct_kl_base2":80,"pct_kl_base3":93},"base_keys":["kl_base0","kl_base1","kl_base2","kl_base3"],"comps":[]}