{"player":{"id":1444,"name":"Antti Kiiskinen","born_year":null},"career":[{"player_id":1444,"name":"Antti Kiiskinen","born_year":null,"year":2026,"games":18,"team":"PattU","turns_at_bat":108,"kunnarit":0,"lyodyt":1,"tuodut":7,"karkilyonnit":45,"karki_yritykset":92,"saatot":93,"saatto_yritykset":173,"etenemiset":91,"eteneminen_yritykset":182,"haavat":53,"palot":38,"season_id":1,"tehot":8,"kl_pct":0.4891304347826087,"saatto_pct":0.5375722543352601,"eten_pct":0.5,"kunnari_rate":0.0,"lyoty_rate":0.009259259259259259,"tuotu_rate":0.038461538461538464,"haava_rate":0.49074074074074076,"palo_rate":0.35185185185185186,"tehot_per_turn":0.07407407407407407,"kl_per_turn":0.4166666666666667,"hr_rbi_per_turn":0.009259259259259259,"kl_base0":0.4444444444444444,"kl_base0_tries":27,"kl_base1":0.509090909090909,"kl_base1_tries":55,"kl_base2":0.5,"kl_base2_tries":8,"kl_base3":0.5,"kl_base3_tries":2,"adv1_pct":0.4444444444444444,"adv2_pct":0.509090909090909,"adv3_pct":0.5,"adv_home_pct":0.5,"money_kl_pct":0.5,"money_kl_tries":2,"pos":"2V","teho_plus":46,"adv_plus":92,"runner_plus":85,"out_avoid_plus":96,"adv1_plus":83,"adv2_plus":96,"adv3_plus":88,"adv_home_plus":111,"money_kl_plus":111,"spark_index":91,"run_value":2.6169960412306748,"raa":-5.2,"jyk":-0.7,"vyk":-0.06,"teho_plus_adj":47}],"line":{"player_id":1444,"name":"Antti Kiiskinen","born_year":null,"year":2026,"games":18,"team":"PattU","turns_at_bat":108,"kunnarit":0,"lyodyt":1,"tuodut":7,"karkilyonnit":45,"karki_yritykset":92,"saatot":93,"saatto_yritykset":173,"etenemiset":91,"eteneminen_yritykset":182,"haavat":53,"palot":38,"season_id":1,"tehot":8,"kl_pct":0.4891304347826087,"saatto_pct":0.5375722543352601,"eten_pct":0.5,"kunnari_rate":0.0,"lyoty_rate":0.009259259259259259,"tuotu_rate":0.038461538461538464,"haava_rate":0.49074074074074076,"palo_rate":0.35185185185185186,"tehot_per_turn":0.07407407407407407,"kl_per_turn":0.4166666666666667,"hr_rbi_per_turn":0.009259259259259259,"kl_base0":0.4444444444444444,"kl_base0_tries":27,"kl_base1":0.509090909090909,"kl_base1_tries":55,"kl_base2":0.5,"kl_base2_tries":8,"kl_base3":0.5,"kl_base3_tries":2,"adv1_pct":0.4444444444444444,"adv2_pct":0.509090909090909,"adv3_pct":0.5,"adv_home_pct":0.5,"money_kl_pct":0.5,"money_kl_tries":2,"pos":"2V","teho_plus":46,"adv_plus":92,"runner_plus":85,"out_avoid_plus":96,"adv1_plus":83,"adv2_plus":96,"adv3_plus":88,"adv_home_plus":111,"money_kl_plus":111,"spark_index":91,"run_value":2.6169960412306748,"raa":-5.2,"jyk":-0.7,"vyk":-0.06,"teho_plus_adj":47,"pct_kl_pct":37,"pct_saatto_pct":28,"pct_eten_pct":9,"pct_kunnari_rate":29,"pct_lyoty_rate":26,"pct_palo_rate":38,"pct_tehot_per_turn":17},"proj":{"player_id":1444,"name":"Antti Kiiskinen","as_of":"2026-07-02","age":null,"stats":{"kl_pct":{"rate":0.5044905456283135,"effective_n":83.41532867855354,"observed":0.4896935251778966},"saatto_pct":{"rate":0.5498561409947348,"effective_n":152.11597490728877,"observed":0.5394125444010825},"eten_pct":{"rate":0.5222852321153694,"effective_n":159.98693863232376,"observed":0.5017523233158263},"kunnari_rate":{"rate":0.003683164396826583,"effective_n":100.90961276952838,"observed":0.0},"lyoty_rate":{"rate":0.03757911227772872,"effective_n":97.57488369312651,"observed":0.009170284621692693},"haava_rate":{"rate":0.45777616086613476,"effective_n":91.29577822366414,"observed":0.48880483578245243},"palo_rate":{"rate":0.341210619738096,"effective_n":94.37221297331675,"observed":0.3554712910402986}},"teho_plus_proj":123},"career_json":[{"year":2026,"kl_pct":0.4891304347826087,"teho_plus":46}],"pct_stats":["kl_pct","saatto_pct","eten_pct","kunnari_rate","lyoty_rate","palo_rate","tehot_per_turn"],"base_kl":{"player_id":1444,"turns_at_bat":108,"kl_base0":0.4444444444444444,"kl_base0_tries":27,"kl_base1":0.509090909090909,"kl_base1_tries":55,"kl_base2":0.5,"kl_base2_tries":8,"kl_base3":0.5,"kl_base3_tries":2,"pct_kl_base0":38,"pct_kl_base1":52,"pct_kl_base2":32,"pct_kl_base3":59},"base_keys":["kl_base0","kl_base1","kl_base2","kl_base3"],"comps":[]}