{"player":{"id":14520,"name":"Venla Eronkoski","born_year":null},"career":[{"year":2026,"season_id":178,"team":"HuVe","age":null,"games":13,"turns_at_bat":73,"vyk":0.06,"spark_index":87,"adv_plus":83,"runner_plus":81,"out_avoid_plus":105,"money_kl_plus":49,"teho_plus":32,"teho_plus_adj":32}],"line":{"player_id":14520,"name":"Venla Eronkoski","born_year":null,"year":2026,"games":13,"team":"HuVe","turns_at_bat":73,"kunnarit":0,"lyodyt":5,"tuodut":2,"karkilyonnit":38,"karki_yritykset":78,"saatot":81,"saatto_yritykset":146,"etenemiset":56,"eteneminen_yritykset":105,"haavat":29,"palot":20,"season_id":178,"tehot":7,"kl_pct":0.48717948717948717,"saatto_pct":0.5547945205479452,"eten_pct":0.5333333333333333,"kunnari_rate":0.0,"lyoty_rate":0.0684931506849315,"tuotu_rate":0.01904761904761905,"haava_rate":0.3972602739726027,"palo_rate":0.273972602739726,"tehot_per_turn":0.0958904109589041,"kl_per_turn":0.5205479452054794,"hr_rbi_per_turn":0.0684931506849315,"kl_base0":0.3,"kl_base0_tries":20,"kl_base1":0.7894736842105263,"kl_base1_tries":19,"kl_base2":0.5714285714285714,"kl_base2_tries":21,"kl_base3":0.2777777777777778,"kl_base3_tries":18,"adv1_pct":0.3,"adv2_pct":0.7894736842105263,"adv3_pct":0.5714285714285714,"adv_home_pct":0.2777777777777778,"money_kl_pct":0.2777777777777778,"money_kl_tries":18,"pos":"3V","teho_plus":32,"adv_plus":83,"runner_plus":81,"out_avoid_plus":105,"adv1_plus":54,"adv2_plus":133,"adv3_plus":83,"adv_home_plus":49,"money_kl_plus":49,"spark_index":87,"run_value":6.760428168973531,"raa":-4.8,"jyk":1.4,"vyk":0.06,"teho_plus_adj":32,"pct_kl_pct":15,"pct_saatto_pct":15,"pct_eten_pct":8,"pct_kunnari_rate":28,"pct_lyoty_rate":38,"pct_palo_rate":62,"pct_tehot_per_turn":6},"proj":{"player_id":14520,"name":"Venla Eronkoski","as_of":"2026-07-12","age":null,"stats":{"kl_pct":{"rate":0.5404490175998946,"effective_n":70.57918141190083,"observed":0.4859088738269847},"saatto_pct":{"rate":0.5807167162180326,"effective_n":127.04980605573616,"observed":0.5556769582328214},"eten_pct":{"rate":0.5776008270707451,"effective_n":92.47059556094518,"observed":0.5338520916970649},"kunnari_rate":{"rate":0.00665317650519685,"effective_n":68.24659093889943,"observed":0.0},"lyoty_rate":{"rate":0.10302807275524198,"effective_n":66.02039935790275,"observed":0.06823961005854927},"haava_rate":{"rate":0.38306165475220094,"effective_n":61.84579583723429,"observed":0.40458229856108013},"palo_rate":{"rate":0.2919656009272144,"effective_n":63.88827295098327,"observed":0.2715276291722191}},"teho_plus_proj":94},"translation":{"wrc_plus":61,"tier":"replacement level","rows":[{"pesis_label":"Kärkilyönti-% (advance the lead runner)","pesis_value":0.48717948717948717,"percentile":15,"mlb_stat":"AVG","mlb_value":"0.204"},{"pesis_label":"Kärkilyönnit per turn (base hits)","pesis_value":0.5205479452054794,"percentile":38,"mlb_stat":"H / 600 PA","mlb_value":"143"},{"pesis_label":"Lyödyt per turn (runs batted home)","pesis_value":0.0684931506849315,"percentile":38,"mlb_stat":"RBI / 600 PA","mlb_value":"66"},{"pesis_label":"Tuodut per advance (runs scored)","pesis_value":0.01904761904761905,"percentile":6,"mlb_stat":"R / 600 PA","mlb_value":"48"},{"pesis_label":"Palot per turn (burned outs)","pesis_value":0.273972602739726,"percentile":62,"mlb_stat":"K%","mlb_value":"20.5%"}]},"pitching":null,"career_json":[{"year":2026,"kl_pct":0.48717948717948717,"teho_plus":32}],"pct_stats":["kl_pct","saatto_pct","eten_pct","kunnari_rate","lyoty_rate","palo_rate","tehot_per_turn"],"base_kl":{"player_id":14520,"turns_at_bat":73,"kl_base0":0.3,"kl_base0_tries":20,"kl_base1":0.7894736842105263,"kl_base1_tries":19,"kl_base2":0.5714285714285714,"kl_base2_tries":21,"kl_base3":0.2777777777777778,"kl_base3_tries":18,"pct_kl_base0":14,"pct_kl_base1":90,"pct_kl_base2":24,"pct_kl_base3":9},"base_keys":["kl_base0","kl_base1","kl_base2","kl_base3"],"comps":[]}