{"player":{"id":14568,"name":"Emmi Kivimäki","born_year":null},"career":[{"year":2024,"season_id":122,"team":"SMJ","age":null,"games":9,"turns_at_bat":48,"vyk":-0.05,"spark_index":92,"adv_plus":80,"runner_plus":96,"out_avoid_plus":116,"money_kl_plus":31,"teho_plus":51,"teho_plus_adj":50},{"year":2025,"season_id":126,"team":"SMJ","age":null,"games":22,"turns_at_bat":152,"vyk":0.16,"spark_index":92,"adv_plus":91,"runner_plus":95,"out_avoid_plus":91,"money_kl_plus":103,"teho_plus":74,"teho_plus_adj":73},{"year":2026,"season_id":130,"team":"SiiPe","age":null,"games":15,"turns_at_bat":101,"vyk":0.53,"spark_index":112,"adv_plus":112,"runner_plus":111,"out_avoid_plus":116,"money_kl_plus":109,"teho_plus":129,"teho_plus_adj":125}],"line":{"player_id":14568,"name":"Emmi Kivimäki","born_year":null,"year":2026,"games":15,"team":"SiiPe","turns_at_bat":101,"kunnarit":0,"lyodyt":14,"tuodut":14,"karkilyonnit":50,"karki_yritykset":86,"saatot":163,"saatto_yritykset":225,"etenemiset":150,"eteneminen_yritykset":214,"haavat":41,"palot":23,"season_id":130,"tehot":28,"kl_pct":0.5813953488372093,"saatto_pct":0.7244444444444444,"eten_pct":0.7009345794392523,"kunnari_rate":0.0,"lyoty_rate":0.13861386138613863,"tuotu_rate":0.06542056074766354,"haava_rate":0.40594059405940597,"palo_rate":0.22772277227722773,"tehot_per_turn":0.27722772277227725,"kl_per_turn":0.49504950495049505,"hr_rbi_per_turn":0.13861386138613863,"kl_base0":0.5,"kl_base0_tries":12,"kl_base1":0.47368421052631576,"kl_base1_tries":19,"kl_base2":0.75,"kl_base2_tries":28,"kl_base3":0.5185185185185185,"kl_base3_tries":27,"adv1_pct":0.5,"adv2_pct":0.47368421052631576,"adv3_pct":0.75,"adv_home_pct":0.5185185185185185,"money_kl_pct":0.5185185185185185,"money_kl_tries":27,"pos":"2K","teho_plus":129,"adv_plus":112,"runner_plus":111,"out_avoid_plus":116,"adv1_plus":87,"adv2_plus":82,"adv3_plus":118,"adv_home_plus":109,"money_kl_plus":109,"spark_index":112,"run_value":16.592973342753755,"raa":3.1,"jyk":8.0,"vyk":0.53,"teho_plus_adj":125,"pct_kl_pct":53,"pct_saatto_pct":81,"pct_eten_pct":87,"pct_kunnari_rate":34,"pct_lyoty_rate":72,"pct_palo_rate":78,"pct_tehot_per_turn":73},"proj":{"player_id":14568,"name":"Emmi Kivimäki","as_of":"2026-07-12","age":null,"stats":{"kl_pct":{"rate":0.5593088453186307,"effective_n":129.57883138555158,"observed":0.5547046277953783},"saatto_pct":{"rate":0.6829051033183422,"effective_n":258.2249523283598,"observed":0.690161999298848},"eten_pct":{"rate":0.6675818143851916,"effective_n":258.13301966961126,"observed":0.6741389506642709},"kunnari_rate":{"rate":0.0054329037052523585,"effective_n":176.6923637963812,"observed":0.005379690315350428},"lyoty_rate":{"rate":0.1020095560334446,"effective_n":145.87685354222836,"observed":0.10419196519574064},"haava_rate":{"rate":0.38890292673706783,"effective_n":110.9301833458108,"observed":0.39837047070798665},"palo_rate":{"rate":0.2960284559721703,"effective_n":125.23293297729234,"observed":0.27329638278687884}},"teho_plus_proj":143},"translation":{"wrc_plus":115,"tier":"solid starter","rows":[{"pesis_label":"Kärkilyönti-% (advance the lead runner)","pesis_value":0.5813953488372093,"percentile":53,"mlb_stat":"AVG","mlb_value":"0.255"},{"pesis_label":"Kärkilyönnit per turn (base hits)","pesis_value":0.49504950495049505,"percentile":37,"mlb_stat":"H / 600 PA","mlb_value":"143"},{"pesis_label":"Lyödyt per turn (runs batted home)","pesis_value":0.13861386138613863,"percentile":72,"mlb_stat":"RBI / 600 PA","mlb_value":"84"},{"pesis_label":"Tuodut per advance (runs scored)","pesis_value":0.06542056074766354,"percentile":68,"mlb_stat":"R / 600 PA","mlb_value":"84"},{"pesis_label":"Palot per turn (burned outs)","pesis_value":0.22772277227722773,"percentile":78,"mlb_stat":"K%","mlb_value":"18.0%"}]},"pitching":null,"career_json":[{"year":2024,"kl_pct":0.4,"teho_plus":51},{"year":2025,"kl_pct":0.5234899328859061,"teho_plus":74},{"year":2026,"kl_pct":0.5813953488372093,"teho_plus":129}],"pct_stats":["kl_pct","saatto_pct","eten_pct","kunnari_rate","lyoty_rate","palo_rate","tehot_per_turn"],"base_kl":{"player_id":14568,"turns_at_bat":101,"kl_base0":0.5,"kl_base0_tries":12,"kl_base1":0.47368421052631576,"kl_base1_tries":19,"kl_base2":0.75,"kl_base2_tries":28,"kl_base3":0.5185185185185185,"kl_base3_tries":27,"pct_kl_base0":46,"pct_kl_base1":31,"pct_kl_base2":76,"pct_kl_base3":59},"base_keys":["kl_base0","kl_base1","kl_base2","kl_base3"],"comps":[]}