{"player":{"id":14568,"name":"Emmi Kivimäki","born_year":null},"career":[{"year":2024,"season_id":122,"team":"SMJ","age":null,"games":9,"turns_at_bat":48,"vyk":-0.08,"spark_index":92,"adv_plus":80,"runner_plus":96,"out_avoid_plus":116,"money_kl_plus":31,"teho_plus":51,"teho_plus_adj":50},{"year":2025,"season_id":126,"team":"SMJ","age":null,"games":22,"turns_at_bat":152,"vyk":0.03,"spark_index":92,"adv_plus":91,"runner_plus":95,"out_avoid_plus":91,"money_kl_plus":103,"teho_plus":74,"teho_plus_adj":73},{"year":2026,"season_id":130,"team":"SiiPe","age":null,"games":17,"turns_at_bat":115,"vyk":0.57,"spark_index":111,"adv_plus":108,"runner_plus":110,"out_avoid_plus":119,"money_kl_plus":94,"teho_plus":120,"teho_plus_adj":116}],"line":{"player_id":14568,"name":"Emmi Kivimäki","born_year":null,"year":2026,"games":17,"team":"SiiPe","turns_at_bat":115,"kunnarit":0,"lyodyt":14,"tuodut":16,"karkilyonnit":51,"karki_yritykset":96,"saatot":185,"saatto_yritykset":260,"etenemiset":173,"eteneminen_yritykset":247,"haavat":50,"palot":24,"season_id":130,"tehot":30,"kl_pct":0.53125,"saatto_pct":0.7115384615384616,"eten_pct":0.7004048582995951,"kunnari_rate":0.0,"lyoty_rate":0.12173913043478261,"tuotu_rate":0.06477732793522267,"haava_rate":0.43478260869565216,"palo_rate":0.20869565217391303,"tehot_per_turn":0.2608695652173913,"kl_per_turn":0.4434782608695652,"hr_rbi_per_turn":0.12173913043478261,"kl_base0":0.46153846153846156,"kl_base0_tries":13,"kl_base1":0.42857142857142855,"kl_base1_tries":21,"kl_base2":0.7096774193548387,"kl_base2_tries":31,"kl_base3":0.45161290322580644,"kl_base3_tries":31,"adv1_pct":0.46153846153846156,"adv2_pct":0.42857142857142855,"adv3_pct":0.7096774193548387,"adv_home_pct":0.45161290322580644,"money_kl_pct":0.45161290322580644,"money_kl_tries":31,"pos":"2K","teho_plus":120,"adv_plus":108,"runner_plus":110,"out_avoid_plus":119,"adv1_plus":80,"adv2_plus":74,"adv3_plus":111,"adv_home_plus":94,"money_kl_plus":94,"spark_index":111,"run_value":18.50127089512877,"raa":1.8,"jyk":8.6,"vyk":0.57,"teho_plus_adj":116,"pct_kl_pct":36,"pct_saatto_pct":77,"pct_eten_pct":88,"pct_kunnari_rate":33,"pct_lyoty_rate":68,"pct_palo_rate":81,"pct_tehot_per_turn":71},"proj":{"player_id":14568,"name":"Emmi Kivimäki","as_of":"2026-07-16","age":null,"stats":{"kl_pct":{"rate":0.5362545544284276,"effective_n":137.95613814220692,"observed":0.5220232773131307},"saatto_pct":{"rate":0.677209711812124,"effective_n":288.72808727642337,"observed":0.6827873462940712},"eten_pct":{"rate":0.6704623325038677,"effective_n":286.66942524967885,"observed":0.6767071307746811},"kunnari_rate":{"rate":0.005340104631575438,"effective_n":189.20725159554073,"observed":0.004983786676122611},"lyoty_rate":{"rate":0.09618496921800586,"effective_n":158.0206240435767,"observed":0.09503585308417425},"haava_rate":{"rate":0.4034071849878403,"effective_n":122.53935981563613,"observed":0.42594344689014024},"palo_rate":{"rate":0.28236337871539585,"effective_n":137.08996233769824,"observed":0.25295340804425254}},"teho_plus_proj":139},"translation":{"wrc_plus":114,"tier":"solid starter","rows":[{"pesis_label":"Kärkilyönti-% (advance the lead runner)","pesis_value":0.53125,"percentile":36,"mlb_stat":"AVG","mlb_value":"0.248"},{"pesis_label":"Kärkilyönnit per turn (base hits)","pesis_value":0.4434782608695652,"percentile":18,"mlb_stat":"H / 600 PA","mlb_value":"130"},{"pesis_label":"Lyödyt per turn (runs batted home)","pesis_value":0.12173913043478261,"percentile":68,"mlb_stat":"RBI / 600 PA","mlb_value":"81"},{"pesis_label":"Tuodut per advance (runs scored)","pesis_value":0.06477732793522267,"percentile":67,"mlb_stat":"R / 600 PA","mlb_value":"84"},{"pesis_label":"Palot per turn (burned outs)","pesis_value":0.20869565217391303,"percentile":81,"mlb_stat":"K%","mlb_value":"17.4%"}]},"pitching":null,"career_json":[{"year":2024,"kl_pct":0.4,"teho_plus":51},{"year":2025,"kl_pct":0.5234899328859061,"teho_plus":74},{"year":2026,"kl_pct":0.53125,"teho_plus":120}],"pct_stats":["kl_pct","saatto_pct","eten_pct","kunnari_rate","lyoty_rate","palo_rate","tehot_per_turn"],"base_kl":{"player_id":14568,"turns_at_bat":115,"kl_base0":0.46153846153846156,"kl_base0_tries":13,"kl_base1":0.42857142857142855,"kl_base1_tries":21,"kl_base2":0.7096774193548387,"kl_base2_tries":31,"kl_base3":0.45161290322580644,"kl_base3_tries":31,"pct_kl_base0":40,"pct_kl_base1":20,"pct_kl_base2":67,"pct_kl_base3":42},"base_keys":["kl_base0","kl_base1","kl_base2","kl_base3"],"comps":[]}