{"player":{"id":14577,"name":"Viivi Kallio","born_year":null},"career":[{"year":2024,"season_id":176,"team":"SMJ 1","age":null,"games":11,"turns_at_bat":72,"vyk":-0.02,"spark_index":97,"adv_plus":103,"runner_plus":92,"out_avoid_plus":91,"money_kl_plus":144,"teho_plus":59,"teho_plus_adj":61},{"year":2025,"season_id":177,"team":"YPJ","age":null,"games":15,"turns_at_bat":95,"vyk":0.14,"spark_index":99,"adv_plus":100,"runner_plus":98,"out_avoid_plus":98,"money_kl_plus":95,"teho_plus":70,"teho_plus_adj":75},{"year":2026,"season_id":178,"team":"YPJ","age":null,"games":13,"turns_at_bat":96,"vyk":0.31,"spark_index":101,"adv_plus":105,"runner_plus":99,"out_avoid_plus":96,"money_kl_plus":87,"teho_plus":97,"teho_plus_adj":100}],"line":{"player_id":14577,"name":"Viivi Kallio","born_year":null,"year":2026,"games":13,"team":"YPJ","turns_at_bat":96,"kunnarit":1,"lyodyt":1,"tuodut":26,"karkilyonnit":57,"karki_yritykset":84,"saatot":109,"saatto_yritykset":163,"etenemiset":111,"eteneminen_yritykset":170,"haavat":27,"palot":32,"season_id":178,"tehot":28,"kl_pct":0.6785714285714286,"saatto_pct":0.6687116564417178,"eten_pct":0.6529411764705882,"kunnari_rate":0.010416666666666666,"lyoty_rate":0.010416666666666666,"tuotu_rate":0.15294117647058825,"haava_rate":0.28125,"palo_rate":0.3333333333333333,"tehot_per_turn":0.2916666666666667,"kl_per_turn":0.59375,"hr_rbi_per_turn":0.020833333333333332,"kl_base0":0.5333333333333333,"kl_base0_tries":15,"kl_base1":0.75,"kl_base1_tries":52,"kl_base2":0.6153846153846154,"kl_base2_tries":13,"kl_base3":0.5,"kl_base3_tries":4,"adv1_pct":0.5333333333333333,"adv2_pct":0.75,"adv3_pct":0.6153846153846154,"adv_home_pct":0.5,"money_kl_pct":0.5,"money_kl_tries":4,"pos":"3P","teho_plus":97,"adv_plus":105,"runner_plus":99,"out_avoid_plus":96,"adv1_plus":95,"adv2_plus":126,"adv3_plus":89,"adv_home_plus":87,"money_kl_plus":87,"spark_index":101,"run_value":13.916882823365777,"raa":-1.0,"jyk":7.2,"vyk":0.31,"teho_plus_adj":100,"pct_kl_pct":76,"pct_saatto_pct":53,"pct_eten_pct":48,"pct_kunnari_rate":58,"pct_lyoty_rate":4,"pct_palo_rate":34,"pct_tehot_per_turn":55},"proj":{"player_id":14577,"name":"Viivi Kallio","as_of":"2026-07-15","age":null,"stats":{"kl_pct":{"rate":0.6435431659448344,"effective_n":107.7270714222663,"observed":0.6651558109160574},"saatto_pct":{"rate":0.6683952705345793,"effective_n":183.17723788174624,"observed":0.6701365580608069},"eten_pct":{"rate":0.6552221117584893,"effective_n":198.52598488023102,"observed":0.6543518467689928},"kunnari_rate":{"rate":0.00830830420646748,"effective_n":150.97683479744177,"observed":0.006610285619902999},"lyoty_rate":{"rate":0.06773639838286491,"effective_n":125.90554585752216,"observed":0.026959379510422547},"haava_rate":{"rate":0.33259903302087673,"effective_n":99.08816884956934,"observed":0.2951894200652598},"palo_rate":{"rate":0.3186168517882651,"effective_n":109.86817824072106,"observed":0.3261682549052955}},"teho_plus_proj":90},"translation":{"wrc_plus":103,"tier":"league-average regular","rows":[{"pesis_label":"Kärkilyönti-% (advance the lead runner)","pesis_value":0.6785714285714286,"percentile":76,"mlb_stat":"AVG","mlb_value":"0.396"},{"pesis_label":"Kärkilyönnit per turn (base hits)","pesis_value":0.59375,"percentile":57,"mlb_stat":"H / 600 PA","mlb_value":"154"},{"pesis_label":"Lyödyt per turn (runs batted home)","pesis_value":0.010416666666666666,"percentile":4,"mlb_stat":"RBI / 600 PA","mlb_value":"37"},{"pesis_label":"Tuodut per advance (runs scored)","pesis_value":0.15294117647058825,"percentile":96,"mlb_stat":"R / 600 PA","mlb_value":"108"},{"pesis_label":"Palot per turn (burned outs)","pesis_value":0.3333333333333333,"percentile":34,"mlb_stat":"K%","mlb_value":"24.5%"}]},"pitching":null,"career_json":[{"year":2024,"kl_pct":0.6730769230769231,"teho_plus":59},{"year":2025,"kl_pct":0.6133333333333333,"teho_plus":70},{"year":2026,"kl_pct":0.6785714285714286,"teho_plus":97}],"pct_stats":["kl_pct","saatto_pct","eten_pct","kunnari_rate","lyoty_rate","palo_rate","tehot_per_turn"],"base_kl":{"player_id":14577,"turns_at_bat":96,"kl_base0":0.5333333333333333,"kl_base0_tries":15,"kl_base1":0.75,"kl_base1_tries":52,"kl_base2":0.6153846153846154,"kl_base2_tries":13,"kl_base3":0.5,"kl_base3_tries":4,"pct_kl_base0":48,"pct_kl_base1":85,"pct_kl_base2":34,"pct_kl_base3":36},"base_keys":["kl_base0","kl_base1","kl_base2","kl_base3"],"comps":[]}