{"player":{"id":14586,"name":"Aino Lähteenmäki","born_year":null},"career":[{"year":2024,"season_id":122,"team":"SMJ","age":null,"games":10,"turns_at_bat":58,"vyk":-0.21,"spark_index":71,"adv_plus":62,"runner_plus":75,"out_avoid_plus":89,"money_kl_plus":0,"teho_plus":42,"teho_plus_adj":42},{"year":2025,"season_id":126,"team":"SMJ","age":null,"games":15,"turns_at_bat":96,"vyk":-0.04,"spark_index":78,"adv_plus":70,"runner_plus":72,"out_avoid_plus":106,"money_kl_plus":129,"teho_plus":56,"teho_plus_adj":56},{"year":2026,"season_id":130,"team":"SMJ","age":null,"games":12,"turns_at_bat":68,"vyk":0.27,"spark_index":103,"adv_plus":101,"runner_plus":94,"out_avoid_plus":121,"money_kl_plus":145,"teho_plus":102,"teho_plus_adj":100}],"line":{"player_id":14586,"name":"Aino Lähteenmäki","born_year":null,"year":2026,"games":12,"team":"SMJ","turns_at_bat":68,"kunnarit":0,"lyodyt":9,"tuodut":6,"karkilyonnit":39,"karki_yritykset":69,"saatot":92,"saatto_yritykset":142,"etenemiset":70,"eteneminen_yritykset":117,"haavat":34,"palot":13,"season_id":130,"tehot":15,"kl_pct":0.5652173913043478,"saatto_pct":0.647887323943662,"eten_pct":0.5982905982905983,"kunnari_rate":0.0,"lyoty_rate":0.1323529411764706,"tuotu_rate":0.05128205128205128,"haava_rate":0.5,"palo_rate":0.19117647058823528,"tehot_per_turn":0.22058823529411764,"kl_per_turn":0.5735294117647058,"hr_rbi_per_turn":0.1323529411764706,"kl_base0":0.23076923076923078,"kl_base0_tries":13,"kl_base1":0.5,"kl_base1_tries":18,"kl_base2":0.72,"kl_base2_tries":25,"kl_base3":0.6923076923076923,"kl_base3_tries":13,"adv1_pct":0.23076923076923078,"adv2_pct":0.5,"adv3_pct":0.72,"adv_home_pct":0.6923076923076923,"money_kl_pct":0.6923076923076923,"money_kl_tries":13,"pos":"3K","teho_plus":102,"adv_plus":101,"runner_plus":94,"out_avoid_plus":121,"adv1_plus":40,"adv2_plus":86,"adv3_plus":113,"adv_home_plus":145,"money_kl_plus":145,"spark_index":103,"run_value":8.80082847549543,"raa":0.5,"jyk":4.0,"vyk":0.27,"teho_plus_adj":100,"pct_kl_pct":46,"pct_saatto_pct":54,"pct_eten_pct":30,"pct_kunnari_rate":35,"pct_lyoty_rate":69,"pct_palo_rate":88,"pct_tehot_per_turn":58},"proj":{"player_id":14586,"name":"Aino Lähteenmäki","as_of":"2026-07-05","age":null,"stats":{"kl_pct":{"rate":0.5288505788267488,"effective_n":95.47892676368917,"observed":0.5036136435272958},"saatto_pct":{"rate":0.6144040894450301,"effective_n":160.06953985548472,"observed":0.6088392789807258},"eten_pct":{"rate":0.579293964879208,"effective_n":144.02133048798564,"observed":0.56018186050342},"kunnari_rate":{"rate":0.004532404946482608,"effective_n":122.90094468024948,"observed":0.0037344387403485117},"lyoty_rate":{"rate":0.09693813346758735,"effective_n":100.17937605123184,"observed":0.09580552845420266},"haava_rate":{"rate":0.43775164653282805,"effective_n":75.85513965580085,"observed":0.5187885129105531},"palo_rate":{"rate":0.27453738243950915,"effective_n":85.59569331360319,"observed":0.22016745266167304}},"teho_plus_proj":128},"translation":{"wrc_plus":105,"tier":"league-average regular","rows":[{"pesis_label":"Kärkilyönti-% (advance the lead runner)","pesis_value":0.5652173913043478,"percentile":46,"mlb_stat":"AVG","mlb_value":"0.244"},{"pesis_label":"Kärkilyönnit per turn (base hits)","pesis_value":0.5735294117647058,"percentile":60,"mlb_stat":"H / 600 PA","mlb_value":"156"},{"pesis_label":"Lyödyt per turn (runs batted home)","pesis_value":0.1323529411764706,"percentile":69,"mlb_stat":"RBI / 600 PA","mlb_value":"82"},{"pesis_label":"Tuodut per advance (runs scored)","pesis_value":0.05128205128205128,"percentile":51,"mlb_stat":"R / 600 PA","mlb_value":"76"},{"pesis_label":"Palot per turn (burned outs)","pesis_value":0.19117647058823528,"percentile":88,"mlb_stat":"K%","mlb_value":"15.7%"}]},"pitching":null,"career_json":[{"year":2024,"kl_pct":0.35135135135135137,"teho_plus":42},{"year":2025,"kl_pct":0.38823529411764707,"teho_plus":56},{"year":2026,"kl_pct":0.5652173913043478,"teho_plus":102}],"pct_stats":["kl_pct","saatto_pct","eten_pct","kunnari_rate","lyoty_rate","palo_rate","tehot_per_turn"],"base_kl":{"player_id":14586,"turns_at_bat":68,"kl_base0":0.23076923076923078,"kl_base0_tries":13,"kl_base1":0.5,"kl_base1_tries":18,"kl_base2":0.72,"kl_base2_tries":25,"kl_base3":0.6923076923076923,"kl_base3_tries":13,"pct_kl_base0":15,"pct_kl_base1":36,"pct_kl_base2":68,"pct_kl_base3":84},"base_keys":["kl_base0","kl_base1","kl_base2","kl_base3"],"comps":[]}