{"player":{"id":14656,"name":"Sandra Tiitto","born_year":null},"career":[{"year":2026,"season_id":130,"team":"HP-K","age":null,"games":15,"turns_at_bat":50,"vyk":-0.07,"spark_index":83,"adv_plus":73,"runner_plus":80,"out_avoid_plus":111,"money_kl_plus":120,"teho_plus":37,"teho_plus_adj":37}],"line":{"player_id":14656,"name":"Sandra Tiitto","born_year":null,"year":2026,"games":15,"team":"HP-K","turns_at_bat":50,"kunnarit":0,"lyodyt":4,"tuodut":0,"karkilyonnit":20,"karki_yritykset":49,"saatot":52,"saatto_yritykset":112,"etenemiset":39,"eteneminen_yritykset":77,"haavat":25,"palot":13,"season_id":130,"tehot":4,"kl_pct":0.40816326530612246,"saatto_pct":0.4642857142857143,"eten_pct":0.5064935064935064,"kunnari_rate":0.0,"lyoty_rate":0.08,"tuotu_rate":0.0,"haava_rate":0.5,"palo_rate":0.26,"tehot_per_turn":0.08,"kl_per_turn":0.4,"hr_rbi_per_turn":0.08,"kl_base0":0.5714285714285714,"kl_base0_tries":7,"kl_base1":0.1875,"kl_base1_tries":16,"kl_base2":0.47368421052631576,"kl_base2_tries":19,"kl_base3":0.5714285714285714,"kl_base3_tries":7,"adv1_pct":0.5714285714285714,"adv2_pct":0.1875,"adv3_pct":0.47368421052631576,"adv_home_pct":0.5714285714285714,"money_kl_pct":0.5714285714285714,"money_kl_tries":7,"pos":"3V","teho_plus":37,"adv_plus":73,"runner_plus":80,"out_avoid_plus":111,"adv1_plus":99,"adv2_plus":32,"adv3_plus":74,"adv_home_plus":120,"money_kl_plus":120,"spark_index":83,"run_value":2.8130878839751925,"raa":-3.5,"jyk":-1.1,"vyk":-0.07,"teho_plus_adj":37,"pct_kl_pct":7,"pct_saatto_pct":4,"pct_eten_pct":4,"pct_kunnari_rate":33,"pct_lyoty_rate":59,"pct_palo_rate":68,"pct_tehot_per_turn":5},"proj":{"player_id":14656,"name":"Sandra Tiitto","as_of":"2026-07-15","age":null,"stats":{"kl_pct":{"rate":0.5006596135107207,"effective_n":44.04737431358577,"observed":0.4069018514323585},"saatto_pct":{"rate":0.5160586756130724,"effective_n":97.69645193208967,"observed":0.46665613170417586},"eten_pct":{"rate":0.5631875603883967,"effective_n":67.42793530667996,"observed":0.5103674116965098},"kunnari_rate":{"rate":0.004105510157395215,"effective_n":46.78700976501998,"observed":0.0},"lyoty_rate":{"rate":0.09071829918616202,"effective_n":45.28397772336459,"observed":0.07771450008705971},"haava_rate":{"rate":0.412688261633456,"effective_n":42.468307789975945,"observed":0.49843944195567674},"palo_rate":{"rate":0.3046653807117709,"effective_n":43.845455548805326,"observed":0.25421362351519466}},"teho_plus_proj":122},"translation":{"wrc_plus":59,"tier":"replacement level","rows":[{"pesis_label":"Kärkilyönti-% (advance the lead runner)","pesis_value":0.40816326530612246,"percentile":7,"mlb_stat":"AVG","mlb_value":"0.156"},{"pesis_label":"Kärkilyönnit per turn (base hits)","pesis_value":0.4,"percentile":10,"mlb_stat":"H / 600 PA","mlb_value":"122"},{"pesis_label":"Lyödyt per turn (runs batted home)","pesis_value":0.08,"percentile":59,"mlb_stat":"RBI / 600 PA","mlb_value":"77"},{"pesis_label":"Tuodut per advance (runs scored)","pesis_value":0.0,"percentile":1,"mlb_stat":"R / 600 PA","mlb_value":"34"},{"pesis_label":"Palot per turn (burned outs)","pesis_value":0.26,"percentile":68,"mlb_stat":"K%","mlb_value":"19.6%"}]},"pitching":null,"career_json":[{"year":2026,"kl_pct":0.40816326530612246,"teho_plus":37}],"pct_stats":["kl_pct","saatto_pct","eten_pct","kunnari_rate","lyoty_rate","palo_rate","tehot_per_turn"],"base_kl":{"player_id":14656,"turns_at_bat":50,"kl_base0":0.5714285714285714,"kl_base0_tries":7,"kl_base1":0.1875,"kl_base1_tries":16,"kl_base2":0.47368421052631576,"kl_base2_tries":19,"kl_base3":0.5714285714285714,"kl_base3_tries":7,"pct_kl_base0":59,"pct_kl_base1":3,"pct_kl_base2":12,"pct_kl_base3":68},"base_keys":["kl_base0","kl_base1","kl_base2","kl_base3"],"comps":[]}