{"player":{"id":14669,"name":"Ada Kinnunen","born_year":null},"career":[{"year":2026,"season_id":178,"team":"HP-K","age":null,"games":6,"turns_at_bat":37,"vyk":-0.15,"spark_index":78,"adv_plus":85,"runner_plus":78,"out_avoid_plus":63,"money_kl_plus":0,"teho_plus":36,"teho_plus_adj":37}],"line":{"player_id":14669,"name":"Ada Kinnunen","born_year":null,"year":2026,"games":6,"team":"HP-K","turns_at_bat":37,"kunnarit":0,"lyodyt":0,"tuodut":4,"karkilyonnit":13,"karki_yritykset":26,"saatot":22,"saatto_yritykset":38,"etenemiset":32,"eteneminen_yritykset":62,"haavat":9,"palot":21,"season_id":178,"tehot":4,"kl_pct":0.5,"saatto_pct":0.5789473684210527,"eten_pct":0.5161290322580645,"kunnari_rate":0.0,"lyoty_rate":0.0,"tuotu_rate":0.06451612903225806,"haava_rate":0.24324324324324326,"palo_rate":0.5675675675675675,"tehot_per_turn":0.10810810810810811,"kl_per_turn":0.35135135135135137,"hr_rbi_per_turn":0.0,"kl_base0":0.5,"kl_base0_tries":16,"kl_base1":0.4,"kl_base1_tries":5,"kl_base2":1.0,"kl_base2_tries":3,"kl_base3":0.0,"kl_base3_tries":2,"adv1_pct":0.5,"adv2_pct":0.4,"adv3_pct":1.0,"adv_home_pct":0.0,"money_kl_pct":0.0,"money_kl_tries":2,"pos":"S","teho_plus":36,"adv_plus":85,"runner_plus":78,"out_avoid_plus":63,"adv1_plus":89,"adv2_plus":67,"adv3_plus":145,"adv_home_plus":0,"money_kl_plus":0,"spark_index":78,"run_value":-0.7737576703703455,"raa":-6.5,"jyk":-3.4,"vyk":-0.15,"teho_plus_adj":37,"pct_kl_pct":null,"pct_saatto_pct":null,"pct_eten_pct":null,"pct_kunnari_rate":null,"pct_lyoty_rate":null,"pct_palo_rate":null,"pct_tehot_per_turn":null},"proj":{"player_id":14669,"name":"Ada Kinnunen","as_of":"2026-07-16","age":null,"stats":{"kl_pct":{"rate":0.5754259375428378,"effective_n":22.65116018821646,"observed":0.4977801683607487},"saatto_pct":{"rate":0.6224361559241757,"effective_n":31.510835512466095,"observed":0.5742178107012207},"eten_pct":{"rate":0.5806219482065803,"effective_n":52.566908218426555,"observed":0.5063779318850349},"kunnari_rate":{"rate":0.008127938558694803,"effective_n":34.20367259814699,"observed":0.0},"lyoty_rate":{"rate":0.09345539970505252,"effective_n":32.91979621843081,"observed":0.0},"haava_rate":{"rate":0.33948031110866234,"effective_n":30.559057882360488,"observed":0.2406970878828204},"palo_rate":{"rate":0.38458428299824277,"effective_n":31.70627743303738,"observed":0.5771976673138737}},"teho_plus_proj":92},"translation":null,"pitching":null,"career_json":[{"year":2026,"kl_pct":0.5,"teho_plus":36}],"pct_stats":["kl_pct","saatto_pct","eten_pct","kunnari_rate","lyoty_rate","palo_rate","tehot_per_turn"],"base_kl":{"player_id":14669,"turns_at_bat":37,"kl_base0":0.5,"kl_base0_tries":16,"kl_base1":0.4,"kl_base1_tries":5,"kl_base2":1.0,"kl_base2_tries":3,"kl_base3":0.0,"kl_base3_tries":2,"pct_kl_base0":null,"pct_kl_base1":null,"pct_kl_base2":null,"pct_kl_base3":null},"base_keys":["kl_base0","kl_base1","kl_base2","kl_base3"],"comps":[]}