{"player":{"id":14664,"name":"Eini Salo","born_year":null},"career":[{"year":2026,"season_id":178,"team":"HP-K","age":null,"games":2,"turns_at_bat":11,"vyk":-0.01,"spark_index":85,"adv_plus":78,"runner_plus":76,"out_avoid_plus":118,"money_kl_plus":58,"teho_plus":30,"teho_plus_adj":31}],"line":{"player_id":14664,"name":"Eini Salo","born_year":null,"year":2026,"games":2,"team":"HP-K","turns_at_bat":11,"kunnarit":0,"lyodyt":1,"tuodut":0,"karkilyonnit":4,"karki_yritykset":9,"saatot":10,"saatto_yritykset":19,"etenemiset":7,"eteneminen_yritykset":14,"haavat":5,"palot":2,"season_id":178,"tehot":1,"kl_pct":0.4444444444444444,"saatto_pct":0.5263157894736842,"eten_pct":0.5,"kunnari_rate":0.0,"lyoty_rate":0.09090909090909091,"tuotu_rate":0.0,"haava_rate":0.45454545454545453,"palo_rate":0.18181818181818182,"tehot_per_turn":0.09090909090909091,"kl_per_turn":0.36363636363636365,"hr_rbi_per_turn":0.09090909090909091,"kl_base0":0.5,"kl_base0_tries":2,"kl_base1":0.5,"kl_base1_tries":4,"kl_base2":null,"kl_base2_tries":0,"kl_base3":0.3333333333333333,"kl_base3_tries":3,"adv1_pct":0.5,"adv2_pct":0.5,"adv3_pct":null,"adv_home_pct":0.3333333333333333,"money_kl_pct":0.3333333333333333,"money_kl_tries":3,"pos":"2V","teho_plus":30,"adv_plus":78,"runner_plus":76,"out_avoid_plus":118,"adv1_plus":89,"adv2_plus":84,"adv3_plus":null,"adv_home_plus":58,"money_kl_plus":58,"spark_index":85,"run_value":0.5994568856836456,"raa":-1.1,"jyk":-0.2,"vyk":-0.01,"teho_plus_adj":31,"pct_kl_pct":null,"pct_saatto_pct":null,"pct_eten_pct":null,"pct_kunnari_rate":null,"pct_lyoty_rate":null,"pct_palo_rate":null,"pct_tehot_per_turn":null},"proj":{"player_id":14664,"name":"Eini Salo","as_of":"2026-06-28","age":null,"stats":{"kl_pct":{"rate":0.5838723945348759,"effective_n":8.767664124194528,"observed":0.44080138332988095},"saatto_pct":{"rate":0.6172474406103892,"effective_n":18.48920981108259,"observed":0.5239951426220171},"eten_pct":{"rate":0.6251859029998285,"effective_n":13.563558584697263,"observed":0.5020034850469107},"kunnari_rate":{"rate":0.00959237945258116,"effective_n":10.840081908721118,"observed":0.0},"lyoty_rate":{"rate":0.12719846468082302,"effective_n":10.761664124194528,"observed":0.0926436644457738},"haava_rate":{"rate":0.377340533506907,"effective_n":10.60784484409164,"observed":0.44992239013688884},"palo_rate":{"rate":0.2933534038080139,"effective_n":10.684256131926617,"observed":0.18135574460773624}},"teho_plus_proj":108},"translation":null,"pitching":null,"career_json":[{"year":2026,"kl_pct":0.4444444444444444,"teho_plus":30}],"pct_stats":["kl_pct","saatto_pct","eten_pct","kunnari_rate","lyoty_rate","palo_rate","tehot_per_turn"],"base_kl":{"player_id":14664,"turns_at_bat":11,"kl_base0":0.5,"kl_base0_tries":2,"kl_base1":0.5,"kl_base1_tries":4,"kl_base2":null,"kl_base2_tries":0,"kl_base3":0.3333333333333333,"kl_base3_tries":3,"pct_kl_base0":null,"pct_kl_base1":null,"pct_kl_base2":null,"pct_kl_base3":null},"base_keys":["kl_base0","kl_base1","kl_base2","kl_base3"],"comps":[]}