{"player":{"id":14660,"name":"Iina Kippola","born_year":null},"career":[{"player_id":14660,"name":"Iina Kippola","born_year":null,"year":2026,"games":12,"team":"HP-K","turns_at_bat":77,"kunnarit":0,"lyodyt":0,"tuodut":19,"karkilyonnit":46,"karki_yritykset":74,"saatot":81,"saatto_yritykset":111,"etenemiset":111,"eteneminen_yritykset":167,"haavat":17,"palot":39,"season_id":4,"tehot":19,"kl_pct":0.6216216216216216,"saatto_pct":0.7297297297297297,"eten_pct":0.6646706586826348,"kunnari_rate":0.0,"lyoty_rate":0.0,"tuotu_rate":0.11377245508982035,"haava_rate":0.22077922077922077,"palo_rate":0.5064935064935064,"tehot_per_turn":0.24675324675324675,"kl_per_turn":0.5974025974025974,"hr_rbi_per_turn":0.0,"kl_base0":0.5128205128205128,"kl_base0_tries":39,"kl_base1":0.8076923076923077,"kl_base1_tries":26,"kl_base2":0.625,"kl_base2_tries":8,"kl_base3":0.0,"kl_base3_tries":1,"adv1_pct":0.5128205128205128,"adv2_pct":0.8076923076923077,"adv3_pct":0.625,"adv_home_pct":0.0,"money_kl_pct":0.0,"money_kl_tries":1,"teho_plus":116,"adv_plus":112,"runner_plus":105,"out_avoid_plus":74,"adv1_plus":88,"adv2_plus":140,"adv3_plus":99,"adv_home_plus":0,"money_kl_plus":0,"spark_index":102,"teho_plus_adj":122}],"line":{"player_id":14660,"name":"Iina Kippola","born_year":null,"year":2026,"games":12,"team":"HP-K","turns_at_bat":77,"kunnarit":0,"lyodyt":0,"tuodut":19,"karkilyonnit":46,"karki_yritykset":74,"saatot":81,"saatto_yritykset":111,"etenemiset":111,"eteneminen_yritykset":167,"haavat":17,"palot":39,"season_id":4,"tehot":19,"kl_pct":0.6216216216216216,"saatto_pct":0.7297297297297297,"eten_pct":0.6646706586826348,"kunnari_rate":0.0,"lyoty_rate":0.0,"tuotu_rate":0.11377245508982035,"haava_rate":0.22077922077922077,"palo_rate":0.5064935064935064,"tehot_per_turn":0.24675324675324675,"kl_per_turn":0.5974025974025974,"hr_rbi_per_turn":0.0,"kl_base0":0.5128205128205128,"kl_base0_tries":39,"kl_base1":0.8076923076923077,"kl_base1_tries":26,"kl_base2":0.625,"kl_base2_tries":8,"kl_base3":0.0,"kl_base3_tries":1,"adv1_pct":0.5128205128205128,"adv2_pct":0.8076923076923077,"adv3_pct":0.625,"adv_home_pct":0.0,"money_kl_pct":0.0,"money_kl_tries":1,"teho_plus":116,"adv_plus":112,"runner_plus":105,"out_avoid_plus":74,"adv1_plus":88,"adv2_plus":140,"adv3_plus":99,"adv_home_plus":0,"money_kl_plus":0,"spark_index":102,"teho_plus_adj":122,"pct_kl_pct":70,"pct_saatto_pct":86,"pct_eten_pct":73,"pct_kunnari_rate":36,"pct_lyoty_rate":7,"pct_palo_rate":6,"pct_tehot_per_turn":67},"proj":{"player_id":14660,"name":"Iina Kippola","as_of":"2026-07-01","age":null,"stats":{"kl_pct":{"rate":0.5976457544860622,"effective_n":68.38267095297036,"observed":0.623450117815701},"saatto_pct":{"rate":0.7036738486995077,"effective_n":99.98023003548714,"observed":0.7307720684263085},"eten_pct":{"rate":0.6576672039323841,"effective_n":150.6640990485502,"observed":0.6656624156226302},"kunnari_rate":{"rate":0.003306618241242214,"effective_n":73.0634822892433,"observed":0.0},"lyoty_rate":{"rate":0.051296183869850735,"effective_n":71.19730744065788,"observed":0.0},"haava_rate":{"rate":0.31530343666094285,"effective_n":67.65635714706951,"observed":0.22481817338170682},"palo_rate":{"rate":0.41169255438419655,"effective_n":69.39574972762809,"observed":0.5018643290623985}},"teho_plus_proj":119},"career_json":[{"year":2026,"kl_pct":0.6216216216216216,"teho_plus":116}],"pct_stats":["kl_pct","saatto_pct","eten_pct","kunnari_rate","lyoty_rate","palo_rate","tehot_per_turn"],"base_kl":{"player_id":14660,"turns_at_bat":77,"kl_base0":0.5128205128205128,"kl_base0_tries":39,"kl_base1":0.8076923076923077,"kl_base1_tries":26,"kl_base2":0.625,"kl_base2_tries":8,"kl_base3":0.0,"kl_base3_tries":1,"pct_kl_base0":49,"pct_kl_base1":92,"pct_kl_base2":45,"pct_kl_base3":5},"base_keys":["kl_base0","kl_base1","kl_base2","kl_base3"],"log":[{"player_id":14660,"season_id":4,"match_id":129334,"date":"2026-05-09","team":"HP-K","opponent":"Lavepesis","home":0,"turns_at_bat":6,"kunnarit":0,"lyodyt":0,"tuodut":0,"karkilyonnit":4,"karki_yritykset":8,"saatot":11,"saatto_yritykset":15,"etenemiset":10,"eteneminen_yritykset":16,"haavat":1,"palot":5,"stadium":"Veikkolan pesäpallostadion, Lappajärvi","tehot":0,"kl_pct":0.5},{"player_id":14660,"season_id":4,"match_id":129339,"date":"2026-05-16","team":"HP-K","opponent":"TyTe","home":1,"turns_at_bat":7,"kunnarit":0,"lyodyt":0,"tuodut":2,"karkilyonnit":2,"karki_yritykset":6,"saatot":3,"saatto_yritykset":7,"etenemiset":7,"eteneminen_yritykset":12,"haavat":2,"palot":3,"stadium":"Ronkaalan pesäpallokenttä, Haapajärvi","tehot":2,"kl_pct":0.3333333333333333},{"player_id":14660,"season_id":4,"match_id":129369,"date":"2026-05-20","team":"HP-K","opponent":"KPK","home":0,"turns_at_bat":6,"kunnarit":0,"lyodyt":0,"tuodut":2,"karkilyonnit":3,"karki_yritykset":5,"saatot":5,"saatto_yritykset":7,"etenemiset":6,"eteneminen_yritykset":10,"haavat":0,"palot":4,"stadium":"Kajaanin keskuskenttä","tehot":2,"kl_pct":0.6},{"player_id":14660,"season_id":4,"match_id":129272,"date":"2026-05-24","team":"HP-K","opponent":"Puhti","home":1,"turns_at_bat":7,"kunnarit":0,"lyodyt":0,"tuodut":3,"karkilyonnit":4,"karki_yritykset":6,"saatot":6,"saatto_yritykset":8,"etenemiset":12,"eteneminen_yritykset":16,"haavat":0,"palot":4,"stadium":"Ronkaalan pesäpallokenttä, Haapajärvi","tehot":3,"kl_pct":0.6666666666666666},{"player_id":14660,"season_id":4,"match_id":129320,"date":"2026-05-26","team":"HP-K","opponent":"ViU","home":0,"turns_at_bat":7,"kunnarit":0,"lyodyt":0,"tuodut":2,"karkilyonnit":7,"karki_yritykset":9,"saatot":11,"saatto_yritykset":14,"etenemiset":10,"eteneminen_yritykset":15,"haavat":2,"palot":3,"stadium":"Viinijärven pesäpallokenttä, Liperi","tehot":2,"kl_pct":0.7777777777777778},{"player_id":14660,"season_id":4,"match_id":129340,"date":"2026-06-02","team":"HP-K","opponent":"SiiPe","home":1,"turns_at_bat":5,"kunnarit":0,"lyodyt":0,"tuodut":0,"karkilyonnit":1,"karki_yritykset":2,"saatot":1,"saatto_yritykset":2,"etenemiset":6,"eteneminen_yritykset":11,"haavat":1,"palot":4,"stadium":"Ronkaalan pesäpallokenttä, Haapajärvi","tehot":0,"kl_pct":0.5},{"player_id":14660,"season_id":4,"match_id":129271,"date":"2026-06-06","team":"HP-K","opponent":"Jana","home":1,"turns_at_bat":7,"kunnarit":0,"lyodyt":0,"tuodut":1,"karkilyonnit":5,"karki_yritykset":7,"saatot":8,"saatto_yritykset":10,"etenemiset":9,"eteneminen_yritykset":14,"haavat":3,"palot":2,"stadium":"Ronkaalan pesäpallokenttä, Haapajärvi","tehot":1,"kl_pct":0.7142857142857143},{"player_id":14660,"season_id":4,"match_id":129351,"date":"2026-06-10","team":"HP-K","opponent":"SMJ","home":1,"turns_at_bat":7,"kunnarit":0,"lyodyt":0,"tuodut":2,"karkilyonnit":5,"karki_yritykset":6,"saatot":9,"saatto_yritykset":10,"etenemiset":14,"eteneminen_yritykset":18,"haavat":1,"palot":3,"stadium":"Ronkaalan pesäpallokenttä, Haapajärvi","tehot":2,"kl_pct":0.8333333333333334},{"player_id":14660,"season_id":4,"match_id":129362,"date":"2026-06-17","team":"HP-K","opponent":"Lavepesis","home":1,"turns_at_bat":5,"kunnarit":0,"lyodyt":0,"tuodut":1,"karkilyonnit":2,"karki_yritykset":5,"saatot":2,"saatto_yritykset":5,"etenemiset":5,"eteneminen_yritykset":9,"haavat":1,"palot":3,"stadium":"Ronkaalan pesäpallokenttä, Haapajärvi","tehot":1,"kl_pct":0.4},{"player_id":14660,"season_id":4,"match_id":129341,"date":"2026-06-24","team":"HP-K","opponent":"KPK","home":1,"turns_at_bat":8,"kunnarit":0,"lyodyt":0,"tuodut":4,"karkilyonnit":6,"karki_yritykset":7,"saatot":13,"saatto_yritykset":14,"etenemiset":18,"eteneminen_yritykset":22,"haavat":3,"palot":1,"stadium":"Ronkaalan pesäpallokenttä, Haapajärvi","tehot":4,"kl_pct":0.8571428571428571},{"player_id":14660,"season_id":4,"match_id":129368,"date":"2026-06-26","team":"HP-K","opponent":"SiiPe","home":0,"turns_at_bat":6,"kunnarit":0,"lyodyt":0,"tuodut":2,"karkilyonnit":3,"karki_yritykset":6,"saatot":7,"saatto_yritykset":10,"etenemiset":11,"eteneminen_yritykset":15,"haavat":2,"palot":2,"stadium":"Mantun kenttä, Siilinjärvi","tehot":2,"kl_pct":0.5},{"player_id":14660,"season_id":4,"match_id":129323,