{"player":{"id":14677,"name":"Mette Kanala","born_year":null},"career":[{"year":2026,"season_id":130,"team":"SMJ","age":null,"games":14,"turns_at_bat":88,"vyk":-0.03,"spark_index":96,"adv_plus":97,"runner_plus":87,"out_avoid_plus":106,"money_kl_plus":116,"teho_plus":53,"teho_plus_adj":52}],"line":{"player_id":14677,"name":"Mette Kanala","born_year":null,"year":2026,"games":14,"team":"SMJ","turns_at_bat":88,"kunnarit":0,"lyodyt":5,"tuodut":5,"karkilyonnit":45,"karki_yritykset":81,"saatot":88,"saatto_yritykset":142,"etenemiset":83,"eteneminen_yritykset":150,"haavat":41,"palot":26,"season_id":130,"tehot":10,"kl_pct":0.5555555555555556,"saatto_pct":0.6197183098591549,"eten_pct":0.5533333333333333,"kunnari_rate":0.0,"lyoty_rate":0.056818181818181816,"tuotu_rate":0.03333333333333333,"haava_rate":0.4659090909090909,"palo_rate":0.29545454545454547,"tehot_per_turn":0.11363636363636363,"kl_per_turn":0.5113636363636364,"hr_rbi_per_turn":0.056818181818181816,"kl_base0":0.45454545454545453,"kl_base0_tries":33,"kl_base1":0.7894736842105263,"kl_base1_tries":19,"kl_base2":0.5,"kl_base2_tries":20,"kl_base3":0.5555555555555556,"kl_base3_tries":9,"adv1_pct":0.45454545454545453,"adv2_pct":0.7894736842105263,"adv3_pct":0.5,"adv_home_pct":0.5555555555555556,"money_kl_pct":0.5555555555555556,"money_kl_tries":9,"pos":"2K","teho_plus":53,"adv_plus":97,"runner_plus":87,"out_avoid_plus":106,"adv1_plus":79,"adv2_plus":136,"adv3_plus":78,"adv_home_plus":116,"money_kl_plus":116,"spark_index":96,"run_value":6.3849371010677665,"raa":-4.7,"jyk":-0.4,"vyk":-0.03,"teho_plus_adj":52,"pct_kl_pct":43,"pct_saatto_pct":40,"pct_eten_pct":10,"pct_kunnari_rate":33,"pct_lyoty_rate":50,"pct_palo_rate":59,"pct_tehot_per_turn":16},"proj":{"player_id":14677,"name":"Mette Kanala","as_of":"2026-07-13","age":null,"stats":{"kl_pct":{"rate":0.5600786032946315,"effective_n":75.01870145475272,"observed":0.5525518953793305},"saatto_pct":{"rate":0.6197106784988093,"effective_n":127.52593816345654,"observed":0.6143755039399136},"eten_pct":{"rate":0.5738678381461205,"effective_n":133.48835173765,"observed":0.5511876593770417},"kunnari_rate":{"rate":0.003372031637846441,"effective_n":83.06623313569486,"observed":0.0},"lyoty_rate":{"rate":0.07787749178375834,"effective_n":80.75216841943994,"observed":0.05786405595228053},"haava_rate":{"rate":0.4152517705703099,"effective_n":76.4051899610249,"observed":0.4662700118043364},"palo_rate":{"rate":0.3146623587299171,"effective_n":78.53336640957801,"observed":0.29667863918956056}},"teho_plus_proj":118},"translation":{"wrc_plus":75,"tier":"bench bat","rows":[{"pesis_label":"Kärkilyönti-% (advance the lead runner)","pesis_value":0.5555555555555556,"percentile":43,"mlb_stat":"AVG","mlb_value":"0.273"},{"pesis_label":"Kärkilyönnit per turn (base hits)","pesis_value":0.5113636363636364,"percentile":41,"mlb_stat":"H / 600 PA","mlb_value":"145"},{"pesis_label":"Lyödyt per turn (runs batted home)","pesis_value":0.056818181818181816,"percentile":50,"mlb_stat":"RBI / 600 PA","mlb_value":"72"},{"pesis_label":"Tuodut per advance (runs scored)","pesis_value":0.03333333333333333,"percentile":29,"mlb_stat":"R / 600 PA","mlb_value":"66"},{"pesis_label":"Palot per turn (burned outs)","pesis_value":0.29545454545454547,"percentile":59,"mlb_stat":"K%","mlb_value":"20.9%"}]},"pitching":null,"career_json":[{"year":2026,"kl_pct":0.5555555555555556,"teho_plus":53}],"pct_stats":["kl_pct","saatto_pct","eten_pct","kunnari_rate","lyoty_rate","palo_rate","tehot_per_turn"],"base_kl":{"player_id":14677,"turns_at_bat":88,"kl_base0":0.45454545454545453,"kl_base0_tries":33,"kl_base1":0.7894736842105263,"kl_base1_tries":19,"kl_base2":0.5,"kl_base2_tries":20,"kl_base3":0.5555555555555556,"kl_base3_tries":9,"pct_kl_base0":39,"pct_kl_base1":94,"pct_kl_base2":16,"pct_kl_base3":65},"base_keys":["kl_base0","kl_base1","kl_base2","kl_base3"],"comps":[]}