{"player":{"id":14677,"name":"Mette Kanala","born_year":null},"career":[{"year":2026,"season_id":130,"team":"SMJ","age":null,"games":15,"turns_at_bat":95,"vyk":-0.06,"spark_index":96,"adv_plus":97,"runner_plus":87,"out_avoid_plus":106,"money_kl_plus":104,"teho_plus":48,"teho_plus_adj":48}],"line":{"player_id":14677,"name":"Mette Kanala","born_year":null,"year":2026,"games":15,"team":"SMJ","turns_at_bat":95,"kunnarit":0,"lyodyt":5,"tuodut":5,"karkilyonnit":47,"karki_yritykset":85,"saatot":95,"saatto_yritykset":152,"etenemiset":90,"eteneminen_yritykset":162,"haavat":44,"palot":28,"season_id":130,"tehot":10,"kl_pct":0.5529411764705883,"saatto_pct":0.625,"eten_pct":0.5555555555555556,"kunnari_rate":0.0,"lyoty_rate":0.05263157894736842,"tuotu_rate":0.030864197530864196,"haava_rate":0.4631578947368421,"palo_rate":0.29473684210526313,"tehot_per_turn":0.10526315789473684,"kl_per_turn":0.49473684210526314,"hr_rbi_per_turn":0.05263157894736842,"kl_base0":0.45714285714285713,"kl_base0_tries":35,"kl_base1":0.7894736842105263,"kl_base1_tries":19,"kl_base2":0.5238095238095238,"kl_base2_tries":21,"kl_base3":0.5,"kl_base3_tries":10,"adv1_pct":0.45714285714285713,"adv2_pct":0.7894736842105263,"adv3_pct":0.5238095238095238,"adv_home_pct":0.5,"money_kl_pct":0.5,"money_kl_tries":10,"pos":"2K","teho_plus":48,"adv_plus":97,"runner_plus":87,"out_avoid_plus":106,"adv1_plus":79,"adv2_plus":137,"adv3_plus":82,"adv_home_plus":104,"money_kl_plus":104,"spark_index":96,"run_value":7.105248372423574,"raa":-5.4,"jyk":-0.9,"vyk":-0.06,"teho_plus_adj":48,"pct_kl_pct":42,"pct_saatto_pct":44,"pct_eten_pct":11,"pct_kunnari_rate":32,"pct_lyoty_rate":46,"pct_palo_rate":59,"pct_tehot_per_turn":13},"proj":{"player_id":14677,"name":"Mette Kanala","as_of":"2026-07-16","age":null,"stats":{"kl_pct":{"rate":0.5583032730418853,"effective_n":78.33355662109427,"observed":0.5498764524681079},"saatto_pct":{"rate":0.6244167699883503,"effective_n":135.96173998886687,"observed":0.620648003694832},"eten_pct":{"rate":0.5747678426755837,"effective_n":143.84489041442706,"observed":0.5538586273482966},"kunnari_rate":{"rate":0.003401775315995536,"effective_n":89.55483186714845,"observed":0.0},"lyoty_rate":{"rate":0.07501697251438014,"effective_n":87.00657703190377,"observed":0.05322264538003278},"haava_rate":{"rate":0.4152515310289119,"effective_n":82.22983295020789,"observed":0.4630768807617838},"palo_rate":{"rate":0.3136303439294993,"effective_n":84.56673058811526,"observed":0.29577469656463}},"teho_plus_proj":115},"translation":{"wrc_plus":72,"tier":"replacement level","rows":[{"pesis_label":"Kärkilyönti-% (advance the lead runner)","pesis_value":0.5529411764705883,"percentile":42,"mlb_stat":"AVG","mlb_value":"0.270"},{"pesis_label":"Kärkilyönnit per turn (base hits)","pesis_value":0.49473684210526314,"percentile":37,"mlb_stat":"H / 600 PA","mlb_value":"143"},{"pesis_label":"Lyödyt per turn (runs batted home)","pesis_value":0.05263157894736842,"percentile":46,"mlb_stat":"RBI / 600 PA","mlb_value":"70"},{"pesis_label":"Tuodut per advance (runs scored)","pesis_value":0.030864197530864196,"percentile":27,"mlb_stat":"R / 600 PA","mlb_value":"65"},{"pesis_label":"Palot per turn (burned outs)","pesis_value":0.29473684210526313,"percentile":59,"mlb_stat":"K%","mlb_value":"20.9%"}]},"pitching":null,"career_json":[{"year":2026,"kl_pct":0.5529411764705883,"teho_plus":48}],"pct_stats":["kl_pct","saatto_pct","eten_pct","kunnari_rate","lyoty_rate","palo_rate","tehot_per_turn"],"base_kl":{"player_id":14677,"turns_at_bat":95,"kl_base0":0.45714285714285713,"kl_base0_tries":35,"kl_base1":0.7894736842105263,"kl_base1_tries":19,"kl_base2":0.5238095238095238,"kl_base2_tries":21,"kl_base3":0.5,"kl_base3_tries":10,"pct_kl_base0":38,"pct_kl_base1":94,"pct_kl_base2":22,"pct_kl_base3":53},"base_keys":["kl_base0","kl_base1","kl_base2","kl_base3"],"comps":[]}