{"player":{"id":14677,"name":"Mette Kanala","born_year":null},"career":[{"year":2026,"season_id":130,"team":"SMJ","age":null,"games":12,"turns_at_bat":77,"vyk":0.04,"spark_index":101,"adv_plus":106,"runner_plus":90,"out_avoid_plus":103,"money_kl_plus":149,"teho_plus":60,"teho_plus_adj":60}],"line":{"player_id":14677,"name":"Mette Kanala","born_year":null,"year":2026,"games":12,"team":"SMJ","turns_at_bat":77,"kunnarit":0,"lyodyt":5,"tuodut":5,"karkilyonnit":41,"karki_yritykset":68,"saatot":81,"saatto_yritykset":119,"etenemiset":79,"eteneminen_yritykset":138,"haavat":35,"palot":24,"season_id":130,"tehot":10,"kl_pct":0.6029411764705882,"saatto_pct":0.680672268907563,"eten_pct":0.572463768115942,"kunnari_rate":0.0,"lyoty_rate":0.06493506493506493,"tuotu_rate":0.036231884057971016,"haava_rate":0.45454545454545453,"palo_rate":0.3116883116883117,"tehot_per_turn":0.12987012987012986,"kl_per_turn":0.5324675324675324,"hr_rbi_per_turn":0.06493506493506493,"kl_base0":0.4827586206896552,"kl_base0_tries":29,"kl_base1":0.7647058823529411,"kl_base1_tries":17,"kl_base2":0.6,"kl_base2_tries":15,"kl_base3":0.7142857142857143,"kl_base3_tries":7,"adv1_pct":0.4827586206896552,"adv2_pct":0.7647058823529411,"adv3_pct":0.6,"adv_home_pct":0.7142857142857143,"money_kl_pct":0.7142857142857143,"money_kl_tries":7,"pos":"2K","teho_plus":60,"adv_plus":106,"runner_plus":90,"out_avoid_plus":103,"adv1_plus":84,"adv2_plus":132,"adv3_plus":94,"adv_home_plus":149,"money_kl_plus":149,"spark_index":101,"run_value":6.453867336129277,"raa":-3.5,"jyk":0.6,"vyk":0.04,"teho_plus_adj":60,"pct_kl_pct":65,"pct_saatto_pct":66,"pct_eten_pct":15,"pct_kunnari_rate":35,"pct_lyoty_rate":52,"pct_palo_rate":51,"pct_tehot_per_turn":20},"proj":{"player_id":14677,"name":"Mette Kanala","as_of":"2026-07-05","age":null,"stats":{"kl_pct":{"rate":0.5864061431597916,"effective_n":63.65875878301356,"observed":0.6030645844008957},"saatto_pct":{"rate":0.6688949066138412,"effective_n":108.29205175490453,"observed":0.6807788919856971},"eten_pct":{"rate":0.5897759087214004,"effective_n":125.65970508146191,"observed":0.5720301791175497},"kunnari_rate":{"rate":0.003347196493232417,"effective_n":73.3227996616647,"observed":0.0},"lyoty_rate":{"rate":0.08358719473670352,"effective_n":71.5894410759114,"observed":0.06685791472445761},"haava_rate":{"rate":0.407912832147368,"effective_n":68.3179532051825,"observed":0.45409174347726655},"palo_rate":{"rate":0.324319549812358,"effective_n":69.92212766678604,"observed":0.31494815855599284}},"teho_plus_proj":122},"translation":{"wrc_plus":79,"tier":"bench bat","rows":[{"pesis_label":"Kärkilyönti-% (advance the lead runner)","pesis_value":0.6029411764705882,"percentile":65,"mlb_stat":"AVG","mlb_value":"0.275"},{"pesis_label":"Kärkilyönnit per turn (base hits)","pesis_value":0.5324675324675324,"percentile":47,"mlb_stat":"H / 600 PA","mlb_value":"148"},{"pesis_label":"Lyödyt per turn (runs batted home)","pesis_value":0.06493506493506493,"percentile":52,"mlb_stat":"RBI / 600 PA","mlb_value":"73"},{"pesis_label":"Tuodut per advance (runs scored)","pesis_value":0.036231884057971016,"percentile":32,"mlb_stat":"R / 600 PA","mlb_value":"68"},{"pesis_label":"Palot per turn (burned outs)","pesis_value":0.3116883116883117,"percentile":51,"mlb_stat":"K%","mlb_value":"22.1%"}]},"pitching":null,"career_json":[{"year":2026,"kl_pct":0.6029411764705882,"teho_plus":60}],"pct_stats":["kl_pct","saatto_pct","eten_pct","kunnari_rate","lyoty_rate","palo_rate","tehot_per_turn"],"base_kl":{"player_id":14677,"turns_at_bat":77,"kl_base0":0.4827586206896552,"kl_base0_tries":29,"kl_base1":0.7647058823529411,"kl_base1_tries":17,"kl_base2":0.6,"kl_base2_tries":15,"kl_base3":0.7142857142857143,"kl_base3_tries":7,"pct_kl_base0":41,"pct_kl_base1":89,"pct_kl_base2":35,"pct_kl_base3":89},"base_keys":["kl_base0","kl_base1","kl_base2","kl_base3"],"comps":[]}