{"player":{"id":14687,"name":"Joonas Eskelinen","born_year":null},"career":[{"year":2024,"season_id":154,"team":"SiiPe","age":null,"games":5,"turns_at_bat":27,"vyk":-0.11,"spark_index":73,"adv_plus":61,"runner_plus":77,"out_avoid_plus":95,"money_kl_plus":null,"teho_plus":29,"teho_plus_adj":31},{"year":2025,"season_id":155,"team":"PK-P","age":null,"games":5,"turns_at_bat":28,"vyk":-0.03,"spark_index":95,"adv_plus":94,"runner_plus":102,"out_avoid_plus":87,"money_kl_plus":180,"teho_plus":122,"teho_plus_adj":124},{"year":2026,"season_id":156,"team":"SiiPe","age":null,"games":11,"turns_at_bat":85,"vyk":0.32,"spark_index":105,"adv_plus":110,"runner_plus":106,"out_avoid_plus":90,"money_kl_plus":138,"teho_plus":91,"teho_plus_adj":92}],"line":{"player_id":14687,"name":"Joonas Eskelinen","born_year":null,"year":2026,"games":11,"team":"SiiPe","turns_at_bat":85,"kunnarit":0,"lyodyt":3,"tuodut":15,"karkilyonnit":51,"karki_yritykset":83,"saatot":89,"saatto_yritykset":130,"etenemiset":110,"eteneminen_yritykset":167,"haavat":25,"palot":32,"season_id":156,"tehot":18,"kl_pct":0.6144578313253012,"saatto_pct":0.6846153846153846,"eten_pct":0.6586826347305389,"kunnari_rate":0.0,"lyoty_rate":0.03529411764705882,"tuotu_rate":0.08982035928143713,"haava_rate":0.29411764705882354,"palo_rate":0.3764705882352941,"tehot_per_turn":0.21176470588235294,"kl_per_turn":0.6,"hr_rbi_per_turn":0.03529411764705882,"kl_base0":0.6363636363636364,"kl_base0_tries":33,"kl_base1":0.6097560975609756,"kl_base1_tries":41,"kl_base2":0.4,"kl_base2_tries":5,"kl_base3":0.75,"kl_base3_tries":4,"adv1_pct":0.6363636363636364,"adv2_pct":0.6097560975609756,"adv3_pct":0.4,"adv_home_pct":0.75,"money_kl_pct":0.75,"money_kl_tries":4,"pos":"L","teho_plus":91,"adv_plus":110,"runner_plus":106,"out_avoid_plus":90,"adv1_plus":125,"adv2_plus":114,"adv3_plus":64,"adv_home_plus":138,"money_kl_plus":138,"spark_index":105,"run_value":9.664123572959754,"raa":-0.6,"jyk":5.6,"vyk":0.32,"teho_plus_adj":92,"pct_kl_pct":72,"pct_saatto_pct":76,"pct_eten_pct":70,"pct_kunnari_rate":28,"pct_lyoty_rate":30,"pct_palo_rate":21,"pct_tehot_per_turn":50},"proj":{"player_id":14687,"name":"Joonas Eskelinen","as_of":"2026-07-17","age":null,"stats":{"kl_pct":{"rate":0.580035053739373,"effective_n":85.79499423363549,"observed":0.6016757055146859},"saatto_pct":{"rate":0.6668918269657736,"effective_n":127.40473728481689,"observed":0.6812315799305573},"eten_pct":{"rate":0.6499399187828618,"effective_n":170.73397694553375,"observed":0.6589428720451086},"kunnari_rate":{"rate":0.004985406805480073,"effective_n":101.05392250372431,"observed":0.0},"lyoty_rate":{"rate":0.06705818664022148,"effective_n":92.31986171966747,"observed":0.03511263786306465},"haava_rate":{"rate":0.3652118266519159,"effective_n":82.5365395012519,"observed":0.29946606768372913},"palo_rate":{"rate":0.33923309536250423,"effective_n":86.5787892454445,"observed":0.37100685684273826}},"teho_plus_proj":114},"translation":{"wrc_plus":100,"tier":"league-average regular","rows":[{"pesis_label":"Kärkilyönti-% (advance the lead runner)","pesis_value":0.6144578313253012,"percentile":72,"mlb_stat":"AVG","mlb_value":"0.331"},{"pesis_label":"Kärkilyönnit per turn (base hits)","pesis_value":0.6,"percentile":73,"mlb_stat":"H / 600 PA","mlb_value":"163"},{"pesis_label":"Lyödyt per turn (runs batted home)","pesis_value":0.03529411764705882,"percentile":30,"mlb_stat":"RBI / 600 PA","mlb_value":"62"},{"pesis_label":"Tuodut per advance (runs scored)","pesis_value":0.08982035928143713,"percentile":80,"mlb_stat":"R / 600 PA","mlb_value":"91"},{"pesis_label":"Palot per turn (burned outs)","pesis_value":0.3764705882352941,"percentile":21,"mlb_stat":"K%","mlb_value":"26.6%"}]},"pitching":{"era":"4.52","tier":"swingman","games":6,"rows":[{"pesis":"Päästetyt juoksut / ottelu (LRA)","arvo":"11.33","pctile":28,"mlb":"ERA","kaannos":"4.52"},{"pesis":"LRA- (sarjaindeksi, 100 = ka.)","arvo":"133","pctile":null,"mlb":"ERA-","kaannos":"133"},{"pesis":"Estetyt juoksut (kausi)","arvo":"-16.8","pctile":null,"mlb":"Runs saved","kaannos":"-16.8"}]},"career_json":[{"year":2024,"kl_pct":0.3125,"teho_plus":29},{"year":2025,"kl_pct":0.47058823529411764,"teho_plus":122},{"year":2026,"kl_pct":0.6144578313253012,"teho_plus":91}],"pct_stats":["kl_pct","saatto_pct","eten_pct","kunnari_rate","lyoty_rate","palo_rate","tehot_per_turn"],"base_kl":{"player_id":14687,"turns_at_bat":85,"kl_base0":0.6363636363636364,"kl_base0_tries":33,"kl_base1":0.6097560975609756,"kl_base1_tries":41,"kl_base2":0.4,"kl_base2_tries":5,"kl_base3":0.75,"kl_base3_tries":4,"pct_kl_base0":78,"pct_kl_base1":68,"pct_kl_base2":15,"pct_kl_base3":88},"base_keys":["kl_base0","kl_base1","kl_base2","kl_base3"],"comps":[]}