{"player":{"id":14690,"name":"Elmo  Kilpeläinen","born_year":null},"career":[{"year":2025,"season_id":155,"team":"PK-P","age":null,"games":14,"turns_at_bat":85,"vyk":0.06,"spark_index":84,"adv_plus":74,"runner_plus":82,"out_avoid_plus":113,"money_kl_plus":51,"teho_plus":35,"teho_plus_adj":35}],"line":{"player_id":14690,"name":"Elmo  Kilpeläinen","born_year":null,"year":2025,"games":14,"team":"PK-P","turns_at_bat":85,"kunnarit":0,"lyodyt":2,"tuodut":5,"karkilyonnit":26,"karki_yritykset":69,"saatot":58,"saatto_yritykset":121,"etenemiset":66,"eteneminen_yritykset":130,"haavat":46,"palot":18,"season_id":155,"tehot":7,"kl_pct":0.37681159420289856,"saatto_pct":0.4793388429752066,"eten_pct":0.5076923076923077,"kunnari_rate":0.0,"lyoty_rate":0.023529411764705882,"tuotu_rate":0.038461538461538464,"haava_rate":0.5411764705882353,"palo_rate":0.21176470588235294,"tehot_per_turn":0.08235294117647059,"kl_per_turn":0.3058823529411765,"hr_rbi_per_turn":0.023529411764705882,"kl_base0":0.4074074074074074,"kl_base0_tries":27,"kl_base1":0.47368421052631576,"kl_base1_tries":19,"kl_base2":0.25,"kl_base2_tries":16,"kl_base3":0.2857142857142857,"kl_base3_tries":7,"adv1_pct":0.4074074074074074,"adv2_pct":0.47368421052631576,"adv3_pct":0.25,"adv_home_pct":0.2857142857142857,"money_kl_pct":0.2857142857142857,"money_kl_tries":7,"pos":"2V","teho_plus":35,"adv_plus":74,"runner_plus":82,"out_avoid_plus":113,"adv1_plus":79,"adv2_plus":89,"adv3_plus":40,"adv_home_plus":51,"money_kl_plus":51,"spark_index":84,"run_value":4.1282106363950755,"raa":-5.8,"jyk":1.1,"vyk":0.06,"teho_plus_adj":35,"pct_kl_pct":9,"pct_saatto_pct":15,"pct_eten_pct":17,"pct_kunnari_rate":26,"pct_lyoty_rate":21,"pct_palo_rate":82,"pct_tehot_per_turn":10},"proj":null,"translation":null,"pitching":null,"career_json":[{"year":2025,"kl_pct":0.37681159420289856,"teho_plus":35}],"pct_stats":["kl_pct","saatto_pct","eten_pct","kunnari_rate","lyoty_rate","palo_rate","tehot_per_turn"],"base_kl":{"player_id":14690,"turns_at_bat":85,"kl_base0":0.4074074074074074,"kl_base0_tries":27,"kl_base1":0.47368421052631576,"kl_base1_tries":19,"kl_base2":0.25,"kl_base2_tries":16,"kl_base3":0.2857142857142857,"kl_base3_tries":7,"pct_kl_base0":29,"pct_kl_base1":45,"pct_kl_base2":5,"pct_kl_base3":14},"base_keys":["kl_base0","kl_base1","kl_base2","kl_base3"],"comps":[]}