{"player":{"id":14700,"name":"Tatiana Elizarova","born_year":null},"career":[{"year":2024,"season_id":122,"team":"Pesäkarhut","age":null,"games":1,"turns_at_bat":6,"vyk":0.07,"spark_index":140,"adv_plus":166,"runner_plus":121,"out_avoid_plus":101,"money_kl_plus":214,"teho_plus":245,"teho_plus_adj":245},{"year":2026,"season_id":130,"team":"Pesäkarhut-Akatemia","age":null,"games":13,"turns_at_bat":88,"vyk":0.22,"spark_index":96,"adv_plus":108,"runner_plus":97,"out_avoid_plus":63,"money_kl_plus":175,"teho_plus":101,"teho_plus_adj":100}],"line":{"player_id":14700,"name":"Tatiana Elizarova","born_year":null,"year":2026,"games":13,"team":"Pesäkarhut-Akatemia","turns_at_bat":88,"kunnarit":3,"lyodyt":2,"tuodut":14,"karkilyonnit":44,"karki_yritykset":67,"saatot":67,"saatto_yritykset":100,"etenemiset":112,"eteneminen_yritykset":183,"haavat":20,"palot":51,"season_id":130,"tehot":19,"kl_pct":0.6567164179104478,"saatto_pct":0.67,"eten_pct":0.6120218579234973,"kunnari_rate":0.03409090909090909,"lyoty_rate":0.022727272727272728,"tuotu_rate":0.07650273224043716,"haava_rate":0.22727272727272727,"palo_rate":0.5795454545454546,"tehot_per_turn":0.2159090909090909,"kl_per_turn":0.5,"hr_rbi_per_turn":0.056818181818181816,"kl_base0":0.6382978723404256,"kl_base0_tries":47,"kl_base1":0.5,"kl_base1_tries":8,"kl_base2":0.8333333333333334,"kl_base2_tries":6,"kl_base3":0.8333333333333334,"kl_base3_tries":6,"adv1_pct":0.6382978723404256,"adv2_pct":0.5,"adv3_pct":0.8333333333333334,"adv_home_pct":0.8333333333333334,"money_kl_pct":0.8333333333333334,"money_kl_tries":6,"pos":"2K","teho_plus":101,"adv_plus":108,"runner_plus":97,"out_avoid_plus":63,"adv1_plus":110,"adv2_plus":87,"adv3_plus":131,"adv_home_plus":175,"money_kl_plus":175,"spark_index":96,"run_value":9.001717211012075,"raa":-1.5,"jyk":3.3,"vyk":0.22,"teho_plus_adj":100,"pct_kl_pct":83,"pct_saatto_pct":64,"pct_eten_pct":37,"pct_kunnari_rate":99,"pct_lyoty_rate":28,"pct_palo_rate":1,"pct_tehot_per_turn":55},"proj":{"player_id":14700,"name":"Tatiana Elizarova","as_of":"2026-07-02","age":null,"stats":{"kl_pct":{"rate":0.6167343638178467,"effective_n":62.77199797530649,"observed":0.6625109735518192},"saatto_pct":{"rate":0.662023721668248,"effective_n":89.94275621615503,"observed":0.6733530222864175},"eten_pct":{"rate":0.6181831529325467,"effective_n":165.9080867236042,"observed":0.6133537619882452},"kunnari_rate":{"rate":0.01732815833775815,"effective_n":84.87180794740789,"observed":0.03423970460575641},"lyoty_rate":{"rate":0.060423193923248415,"effective_n":81.92631153737622,"observed":0.023959597132473726},"haava_rate":{"rate":0.3127351513649139,"effective_n":77.19162400637711,"observed":0.2295750548113703},"palo_rate":{"rate":0.45495307942902186,"effective_n":79.4298130434971,"observed":0.5782213800841536}},"teho_plus_proj":123},"translation":{"wrc_plus":103,"tier":"league-average regular","rows":[{"pesis_label":"Kärkilyönti-% (advance the lead runner)","pesis_value":0.6567164179104478,"percentile":83,"mlb_stat":"AVG","mlb_value":"0.311"},{"pesis_label":"Kärkilyönnit per turn (base hits)","pesis_value":0.5,"percentile":37,"mlb_stat":"H / 600 PA","mlb_value":"143"},{"pesis_label":"Lyödyt per turn (runs batted home)","pesis_value":0.022727272727272728,"percentile":28,"mlb_stat":"RBI / 600 PA","mlb_value":"60"},{"pesis_label":"Tuodut per advance (runs scored)","pesis_value":0.07650273224043716,"percentile":77,"mlb_stat":"R / 600 PA","mlb_value":"89"},{"pesis_label":"Palot per turn (burned outs)","pesis_value":0.5795454545454546,"percentile":1,"mlb_stat":"K%","mlb_value":"35.0%"}]},"pitching":null,"career_json":[{"year":2024,"kl_pct":1.0,"teho_plus":245},{"year":2026,"kl_pct":0.6567164179104478,"teho_plus":101}],"pct_stats":["kl_pct","saatto_pct","eten_pct","kunnari_rate","lyoty_rate","palo_rate","tehot_per_turn"],"base_kl":{"player_id":14700,"turns_at_bat":88,"kl_base0":0.6382978723404256,"kl_base0_tries":47,"kl_base1":0.5,"kl_base1_tries":8,"kl_base2":0.8333333333333334,"kl_base2_tries":6,"kl_base3":0.8333333333333334,"kl_base3_tries":6,"pct_kl_base0":71,"pct_kl_base1":38,"pct_kl_base2":91,"pct_kl_base3":91},"base_keys":["kl_base0","kl_base1","kl_base2","kl_base3"],"comps":[]}