{"player":{"id":14724,"name":"Ida Borgersen","born_year":null},"career":[{"year":2023,"season_id":175,"team":"Pesäkarhut","age":null,"games":1,"turns_at_bat":7,"vyk":-0.0,"spark_index":96,"adv_plus":104,"runner_plus":91,"out_avoid_plus":83,"money_kl_plus":null,"teho_plus":0,"teho_plus_adj":0},{"year":2024,"season_id":176,"team":"Pesäkarhut-Akatemia","age":null,"games":7,"turns_at_bat":43,"vyk":0.25,"spark_index":104,"adv_plus":103,"runner_plus":101,"out_avoid_plus":111,"money_kl_plus":105,"teho_plus":122,"teho_plus_adj":120}],"line":{"player_id":14724,"name":"Ida Borgersen","born_year":null,"year":2024,"games":7,"team":"Pesäkarhut-Akatemia","turns_at_bat":43,"kunnarit":0,"lyodyt":11,"tuodut":5,"karkilyonnit":28,"karki_yritykset":45,"saatot":79,"saatto_yritykset":115,"etenemiset":62,"eteneminen_yritykset":93,"haavat":21,"palot":10,"season_id":176,"tehot":16,"kl_pct":0.6222222222222222,"saatto_pct":0.6869565217391305,"eten_pct":0.6666666666666666,"kunnari_rate":0.0,"lyoty_rate":0.2558139534883721,"tuotu_rate":0.053763440860215055,"haava_rate":0.4883720930232558,"palo_rate":0.23255813953488372,"tehot_per_turn":0.37209302325581395,"kl_per_turn":0.6511627906976745,"hr_rbi_per_turn":0.2558139534883721,"kl_base0":0.2857142857142857,"kl_base0_tries":7,"kl_base1":0.6666666666666666,"kl_base1_tries":6,"kl_base2":0.7857142857142857,"kl_base2_tries":14,"kl_base3":0.6111111111111112,"kl_base3_tries":18,"adv1_pct":0.2857142857142857,"adv2_pct":0.6666666666666666,"adv3_pct":0.7857142857142857,"adv_home_pct":0.6111111111111112,"money_kl_pct":0.6111111111111112,"money_kl_tries":18,"pos":"3K","teho_plus":122,"adv_plus":103,"runner_plus":101,"out_avoid_plus":111,"adv1_plus":49,"adv2_plus":112,"adv3_plus":114,"adv_home_plus":105,"money_kl_plus":105,"spark_index":104,"run_value":7.438151391467878,"raa":2.2,"jyk":5.9,"vyk":0.25,"teho_plus_adj":120,"pct_kl_pct":56,"pct_saatto_pct":61,"pct_eten_pct":55,"pct_kunnari_rate":24,"pct_lyoty_rate":85,"pct_palo_rate":80,"pct_tehot_per_turn":72},"proj":null,"translation":null,"pitching":null,"career_json":[{"year":2023,"kl_pct":0.75,"teho_plus":0},{"year":2024,"kl_pct":0.6222222222222222,"teho_plus":122}],"pct_stats":["kl_pct","saatto_pct","eten_pct","kunnari_rate","lyoty_rate","palo_rate","tehot_per_turn"],"base_kl":{"player_id":14724,"turns_at_bat":43,"kl_base0":0.2857142857142857,"kl_base0_tries":7,"kl_base1":0.6666666666666666,"kl_base1_tries":6,"kl_base2":0.7857142857142857,"kl_base2_tries":14,"kl_base3":0.6111111111111112,"kl_base3_tries":18,"pct_kl_base0":8,"pct_kl_base1":72,"pct_kl_base2":72,"pct_kl_base3":61},"base_keys":["kl_base0","kl_base1","kl_base2","kl_base3"],"comps":[]}