{"player":{"id":14757,"name":"Pinja Varto","born_year":null},"career":[{"year":2025,"season_id":126,"team":"SMJ","age":null,"games":1,"turns_at_bat":5,"vyk":0.01,"spark_index":102,"adv_plus":109,"runner_plus":79,"out_avoid_plus":120,"money_kl_plus":137,"teho_plus":181,"teho_plus_adj":180},{"year":2026,"season_id":130,"team":"SMJ","age":null,"games":17,"turns_at_bat":87,"vyk":0.66,"spark_index":100,"adv_plus":87,"runner_plus":106,"out_avoid_plus":121,"money_kl_plus":65,"teho_plus":111,"teho_plus_adj":109}],"line":{"player_id":14757,"name":"Pinja Varto","born_year":null,"year":2026,"games":17,"team":"SMJ","turns_at_bat":87,"kunnarit":1,"lyodyt":17,"tuodut":3,"karkilyonnit":47,"karki_yritykset":108,"saatot":143,"saatto_yritykset":249,"etenemiset":112,"eteneminen_yritykset":167,"haavat":38,"palot":17,"season_id":130,"tehot":21,"kl_pct":0.4351851851851852,"saatto_pct":0.5742971887550201,"eten_pct":0.6706586826347305,"kunnari_rate":0.011494252873563218,"lyoty_rate":0.19540229885057472,"tuotu_rate":0.017964071856287425,"haava_rate":0.4367816091954023,"palo_rate":0.19540229885057472,"tehot_per_turn":0.2413793103448276,"kl_per_turn":0.5402298850574713,"hr_rbi_per_turn":0.20689655172413793,"kl_base0":0.8333333333333334,"kl_base0_tries":6,"kl_base1":0.18181818181818182,"kl_base1_tries":11,"kl_base2":0.6666666666666666,"kl_base2_tries":33,"kl_base3":0.3103448275862069,"kl_base3_tries":58,"adv1_pct":0.8333333333333334,"adv2_pct":0.18181818181818182,"adv3_pct":0.6666666666666666,"adv_home_pct":0.3103448275862069,"money_kl_pct":0.3103448275862069,"money_kl_tries":58,"pos":"2V","teho_plus":111,"adv_plus":87,"runner_plus":106,"out_avoid_plus":121,"adv1_plus":145,"adv2_plus":31,"adv3_plus":104,"adv_home_plus":65,"money_kl_plus":65,"spark_index":100,"run_value":17.477916923848156,"raa":4.8,"jyk":10.0,"vyk":0.66,"teho_plus_adj":109,"pct_kl_pct":11,"pct_saatto_pct":24,"pct_eten_pct":75,"pct_kunnari_rate":78,"pct_lyoty_rate":82,"pct_palo_rate":86,"pct_tehot_per_turn":67},"proj":{"player_id":14757,"name":"Pinja Varto","as_of":"2026-07-16","age":null,"stats":{"kl_pct":{"rate":0.48851599085142844,"effective_n":98.88595928866083,"observed":0.4396960584666349},"saatto_pct":{"rate":0.5862506277089533,"effective_n":217.76234283662987,"observed":0.5769379816278603},"eten_pct":{"rate":0.6601181083422616,"effective_n":147.29474398517266,"observed":0.6687605180343694},"kunnari_rate":{"rate":0.007785847374392495,"effective_n":83.95610589655408,"observed":0.010478578125521271},"lyoty_rate":{"rate":0.14838836148110285,"effective_n":80.63881421260632,"observed":0.19792638323262626},"haava_rate":{"rate":0.39973943459176947,"effective_n":74.9319295077591,"observed":0.4316991623376068},"palo_rate":{"rate":0.26531047135348274,"effective_n":77.65355841005459,"observed":0.195821777324566}},"teho_plus_proj":163},"translation":{"wrc_plus":111,"tier":"solid starter","rows":[{"pesis_label":"Kärkilyönti-% (advance the lead runner)","pesis_value":0.4351851851851852,"percentile":11,"mlb_stat":"AVG","mlb_value":"0.152"},{"pesis_label":"Kärkilyönnit per turn (base hits)","pesis_value":0.5402298850574713,"percentile":51,"mlb_stat":"H / 600 PA","mlb_value":"151"},{"pesis_label":"Lyödyt per turn (runs batted home)","pesis_value":0.19540229885057472,"percentile":82,"mlb_stat":"RBI / 600 PA","mlb_value":"90"},{"pesis_label":"Tuodut per advance (runs scored)","pesis_value":0.017964071856287425,"percentile":15,"mlb_stat":"R / 600 PA","mlb_value":"57"},{"pesis_label":"Palot per turn (burned outs)","pesis_value":0.19540229885057472,"percentile":86,"mlb_stat":"K%","mlb_value":"16.3%"}]},"pitching":null,"career_json":[{"year":2025,"kl_pct":0.6,"teho_plus":181},{"year":2026,"kl_pct":0.4351851851851852,"teho_plus":111}],"pct_stats":["kl_pct","saatto_pct","eten_pct","kunnari_rate","lyoty_rate","palo_rate","tehot_per_turn"],"base_kl":{"player_id":14757,"turns_at_bat":87,"kl_base0":0.8333333333333334,"kl_base0_tries":6,"kl_base1":0.18181818181818182,"kl_base1_tries":11,"kl_base2":0.6666666666666666,"kl_base2_tries":33,"kl_base3":0.3103448275862069,"kl_base3_tries":58,"pct_kl_base0":95,"pct_kl_base1":3,"pct_kl_base2":53,"pct_kl_base3":16},"base_keys":["kl_base0","kl_base1","kl_base2","kl_base3"],"comps":[]}