{"player":{"id":14757,"name":"Pinja Varto","born_year":null},"career":[{"year":2025,"season_id":126,"team":"SMJ","age":null,"games":1,"turns_at_bat":5,"vyk":0.03,"spark_index":102,"adv_plus":109,"runner_plus":79,"out_avoid_plus":120,"money_kl_plus":137,"teho_plus":181,"teho_plus_adj":180},{"year":2026,"season_id":130,"team":"SMJ","age":null,"games":14,"turns_at_bat":72,"vyk":0.41,"spark_index":99,"adv_plus":85,"runner_plus":105,"out_avoid_plus":123,"money_kl_plus":64,"teho_plus":110,"teho_plus_adj":107}],"line":{"player_id":14757,"name":"Pinja Varto","born_year":null,"year":2026,"games":14,"team":"SMJ","turns_at_bat":72,"kunnarit":1,"lyodyt":14,"tuodut":2,"karkilyonnit":40,"karki_yritykset":94,"saatot":119,"saatto_yritykset":212,"etenemiset":91,"eteneminen_yritykset":136,"haavat":32,"palot":13,"season_id":130,"tehot":17,"kl_pct":0.425531914893617,"saatto_pct":0.5613207547169812,"eten_pct":0.6691176470588235,"kunnari_rate":0.013888888888888888,"lyoty_rate":0.19444444444444445,"tuotu_rate":0.014705882352941176,"haava_rate":0.4444444444444444,"palo_rate":0.18055555555555555,"tehot_per_turn":0.2361111111111111,"kl_per_turn":0.5555555555555556,"hr_rbi_per_turn":0.20833333333333334,"kl_base0":0.8333333333333334,"kl_base0_tries":6,"kl_base1":0.18181818181818182,"kl_base1_tries":11,"kl_base2":0.6428571428571429,"kl_base2_tries":28,"kl_base3":0.30612244897959184,"kl_base3_tries":49,"adv1_pct":0.8333333333333334,"adv2_pct":0.18181818181818182,"adv3_pct":0.6428571428571429,"adv_home_pct":0.30612244897959184,"money_kl_pct":0.30612244897959184,"money_kl_tries":49,"pos":"2V","teho_plus":110,"adv_plus":85,"runner_plus":105,"out_avoid_plus":123,"adv1_plus":144,"adv2_plus":31,"adv3_plus":101,"adv_home_plus":64,"money_kl_plus":64,"spark_index":99,"run_value":11.35847831997708,"raa":2.6,"jyk":6.2,"vyk":0.41,"teho_plus_adj":107,"pct_kl_pct":10,"pct_saatto_pct":21,"pct_eten_pct":73,"pct_kunnari_rate":84,"pct_lyoty_rate":79,"pct_palo_rate":90,"pct_tehot_per_turn":65},"proj":{"player_id":14757,"name":"Pinja Varto","as_of":"2026-07-05","age":null,"stats":{"kl_pct":{"rate":0.48626397347108585,"effective_n":87.94702868178004,"observed":0.4298119034813153},"saatto_pct":{"rate":0.5752652521712199,"effective_n":189.59132232876766,"observed":0.5623094369409367},"eten_pct":{"rate":0.6571916184994463,"effective_n":122.00815760634873,"observed":0.6665543693416591},"kunnari_rate":{"rate":0.008085335614529239,"effective_n":70.62765659163067,"observed":0.012733385620023855},"lyoty_rate":{"rate":0.14385882585109397,"effective_n":68.05026515482731,"observed":0.1973515156862478},"haava_rate":{"rate":0.400881634937114,"effective_n":63.67791195700755,"observed":0.4395145231894851},"palo_rate":{"rate":0.26316444486296586,"effective_n":65.75433805102087,"observed":0.17855152036584368}},"teho_plus_proj":162},"translation":{"wrc_plus":110,"tier":"solid starter","rows":[{"pesis_label":"Kärkilyönti-% (advance the lead runner)","pesis_value":0.425531914893617,"percentile":10,"mlb_stat":"AVG","mlb_value":"0.168"},{"pesis_label":"Kärkilyönnit per turn (base hits)","pesis_value":0.5555555555555556,"percentile":56,"mlb_stat":"H / 600 PA","mlb_value":"153"},{"pesis_label":"Lyödyt per turn (runs batted home)","pesis_value":0.19444444444444445,"percentile":79,"mlb_stat":"RBI / 600 PA","mlb_value":"88"},{"pesis_label":"Tuodut per advance (runs scored)","pesis_value":0.014705882352941176,"percentile":11,"mlb_stat":"R / 600 PA","mlb_value":"54"},{"pesis_label":"Palot per turn (burned outs)","pesis_value":0.18055555555555555,"percentile":90,"mlb_stat":"K%","mlb_value":"15.2%"}]},"pitching":null,"career_json":[{"year":2025,"kl_pct":0.6,"teho_plus":181},{"year":2026,"kl_pct":0.425531914893617,"teho_plus":110}],"pct_stats":["kl_pct","saatto_pct","eten_pct","kunnari_rate","lyoty_rate","palo_rate","tehot_per_turn"],"base_kl":{"player_id":14757,"turns_at_bat":72,"kl_base0":0.8333333333333334,"kl_base0_tries":6,"kl_base1":0.18181818181818182,"kl_base1_tries":11,"kl_base2":0.6428571428571429,"kl_base2_tries":28,"kl_base3":0.30612244897959184,"kl_base3_tries":49,"pct_kl_base0":93,"pct_kl_base1":3,"pct_kl_base2":46,"pct_kl_base3":17},"base_keys":["kl_base0","kl_base1","kl_base2","kl_base3"],"comps":[]}