{"player":{"id":14757,"name":"Pinja Varto","born_year":null},"career":[{"year":2025,"age":null,"games":1,"turns_at_bat":5,"vyk":0.03,"spark_index":102,"adv_plus":109,"runner_plus":79,"out_avoid_plus":120,"money_kl_plus":137,"teho_plus":181,"teho_plus_adj":179},{"year":2026,"age":null,"games":12,"turns_at_bat":62,"vyk":0.44,"spark_index":100,"adv_plus":87,"runner_plus":107,"out_avoid_plus":123,"money_kl_plus":66,"teho_plus":122,"teho_plus_adj":117}],"line":{"player_id":14757,"name":"Pinja Varto","born_year":null,"year":2026,"games":12,"team":"SMJ","turns_at_bat":62,"kunnarit":1,"lyodyt":13,"tuodut":2,"karkilyonnit":36,"karki_yritykset":83,"saatot":110,"saatto_yritykset":191,"etenemiset":86,"eteneminen_yritykset":127,"haavat":30,"palot":11,"season_id":4,"tehot":16,"kl_pct":0.43373493975903615,"saatto_pct":0.5759162303664922,"eten_pct":0.6771653543307087,"kunnari_rate":0.016129032258064516,"lyoty_rate":0.20967741935483872,"tuotu_rate":0.015748031496062992,"haava_rate":0.4838709677419355,"palo_rate":0.1774193548387097,"tehot_per_turn":0.25806451612903225,"kl_per_turn":0.5806451612903226,"hr_rbi_per_turn":0.22580645161290322,"kl_base0":1.0,"kl_base0_tries":5,"kl_base1":0.2222222222222222,"kl_base1_tries":9,"kl_base2":0.625,"kl_base2_tries":24,"kl_base3":0.3111111111111111,"kl_base3_tries":45,"adv1_pct":1.0,"adv2_pct":0.2222222222222222,"adv3_pct":0.625,"adv_home_pct":0.3111111111111111,"money_kl_pct":0.3111111111111111,"money_kl_tries":45,"pos":"2V","teho_plus":122,"adv_plus":87,"runner_plus":107,"out_avoid_plus":123,"adv1_plus":172,"adv2_plus":39,"adv3_plus":99,"adv_home_plus":66,"money_kl_plus":66,"spark_index":100,"run_value":10.886959962141407,"raa":3.2,"jyk":6.5,"vyk":0.44,"teho_plus_adj":117,"pct_kl_pct":9,"pct_saatto_pct":22,"pct_eten_pct":77,"pct_kunnari_rate":88,"pct_lyoty_rate":82,"pct_palo_rate":89,"pct_tehot_per_turn":71},"proj":{"player_id":14757,"name":"Pinja Varto","as_of":"2026-07-01","age":null,"stats":{"kl_pct":{"rate":0.49531812193452157,"effective_n":77.92892199393086,"observed":0.4391761074625187},"saatto_pct":{"rate":0.5895824662879532,"effective_n":171.44586521540487,"observed":0.5787664045981911},"eten_pct":{"rate":0.662636619450865,"effective_n":114.88324206891258,"observed":0.6752847839330773},"kunnari_rate":{"rate":0.008528771557788885,"effective_n":61.14533372912654,"observed":0.014826314333254771},"lyoty_rate":{"rate":0.146537001193997,"effective_n":58.79762290341213,"observed":0.21400767460768708},"haava_rate":{"rate":0.4144963507877336,"effective_n":54.84141646017436,"observed":0.48373942233513084},"palo_rate":{"rate":0.2676495214752077,"effective_n":56.71628840669136,"observed":0.17480309459172266}},"teho_plus_proj":167},"translation":{"wrc_plus":114,"tier":"solid starter","rows":[{"pesis_label":"Kärkilyönti-% (advance the lead runner)","pesis_value":0.43373493975903615,"percentile":9,"mlb_stat":"AVG","mlb_value":"0.164"},{"pesis_label":"Kärkilyönnit per turn (base hits)","pesis_value":0.5806451612903226,"percentile":61,"mlb_stat":"H / 600 PA","mlb_value":"156"},{"pesis_label":"Lyödyt per turn (runs batted home)","pesis_value":0.20967741935483872,"percentile":82,"mlb_stat":"RBI / 600 PA","mlb_value":"90"},{"pesis_label":"Tuodut per advance (runs scored)","pesis_value":0.015748031496062992,"percentile":11,"mlb_stat":"R / 600 PA","mlb_value":"54"},{"pesis_label":"Palot per turn (burned outs)","pesis_value":0.1774193548387097,"percentile":89,"mlb_stat":"K%","mlb_value":"15.5%"}]},"pitching":null,"career_json":[{"year":2025,"kl_pct":0.6,"teho_plus":181},{"year":2026,"kl_pct":0.43373493975903615,"teho_plus":122}],"pct_stats":["kl_pct","saatto_pct","eten_pct","kunnari_rate","lyoty_rate","palo_rate","tehot_per_turn"],"base_kl":{"player_id":14757,"turns_at_bat":62,"kl_base0":1.0,"kl_base0_tries":5,"kl_base1":0.2222222222222222,"kl_base1_tries":9,"kl_base2":0.625,"kl_base2_tries":24,"kl_base3":0.3111111111111111,"kl_base3_tries":45,"pct_kl_base0":97,"pct_kl_base1":6,"pct_kl_base2":45,"pct_kl_base3":16},"base_keys":["kl_base0","kl_base1","kl_base2","kl_base3"],"comps":[]}