{"player":{"id":14761,"name":"Anna Leminen","born_year":null},"career":[{"year":2025,"season_id":126,"team":"SMJ","age":null,"games":1,"turns_at_bat":6,"vyk":-0.05,"spark_index":47,"adv_plus":23,"runner_plus":53,"out_avoid_plus":100,"money_kl_plus":null,"teho_plus":0,"teho_plus_adj":0},{"year":2026,"season_id":130,"team":"SMJ","age":null,"games":17,"turns_at_bat":128,"vyk":0.54,"spark_index":97,"adv_plus":102,"runner_plus":96,"out_avoid_plus":84,"money_kl_plus":116,"teho_plus":97,"teho_plus_adj":96}],"line":{"player_id":14761,"name":"Anna Leminen","born_year":null,"year":2026,"games":17,"team":"SMJ","turns_at_bat":128,"kunnarit":2,"lyodyt":3,"tuodut":22,"karkilyonnit":75,"karki_yritykset":125,"saatot":140,"saatto_yritykset":217,"etenemiset":154,"eteneminen_yritykset":252,"haavat":42,"palot":56,"season_id":130,"tehot":27,"kl_pct":0.6,"saatto_pct":0.6451612903225806,"eten_pct":0.6111111111111112,"kunnari_rate":0.015625,"lyoty_rate":0.0234375,"tuotu_rate":0.0873015873015873,"haava_rate":0.328125,"palo_rate":0.4375,"tehot_per_turn":0.2109375,"kl_per_turn":0.5859375,"hr_rbi_per_turn":0.0390625,"kl_base0":0.45714285714285713,"kl_base0_tries":35,"kl_base1":0.647887323943662,"kl_base1_tries":71,"kl_base2":0.8,"kl_base2_tries":10,"kl_base3":0.5555555555555556,"kl_base3_tries":9,"adv1_pct":0.45714285714285713,"adv2_pct":0.647887323943662,"adv3_pct":0.8,"adv_home_pct":0.5555555555555556,"money_kl_pct":0.5555555555555556,"money_kl_tries":9,"pos":"S","teho_plus":97,"adv_plus":102,"runner_plus":96,"out_avoid_plus":84,"adv1_plus":80,"adv2_plus":112,"adv3_plus":125,"adv_home_plus":116,"money_kl_plus":116,"spark_index":97,"run_value":19.226667400296407,"raa":0.6,"jyk":8.2,"vyk":0.54,"teho_plus_adj":96,"pct_kl_pct":63,"pct_saatto_pct":54,"pct_eten_pct":38,"pct_kunnari_rate":83,"pct_lyoty_rate":28,"pct_palo_rate":17,"pct_tehot_per_turn":54},"proj":{"player_id":14761,"name":"Anna Leminen","as_of":"2026-07-16","age":null,"stats":{"kl_pct":{"rate":0.588852573321513,"effective_n":111.67864903498432,"observed":0.5995313298450953},"saatto_pct":{"rate":0.6444310980162122,"effective_n":188.52052093636894,"observed":0.6460185919514967},"eten_pct":{"rate":0.6173945169661622,"effective_n":218.94415031156603,"observed":0.6134519679436712},"kunnari_rate":{"rate":0.010420309943815527,"effective_n":121.54975092603344,"observed":0.014881089931372944},"lyoty_rate":{"rate":0.05345194476462355,"effective_n":116.33867124582046,"observed":0.02250586324002012},"haava_rate":{"rate":0.34723679001529395,"effective_n":107.26000198564653,"observed":0.3206149334215246},"palo_rate":{"rate":0.39296801813451565,"effective_n":111.60718597883539,"observed":0.4361243735217318}},"teho_plus_proj":115},"translation":{"wrc_plus":103,"tier":"league-average regular","rows":[{"pesis_label":"Kärkilyönti-% (advance the lead runner)","pesis_value":0.6,"percentile":63,"mlb_stat":"AVG","mlb_value":"0.317"},{"pesis_label":"Kärkilyönnit per turn (base hits)","pesis_value":0.5859375,"percentile":64,"mlb_stat":"H / 600 PA","mlb_value":"158"},{"pesis_label":"Lyödyt per turn (runs batted home)","pesis_value":0.0234375,"percentile":28,"mlb_stat":"RBI / 600 PA","mlb_value":"60"},{"pesis_label":"Tuodut per advance (runs scored)","pesis_value":0.0873015873015873,"percentile":87,"mlb_stat":"R / 600 PA","mlb_value":"96"},{"pesis_label":"Palot per turn (burned outs)","pesis_value":0.4375,"percentile":17,"mlb_stat":"K%","mlb_value":"27.4%"}]},"pitching":null,"career_json":[{"year":2025,"kl_pct":0.0,"teho_plus":0},{"year":2026,"kl_pct":0.6,"teho_plus":97}],"pct_stats":["kl_pct","saatto_pct","eten_pct","kunnari_rate","lyoty_rate","palo_rate","tehot_per_turn"],"base_kl":{"player_id":14761,"turns_at_bat":128,"kl_base0":0.45714285714285713,"kl_base0_tries":35,"kl_base1":0.647887323943662,"kl_base1_tries":71,"kl_base2":0.8,"kl_base2_tries":10,"kl_base3":0.5555555555555556,"kl_base3_tries":9,"pct_kl_base0":39,"pct_kl_base1":73,"pct_kl_base2":86,"pct_kl_base3":65},"base_keys":["kl_base0","kl_base1","kl_base2","kl_base3"],"comps":[]}