{"player":{"id":14763,"name":"Anni Takala","born_year":null},"career":[{"year":2025,"season_id":126,"team":"SMJ","age":null,"games":1,"turns_at_bat":2,"vyk":-0.01,"spark_index":44,"adv_plus":27,"runner_plus":53,"out_avoid_plus":75,"money_kl_plus":0,"teho_plus":0,"teho_plus_adj":0},{"year":2026,"season_id":130,"team":"SMJ","age":null,"games":11,"turns_at_bat":36,"vyk":-0.0,"spark_index":75,"adv_plus":68,"runner_plus":64,"out_avoid_plus":108,"money_kl_plus":95,"teho_plus":77,"teho_plus_adj":76}],"line":{"player_id":14763,"name":"Anni Takala","born_year":null,"year":2026,"games":11,"team":"SMJ","turns_at_bat":36,"kunnarit":0,"lyodyt":5,"tuodut":1,"karkilyonnit":14,"karki_yritykset":34,"saatot":27,"saatto_yritykset":64,"etenemiset":18,"eteneminen_yritykset":44,"haavat":16,"palot":10,"season_id":130,"tehot":6,"kl_pct":0.4117647058823529,"saatto_pct":0.421875,"eten_pct":0.4090909090909091,"kunnari_rate":0.0,"lyoty_rate":0.1388888888888889,"tuotu_rate":0.022727272727272728,"haava_rate":0.4444444444444444,"palo_rate":0.2777777777777778,"tehot_per_turn":0.16666666666666666,"kl_per_turn":0.3888888888888889,"hr_rbi_per_turn":0.1388888888888889,"kl_base0":0.25,"kl_base0_tries":8,"kl_base1":0.2,"kl_base1_tries":5,"kl_base2":0.6,"kl_base2_tries":10,"kl_base3":0.45454545454545453,"kl_base3_tries":11,"adv1_pct":0.25,"adv2_pct":0.2,"adv3_pct":0.6,"adv_home_pct":0.45454545454545453,"money_kl_pct":0.45454545454545453,"money_kl_tries":11,"pos":"2K","teho_plus":77,"adv_plus":68,"runner_plus":64,"out_avoid_plus":108,"adv1_plus":43,"adv2_plus":35,"adv3_plus":94,"adv_home_plus":95,"money_kl_plus":95,"spark_index":75,"run_value":2.758493889962716,"raa":-1.8,"jyk":-0.0,"vyk":-0.0,"teho_plus_adj":76,"pct_kl_pct":null,"pct_saatto_pct":null,"pct_eten_pct":null,"pct_kunnari_rate":null,"pct_lyoty_rate":null,"pct_palo_rate":null,"pct_tehot_per_turn":null},"proj":{"player_id":14763,"name":"Anni Takala","as_of":"2026-07-13","age":null,"stats":{"kl_pct":{"rate":0.5123678649485937,"effective_n":31.349514029716676,"observed":0.40304278413398836},"saatto_pct":{"rate":0.5061531812340224,"effective_n":58.05488830913021,"observed":0.41619222904562425},"eten_pct":{"rate":0.5335236331391878,"effective_n":39.60035686926319,"observed":0.40613210613853545},"kunnari_rate":{"rate":0.004424830244587216,"effective_n":34.75074180517925,"observed":0.0},"lyoty_rate":{"rate":0.10895219727314932,"effective_n":33.39542641912489,"observed":0.13499912020562557},"haava_rate":{"rate":0.3940796525412273,"effective_n":31.03810778699149,"observed":0.4514557858505298},"palo_rate":{"rate":0.31752589063343195,"effective_n":32.16663467672249,"observed":0.28074120688642573}},"teho_plus_proj":127},"translation":null,"pitching":null,"career_json":[{"year":2025,"kl_pct":0.0,"teho_plus":0},{"year":2026,"kl_pct":0.4117647058823529,"teho_plus":77}],"pct_stats":["kl_pct","saatto_pct","eten_pct","kunnari_rate","lyoty_rate","palo_rate","tehot_per_turn"],"base_kl":{"player_id":14763,"turns_at_bat":36,"kl_base0":0.25,"kl_base0_tries":8,"kl_base1":0.2,"kl_base1_tries":5,"kl_base2":0.6,"kl_base2_tries":10,"kl_base3":0.45454545454545453,"kl_base3_tries":11,"pct_kl_base0":null,"pct_kl_base1":null,"pct_kl_base2":null,"pct_kl_base3":null},"base_keys":["kl_base0","kl_base1","kl_base2","kl_base3"],"comps":[]}