{"player":{"id":14764,"name":"Iiris Haapamäki","born_year":null},"career":[{"year":2024,"season_id":176,"team":"SMJ 1","age":null,"games":5,"turns_at_bat":24,"vyk":-0.0,"spark_index":90,"adv_plus":90,"runner_plus":87,"out_avoid_plus":97,"money_kl_plus":103,"teho_plus":55,"teho_plus_adj":56},{"year":2025,"season_id":177,"team":"SMJ 2","age":null,"games":8,"turns_at_bat":41,"vyk":0.0,"spark_index":79,"adv_plus":65,"runner_plus":69,"out_avoid_plus":128,"money_kl_plus":35,"teho_plus":33,"teho_plus_adj":33},{"year":2026,"season_id":178,"team":"SMJ 1","age":null,"games":10,"turns_at_bat":55,"vyk":0.12,"spark_index":94,"adv_plus":93,"runner_plus":91,"out_avoid_plus":100,"money_kl_plus":125,"teho_plus":72,"teho_plus_adj":73}],"line":{"player_id":14764,"name":"Iiris Haapamäki","born_year":null,"year":2026,"games":10,"team":"SMJ 1","turns_at_bat":55,"kunnarit":1,"lyodyt":4,"tuodut":7,"karkilyonnit":29,"karki_yritykset":47,"saatot":57,"saatto_yritykset":97,"etenemiset":54,"eteneminen_yritykset":90,"haavat":19,"palot":17,"season_id":178,"tehot":12,"kl_pct":0.6170212765957447,"saatto_pct":0.5876288659793815,"eten_pct":0.6,"kunnari_rate":0.01818181818181818,"lyoty_rate":0.07272727272727272,"tuotu_rate":0.07777777777777778,"haava_rate":0.34545454545454546,"palo_rate":0.3090909090909091,"tehot_per_turn":0.21818181818181817,"kl_per_turn":0.5272727272727272,"hr_rbi_per_turn":0.09090909090909091,"kl_base0":0.3076923076923077,"kl_base0_tries":13,"kl_base1":0.6,"kl_base1_tries":15,"kl_base2":0.9166666666666666,"kl_base2_tries":12,"kl_base3":0.7142857142857143,"kl_base3_tries":7,"adv1_pct":0.3076923076923077,"adv2_pct":0.6,"adv3_pct":0.9166666666666666,"adv_home_pct":0.7142857142857143,"money_kl_pct":0.7142857142857143,"money_kl_tries":7,"pos":"2K","teho_plus":72,"adv_plus":93,"runner_plus":91,"out_avoid_plus":100,"adv1_plus":55,"adv2_plus":101,"adv3_plus":132,"adv_home_plus":125,"money_kl_plus":125,"spark_index":94,"run_value":6.613797031593673,"raa":-2.0,"jyk":2.7,"vyk":0.12,"teho_plus_adj":73,"pct_kl_pct":54,"pct_saatto_pct":24,"pct_eten_pct":27,"pct_kunnari_rate":75,"pct_lyoty_rate":41,"pct_palo_rate":47,"pct_tehot_per_turn":32},"proj":{"player_id":14764,"name":"Iiris Haapamäki","as_of":"2026-07-19","age":null,"stats":{"kl_pct":{"rate":0.5966667867974432,"effective_n":56.98833247457602,"observed":0.5881258273542562},"saatto_pct":{"rate":0.5920310805563033,"effective_n":99.90745190739884,"observed":0.5646776083891921},"eten_pct":{"rate":0.611003296519937,"effective_n":91.710332855939,"observed":0.5850528698625385},"kunnari_rate":{"rate":0.011311510074069522,"effective_n":75.8906154697358,"observed":0.012659680661167886},"lyoty_rate":{"rate":0.10215483846542762,"effective_n":65.47790342181555,"observed":0.06587760405342194},"haava_rate":{"rate":0.36751504346468405,"effective_n":53.64645040273203,"observed":0.36355183753028886},"palo_rate":{"rate":0.2959699470003421,"effective_n":58.531712338737144,"observed":0.27910236902872804}},"teho_plus_proj":99},"translation":{"wrc_plus":88,"tier":"bench bat","rows":[{"pesis_label":"Kärkilyönti-% (advance the lead runner)","pesis_value":0.6170212765957447,"percentile":54,"mlb_stat":"AVG","mlb_value":"0.334"},{"pesis_label":"Kärkilyönnit per turn (base hits)","pesis_value":0.5272727272727272,"percentile":40,"mlb_stat":"H / 600 PA","mlb_value":"144"},{"pesis_label":"Lyödyt per turn (runs batted home)","pesis_value":0.07272727272727272,"percentile":41,"mlb_stat":"RBI / 600 PA","mlb_value":"67"},{"pesis_label":"Tuodut per advance (runs scored)","pesis_value":0.07777777777777778,"percentile":54,"mlb_stat":"R / 600 PA","mlb_value":"78"},{"pesis_label":"Palot per turn (burned outs)","pesis_value":0.3090909090909091,"percentile":47,"mlb_stat":"K%","mlb_value":"22.6%"}]},"pitching":null,"career_json":[{"year":2024,"kl_pct":0.5789473684210527,"teho_plus":55},{"year":2025,"kl_pct":0.47368421052631576,"teho_plus":33},{"year":2026,"kl_pct":0.6170212765957447,"teho_plus":72}],"pct_stats":["kl_pct","saatto_pct","eten_pct","kunnari_rate","lyoty_rate","palo_rate","tehot_per_turn"],"base_kl":{"player_id":14764,"turns_at_bat":55,"kl_base0":0.3076923076923077,"kl_base0_tries":13,"kl_base1":0.6,"kl_base1_tries":15,"kl_base2":0.9166666666666666,"kl_base2_tries":12,"kl_base3":0.7142857142857143,"kl_base3_tries":7,"pct_kl_base0":14,"pct_kl_base1":55,"pct_kl_base2":94,"pct_kl_base3":82},"base_keys":["kl_base0","kl_base1","kl_base2","kl_base3"],"comps":[]}