{"player":{"id":14761,"name":"Anna Leminen","born_year":null},"career":[{"player_id":14761,"name":"Anna Leminen","born_year":null,"year":2026,"games":14,"team":"SMJ","turns_at_bat":106,"kunnarit":2,"lyodyt":3,"tuodut":17,"karkilyonnit":62,"karki_yritykset":105,"saatot":111,"saatto_yritykset":176,"etenemiset":122,"eteneminen_yritykset":206,"haavat":38,"palot":46,"season_id":4,"tehot":22,"kl_pct":0.5904761904761905,"saatto_pct":0.6306818181818182,"eten_pct":0.5922330097087378,"kunnari_rate":0.018867924528301886,"lyoty_rate":0.02830188679245283,"tuotu_rate":0.0825242718446602,"haava_rate":0.3584905660377358,"palo_rate":0.4339622641509434,"tehot_per_turn":0.20754716981132076,"kl_per_turn":0.5849056603773585,"hr_rbi_per_turn":0.04716981132075472,"kl_base0":0.4375,"kl_base0_tries":32,"kl_base1":0.639344262295082,"kl_base1_tries":61,"kl_base2":1.0,"kl_base2_tries":4,"kl_base3":0.625,"kl_base3_tries":8,"adv1_pct":0.4375,"adv2_pct":0.639344262295082,"adv3_pct":1.0,"adv_home_pct":0.625,"money_kl_pct":0.625,"money_kl_tries":8,"teho_plus":98,"adv_plus":100,"runner_plus":93,"out_avoid_plus":85,"adv1_plus":75,"adv2_plus":111,"adv3_plus":158,"adv_home_plus":132,"money_kl_plus":132,"spark_index":95,"run_value":12.097751090903545,"raa":-1.1,"jyk":4.6,"vyk":0.31,"teho_plus_adj":98}],"line":{"player_id":14761,"name":"Anna Leminen","born_year":null,"year":2026,"games":14,"team":"SMJ","turns_at_bat":106,"kunnarit":2,"lyodyt":3,"tuodut":17,"karkilyonnit":62,"karki_yritykset":105,"saatot":111,"saatto_yritykset":176,"etenemiset":122,"eteneminen_yritykset":206,"haavat":38,"palot":46,"season_id":4,"tehot":22,"kl_pct":0.5904761904761905,"saatto_pct":0.6306818181818182,"eten_pct":0.5922330097087378,"kunnari_rate":0.018867924528301886,"lyoty_rate":0.02830188679245283,"tuotu_rate":0.0825242718446602,"haava_rate":0.3584905660377358,"palo_rate":0.4339622641509434,"tehot_per_turn":0.20754716981132076,"kl_per_turn":0.5849056603773585,"hr_rbi_per_turn":0.04716981132075472,"kl_base0":0.4375,"kl_base0_tries":32,"kl_base1":0.639344262295082,"kl_base1_tries":61,"kl_base2":1.0,"kl_base2_tries":4,"kl_base3":0.625,"kl_base3_tries":8,"adv1_pct":0.4375,"adv2_pct":0.639344262295082,"adv3_pct":1.0,"adv_home_pct":0.625,"money_kl_pct":0.625,"money_kl_tries":8,"teho_plus":98,"adv_plus":100,"runner_plus":93,"out_avoid_plus":85,"adv1_plus":75,"adv2_plus":111,"adv3_plus":158,"adv_home_plus":132,"money_kl_plus":132,"spark_index":95,"run_value":12.097751090903545,"raa":-1.1,"jyk":4.6,"vyk":0.31,"teho_plus_adj":98,"pct_kl_pct":58,"pct_saatto_pct":47,"pct_eten_pct":24,"pct_kunnari_rate":90,"pct_lyoty_rate":34,"pct_palo_rate":23,"pct_tehot_per_turn":53},"proj":{"player_id":14761,"name":"Anna Leminen","as_of":"2026-07-01","age":null,"stats":{"kl_pct":{"rate":0.5835266752967213,"effective_n":95.55839952514256,"observed":0.5931273649265195},"saatto_pct":{"rate":0.6333662653526695,"effective_n":156.28746192022152,"observed":0.6327071139993231},"eten_pct":{"rate":0.6022747686609228,"effective_n":183.12077346807357,"observed":0.5937283303299787},"kunnari_rate":{"rate":0.011381641757691494,"effective_n":99.8559744749649,"observed":0.01866623121257679},"lyoty_rate":{"rate":0.059307931842324337,"effective_n":96.95520441634977,"observed":0.028250183536359195},"haava_rate":{"rate":0.36640451480258135,"effective_n":91.47328823757512,"observed":0.3553434116729449},"palo_rate":{"rate":0.38788864898227227,"effective_n":94.16243461954292,"observed":0.43411966980814143}},"teho_plus_proj":118},"career_json":[{"year":2026,"kl_pct":0.5904761904761905,"teho_plus":98}],"pct_stats":["kl_pct","saatto_pct","eten_pct","kunnari_rate","lyoty_rate","palo_rate","tehot_per_turn"],"base_kl":{"player_id":14761,"turns_at_bat":106,"kl_base0":0.4375,"kl_base0_tries":32,"kl_base1":0.639344262295082,"kl_base1_tries":61,"kl_base2":1.0,"kl_base2_tries":4,"kl_base3":0.625,"kl_base3_tries":8,"pct_kl_base0":32,"pct_kl_base1":68,"pct_kl_base2":97,"pct_kl_base3":76},"base_keys":["kl_base0","kl_base1","kl_base2","kl_base3"],"comps":[]}