{"player":{"id":14763,"name":"Anni Takala","born_year":null},"career":[{"year":2025,"season_id":126,"team":"SMJ","age":null,"games":1,"turns_at_bat":2,"vyk":-0.01,"spark_index":44,"adv_plus":27,"runner_plus":53,"out_avoid_plus":75,"money_kl_plus":0,"teho_plus":0,"teho_plus_adj":0},{"year":2026,"season_id":130,"team":"SMJ","age":null,"games":9,"turns_at_bat":34,"vyk":-0.01,"spark_index":74,"adv_plus":67,"runner_plus":64,"out_avoid_plus":106,"money_kl_plus":84,"teho_plus":68,"teho_plus_adj":68}],"line":{"player_id":14763,"name":"Anni Takala","born_year":null,"year":2026,"games":9,"team":"SMJ","turns_at_bat":34,"kunnarit":0,"lyodyt":4,"tuodut":1,"karkilyonnit":13,"karki_yritykset":32,"saatot":25,"saatto_yritykset":61,"etenemiset":17,"eteneminen_yritykset":42,"haavat":15,"palot":10,"season_id":130,"tehot":5,"kl_pct":0.40625,"saatto_pct":0.4098360655737705,"eten_pct":0.40476190476190477,"kunnari_rate":0.0,"lyoty_rate":0.11764705882352941,"tuotu_rate":0.023809523809523808,"haava_rate":0.4411764705882353,"palo_rate":0.29411764705882354,"tehot_per_turn":0.14705882352941177,"kl_per_turn":0.38235294117647056,"hr_rbi_per_turn":0.11764705882352941,"kl_base0":0.25,"kl_base0_tries":8,"kl_base1":0.25,"kl_base1_tries":4,"kl_base2":0.6,"kl_base2_tries":10,"kl_base3":0.4,"kl_base3_tries":10,"adv1_pct":0.25,"adv2_pct":0.25,"adv3_pct":0.6,"adv_home_pct":0.4,"money_kl_pct":0.4,"money_kl_tries":10,"pos":"2K","teho_plus":68,"adv_plus":67,"runner_plus":64,"out_avoid_plus":106,"adv1_plus":43,"adv2_plus":43,"adv3_plus":94,"adv_home_plus":84,"money_kl_plus":84,"spark_index":74,"run_value":2.438003721325357,"raa":-1.9,"jyk":-0.2,"vyk":-0.01,"teho_plus_adj":68,"pct_kl_pct":null,"pct_saatto_pct":null,"pct_eten_pct":null,"pct_kunnari_rate":null,"pct_lyoty_rate":null,"pct_palo_rate":null,"pct_tehot_per_turn":null},"proj":{"player_id":14763,"name":"Anni Takala","as_of":"2026-07-05","age":null,"stats":{"kl_pct":{"rate":0.511300682786175,"effective_n":30.084880631916917,"observed":0.3967623546502535},"saatto_pct":{"rate":0.4994948305238881,"effective_n":56.9019852193927,"observed":0.40302962173563883},"eten_pct":{"rate":0.5324096693774603,"effective_n":38.87458908863966,"observed":0.40126397150146353},"kunnari_rate":{"rate":0.004221240259715152,"effective_n":33.29366661850763,"observed":0.0},"lyoty_rate":{"rate":0.10248314782953083,"effective_n":32.1805644781248,"observed":0.11224172251085919},"haava_rate":{"rate":0.3931454353507328,"effective_n":30.262252310513713,"observed":0.4485976537256272},"palo_rate":{"rate":0.32313497802012286,"effective_n":31.17824306393525,"observed":0.2990786719067947}},"teho_plus_proj":124},"translation":null,"pitching":null,"career_json":[{"year":2025,"kl_pct":0.0,"teho_plus":0},{"year":2026,"kl_pct":0.40625,"teho_plus":68}],"pct_stats":["kl_pct","saatto_pct","eten_pct","kunnari_rate","lyoty_rate","palo_rate","tehot_per_turn"],"base_kl":{"player_id":14763,"turns_at_bat":34,"kl_base0":0.25,"kl_base0_tries":8,"kl_base1":0.25,"kl_base1_tries":4,"kl_base2":0.6,"kl_base2_tries":10,"kl_base3":0.4,"kl_base3_tries":10,"pct_kl_base0":null,"pct_kl_base1":null,"pct_kl_base2":null,"pct_kl_base3":null},"base_keys":["kl_base0","kl_base1","kl_base2","kl_base3"],"comps":[]}