{"player":{"id":14763,"name":"Anni Takala","born_year":null},"career":[{"player_id":14763,"name":"Anni Takala","born_year":null,"year":2026,"games":7,"team":"SMJ","turns_at_bat":26,"kunnarit":0,"lyodyt":4,"tuodut":1,"karkilyonnit":11,"karki_yritykset":24,"saatot":19,"saatto_yritykset":43,"etenemiset":13,"eteneminen_yritykset":31,"haavat":10,"palot":8,"season_id":4,"tehot":5,"kl_pct":0.4583333333333333,"saatto_pct":0.4418604651162791,"eten_pct":0.41935483870967744,"kunnari_rate":0.0,"lyoty_rate":0.15384615384615385,"tuotu_rate":0.03225806451612903,"haava_rate":0.38461538461538464,"palo_rate":0.3076923076923077,"tehot_per_turn":0.19230769230769232,"kl_per_turn":0.4230769230769231,"hr_rbi_per_turn":0.15384615384615385,"kl_base0":0.3333333333333333,"kl_base0_tries":6,"kl_base1":0.3333333333333333,"kl_base1_tries":3,"kl_base2":0.6666666666666666,"kl_base2_tries":6,"kl_base3":0.4444444444444444,"kl_base3_tries":9,"adv1_pct":0.3333333333333333,"adv2_pct":0.3333333333333333,"adv3_pct":0.6666666666666666,"adv_home_pct":0.4444444444444444,"money_kl_pct":0.4444444444444444,"money_kl_tries":9,"teho_plus":91,"adv_plus":73,"runner_plus":66,"out_avoid_plus":104,"adv1_plus":57,"adv2_plus":58,"adv3_plus":105,"adv_home_plus":94,"money_kl_plus":94,"spark_index":77,"teho_plus_adj":89}],"line":{"player_id":14763,"name":"Anni Takala","born_year":null,"year":2026,"games":7,"team":"SMJ","turns_at_bat":26,"kunnarit":0,"lyodyt":4,"tuodut":1,"karkilyonnit":11,"karki_yritykset":24,"saatot":19,"saatto_yritykset":43,"etenemiset":13,"eteneminen_yritykset":31,"haavat":10,"palot":8,"season_id":4,"tehot":5,"kl_pct":0.4583333333333333,"saatto_pct":0.4418604651162791,"eten_pct":0.41935483870967744,"kunnari_rate":0.0,"lyoty_rate":0.15384615384615385,"tuotu_rate":0.03225806451612903,"haava_rate":0.38461538461538464,"palo_rate":0.3076923076923077,"tehot_per_turn":0.19230769230769232,"kl_per_turn":0.4230769230769231,"hr_rbi_per_turn":0.15384615384615385,"kl_base0":0.3333333333333333,"kl_base0_tries":6,"kl_base1":0.3333333333333333,"kl_base1_tries":3,"kl_base2":0.6666666666666666,"kl_base2_tries":6,"kl_base3":0.4444444444444444,"kl_base3_tries":9,"adv1_pct":0.3333333333333333,"adv2_pct":0.3333333333333333,"adv3_pct":0.6666666666666666,"adv_home_pct":0.4444444444444444,"money_kl_pct":0.4444444444444444,"money_kl_tries":9,"teho_plus":91,"adv_plus":73,"runner_plus":66,"out_avoid_plus":104,"adv1_plus":57,"adv2_plus":58,"adv3_plus":105,"adv_home_plus":94,"money_kl_plus":94,"spark_index":77,"teho_plus_adj":89,"pct_kl_pct":null,"pct_saatto_pct":null,"pct_eten_pct":null,"pct_kunnari_rate":null,"pct_lyoty_rate":null,"pct_palo_rate":null,"pct_tehot_per_turn":null},"proj":{"player_id":14763,"name":"Anni Takala","as_of":"2026-06-18","age":null,"stats":{"kl_pct":{"rate":0.5375223147130764,"effective_n":22.90054849796446,"observed":0.45705109369313635},"saatto_pct":{"rate":0.5390122052866435,"effective_n":40.37413846275908,"observed":0.4429809426442684},"eten_pct":{"rate":0.5544178107119453,"effective_n":29.074981191352805,"observed":0.41829121207511877},"kunnari_rate":{"rate":0.004398546537919799,"effective_n":25.13595042176521,"observed":0.0},"lyoty_rate":{"rate":0.11036524383499627,"effective_n":24.71710326942246,"observed":0.1537916361592633},"haava_rate":{"rate":0.37799469984223605,"effective_n":23.90483864695672,"observed":0.38415341236638245},"palo_rate":{"rate":0.3283701860801404,"effective_n":24.30679307233425,"observed":0.31157440577934103}},"teho_plus_proj":132},"career_json":[{"year":2026,"kl_pct":0.4583333333333333,"teho_plus":91}],"pct_stats":["kl_pct","saatto_pct","eten_pct","kunnari_rate","lyoty_rate","palo_rate","tehot_per_turn"],"base_kl":{"player_id":14763,"turns_at_bat":26,"kl_base0":0.3333333333333333,"kl_base0_tries":6,"kl_base1":0.3333333333333333,"kl_base1_tries":3,"kl_base2":0.6666666666666666,"kl_base2_tries":6,"kl_base3":0.4444444444444444,"kl_base3_tries":9,"pct_kl_base0":null,"pct_kl_base1":null,"pct_kl_base2":null,"pct_kl_base3":null},"base_keys":["kl_base0","kl_base1","kl_base2","kl_base3"],"comps":[]}