{"player":{"id":14761,"name":"Anna Leminen","born_year":null},"career":[{"year":2025,"season_id":126,"team":"SMJ","age":null,"games":1,"turns_at_bat":6,"vyk":-0.03,"spark_index":47,"adv_plus":23,"runner_plus":53,"out_avoid_plus":100,"money_kl_plus":null,"teho_plus":0,"teho_plus_adj":0},{"year":2026,"season_id":130,"team":"SMJ","age":null,"games":16,"turns_at_bat":121,"vyk":0.32,"spark_index":97,"adv_plus":103,"runner_plus":95,"out_avoid_plus":83,"money_kl_plus":117,"teho_plus":92,"teho_plus_adj":91}],"line":{"player_id":14761,"name":"Anna Leminen","born_year":null,"year":2026,"games":16,"team":"SMJ","turns_at_bat":121,"kunnarit":2,"lyodyt":3,"tuodut":19,"karkilyonnit":73,"karki_yritykset":120,"saatot":133,"saatto_yritykset":205,"etenemiset":142,"eteneminen_yritykset":236,"haavat":40,"palot":54,"season_id":130,"tehot":24,"kl_pct":0.6083333333333333,"saatto_pct":0.6487804878048781,"eten_pct":0.6016949152542372,"kunnari_rate":0.01652892561983471,"lyoty_rate":0.024793388429752067,"tuotu_rate":0.08050847457627118,"haava_rate":0.3305785123966942,"palo_rate":0.4462809917355372,"tehot_per_turn":0.19834710743801653,"kl_per_turn":0.6033057851239669,"hr_rbi_per_turn":0.04132231404958678,"kl_base0":0.45714285714285713,"kl_base0_tries":35,"kl_base1":0.6521739130434783,"kl_base1_tries":69,"kl_base2":1.0,"kl_base2_tries":7,"kl_base3":0.5555555555555556,"kl_base3_tries":9,"adv1_pct":0.45714285714285713,"adv2_pct":0.6521739130434783,"adv3_pct":1.0,"adv_home_pct":0.5555555555555556,"money_kl_pct":0.5555555555555556,"money_kl_tries":9,"pos":"S","teho_plus":92,"adv_plus":103,"runner_plus":95,"out_avoid_plus":83,"adv1_plus":79,"adv2_plus":113,"adv3_plus":157,"adv_home_plus":117,"money_kl_plus":117,"spark_index":97,"run_value":13.623536375034114,"raa":-1.0,"jyk":4.8,"vyk":0.32,"teho_plus_adj":91,"pct_kl_pct":64,"pct_saatto_pct":54,"pct_eten_pct":31,"pct_kunnari_rate":84,"pct_lyoty_rate":31,"pct_palo_rate":16,"pct_tehot_per_turn":50},"proj":{"player_id":14761,"name":"Anna Leminen","as_of":"2026-07-13","age":null,"stats":{"kl_pct":{"rate":0.5945890222955439,"effective_n":107.65968227081173,"observed":0.6088539435927202},"saatto_pct":{"rate":0.6477468355683886,"effective_n":178.7044074513091,"observed":0.6502617843791794},"eten_pct":{"rate":0.6088940868462093,"effective_n":205.46386760689109,"observed":0.602733041459636},"kunnari_rate":{"rate":0.01060897703407627,"effective_n":115.25389215428444,"observed":0.015788526126681277},"lyoty_rate":{"rate":0.055020241512559555,"effective_n":110.34984336982365,"observed":0.023942118650838243},"haava_rate":{"rate":0.3495717821016254,"effective_n":101.8145975813732,"observed":0.32303861362959424},"palo_rate":{"rate":0.3971089779199387,"effective_n":105.90092055901566,"observed":0.44614642415779254}},"teho_plus_proj":115},"translation":{"wrc_plus":100,"tier":"league-average regular","rows":[{"pesis_label":"Kärkilyönti-% (advance the lead runner)","pesis_value":0.6083333333333333,"percentile":64,"mlb_stat":"AVG","mlb_value":"0.273"},{"pesis_label":"Kärkilyönnit per turn (base hits)","pesis_value":0.6033057851239669,"percentile":68,"mlb_stat":"H / 600 PA","mlb_value":"160"},{"pesis_label":"Lyödyt per turn (runs batted home)","pesis_value":0.024793388429752067,"percentile":31,"mlb_stat":"RBI / 600 PA","mlb_value":"62"},{"pesis_label":"Tuodut per advance (runs scored)","pesis_value":0.08050847457627118,"percentile":79,"mlb_stat":"R / 600 PA","mlb_value":"91"},{"pesis_label":"Palot per turn (burned outs)","pesis_value":0.4462809917355372,"percentile":16,"mlb_stat":"K%","mlb_value":"27.7%"}]},"pitching":null,"career_json":[{"year":2025,"kl_pct":0.0,"teho_plus":0},{"year":2026,"kl_pct":0.6083333333333333,"teho_plus":92}],"pct_stats":["kl_pct","saatto_pct","eten_pct","kunnari_rate","lyoty_rate","palo_rate","tehot_per_turn"],"base_kl":{"player_id":14761,"turns_at_bat":121,"kl_base0":0.45714285714285713,"kl_base0_tries":35,"kl_base1":0.6521739130434783,"kl_base1_tries":69,"kl_base2":1.0,"kl_base2_tries":7,"kl_base3":0.5555555555555556,"kl_base3_tries":9,"pct_kl_base0":40,"pct_kl_base1":72,"pct_kl_base2":96,"pct_kl_base3":65},"base_keys":["kl_base0","kl_base1","kl_base2","kl_base3"],"comps":[]}