{"player":{"id":14761,"name":"Anna Leminen","born_year":null},"career":[{"player_id":14761,"name":"Anna Leminen","born_year":null,"year":2026,"games":14,"team":"SMJ","turns_at_bat":106,"kunnarit":2,"lyodyt":3,"tuodut":17,"karkilyonnit":62,"karki_yritykset":105,"saatot":111,"saatto_yritykset":176,"etenemiset":122,"eteneminen_yritykset":206,"haavat":38,"palot":46,"season_id":4,"tehot":22,"kl_pct":0.5904761904761905,"saatto_pct":0.6306818181818182,"eten_pct":0.5922330097087378,"kunnari_rate":0.018867924528301886,"lyoty_rate":0.02830188679245283,"tuotu_rate":0.0825242718446602,"haava_rate":0.3584905660377358,"palo_rate":0.4339622641509434,"tehot_per_turn":0.20754716981132076,"kl_per_turn":0.5849056603773585,"hr_rbi_per_turn":0.04716981132075472,"kl_base0":0.4375,"kl_base0_tries":32,"kl_base1":0.639344262295082,"kl_base1_tries":61,"kl_base2":1.0,"kl_base2_tries":4,"kl_base3":0.625,"kl_base3_tries":8,"adv1_pct":0.4375,"adv2_pct":0.639344262295082,"adv3_pct":1.0,"adv_home_pct":0.625,"money_kl_pct":0.625,"money_kl_tries":8,"teho_plus":98,"adv_plus":100,"runner_plus":93,"out_avoid_plus":85,"adv1_plus":75,"adv2_plus":111,"adv3_plus":158,"adv_home_plus":132,"money_kl_plus":132,"spark_index":95,"teho_plus_adj":98}],"line":{"player_id":14761,"name":"Anna Leminen","born_year":null,"year":2026,"games":14,"team":"SMJ","turns_at_bat":106,"kunnarit":2,"lyodyt":3,"tuodut":17,"karkilyonnit":62,"karki_yritykset":105,"saatot":111,"saatto_yritykset":176,"etenemiset":122,"eteneminen_yritykset":206,"haavat":38,"palot":46,"season_id":4,"tehot":22,"kl_pct":0.5904761904761905,"saatto_pct":0.6306818181818182,"eten_pct":0.5922330097087378,"kunnari_rate":0.018867924528301886,"lyoty_rate":0.02830188679245283,"tuotu_rate":0.0825242718446602,"haava_rate":0.3584905660377358,"palo_rate":0.4339622641509434,"tehot_per_turn":0.20754716981132076,"kl_per_turn":0.5849056603773585,"hr_rbi_per_turn":0.04716981132075472,"kl_base0":0.4375,"kl_base0_tries":32,"kl_base1":0.639344262295082,"kl_base1_tries":61,"kl_base2":1.0,"kl_base2_tries":4,"kl_base3":0.625,"kl_base3_tries":8,"adv1_pct":0.4375,"adv2_pct":0.639344262295082,"adv3_pct":1.0,"adv_home_pct":0.625,"money_kl_pct":0.625,"money_kl_tries":8,"teho_plus":98,"adv_plus":100,"runner_plus":93,"out_avoid_plus":85,"adv1_plus":75,"adv2_plus":111,"adv3_plus":158,"adv_home_plus":132,"money_kl_plus":132,"spark_index":95,"teho_plus_adj":98,"pct_kl_pct":58,"pct_saatto_pct":47,"pct_eten_pct":24,"pct_kunnari_rate":90,"pct_lyoty_rate":34,"pct_palo_rate":23,"pct_tehot_per_turn":53},"proj":{"player_id":14761,"name":"Anna Leminen","as_of":"2026-07-01","age":null,"stats":{"kl_pct":{"rate":0.5835266752967213,"effective_n":95.55839952514256,"observed":0.5931273649265195},"saatto_pct":{"rate":0.6333662653526695,"effective_n":156.28746192022152,"observed":0.6327071139993231},"eten_pct":{"rate":0.6022747686609228,"effective_n":183.12077346807357,"observed":0.5937283303299787},"kunnari_rate":{"rate":0.011381641757691494,"effective_n":99.8559744749649,"observed":0.01866623121257679},"lyoty_rate":{"rate":0.059307931842324337,"effective_n":96.95520441634977,"observed":0.028250183536359195},"haava_rate":{"rate":0.36640451480258135,"effective_n":91.47328823757512,"observed":0.3553434116729449},"palo_rate":{"rate":0.38788864898227227,"effective_n":94.16243461954292,"observed":0.43411966980814143}},"teho_plus_proj":118},"career_json":[{"year":2026,"kl_pct":0.5904761904761905,"teho_plus":98}],"pct_stats":["kl_pct","saatto_pct","eten_pct","kunnari_rate","lyoty_rate","palo_rate","tehot_per_turn"],"base_kl":{"player_id":14761,"turns_at_bat":106,"kl_base0":0.4375,"kl_base0_tries":32,"kl_base1":0.639344262295082,"kl_base1_tries":61,"kl_base2":1.0,"kl_base2_tries":4,"kl_base3":0.625,"kl_base3_tries":8,"pct_kl_base0":32,"pct_kl_base1":68,"pct_kl_base2":97,"pct_kl_base3":76},"base_keys":["kl_base0","kl_base1","kl_base2","kl_base3"],"log":[{"player_id":14761,"season_id":4,"match_id":129322,"date":"2026-05-06","team":"SMJ","opponent":"Lavepesis","home":1,"turns_at_bat":5,"kunnarit":0,"lyodyt":0,"tuodut":0,"karkilyonnit":2,"karki_yritykset":7,"saatot":3,"saatto_yritykset":9,"etenemiset":1,"eteneminen_yritykset":6,"haavat":3,"palot":2,"stadium":"Unico Areena, Seinäjoki","tehot":0,"kl_pct":0.2857142857142857},{"player_id":14761,"season_id":4,"match_id":129326,"date":"2026-05-09","team":"SMJ","opponent":"KPK","home":0,"turns_at_bat":9,"kunnarit":1,"lyodyt":1,"tuodut":3,"karkilyonnit":9,"karki_yritykset":13,"saatot":14,"saatto_yritykset":21,"etenemiset":12,"eteneminen_yritykset":18,"haavat":4,"palot":2,"stadium":"Kajaanin keskuskenttä","tehot":5,"kl_pct":0.6923076923076923},{"player_id":14761,"season_id":4,"match_id":129297,"date":"2026-05-13","team":"SMJ","opponent":"Tarmo","home":0,"turns_at_bat":7,"kunnarit":0,"lyodyt":0,"tuodut":1,"karkilyonnit":3,"karki_yritykset":7,"saatot":7,"saatto_yritykset":12,"etenemiset":8,"eteneminen_yritykset":14,"haavat":2,"palot":4,"stadium":"Ikaalisten Pesispuisto","tehot":1,"kl_pct":0.42857142857142855},{"player_id":14761,"season_id":4,"match_id":129283,"date":"2026-05-16","team":"SMJ","opponent":"Pesä Ysit","home":1,"turns_at_bat":8,"kunnarit":0,"lyodyt":0,"tuodut":1,"karkilyonnit":4,"karki_yritykset":8,"saatot":8,"saatto_yritykset":13,"etenemiset":8,"eteneminen_yritykset":15,"haavat":3,"palot":4,"stadium":"Unico Areena, Seinäjoki","tehot":1,"kl_pct":0.5},{"player_id":14761,"season_id":4,"match_id":129317,"date":"2026-05-23","team":"SMJ","opponent":"ViU","home":0,"turns_at_bat":9,"kunnarit":0,"lyodyt":0,"tuodut":1,"karkilyonnit":5,"karki_yritykset":6,"saatot":7,"saatto_yritykset":11,"etenemiset":14,"eteneminen_yritykset":21,"haavat":1,"palot":6,"stadium":"Viinijärven pesäpallokenttä, Liperi","tehot":1,"kl_pct":0.8333333333333334},{"player_id":14761,"season_id":4,"match_id":129325,"date":"2026-05-24","team":"SMJ","opponent":"SiiPe","home":0,"turns_at_bat":8,"kunnarit":0,"lyodyt":0,"tuodut":1,"karkilyonnit":2,"karki_yritykset":7,"saatot":3,"saatto_yritykset":8,"etenemiset":5,"eteneminen_yritykset":12,"haavat":5,"palot":2,"stadium":"Mantun kenttä, Siilinjärvi","tehot":1,"kl_pct":0.2857142857142857},{"player_id":14761,"season_id":4,"match_id":129350,"date":"2026-05-27","team":"SMJ","opponent":"Lavepesis","home":0,"turns_at_bat":6,"kunnarit":0,"lyodyt":0,"tuodut":1,"karkilyonnit":4,"karki_yritykset":5,"saatot":10,"saatto_yritykset":11,"etenemiset":12,"eteneminen_yritykset":16,"haavat":2,"palot":2,"stadium":"Veikkolan pesäpallostadion, Lappajärvi","tehot":1,"kl_pct":0.8},{"player_id":14761,"season_id":4,"match_id":129281,"date":"2026-06-04","team":"SMJ","opponent":"Pesäkarhut-Akatemia","home":1,"turns_at_bat":8,"kunnarit":0,"lyodyt":0,"tuodut":1,"karkilyonnit":5,"karki_yritykset":9,"saatot":9,"saatto_yritykset":15,"etenemiset":6,"eteneminen_yritykset":13,"haavat":2,"palot":5,"stadium":"Unico Areena, Seinäjoki","tehot":1,"kl_pct":0.5555555555555556},{"player_id":14761,"season_id":4,"match_id":129284,"date":"2026-06-06","team":"SMJ","opponent":"HP","home":1,"turns_at_bat":6,"kunnarit":0,"lyodyt":0,"tuodut":0,"karkilyonnit":4,"karki_yritykset":5,"saatot":4,"saatto_yritykset":7,"etenemiset":5,"eteneminen_yritykset":11,"haavat":3,"palot":3,"stadium":"Unico Areena, Seinäjoki","tehot":0,"kl_pct":0.8},{"player_id":14761,"season_id":4,"match_id":129351,"date":"2026-06-10","team":"SMJ","opponent":"HP-K","home":0,"turns_at_bat":10,"kunnarit":0,"lyodyt":1,"tuodut":3,"karkilyonnit":5,"karki_yritykset":8,"saatot":8,"saatto_yritykset":12,"etenemiset":12,"eteneminen_yritykset":18,"haavat":3,"palot":3,"stadium":"Ronkaalan pesäpallokenttä, Haapajärvi","tehot":4,"kl_pct":0.625},{"player_id":14761,"season_id":4,"match_id":129354,"date":"2026-06-13","team":"SMJ","opponent":"KPK","home":1,"turns_at_bat":8,"kunnarit":1,"lyodyt":1,"tuodut":1,"karkilyonnit":7,"karki_yritykset":12,"saatot":13,"saatto_yritykset":19,"etenemiset":11,"eteneminen_yritykset":19,"haavat":3,"palot":5,"stadium":"Unico Areena, Seinäjoki","tehot":3,"kl_pct":0.5833333333333334},{"player_id":14761,"season_id":4,