{"player":{"id":14761,"name":"Anna Leminen","born_year":null},"career":[{"year":2025,"season_id":126,"team":"SMJ","age":null,"games":1,"turns_at_bat":6,"vyk":-0.03,"spark_index":47,"adv_plus":23,"runner_plus":53,"out_avoid_plus":100,"money_kl_plus":null,"teho_plus":0,"teho_plus_adj":0},{"year":2026,"season_id":130,"team":"SMJ","age":null,"games":15,"turns_at_bat":114,"vyk":0.32,"spark_index":94,"adv_plus":101,"runner_plus":92,"out_avoid_plus":80,"money_kl_plus":131,"teho_plus":90,"teho_plus_adj":89}],"line":{"player_id":14761,"name":"Anna Leminen","born_year":null,"year":2026,"games":15,"team":"SMJ","turns_at_bat":114,"kunnarit":2,"lyodyt":3,"tuodut":17,"karkilyonnit":68,"karki_yritykset":114,"saatot":120,"saatto_yritykset":190,"etenemiset":130,"eteneminen_yritykset":222,"haavat":39,"palot":53,"season_id":130,"tehot":22,"kl_pct":0.5964912280701754,"saatto_pct":0.631578947368421,"eten_pct":0.5855855855855856,"kunnari_rate":0.017543859649122806,"lyoty_rate":0.02631578947368421,"tuotu_rate":0.07657657657657657,"haava_rate":0.34210526315789475,"palo_rate":0.4649122807017544,"tehot_per_turn":0.19298245614035087,"kl_per_turn":0.5964912280701754,"hr_rbi_per_turn":0.043859649122807015,"kl_base0":0.45714285714285713,"kl_base0_tries":35,"kl_base1":0.6417910447761194,"kl_base1_tries":67,"kl_base2":1.0,"kl_base2_tries":4,"kl_base3":0.625,"kl_base3_tries":8,"adv1_pct":0.45714285714285713,"adv2_pct":0.6417910447761194,"adv3_pct":1.0,"adv_home_pct":0.625,"money_kl_pct":0.625,"money_kl_tries":8,"pos":"S","teho_plus":90,"adv_plus":101,"runner_plus":92,"out_avoid_plus":80,"adv1_plus":79,"adv2_plus":111,"adv3_plus":157,"adv_home_plus":131,"money_kl_plus":131,"spark_index":94,"run_value":14.555422270005426,"raa":-0.7,"jyk":4.8,"vyk":0.32,"teho_plus_adj":89,"pct_kl_pct":61,"pct_saatto_pct":46,"pct_eten_pct":20,"pct_kunnari_rate":86,"pct_lyoty_rate":31,"pct_palo_rate":13,"pct_tehot_per_turn":49},"proj":{"player_id":14761,"name":"Anna Leminen","as_of":"2026-07-08","age":null,"stats":{"kl_pct":{"rate":0.5859441663021377,"effective_n":103.21667065703146,"observed":0.5956471544582885},"saatto_pct":{"rate":0.6315891718218869,"effective_n":167.07936884632574,"observed":0.63051946679203},"eten_pct":{"rate":0.594299860621818,"effective_n":195.39666218867052,"observed":0.5842102087414746},"kunnari_rate":{"rate":0.010897184093454283,"effective_n":109.35709758606438,"observed":0.016807282854334357},"lyoty_rate":{"rate":0.05690850147995874,"effective_n":104.93545935896651,"observed":0.025558551685697067},"haava_rate":{"rate":0.35762808404516944,"effective_n":97.25682527432058,"observed":0.3362697076556229},"palo_rate":{"rate":0.4074284628763868,"effective_n":100.93146529756831,"observed":0.46752068819786874}},"teho_plus_proj":114},"translation":{"wrc_plus":99,"tier":"league-average regular","rows":[{"pesis_label":"Kärkilyönti-% (advance the lead runner)","pesis_value":0.5964912280701754,"percentile":61,"mlb_stat":"AVG","mlb_value":"0.268"},{"pesis_label":"Kärkilyönnit per turn (base hits)","pesis_value":0.5964912280701754,"percentile":67,"mlb_stat":"H / 600 PA","mlb_value":"160"},{"pesis_label":"Lyödyt per turn (runs batted home)","pesis_value":0.02631578947368421,"percentile":31,"mlb_stat":"RBI / 600 PA","mlb_value":"62"},{"pesis_label":"Tuodut per advance (runs scored)","pesis_value":0.07657657657657657,"percentile":76,"mlb_stat":"R / 600 PA","mlb_value":"89"},{"pesis_label":"Palot per turn (burned outs)","pesis_value":0.4649122807017544,"percentile":13,"mlb_stat":"K%","mlb_value":"28.4%"}]},"pitching":null,"career_json":[{"year":2025,"kl_pct":0.0,"teho_plus":0},{"year":2026,"kl_pct":0.5964912280701754,"teho_plus":90}],"pct_stats":["kl_pct","saatto_pct","eten_pct","kunnari_rate","lyoty_rate","palo_rate","tehot_per_turn"],"base_kl":{"player_id":14761,"turns_at_bat":114,"kl_base0":0.45714285714285713,"kl_base0_tries":35,"kl_base1":0.6417910447761194,"kl_base1_tries":67,"kl_base2":1.0,"kl_base2_tries":4,"kl_base3":0.625,"kl_base3_tries":8,"pct_kl_base0":41,"pct_kl_base1":69,"pct_kl_base2":96,"pct_kl_base3":76},"base_keys":["kl_base0","kl_base1","kl_base2","kl_base3"],"comps":[]}