{"player":{"id":14801,"name":"Tianna Keisala","born_year":null},"career":[{"year":2025,"season_id":177,"team":"Virkiä 2","age":null,"games":3,"turns_at_bat":7,"vyk":-0.04,"spark_index":80,"adv_plus":96,"runner_plus":91,"out_avoid_plus":21,"money_kl_plus":null,"teho_plus":48,"teho_plus_adj":47},{"year":2026,"season_id":178,"team":"Virkiä 2","age":null,"games":10,"turns_at_bat":46,"vyk":-0.1,"spark_index":74,"adv_plus":64,"runner_plus":81,"out_avoid_plus":91,"money_kl_plus":175,"teho_plus":72,"teho_plus_adj":72}],"line":{"player_id":14801,"name":"Tianna Keisala","born_year":null,"year":2026,"games":10,"team":"Virkiä 2","turns_at_bat":46,"kunnarit":1,"lyodyt":0,"tuodut":9,"karkilyonnit":14,"karki_yritykset":35,"saatot":23,"saatto_yritykset":55,"etenemiset":37,"eteneminen_yritykset":69,"haavat":15,"palot":17,"season_id":178,"tehot":10,"kl_pct":0.4,"saatto_pct":0.41818181818181815,"eten_pct":0.5362318840579711,"kunnari_rate":0.021739130434782608,"lyoty_rate":0.0,"tuotu_rate":0.13043478260869565,"haava_rate":0.32608695652173914,"palo_rate":0.3695652173913043,"tehot_per_turn":0.21739130434782608,"kl_per_turn":0.30434782608695654,"hr_rbi_per_turn":0.021739130434782608,"kl_base0":0.3,"kl_base0_tries":20,"kl_base1":0.2857142857142857,"kl_base1_tries":7,"kl_base2":0.7142857142857143,"kl_base2_tries":7,"kl_base3":1.0,"kl_base3_tries":1,"adv1_pct":0.3,"adv2_pct":0.2857142857142857,"adv3_pct":0.7142857142857143,"adv_home_pct":1.0,"money_kl_pct":1.0,"money_kl_tries":1,"pos":"S","teho_plus":72,"adv_plus":64,"runner_plus":81,"out_avoid_plus":91,"adv1_plus":53,"adv2_plus":48,"adv3_plus":103,"adv_home_plus":175,"money_kl_plus":175,"spark_index":74,"run_value":1.0963044910093944,"raa":-6.1,"jyk":-2.2,"vyk":-0.1,"teho_plus_adj":72,"pct_kl_pct":4,"pct_saatto_pct":1,"pct_eten_pct":9,"pct_kunnari_rate":81,"pct_lyoty_rate":2,"pct_palo_rate":22,"pct_tehot_per_turn":32},"proj":{"player_id":14801,"name":"Tianna Keisala","as_of":"2026-07-06","age":null,"stats":{"kl_pct":{"rate":0.5376013135347876,"effective_n":34.75762049878017,"observed":0.42163642945128055},"saatto_pct":{"rate":0.5292798117056609,"effective_n":51.8096499786932,"observed":0.42808502538269083},"eten_pct":{"rate":0.592957055308343,"effective_n":66.25251327146992,"observed":0.5434157750608394},"kunnari_rate":{"rate":0.013264238865621452,"effective_n":47.052078355178224,"observed":0.02041888457665992},"lyoty_rate":{"rate":0.08448995784980935,"effective_n":44.84021293067647,"observed":0.0},"haava_rate":{"rate":0.3556082667079406,"effective_n":41.3459095782687,"observed":0.32166803850681164},"palo_rate":{"rate":0.33589355533631887,"effective_n":42.966181113752924,"observed":0.3872502360557533}},"teho_plus_proj":92},"translation":{"wrc_plus":88,"tier":"bench bat","rows":[{"pesis_label":"Kärkilyönti-% (advance the lead runner)","pesis_value":0.4,"percentile":4,"mlb_stat":"AVG","mlb_value":"0.117"},{"pesis_label":"Kärkilyönnit per turn (base hits)","pesis_value":0.30434782608695654,"percentile":4,"mlb_stat":"H / 600 PA","mlb_value":"111"},{"pesis_label":"Lyödyt per turn (runs batted home)","pesis_value":0.0,"percentile":2,"mlb_stat":"RBI / 600 PA","mlb_value":"31"},{"pesis_label":"Tuodut per advance (runs scored)","pesis_value":0.13043478260869565,"percentile":89,"mlb_stat":"R / 600 PA","mlb_value":"98"},{"pesis_label":"Palot per turn (burned outs)","pesis_value":0.3695652173913043,"percentile":22,"mlb_stat":"K%","mlb_value":"26.4%"}]},"pitching":null,"career_json":[{"year":2025,"kl_pct":0.6666666666666666,"teho_plus":48},{"year":2026,"kl_pct":0.4,"teho_plus":72}],"pct_stats":["kl_pct","saatto_pct","eten_pct","kunnari_rate","lyoty_rate","palo_rate","tehot_per_turn"],"base_kl":{"player_id":14801,"turns_at_bat":46,"kl_base0":0.3,"kl_base0_tries":20,"kl_base1":0.2857142857142857,"kl_base1_tries":7,"kl_base2":0.7142857142857143,"kl_base2_tries":7,"kl_base3":1.0,"kl_base3_tries":1,"pct_kl_base0":14,"pct_kl_base1":5,"pct_kl_base2":57,"pct_kl_base3":99},"base_keys":["kl_base0","kl_base1","kl_base2","kl_base3"],"comps":[]}