{"player":{"id":14817,"name":"Nikolas Liikala","born_year":null},"career":[{"year":2024,"season_id":154,"team":"ViVe","age":null,"games":5,"turns_at_bat":26,"vyk":-0.11,"spark_index":64,"adv_plus":62,"runner_plus":58,"out_avoid_plus":77,"money_kl_plus":89,"teho_plus":30,"teho_plus_adj":30},{"year":2026,"season_id":156,"team":"APV","age":null,"games":6,"turns_at_bat":39,"vyk":0.06,"spark_index":96,"adv_plus":86,"runner_plus":101,"out_avoid_plus":114,"money_kl_plus":46,"teho_plus":88,"teho_plus_adj":90}],"line":{"player_id":14817,"name":"Nikolas Liikala","born_year":null,"year":2026,"games":6,"team":"APV","turns_at_bat":39,"kunnarit":0,"lyodyt":1,"tuodut":7,"karkilyonnit":11,"karki_yritykset":27,"saatot":36,"saatto_yritykset":65,"etenemiset":43,"eteneminen_yritykset":69,"haavat":18,"palot":8,"season_id":156,"tehot":8,"kl_pct":0.4074074074074074,"saatto_pct":0.5538461538461539,"eten_pct":0.6231884057971014,"kunnari_rate":0.0,"lyoty_rate":0.02564102564102564,"tuotu_rate":0.10144927536231885,"haava_rate":0.46153846153846156,"palo_rate":0.20512820512820512,"tehot_per_turn":0.20512820512820512,"kl_per_turn":0.28205128205128205,"hr_rbi_per_turn":0.02564102564102564,"kl_base0":0.3333333333333333,"kl_base0_tries":9,"kl_base1":0.25,"kl_base1_tries":4,"kl_base2":0.6,"kl_base2_tries":10,"kl_base3":0.25,"kl_base3_tries":4,"adv1_pct":0.3333333333333333,"adv2_pct":0.25,"adv3_pct":0.6,"adv_home_pct":0.25,"money_kl_pct":0.25,"money_kl_tries":4,"pos":"2K","teho_plus":88,"adv_plus":86,"runner_plus":101,"out_avoid_plus":114,"adv1_plus":65,"adv2_plus":47,"adv3_plus":96,"adv_home_plus":46,"money_kl_plus":46,"spark_index":96,"run_value":3.052608687458916,"raa":-1.8,"jyk":1.1,"vyk":0.06,"teho_plus_adj":90,"pct_kl_pct":null,"pct_saatto_pct":null,"pct_eten_pct":null,"pct_kunnari_rate":null,"pct_lyoty_rate":null,"pct_palo_rate":null,"pct_tehot_per_turn":null},"proj":{"player_id":14817,"name":"Nikolas Liikala","as_of":"2026-06-18","age":null,"stats":{"kl_pct":{"rate":0.5063777859241055,"effective_n":28.196695239903136,"observed":0.41535736908322346},"saatto_pct":{"rate":0.5750789242049781,"effective_n":63.30155472247806,"observed":0.5458338779646507},"eten_pct":{"rate":0.6171882532110192,"effective_n":66.8519846297359,"observed":0.6155981752418069},"kunnari_rate":{"rate":0.006763184429891727,"effective_n":43.87977961345803,"observed":0.0},"lyoty_rate":{"rate":0.07884897394197529,"effective_n":40.1261380394509,"observed":0.028390982820414256},"haava_rate":{"rate":0.42981601276015563,"effective_n":36.69543176614115,"observed":0.4581784456283775},"palo_rate":{"rate":0.27636840639566596,"effective_n":38.00973825089591,"observed":0.2168438792434441}},"teho_plus_proj":116},"translation":null,"pitching":null,"career_json":[{"year":2024,"kl_pct":0.43478260869565216,"teho_plus":30},{"year":2026,"kl_pct":0.4074074074074074,"teho_plus":88}],"pct_stats":["kl_pct","saatto_pct","eten_pct","kunnari_rate","lyoty_rate","palo_rate","tehot_per_turn"],"base_kl":{"player_id":14817,"turns_at_bat":39,"kl_base0":0.3333333333333333,"kl_base0_tries":9,"kl_base1":0.25,"kl_base1_tries":4,"kl_base2":0.6,"kl_base2_tries":10,"kl_base3":0.25,"kl_base3_tries":4,"pct_kl_base0":null,"pct_kl_base1":null,"pct_kl_base2":null,"pct_kl_base3":null},"base_keys":["kl_base0","kl_base1","kl_base2","kl_base3"],"comps":[]}