{"player":{"id":14821,"name":"Aleksi Pykälämäki","born_year":null},"career":[{"year":2024,"season_id":154,"team":"SMJ","age":null,"games":12,"turns_at_bat":61,"vyk":0.43,"spark_index":99,"adv_plus":87,"runner_plus":107,"out_avoid_plus":117,"money_kl_plus":72,"teho_plus":128,"teho_plus_adj":128},{"year":2025,"season_id":155,"team":"LaihLu","age":null,"games":16,"turns_at_bat":88,"vyk":0.16,"spark_index":84,"adv_plus":74,"runner_plus":77,"out_avoid_plus":117,"money_kl_plus":74,"teho_plus":44,"teho_plus_adj":44},{"year":2026,"season_id":156,"team":"LaihLu","age":null,"games":11,"turns_at_bat":68,"vyk":0.15,"spark_index":87,"adv_plus":78,"runner_plus":86,"out_avoid_plus":110,"money_kl_plus":58,"teho_plus":63,"teho_plus_adj":63}],"line":{"player_id":14821,"name":"Aleksi Pykälämäki","born_year":null,"year":2026,"games":11,"team":"LaihLu","turns_at_bat":68,"kunnarit":0,"lyodyt":5,"tuodut":5,"karkilyonnit":34,"karki_yritykset":77,"saatot":64,"saatto_yritykset":133,"etenemiset":53,"eteneminen_yritykset":100,"haavat":31,"palot":16,"season_id":156,"tehot":10,"kl_pct":0.44155844155844154,"saatto_pct":0.48120300751879697,"eten_pct":0.53,"kunnari_rate":0.0,"lyoty_rate":0.07352941176470588,"tuotu_rate":0.05,"haava_rate":0.45588235294117646,"palo_rate":0.23529411764705882,"tehot_per_turn":0.14705882352941177,"kl_per_turn":0.5,"hr_rbi_per_turn":0.07352941176470588,"kl_base0":0.42857142857142855,"kl_base0_tries":21,"kl_base1":0.42105263157894735,"kl_base1_tries":19,"kl_base2":0.5714285714285714,"kl_base2_tries":21,"kl_base3":0.3125,"kl_base3_tries":16,"adv1_pct":0.42857142857142855,"adv2_pct":0.42105263157894735,"adv3_pct":0.5714285714285714,"adv_home_pct":0.3125,"money_kl_pct":0.3125,"money_kl_tries":16,"pos":"2K","teho_plus":63,"adv_plus":78,"runner_plus":86,"out_avoid_plus":110,"adv1_plus":84,"adv2_plus":79,"adv3_plus":91,"adv_home_plus":58,"money_kl_plus":58,"spark_index":87,"run_value":5.8842338773304315,"raa":-2.3,"jyk":2.7,"vyk":0.15,"teho_plus_adj":63,"pct_kl_pct":18,"pct_saatto_pct":13,"pct_eten_pct":20,"pct_kunnari_rate":28,"pct_lyoty_rate":53,"pct_palo_rate":74,"pct_tehot_per_turn":31},"proj":{"player_id":14821,"name":"Aleksi Pykälämäki","as_of":"2026-07-23","age":null,"stats":{"kl_pct":{"rate":0.4694651370618104,"effective_n":101.92455777422171,"observed":0.42259188579922813},"saatto_pct":{"rate":0.51379407363281,"effective_n":156.38117011489803,"observed":0.48631661153840333},"eten_pct":{"rate":0.5513364227252777,"effective_n":118.67733533523986,"observed":0.5227457505587995},"kunnari_rate":{"rate":0.006542503516501455,"effective_n":116.43582714563028,"observed":0.0038204606932770776},"lyoty_rate":{"rate":0.09364369164928468,"effective_n":94.153525903977,"observed":0.08490935868569868},"haava_rate":{"rate":0.4450045604960387,"effective_n":70.58722645036308,"observed":0.4811703950339616},"palo_rate":{"rate":0.26239759426852083,"effective_n":80.0092964461718,"observed":0.21995369787616656}},"teho_plus_proj":114},"translation":{"wrc_plus":88,"tier":"bench bat","rows":[{"pesis_label":"Kärkilyönti-% (advance the lead runner)","pesis_value":0.44155844155844154,"percentile":18,"mlb_stat":"AVG","mlb_value":"0.159"},{"pesis_label":"Kärkilyönnit per turn (base hits)","pesis_value":0.5,"percentile":44,"mlb_stat":"H / 600 PA","mlb_value":"147"},{"pesis_label":"Lyödyt per turn (runs batted home)","pesis_value":0.07352941176470588,"percentile":53,"mlb_stat":"RBI / 600 PA","mlb_value":"74"},{"pesis_label":"Tuodut per advance (runs scored)","pesis_value":0.05,"percentile":45,"mlb_stat":"R / 600 PA","mlb_value":"74"},{"pesis_label":"Palot per turn (burned outs)","pesis_value":0.23529411764705882,"percentile":74,"mlb_stat":"K%","mlb_value":"18.7%"}]},"pitching":null,"career_json":[{"year":2024,"kl_pct":0.4117647058823529,"teho_plus":128},{"year":2025,"kl_pct":0.37349397590361444,"teho_plus":44},{"year":2026,"kl_pct":0.44155844155844154,"teho_plus":63}],"pct_stats":["kl_pct","saatto_pct","eten_pct","kunnari_rate","lyoty_rate","palo_rate","tehot_per_turn"],"base_kl":{"player_id":14821,"turns_at_bat":68,"kl_base0":0.42857142857142855,"kl_base0_tries":21,"kl_base1":0.42105263157894735,"kl_base1_tries":19,"kl_base2":0.5714285714285714,"kl_base2_tries":21,"kl_base3":0.3125,"kl_base3_tries":16,"pct_kl_base0":33,"pct_kl_base1":30,"pct_kl_base2":39,"pct_kl_base3":16},"base_keys":["kl_base0","kl_base1","kl_base2","kl_base3"],"comps":[]}