{"player":{"id":14829,"name":"Siiri Mäenpää","born_year":null},"career":[{"year":2024,"season_id":122,"team":"LaVe","age":null,"games":1,"turns_at_bat":5,"vyk":0.09,"spark_index":137,"adv_plus":136,"runner_plus":149,"out_avoid_plus":121,"money_kl_plus":null,"teho_plus":294,"teho_plus_adj":338},{"year":2025,"season_id":126,"team":"AA","age":null,"games":22,"turns_at_bat":166,"vyk":0.35,"spark_index":105,"adv_plus":113,"runner_plus":114,"out_avoid_plus":73,"money_kl_plus":26,"teho_plus":109,"teho_plus_adj":105},{"year":2026,"season_id":130,"team":"KPK","age":null,"games":13,"turns_at_bat":97,"vyk":0.65,"spark_index":110,"adv_plus":115,"runner_plus":114,"out_avoid_plus":91,"money_kl_plus":131,"teho_plus":158,"teho_plus_adj":158}],"line":{"player_id":14829,"name":"Siiri Mäenpää","born_year":null,"year":2026,"games":13,"team":"KPK","turns_at_bat":97,"kunnarit":1,"lyodyt":4,"tuodut":28,"karkilyonnit":61,"karki_yritykset":86,"saatot":72,"saatto_yritykset":103,"etenemiset":168,"eteneminen_yritykset":233,"haavat":27,"palot":38,"season_id":130,"tehot":33,"kl_pct":0.7093023255813954,"saatto_pct":0.6990291262135923,"eten_pct":0.721030042918455,"kunnari_rate":0.010309278350515464,"lyoty_rate":0.041237113402061855,"tuotu_rate":0.12017167381974249,"haava_rate":0.27835051546391754,"palo_rate":0.3917525773195876,"tehot_per_turn":0.3402061855670103,"kl_per_turn":0.6288659793814433,"hr_rbi_per_turn":0.05154639175257732,"kl_base0":0.6956521739130435,"kl_base0_tries":69,"kl_base1":1.0,"kl_base1_tries":4,"kl_base2":0.8,"kl_base2_tries":5,"kl_base3":0.625,"kl_base3_tries":8,"adv1_pct":0.6956521739130435,"adv2_pct":1.0,"adv3_pct":0.8,"adv_home_pct":0.625,"money_kl_pct":0.625,"money_kl_tries":8,"pos":"3K","teho_plus":158,"adv_plus":115,"runner_plus":114,"out_avoid_plus":91,"adv1_plus":121,"adv2_plus":173,"adv3_plus":126,"adv_home_plus":131,"money_kl_plus":131,"spark_index":110,"run_value":17.20651435425435,"raa":4.7,"jyk":9.8,"vyk":0.65,"teho_plus_adj":158,"pct_kl_pct":90,"pct_saatto_pct":71,"pct_eten_pct":92,"pct_kunnari_rate":74,"pct_lyoty_rate":42,"pct_palo_rate":33,"pct_tehot_per_turn":88},"proj":{"player_id":14829,"name":"Siiri Mäenpää","as_of":"2026-07-05","age":null,"stats":{"kl_pct":{"rate":0.6629965681558969,"effective_n":128.16006456581158,"observed":0.7071279534793681},"saatto_pct":{"rate":0.6826152550220123,"effective_n":128.14034330648582,"observed":0.6969413840763072},"eten_pct":{"rate":0.7103675090858558,"effective_n":297.54067398358126,"observed":0.7231377190167414},"kunnari_rate":{"rate":0.007029716925507597,"effective_n":169.9045924877319,"observed":0.008186110823369426},"lyoty_rate":{"rate":0.05254676804648009,"effective_n":141.9017535850924,"observed":0.0266071735883347},"haava_rate":{"rate":0.31173022441380244,"effective_n":107.7457560790133,"observed":0.2517425988657998},"palo_rate":{"rate":0.39073171631526654,"effective_n":122.05093374059933,"observed":0.4288936996909034}},"teho_plus_proj":126},"translation":{"wrc_plus":129,"tier":"All-Star","rows":[{"pesis_label":"Kärkilyönti-% (advance the lead runner)","pesis_value":0.7093023255813954,"percentile":90,"mlb_stat":"AVG","mlb_value":"0.332"},{"pesis_label":"Kärkilyönnit per turn (base hits)","pesis_value":0.6288659793814433,"percentile":74,"mlb_stat":"H / 600 PA","mlb_value":"164"},{"pesis_label":"Lyödyt per turn (runs batted home)","pesis_value":0.041237113402061855,"percentile":42,"mlb_stat":"RBI / 600 PA","mlb_value":"68"},{"pesis_label":"Tuodut per advance (runs scored)","pesis_value":0.12017167381974249,"percentile":96,"mlb_stat":"R / 600 PA","mlb_value":"108"},{"pesis_label":"Palot per turn (burned outs)","pesis_value":0.3917525773195876,"percentile":33,"mlb_stat":"K%","mlb_value":"24.6%"}]},"pitching":null,"career_json":[{"year":2024,"kl_pct":0.75,"teho_plus":294},{"year":2025,"kl_pct":0.6967741935483871,"teho_plus":109},{"year":2026,"kl_pct":0.7093023255813954,"teho_plus":158}],"pct_stats":["kl_pct","saatto_pct","eten_pct","kunnari_rate","lyoty_rate","palo_rate","tehot_per_turn"],"base_kl":{"player_id":14829,"turns_at_bat":97,"kl_base0":0.6956521739130435,"kl_base0_tries":69,"kl_base1":1.0,"kl_base1_tries":4,"kl_base2":0.8,"kl_base2_tries":5,"kl_base3":0.625,"kl_base3_tries":8,"pct_kl_base0":79,"pct_kl_base1":98,"pct_kl_base2":86,"pct_kl_base3":78},"base_keys":["kl_base0","kl_base1","kl_base2","kl_base3"],"comps":[]}