{"player":{"id":14887,"name":"Liinu Vanhatalo","born_year":null},"career":[{"year":2026,"season_id":178,"team":"UPV","age":null,"games":12,"turns_at_bat":69,"vyk":-0.05,"spark_index":81,"adv_plus":75,"runner_plus":81,"out_avoid_plus":94,"money_kl_plus":58,"teho_plus":29,"teho_plus_adj":29}],"line":{"player_id":14887,"name":"Liinu Vanhatalo","born_year":null,"year":2026,"games":12,"team":"UPV","turns_at_bat":69,"kunnarit":0,"lyodyt":4,"tuodut":2,"karkilyonnit":32,"karki_yritykset":71,"saatot":65,"saatto_yritykset":131,"etenemiset":63,"eteneminen_yritykset":118,"haavat":31,"palot":24,"season_id":178,"tehot":6,"kl_pct":0.4507042253521127,"saatto_pct":0.4961832061068702,"eten_pct":0.5338983050847458,"kunnari_rate":0.0,"lyoty_rate":0.057971014492753624,"tuotu_rate":0.01694915254237288,"haava_rate":0.4492753623188406,"palo_rate":0.34782608695652173,"tehot_per_turn":0.08695652173913043,"kl_per_turn":0.463768115942029,"hr_rbi_per_turn":0.057971014492753624,"kl_base0":0.6470588235294118,"kl_base0_tries":17,"kl_base1":0.36,"kl_base1_tries":25,"kl_base2":0.47058823529411764,"kl_base2_tries":17,"kl_base3":0.3333333333333333,"kl_base3_tries":12,"adv1_pct":0.6470588235294118,"adv2_pct":0.36,"adv3_pct":0.47058823529411764,"adv_home_pct":0.3333333333333333,"money_kl_pct":0.3333333333333333,"money_kl_tries":12,"pos":"2V","teho_plus":29,"adv_plus":75,"runner_plus":81,"out_avoid_plus":94,"adv1_plus":115,"adv2_plus":61,"adv3_plus":68,"adv_home_plus":58,"money_kl_plus":58,"spark_index":81,"run_value":3.589273633686827,"raa":-7.1,"jyk":-1.2,"vyk":-0.05,"teho_plus_adj":29,"pct_kl_pct":9,"pct_saatto_pct":7,"pct_eten_pct":9,"pct_kunnari_rate":28,"pct_lyoty_rate":32,"pct_palo_rate":29,"pct_tehot_per_turn":5},"proj":{"player_id":14887,"name":"Liinu Vanhatalo","as_of":"2026-07-09","age":null,"stats":{"kl_pct":{"rate":0.522350310043132,"effective_n":64.59547306271426,"observed":0.44582320727133595},"saatto_pct":{"rate":0.535789242225794,"effective_n":115.83915861114097,"observed":0.49275304485773386},"eten_pct":{"rate":0.5716513255158022,"effective_n":103.87564870882366,"observed":0.5297617240512839},"kunnari_rate":{"rate":0.00678145930875689,"effective_n":64.82127803736412,"observed":0.0},"lyoty_rate":{"rate":0.09905806980729871,"effective_n":62.85764848342957,"observed":0.05724423857058759},"haava_rate":{"rate":0.3983564578154009,"effective_n":59.16383043080875,"observed":0.4468471051149252},"palo_rate":{"rate":0.32791869279934427,"effective_n":60.97297920730042,"observed":0.3537302277608397}},"teho_plus_proj":92},"translation":{"wrc_plus":59,"tier":"replacement level","rows":[{"pesis_label":"Kärkilyönti-% (advance the lead runner)","pesis_value":0.4507042253521127,"percentile":9,"mlb_stat":"AVG","mlb_value":"0.168"},{"pesis_label":"Kärkilyönnit per turn (base hits)","pesis_value":0.463768115942029,"percentile":27,"mlb_stat":"H / 600 PA","mlb_value":"137"},{"pesis_label":"Lyödyt per turn (runs batted home)","pesis_value":0.057971014492753624,"percentile":32,"mlb_stat":"RBI / 600 PA","mlb_value":"63"},{"pesis_label":"Tuodut per advance (runs scored)","pesis_value":0.01694915254237288,"percentile":4,"mlb_stat":"R / 600 PA","mlb_value":"44"},{"pesis_label":"Palot per turn (burned outs)","pesis_value":0.34782608695652173,"percentile":29,"mlb_stat":"K%","mlb_value":"25.2%"}]},"pitching":null,"career_json":[{"year":2026,"kl_pct":0.4507042253521127,"teho_plus":29}],"pct_stats":["kl_pct","saatto_pct","eten_pct","kunnari_rate","lyoty_rate","palo_rate","tehot_per_turn"],"base_kl":{"player_id":14887,"turns_at_bat":69,"kl_base0":0.6470588235294118,"kl_base0_tries":17,"kl_base1":0.36,"kl_base1_tries":25,"kl_base2":0.47058823529411764,"kl_base2_tries":17,"kl_base3":0.3333333333333333,"kl_base3_tries":12,"pct_kl_base0":71,"pct_kl_base1":11,"pct_kl_base2":11,"pct_kl_base3":14},"base_keys":["kl_base0","kl_base1","kl_base2","kl_base3"],"comps":[]}