{"player":{"id":14888,"name":"Emma Vaahtio","born_year":null},"career":[{"year":2026,"season_id":178,"team":"UPV","age":null,"games":11,"turns_at_bat":75,"vyk":0.07,"spark_index":96,"adv_plus":96,"runner_plus":101,"out_avoid_plus":91,"money_kl_plus":0,"teho_plus":84,"teho_plus_adj":84}],"line":{"player_id":14888,"name":"Emma Vaahtio","born_year":null,"year":2026,"games":11,"team":"UPV","turns_at_bat":75,"kunnarit":0,"lyodyt":0,"tuodut":19,"karkilyonnit":33,"karki_yritykset":57,"saatot":71,"saatto_yritykset":112,"etenemiset":101,"eteneminen_yritykset":152,"haavat":23,"palot":28,"season_id":178,"tehot":19,"kl_pct":0.5789473684210527,"saatto_pct":0.6339285714285714,"eten_pct":0.6644736842105263,"kunnari_rate":0.0,"lyoty_rate":0.0,"tuotu_rate":0.125,"haava_rate":0.30666666666666664,"palo_rate":0.37333333333333335,"tehot_per_turn":0.25333333333333335,"kl_per_turn":0.44,"hr_rbi_per_turn":0.0,"kl_base0":0.5625,"kl_base0_tries":16,"kl_base1":0.59375,"kl_base1_tries":32,"kl_base2":0.7142857142857143,"kl_base2_tries":7,"kl_base3":0.0,"kl_base3_tries":2,"adv1_pct":0.5625,"adv2_pct":0.59375,"adv3_pct":0.7142857142857143,"adv_home_pct":0.0,"money_kl_pct":0.0,"money_kl_tries":2,"pos":"2P","teho_plus":84,"adv_plus":96,"runner_plus":101,"out_avoid_plus":91,"adv1_plus":100,"adv2_plus":100,"adv3_plus":103,"adv_home_plus":0,"money_kl_plus":0,"spark_index":96,"run_value":6.855799149535548,"raa":-4.8,"jyk":1.6,"vyk":0.07,"teho_plus_adj":84,"pct_kl_pct":41,"pct_saatto_pct":39,"pct_eten_pct":56,"pct_kunnari_rate":28,"pct_lyoty_rate":2,"pct_palo_rate":19,"pct_tehot_per_turn":45},"proj":{"player_id":14888,"name":"Emma Vaahtio","as_of":"2026-07-03","age":null,"stats":{"kl_pct":{"rate":0.5922810936574223,"effective_n":52.34252225423637,"observed":0.578000975760635},"saatto_pct":{"rate":0.6405949462757338,"effective_n":99.3256318410793,"observed":0.6326106151797043},"eten_pct":{"rate":0.6621784668815552,"effective_n":136.49686182814298,"observed":0.6634608959400863},"kunnari_rate":{"rate":0.006563244196868441,"effective_n":70.96622627584851,"observed":0.0},"lyoty_rate":{"rate":0.07079786692918254,"effective_n":69.05766441752284,"observed":0.0},"haava_rate":{"rate":0.3440689745513628,"effective_n":65.4434263739729,"observed":0.304953420340212},"palo_rate":{"rate":0.340131101252108,"effective_n":67.21761171128394,"observed":0.378079472159619}},"teho_plus_proj":92},"translation":{"wrc_plus":97,"tier":"league-average regular","rows":[{"pesis_label":"Kärkilyönti-% (advance the lead runner)","pesis_value":0.5789473684210527,"percentile":41,"mlb_stat":"AVG","mlb_value":"0.296"},{"pesis_label":"Kärkilyönnit per turn (base hits)","pesis_value":0.44,"percentile":21,"mlb_stat":"H / 600 PA","mlb_value":"132"},{"pesis_label":"Lyödyt per turn (runs batted home)","pesis_value":0.0,"percentile":2,"mlb_stat":"RBI / 600 PA","mlb_value":"31"},{"pesis_label":"Tuodut per advance (runs scored)","pesis_value":0.125,"percentile":86,"mlb_stat":"R / 600 PA","mlb_value":"95"},{"pesis_label":"Palot per turn (burned outs)","pesis_value":0.37333333333333335,"percentile":19,"mlb_stat":"K%","mlb_value":"27.0%"}]},"pitching":null,"career_json":[{"year":2026,"kl_pct":0.5789473684210527,"teho_plus":84}],"pct_stats":["kl_pct","saatto_pct","eten_pct","kunnari_rate","lyoty_rate","palo_rate","tehot_per_turn"],"base_kl":{"player_id":14888,"turns_at_bat":75,"kl_base0":0.5625,"kl_base0_tries":16,"kl_base1":0.59375,"kl_base1_tries":32,"kl_base2":0.7142857142857143,"kl_base2_tries":7,"kl_base3":0.0,"kl_base3_tries":2,"pct_kl_base0":53,"pct_kl_base1":54,"pct_kl_base2":57,"pct_kl_base3":1},"base_keys":["kl_base0","kl_base1","kl_base2","kl_base3"],"comps":[]}