{"player":{"id":14927,"name":"Oona Tuuri","born_year":null},"career":[{"year":2025,"season_id":126,"team":"Puhti","age":null,"games":10,"turns_at_bat":67,"vyk":0.16,"spark_index":104,"adv_plus":105,"runner_plus":103,"out_avoid_plus":105,"money_kl_plus":103,"teho_plus":101,"teho_plus_adj":97},{"year":2026,"season_id":128,"team":"Kirittäret","age":null,"games":15,"turns_at_bat":62,"vyk":-0.21,"spark_index":78,"adv_plus":73,"runner_plus":76,"out_avoid_plus":93,"money_kl_plus":0,"teho_plus":0,"teho_plus_adj":0}],"line":{"player_id":14927,"name":"Oona Tuuri","born_year":null,"year":2026,"games":15,"team":"Kirittäret","turns_at_bat":62,"kunnarit":0,"lyodyt":0,"tuodut":0,"karkilyonnit":20,"karki_yritykset":51,"saatot":34,"saatto_yritykset":78,"etenemiset":45,"eteneminen_yritykset":99,"haavat":30,"palot":24,"season_id":128,"tehot":0,"kl_pct":0.39215686274509803,"saatto_pct":0.4358974358974359,"eten_pct":0.45454545454545453,"kunnari_rate":0.0,"lyoty_rate":0.0,"tuotu_rate":0.0,"haava_rate":0.4838709677419355,"palo_rate":0.3870967741935484,"tehot_per_turn":0.0,"kl_per_turn":0.3225806451612903,"hr_rbi_per_turn":0.0,"kl_base0":0.4166666666666667,"kl_base0_tries":36,"kl_base1":0.5714285714285714,"kl_base1_tries":7,"kl_base2":0.16666666666666666,"kl_base2_tries":6,"kl_base3":0.0,"kl_base3_tries":2,"adv1_pct":0.4166666666666667,"adv2_pct":0.5714285714285714,"adv3_pct":0.16666666666666666,"adv_home_pct":0.0,"money_kl_pct":0.0,"money_kl_tries":2,"pos":"L","teho_plus":0,"adv_plus":73,"runner_plus":76,"out_avoid_plus":93,"adv1_plus":83,"adv2_plus":102,"adv3_plus":28,"adv_home_plus":0,"money_kl_plus":0,"spark_index":78,"run_value":0.11257254990139876,"raa":-5.7,"jyk":-2.5,"vyk":-0.21,"teho_plus_adj":0,"pct_kl_pct":11,"pct_saatto_pct":7,"pct_eten_pct":4,"pct_kunnari_rate":35,"pct_lyoty_rate":11,"pct_palo_rate":32,"pct_tehot_per_turn":1},"proj":{"player_id":14927,"name":"Oona Tuuri","as_of":"2026-07-04","age":null,"stats":{"kl_pct":{"rate":0.48458913529723235,"effective_n":61.9994037840346,"observed":0.4420640964847807},"saatto_pct":{"rate":0.5198439282545755,"effective_n":87.39801795266881,"observed":0.4834765741124169},"eten_pct":{"rate":0.5305368294527779,"effective_n":118.0781267077205,"observed":0.5022241896712377},"kunnari_rate":{"rate":0.0029896672201663297,"effective_n":91.64379939284801,"observed":0.0},"lyoty_rate":{"rate":0.043905921819823314,"effective_n":80.16022125435232,"observed":0.00878910821417403},"haava_rate":{"rate":0.4292237529468663,"effective_n":65.26934121239513,"observed":0.4695007358175813},"palo_rate":{"rate":0.35100548741043713,"effective_n":71.65806609449932,"observed":0.3605312938852711}},"teho_plus_proj":119},"translation":{"wrc_plus":42,"tier":"replacement level","rows":[{"pesis_label":"Kärkilyönti-% (advance the lead runner)","pesis_value":0.39215686274509803,"percentile":11,"mlb_stat":"AVG","mlb_value":"0.172"},{"pesis_label":"Kärkilyönnit per turn (base hits)","pesis_value":0.3225806451612903,"percentile":6,"mlb_stat":"H / 600 PA","mlb_value":"116"},{"pesis_label":"Lyödyt per turn (runs batted home)","pesis_value":0.0,"percentile":11,"mlb_stat":"RBI / 600 PA","mlb_value":"47"},{"pesis_label":"Tuodut per advance (runs scored)","pesis_value":0.0,"percentile":6,"mlb_stat":"R / 600 PA","mlb_value":"48"},{"pesis_label":"Palot per turn (burned outs)","pesis_value":0.3870967741935484,"percentile":32,"mlb_stat":"K%","mlb_value":"24.8%"}]},"pitching":{"era":"4.79","tier":"swingman","games":13,"rows":[{"pesis":"Päästetyt juoksut / ottelu (LRA)","arvo":"7.77","pctile":19,"mlb":"ERA","kaannos":"4.79"},{"pesis":"LRA- (sarjaindeksi, 100 = ka.)","arvo":"137","pctile":null,"mlb":"ERA-","kaannos":"137"},{"pesis":"Estetyt juoksut (kausi)","arvo":"-27.1","pctile":null,"mlb":"Runs saved","kaannos":"-27.1"}]},"career_json":[{"year":2025,"kl_pct":0.5909090909090909,"teho_plus":101},{"year":2026,"kl_pct":0.39215686274509803,"teho_plus":0}],"pct_stats":["kl_pct","saatto_pct","eten_pct","kunnari_rate","lyoty_rate","palo_rate","tehot_per_turn"],"base_kl":{"player_id":14927,"turns_at_bat":62,"kl_base0":0.4166666666666667,"kl_base0_tries":36,"kl_base1":0.5714285714285714,"kl_base1_tries":7,"kl_base2":0.16666666666666666,"kl_base2_tries":6,"kl_base3":0.0,"kl_base3_tries":2,"pct_kl_base0":48,"pct_kl_base1":61,"pct_kl_base2":6,"pct_kl_base3":7},"base_keys":["kl_base0","kl_base1","kl_base2","kl_base3"],"comps":[]}