{"player":{"id":14927,"name":"Oona Tuuri","born_year":null},"career":[{"year":2025,"season_id":126,"team":"Puhti","age":null,"games":10,"turns_at_bat":67,"vyk":0.16,"spark_index":104,"adv_plus":105,"runner_plus":103,"out_avoid_plus":105,"money_kl_plus":103,"teho_plus":101,"teho_plus_adj":98},{"year":2026,"season_id":128,"team":"Kirittäret","age":null,"games":19,"turns_at_bat":75,"vyk":-0.21,"spark_index":80,"adv_plus":75,"runner_plus":77,"out_avoid_plus":95,"money_kl_plus":56,"teho_plus":8,"teho_plus_adj":8}],"line":{"player_id":14927,"name":"Oona Tuuri","born_year":null,"year":2026,"games":19,"team":"Kirittäret","turns_at_bat":75,"kunnarit":0,"lyodyt":1,"tuodut":0,"karkilyonnit":25,"karki_yritykset":63,"saatot":46,"saatto_yritykset":102,"etenemiset":55,"eteneminen_yritykset":119,"haavat":36,"palot":28,"season_id":128,"tehot":1,"kl_pct":0.3968253968253968,"saatto_pct":0.45098039215686275,"eten_pct":0.46218487394957986,"kunnari_rate":0.0,"lyoty_rate":0.013333333333333334,"tuotu_rate":0.0,"haava_rate":0.48,"palo_rate":0.37333333333333335,"tehot_per_turn":0.013333333333333334,"kl_per_turn":0.3333333333333333,"hr_rbi_per_turn":0.013333333333333334,"kl_base0":0.4,"kl_base0_tries":40,"kl_base1":0.5,"kl_base1_tries":8,"kl_base2":0.36363636363636365,"kl_base2_tries":11,"kl_base3":0.25,"kl_base3_tries":4,"adv1_pct":0.4,"adv2_pct":0.5,"adv3_pct":0.36363636363636365,"adv_home_pct":0.25,"money_kl_pct":0.25,"money_kl_tries":4,"pos":"L","teho_plus":8,"adv_plus":75,"runner_plus":77,"out_avoid_plus":95,"adv1_plus":80,"adv2_plus":90,"adv3_plus":60,"adv_home_plus":56,"money_kl_plus":56,"spark_index":80,"run_value":-0.6828714286911475,"raa":-6.4,"jyk":-2.4,"vyk":-0.21,"teho_plus_adj":8,"pct_kl_pct":15,"pct_saatto_pct":10,"pct_eten_pct":4,"pct_kunnari_rate":33,"pct_lyoty_rate":34,"pct_palo_rate":37,"pct_tehot_per_turn":2},"proj":{"player_id":14927,"name":"Oona Tuuri","as_of":"2026-07-16","age":null,"stats":{"kl_pct":{"rate":0.4784269759843195,"effective_n":71.58418506286627,"observed":0.4377951113454221},"saatto_pct":{"rate":0.5176059604843574,"effective_n":106.81200038524184,"observed":0.48715371618177195},"eten_pct":{"rate":0.5282024869934846,"effective_n":132.17005149307968,"observed":0.5021324874787776},"kunnari_rate":{"rate":0.0027960243799915784,"effective_n":102.34315840172124,"observed":0.0},"lyoty_rate":{"rate":0.04657620326385459,"effective_n":90.13433972530302,"observed":0.018338289462389447},"haava_rate":{"rate":0.43192748630507455,"effective_n":74.14892549747299,"observed":0.46781541416297545},"palo_rate":{"rate":0.34674916487830504,"effective_n":81.04424439413839,"observed":0.3521867258444537}},"teho_plus_proj":121},"translation":{"wrc_plus":49,"tier":"replacement level","rows":[{"pesis_label":"Kärkilyönti-% (advance the lead runner)","pesis_value":0.3968253968253968,"percentile":15,"mlb_stat":"AVG","mlb_value":"0.114"},{"pesis_label":"Kärkilyönnit per turn (base hits)","pesis_value":0.3333333333333333,"percentile":6,"mlb_stat":"H / 600 PA","mlb_value":"116"},{"pesis_label":"Lyödyt per turn (runs batted home)","pesis_value":0.013333333333333334,"percentile":34,"mlb_stat":"RBI / 600 PA","mlb_value":"64"},{"pesis_label":"Tuodut per advance (runs scored)","pesis_value":0.0,"percentile":6,"mlb_stat":"R / 600 PA","mlb_value":"48"},{"pesis_label":"Palot per turn (burned outs)","pesis_value":0.37333333333333335,"percentile":37,"mlb_stat":"K%","mlb_value":"24.0%"}]},"pitching":{"era":"4.86","tier":"swingman","games":16,"rows":[{"pesis":"Päästetyt juoksut / ottelu (LRA)","arvo":"8.12","pctile":17,"mlb":"ERA","kaannos":"4.86"},{"pesis":"LRA- (sarjaindeksi, 100 = ka.)","arvo":"141","pctile":null,"mlb":"ERA-","kaannos":"141"},{"pesis":"Estetyt juoksut (kausi)","arvo":"-38.0","pctile":null,"mlb":"Runs saved","kaannos":"-38.0"}]},"career_json":[{"year":2025,"kl_pct":0.5909090909090909,"teho_plus":101},{"year":2026,"kl_pct":0.3968253968253968,"teho_plus":8}],"pct_stats":["kl_pct","saatto_pct","eten_pct","kunnari_rate","lyoty_rate","palo_rate","tehot_per_turn"],"base_kl":{"player_id":14927,"turns_at_bat":75,"kl_base0":0.4,"kl_base0_tries":40,"kl_base1":0.5,"kl_base1_tries":8,"kl_base2":0.36363636363636365,"kl_base2_tries":11,"kl_base3":0.25,"kl_base3_tries":4,"pct_kl_base0":44,"pct_kl_base1":45,"pct_kl_base2":16,"pct_kl_base3":22},"base_keys":["kl_base0","kl_base1","kl_base2","kl_base3"],"comps":[]}