{"player":{"id":14995,"name":"Ada Reijonen","born_year":null},"career":[{"player_id":14995,"name":"Ada Reijonen","born_year":null,"year":2026,"games":11,"team":"ViU","turns_at_bat":26,"kunnarit":0,"lyodyt":2,"tuodut":0,"karkilyonnit":9,"karki_yritykset":28,"saatot":23,"saatto_yritykset":59,"etenemiset":16,"eteneminen_yritykset":37,"haavat":19,"palot":2,"season_id":4,"tehot":2,"kl_pct":0.32142857142857145,"saatto_pct":0.3898305084745763,"eten_pct":0.43243243243243246,"kunnari_rate":0.0,"lyoty_rate":0.07692307692307693,"tuotu_rate":0.0,"haava_rate":0.7307692307692307,"palo_rate":0.07692307692307693,"tehot_per_turn":0.07692307692307693,"kl_per_turn":0.34615384615384615,"hr_rbi_per_turn":0.07692307692307693,"kl_base0":0.3333333333333333,"kl_base0_tries":3,"kl_base1":0.375,"kl_base1_tries":8,"kl_base2":0.23076923076923078,"kl_base2_tries":13,"kl_base3":0.5,"kl_base3_tries":4,"adv1_pct":0.3333333333333333,"adv2_pct":0.375,"adv3_pct":0.23076923076923078,"adv_home_pct":0.5,"money_kl_pct":0.5,"money_kl_tries":4,"pos":"2V","teho_plus":36,"adv_plus":60,"runner_plus":68,"out_avoid_plus":138,"adv1_plus":57,"adv2_plus":65,"adv3_plus":36,"adv_home_plus":106,"money_kl_plus":106,"spark_index":78,"run_value":1.4020292295336292,"raa":-1.8,"jyk":-0.4,"vyk":-0.03,"teho_plus_adj":36}],"line":{"player_id":14995,"name":"Ada Reijonen","born_year":null,"year":2026,"games":11,"team":"ViU","turns_at_bat":26,"kunnarit":0,"lyodyt":2,"tuodut":0,"karkilyonnit":9,"karki_yritykset":28,"saatot":23,"saatto_yritykset":59,"etenemiset":16,"eteneminen_yritykset":37,"haavat":19,"palot":2,"season_id":4,"tehot":2,"kl_pct":0.32142857142857145,"saatto_pct":0.3898305084745763,"eten_pct":0.43243243243243246,"kunnari_rate":0.0,"lyoty_rate":0.07692307692307693,"tuotu_rate":0.0,"haava_rate":0.7307692307692307,"palo_rate":0.07692307692307693,"tehot_per_turn":0.07692307692307693,"kl_per_turn":0.34615384615384615,"hr_rbi_per_turn":0.07692307692307693,"kl_base0":0.3333333333333333,"kl_base0_tries":3,"kl_base1":0.375,"kl_base1_tries":8,"kl_base2":0.23076923076923078,"kl_base2_tries":13,"kl_base3":0.5,"kl_base3_tries":4,"adv1_pct":0.3333333333333333,"adv2_pct":0.375,"adv3_pct":0.23076923076923078,"adv_home_pct":0.5,"money_kl_pct":0.5,"money_kl_tries":4,"pos":"2V","teho_plus":36,"adv_plus":60,"runner_plus":68,"out_avoid_plus":138,"adv1_plus":57,"adv2_plus":65,"adv3_plus":36,"adv_home_plus":106,"money_kl_plus":106,"spark_index":78,"run_value":1.4020292295336292,"raa":-1.8,"jyk":-0.4,"vyk":-0.03,"teho_plus_adj":36,"pct_kl_pct":null,"pct_saatto_pct":null,"pct_eten_pct":null,"pct_kunnari_rate":null,"pct_lyoty_rate":null,"pct_palo_rate":null,"pct_tehot_per_turn":null},"proj":{"player_id":14995,"name":"Ada Reijonen","as_of":"2026-07-02","age":null,"stats":{"kl_pct":{"rate":0.4943350075116968,"effective_n":25.64635548500145,"observed":0.3214420779750428},"saatto_pct":{"rate":0.49500226606554315,"effective_n":52.45867358918017,"observed":0.38753525102680175},"eten_pct":{"rate":0.5529610589724846,"effective_n":32.87696883311733,"observed":0.43036107408819035},"kunnari_rate":{"rate":0.004418871420457363,"effective_n":24.468388308361416,"observed":0.0},"lyoty_rate":{"rate":0.09299652235062125,"effective_n":23.741882971954144,"observed":0.0796815255819965},"haava_rate":{"rate":0.4421558296047879,"effective_n":22.362736399783447,"observed":0.7356501447942941},"palo_rate":{"rate":0.27637670885344806,"effective_n":23.040302795012057,"observed":0.07812715566683986}},"teho_plus_proj":124},"career_json":[{"year":2026,"kl_pct":0.32142857142857145,"teho_plus":36}],"pct_stats":["kl_pct","saatto_pct","eten_pct","kunnari_rate","lyoty_rate","palo_rate","tehot_per_turn"],"base_kl":{"player_id":14995,"turns_at_bat":26,"kl_base0":0.3333333333333333,"kl_base0_tries":3,"kl_base1":0.375,"kl_base1_tries":8,"kl_base2":0.23076923076923078,"kl_base2_tries":13,"kl_base3":0.5,"kl_base3_tries":4,"pct_kl_base0":null,"pct_kl_base1":null,"pct_kl_base2":null,"pct_kl_base3":null},"base_keys":["kl_base0","kl_base1","kl_base2","kl_base3"],"comps":[]}