{"player":{"id":15025,"name":"Netta Vainionpää","born_year":null},"career":[{"year":2026,"season_id":178,"team":"SMJ 1","age":null,"games":5,"turns_at_bat":31,"vyk":0.02,"spark_index":96,"adv_plus":88,"runner_plus":105,"out_avoid_plus":103,"money_kl_plus":58,"teho_plus":86,"teho_plus_adj":85}],"line":{"player_id":15025,"name":"Netta Vainionpää","born_year":null,"year":2026,"games":5,"team":"SMJ 1","turns_at_bat":31,"kunnarit":0,"lyodyt":1,"tuodut":7,"karkilyonnit":11,"karki_yritykset":22,"saatot":25,"saatto_yritykset":42,"etenemiset":42,"eteneminen_yritykset":61,"haavat":10,"palot":9,"season_id":178,"tehot":8,"kl_pct":0.5,"saatto_pct":0.5952380952380952,"eten_pct":0.6885245901639344,"kunnari_rate":0.0,"lyoty_rate":0.03225806451612903,"tuotu_rate":0.11475409836065574,"haava_rate":0.3225806451612903,"palo_rate":0.2903225806451613,"tehot_per_turn":0.25806451612903225,"kl_per_turn":0.3548387096774194,"hr_rbi_per_turn":0.03225806451612903,"kl_base0":0.625,"kl_base0_tries":8,"kl_base1":0.5714285714285714,"kl_base1_tries":7,"kl_base2":0.25,"kl_base2_tries":4,"kl_base3":0.3333333333333333,"kl_base3_tries":3,"adv1_pct":0.625,"adv2_pct":0.5714285714285714,"adv3_pct":0.25,"adv_home_pct":0.3333333333333333,"money_kl_pct":0.3333333333333333,"money_kl_tries":3,"pos":"3V","teho_plus":86,"adv_plus":88,"runner_plus":105,"out_avoid_plus":103,"adv1_plus":111,"adv2_plus":96,"adv3_plus":36,"adv_home_plus":58,"money_kl_plus":58,"spark_index":96,"run_value":2.710274845809971,"raa":-2.1,"jyk":0.5,"vyk":0.02,"teho_plus_adj":85,"pct_kl_pct":null,"pct_saatto_pct":null,"pct_eten_pct":null,"pct_kunnari_rate":null,"pct_lyoty_rate":null,"pct_palo_rate":null,"pct_tehot_per_turn":null},"proj":{"player_id":15025,"name":"Netta Vainionpää","as_of":"2026-06-30","age":null,"stats":{"kl_pct":{"rate":0.5781510017062836,"effective_n":19.681921394608782,"observed":0.4969758913175471},"saatto_pct":{"rate":0.6292616058511952,"effective_n":36.25807712630279,"observed":0.5949631876281779},"eten_pct":{"rate":0.6727885856986724,"effective_n":53.407334833607564,"observed":0.6860703230226394},"kunnari_rate":{"rate":0.00841897488618528,"effective_n":29.076072828616766,"observed":0.0},"lyoty_rate":{"rate":0.10549099103043263,"effective_n":28.168929665042747,"observed":0.0306402575765434},"haava_rate":{"rate":0.35905757200430194,"effective_n":26.457204202370583,"observed":0.31905489188216246},"palo_rate":{"rate":0.30480582974925846,"effective_n":27.29642649607662,"observed":0.29453277800701916}},"teho_plus_proj":105},"translation":null,"pitching":null,"career_json":[{"year":2026,"kl_pct":0.5,"teho_plus":86}],"pct_stats":["kl_pct","saatto_pct","eten_pct","kunnari_rate","lyoty_rate","palo_rate","tehot_per_turn"],"base_kl":{"player_id":15025,"turns_at_bat":31,"kl_base0":0.625,"kl_base0_tries":8,"kl_base1":0.5714285714285714,"kl_base1_tries":7,"kl_base2":0.25,"kl_base2_tries":4,"kl_base3":0.3333333333333333,"kl_base3_tries":3,"pct_kl_base0":null,"pct_kl_base1":null,"pct_kl_base2":null,"pct_kl_base3":null},"base_keys":["kl_base0","kl_base1","kl_base2","kl_base3"],"comps":[]}