{"player":{"id":15047,"name":"Siina  Kontturi","born_year":null},"career":[{"year":2025,"season_id":177,"team":"KiPa","age":null,"games":7,"turns_at_bat":38,"vyk":-0.04,"spark_index":84,"adv_plus":80,"runner_plus":83,"out_avoid_plus":96,"money_kl_plus":87,"teho_plus":35,"teho_plus_adj":36},{"year":2026,"season_id":178,"team":"ViU","age":null,"games":2,"turns_at_bat":9,"vyk":0.02,"spark_index":98,"adv_plus":96,"runner_plus":101,"out_avoid_plus":96,"money_kl_plus":58,"teho_plus":74,"teho_plus_adj":71}],"line":{"player_id":15047,"name":"Siina  Kontturi","born_year":null,"year":2026,"games":2,"team":"ViU","turns_at_bat":9,"kunnarit":0,"lyodyt":2,"tuodut":0,"karkilyonnit":4,"karki_yritykset":8,"saatot":12,"saatto_yritykset":18,"etenemiset":8,"eteneminen_yritykset":12,"haavat":1,"palot":3,"season_id":178,"tehot":2,"kl_pct":0.5,"saatto_pct":0.6666666666666666,"eten_pct":0.6666666666666666,"kunnari_rate":0.0,"lyoty_rate":0.2222222222222222,"tuotu_rate":0.0,"haava_rate":0.1111111111111111,"palo_rate":0.3333333333333333,"tehot_per_turn":0.2222222222222222,"kl_per_turn":0.4444444444444444,"hr_rbi_per_turn":0.2222222222222222,"kl_base0":null,"kl_base0_tries":0,"kl_base1":1.0,"kl_base1_tries":1,"kl_base2":1.0,"kl_base2_tries":1,"kl_base3":0.3333333333333333,"kl_base3_tries":6,"adv1_pct":null,"adv2_pct":1.0,"adv3_pct":1.0,"adv_home_pct":0.3333333333333333,"money_kl_pct":0.3333333333333333,"money_kl_tries":6,"pos":null,"teho_plus":74,"adv_plus":96,"runner_plus":101,"out_avoid_plus":96,"adv1_plus":null,"adv2_plus":169,"adv3_plus":144,"adv_home_plus":58,"money_kl_plus":58,"spark_index":98,"run_value":1.1092212826905374,"raa":-0.3,"jyk":0.5,"vyk":0.02,"teho_plus_adj":71,"pct_kl_pct":null,"pct_saatto_pct":null,"pct_eten_pct":null,"pct_kunnari_rate":null,"pct_lyoty_rate":null,"pct_palo_rate":null,"pct_tehot_per_turn":null},"proj":{"player_id":15047,"name":"Siina  Kontturi","as_of":"2026-06-11","age":null,"stats":{"kl_pct":{"rate":0.5724719604997733,"effective_n":19.245233421599625,"observed":0.47174963763696715},"saatto_pct":{"rate":0.63822698927209,"effective_n":32.918048502855214,"observed":0.611342669069214},"eten_pct":{"rate":0.6417628136663968,"effective_n":26.41693649023901,"observed":0.6098913508458785},"kunnari_rate":{"rate":0.008491639944234759,"effective_n":27.800392093562238,"observed":0.0},"lyoty_rate":{"rate":0.12845131961704426,"effective_n":22.141095059700298,"observed":0.11618278644928064},"haava_rate":{"rate":0.3510650095892997,"effective_n":15.227753794371115,"observed":0.22907621575810203},"palo_rate":{"rate":0.31012514251960754,"effective_n":18.109487662254416,"observed":0.3181390312922862}},"teho_plus_proj":109},"translation":null,"pitching":null,"career_json":[{"year":2025,"kl_pct":0.45454545454545453,"teho_plus":35},{"year":2026,"kl_pct":0.5,"teho_plus":74}],"pct_stats":["kl_pct","saatto_pct","eten_pct","kunnari_rate","lyoty_rate","palo_rate","tehot_per_turn"],"base_kl":{"player_id":15047,"turns_at_bat":9,"kl_base0":null,"kl_base0_tries":0,"kl_base1":1.0,"kl_base1_tries":1,"kl_base2":1.0,"kl_base2_tries":1,"kl_base3":0.3333333333333333,"kl_base3_tries":6,"pct_kl_base0":null,"pct_kl_base1":null,"pct_kl_base2":null,"pct_kl_base3":null},"base_keys":["kl_base0","kl_base1","kl_base2","kl_base3"],"comps":[]}