{"player":{"id":15062,"name":"Jonatan Jokinen","born_year":null},"career":[{"year":2026,"season_id":156,"team":"SMJ","age":null,"games":11,"turns_at_bat":74,"vyk":0.44,"spark_index":106,"adv_plus":107,"runner_plus":102,"out_avoid_plus":109,"money_kl_plus":135,"teho_plus":121,"teho_plus_adj":125}],"line":{"player_id":15062,"name":"Jonatan Jokinen","born_year":null,"year":2026,"games":11,"team":"SMJ","turns_at_bat":74,"kunnarit":1,"lyodyt":10,"tuodut":10,"karkilyonnit":41,"karki_yritykset":68,"saatot":97,"saatto_yritykset":147,"etenemiset":85,"eteneminen_yritykset":135,"haavat":32,"palot":18,"season_id":156,"tehot":21,"kl_pct":0.6029411764705882,"saatto_pct":0.6598639455782312,"eten_pct":0.6296296296296297,"kunnari_rate":0.013513513513513514,"lyoty_rate":0.13513513513513514,"tuotu_rate":0.07407407407407407,"haava_rate":0.43243243243243246,"palo_rate":0.24324324324324326,"tehot_per_turn":0.28378378378378377,"kl_per_turn":0.5540540540540541,"hr_rbi_per_turn":0.14864864864864866,"kl_base0":0.5,"kl_base0_tries":12,"kl_base1":0.48,"kl_base1_tries":25,"kl_base2":0.75,"kl_base2_tries":16,"kl_base3":0.7333333333333333,"kl_base3_tries":15,"adv1_pct":0.5,"adv2_pct":0.48,"adv3_pct":0.75,"adv_home_pct":0.7333333333333333,"money_kl_pct":0.7333333333333333,"money_kl_tries":15,"pos":"2K","teho_plus":121,"adv_plus":107,"runner_plus":102,"out_avoid_plus":109,"adv1_plus":98,"adv2_plus":90,"adv3_plus":120,"adv_home_plus":135,"money_kl_plus":135,"spark_index":106,"run_value":11.475288085245722,"raa":2.3,"jyk":7.8,"vyk":0.44,"teho_plus_adj":125,"pct_kl_pct":66,"pct_saatto_pct":65,"pct_eten_pct":55,"pct_kunnari_rate":69,"pct_lyoty_rate":75,"pct_palo_rate":70,"pct_tehot_per_turn":70},"proj":{"player_id":15062,"name":"Jonatan Jokinen","as_of":"2026-07-16","age":null,"stats":{"kl_pct":{"rate":0.5753085379981856,"effective_n":61.40724569075908,"observed":0.6008652968548961},"saatto_pct":{"rate":0.6495630505201737,"effective_n":127.21964816207965,"observed":0.6584304556259252},"eten_pct":{"rate":0.6248575246577103,"effective_n":116.67197458346044,"observed":0.6272331054719221},"kunnari_rate":{"rate":0.010584738098798466,"effective_n":68.99903461423847,"observed":0.012929979577968327},"lyoty_rate":{"rate":0.11738601806823562,"effective_n":66.68101528788084,"observed":0.13325679041018013},"haava_rate":{"rate":0.424351793489939,"effective_n":62.37788047517414,"observed":0.4322768750933879},"palo_rate":{"rate":0.27680643325919285,"effective_n":64.4759790120879,"observed":0.2422591556278669}},"teho_plus_proj":135},"translation":{"wrc_plus":113,"tier":"solid starter","rows":[{"pesis_label":"Kärkilyönti-% (advance the lead runner)","pesis_value":0.6029411764705882,"percentile":66,"mlb_stat":"AVG","mlb_value":"0.320"},{"pesis_label":"Kärkilyönnit per turn (base hits)","pesis_value":0.5540540540540541,"percentile":60,"mlb_stat":"H / 600 PA","mlb_value":"156"},{"pesis_label":"Lyödyt per turn (runs batted home)","pesis_value":0.13513513513513514,"percentile":75,"mlb_stat":"RBI / 600 PA","mlb_value":"85"},{"pesis_label":"Tuodut per advance (runs scored)","pesis_value":0.07407407407407407,"percentile":68,"mlb_stat":"R / 600 PA","mlb_value":"84"},{"pesis_label":"Palot per turn (burned outs)","pesis_value":0.24324324324324326,"percentile":70,"mlb_stat":"K%","mlb_value":"19.3%"}]},"pitching":null,"career_json":[{"year":2026,"kl_pct":0.6029411764705882,"teho_plus":121}],"pct_stats":["kl_pct","saatto_pct","eten_pct","kunnari_rate","lyoty_rate","palo_rate","tehot_per_turn"],"base_kl":{"player_id":15062,"turns_at_bat":74,"kl_base0":0.5,"kl_base0_tries":12,"kl_base1":0.48,"kl_base1_tries":25,"kl_base2":0.75,"kl_base2_tries":16,"kl_base3":0.7333333333333333,"kl_base3_tries":15,"pct_kl_base0":50,"pct_kl_base1":41,"pct_kl_base2":79,"pct_kl_base3":86},"base_keys":["kl_base0","kl_base1","kl_base2","kl_base3"],"comps":[]}