{"player":{"id":15063,"name":"Tuomas Lähdemäki","born_year":null},"career":[{"year":2025,"season_id":155,"team":"LaihLu","age":null,"games":11,"turns_at_bat":67,"vyk":0.27,"spark_index":98,"adv_plus":99,"runner_plus":100,"out_avoid_plus":90,"money_kl_plus":126,"teho_plus":89,"teho_plus_adj":89},{"year":2026,"season_id":156,"team":"SMJ","age":null,"games":10,"turns_at_bat":62,"vyk":0.37,"spark_index":113,"adv_plus":113,"runner_plus":113,"out_avoid_plus":111,"money_kl_plus":113,"teho_plus":117,"teho_plus_adj":120}],"line":{"player_id":15063,"name":"Tuomas Lähdemäki","born_year":null,"year":2026,"games":10,"team":"SMJ","turns_at_bat":62,"kunnarit":0,"lyodyt":8,"tuodut":9,"karkilyonnit":27,"karki_yritykset":52,"saatot":92,"saatto_yritykset":124,"etenemiset":88,"eteneminen_yritykset":126,"haavat":24,"palot":14,"season_id":156,"tehot":17,"kl_pct":0.5192307692307693,"saatto_pct":0.7419354838709677,"eten_pct":0.6984126984126984,"kunnari_rate":0.0,"lyoty_rate":0.12903225806451613,"tuotu_rate":0.07142857142857142,"haava_rate":0.3870967741935484,"palo_rate":0.22580645161290322,"tehot_per_turn":0.27419354838709675,"kl_per_turn":0.43548387096774194,"hr_rbi_per_turn":0.12903225806451613,"kl_base0":0.3333333333333333,"kl_base0_tries":12,"kl_base1":0.8888888888888888,"kl_base1_tries":9,"kl_base2":0.3888888888888889,"kl_base2_tries":18,"kl_base3":0.6153846153846154,"kl_base3_tries":13,"adv1_pct":0.3333333333333333,"adv2_pct":0.8888888888888888,"adv3_pct":0.3888888888888889,"adv_home_pct":0.6153846153846154,"money_kl_pct":0.6153846153846154,"money_kl_tries":13,"pos":"1V","teho_plus":117,"adv_plus":113,"runner_plus":113,"out_avoid_plus":111,"adv1_plus":65,"adv2_plus":166,"adv3_plus":62,"adv_home_plus":113,"money_kl_plus":113,"spark_index":113,"run_value":9.583129547223525,"raa":1.9,"jyk":6.5,"vyk":0.37,"teho_plus_adj":120,"pct_kl_pct":41,"pct_saatto_pct":89,"pct_eten_pct":83,"pct_kunnari_rate":28,"pct_lyoty_rate":73,"pct_palo_rate":77,"pct_tehot_per_turn":68},"proj":{"player_id":15063,"name":"Tuomas Lähdemäki","as_of":"2026-07-16","age":null,"stats":{"kl_pct":{"rate":0.5397542993268402,"effective_n":66.07985535245035,"observed":0.5312209248649921},"saatto_pct":{"rate":0.6984764636441289,"effective_n":137.50921178983765,"observed":0.7209087403074332},"eten_pct":{"rate":0.6655633190831931,"effective_n":140.2712265954987,"observed":0.6820489054844532},"kunnari_rate":{"rate":0.007585360974742602,"effective_n":89.22174545393786,"observed":0.005364984586914705},"lyoty_rate":{"rate":0.10840793458904566,"effective_n":77.28591411673285,"observed":0.11280760480986879},"haava_rate":{"rate":0.4057510968446014,"effective_n":62.03659548115797,"observed":0.3837363511783498},"palo_rate":{"rate":0.28615562574600917,"effective_n":68.54892777165307,"observed":0.2645720037021255}},"teho_plus_proj":135},"translation":{"wrc_plus":112,"tier":"solid starter","rows":[{"pesis_label":"Kärkilyönti-% (advance the lead runner)","pesis_value":0.5192307692307693,"percentile":41,"mlb_stat":"AVG","mlb_value":"0.236"},{"pesis_label":"Kärkilyönnit per turn (base hits)","pesis_value":0.43548387096774194,"percentile":30,"mlb_stat":"H / 600 PA","mlb_value":"138"},{"pesis_label":"Lyödyt per turn (runs batted home)","pesis_value":0.12903225806451613,"percentile":73,"mlb_stat":"RBI / 600 PA","mlb_value":"84"},{"pesis_label":"Tuodut per advance (runs scored)","pesis_value":0.07142857142857142,"percentile":66,"mlb_stat":"R / 600 PA","mlb_value":"83"},{"pesis_label":"Palot per turn (burned outs)","pesis_value":0.22580645161290322,"percentile":77,"mlb_stat":"K%","mlb_value":"18.1%"}]},"pitching":null,"career_json":[{"year":2025,"kl_pct":0.5333333333333333,"teho_plus":89},{"year":2026,"kl_pct":0.5192307692307693,"teho_plus":117}],"pct_stats":["kl_pct","saatto_pct","eten_pct","kunnari_rate","lyoty_rate","palo_rate","tehot_per_turn"],"base_kl":{"player_id":15063,"turns_at_bat":62,"kl_base0":0.3333333333333333,"kl_base0_tries":12,"kl_base1":0.8888888888888888,"kl_base1_tries":9,"kl_base2":0.3888888888888889,"kl_base2_tries":18,"kl_base3":0.6153846153846154,"kl_base3_tries":13,"pct_kl_base0":19,"pct_kl_base1":98,"pct_kl_base2":14,"pct_kl_base3":68},"base_keys":["kl_base0","kl_base1","kl_base2","kl_base3"],"comps":[]}