{"player":{"id":15061,"name":"Samuel Lokasaari","born_year":null},"career":[{"year":2024,"season_id":154,"team":"SMJ","age":null,"games":1,"turns_at_bat":1,"vyk":0.01,"spark_index":null,"adv_plus":82,"runner_plus":null,"out_avoid_plus":142,"money_kl_plus":177,"teho_plus":391,"teho_plus_adj":395},{"year":2025,"season_id":155,"team":"LaihLu","age":null,"games":1,"turns_at_bat":6,"vyk":-0.02,"spark_index":73,"adv_plus":65,"runner_plus":72,"out_avoid_plus":96,"money_kl_plus":0,"teho_plus":0,"teho_plus_adj":0},{"year":2026,"season_id":156,"team":"SMJ","age":null,"games":9,"turns_at_bat":49,"vyk":0.22,"spark_index":99,"adv_plus":99,"runner_plus":93,"out_avoid_plus":106,"money_kl_plus":145,"teho_plus":122,"teho_plus_adj":125}],"line":{"player_id":15061,"name":"Samuel Lokasaari","born_year":null,"year":2026,"games":9,"team":"SMJ","turns_at_bat":49,"kunnarit":1,"lyodyt":10,"tuodut":3,"karkilyonnit":24,"karki_yritykset":43,"saatot":61,"saatto_yritykset":101,"etenemiset":53,"eteneminen_yritykset":92,"haavat":26,"palot":13,"season_id":156,"tehot":14,"kl_pct":0.5581395348837209,"saatto_pct":0.6039603960396039,"eten_pct":0.5760869565217391,"kunnari_rate":0.02040816326530612,"lyoty_rate":0.20408163265306123,"tuotu_rate":0.03260869565217391,"haava_rate":0.5306122448979592,"palo_rate":0.2653061224489796,"tehot_per_turn":0.2857142857142857,"kl_per_turn":0.4897959183673469,"hr_rbi_per_turn":0.22448979591836735,"kl_base0":0.3,"kl_base0_tries":10,"kl_base1":0.375,"kl_base1_tries":8,"kl_base2":0.6363636363636364,"kl_base2_tries":11,"kl_base3":0.7857142857142857,"kl_base3_tries":14,"adv1_pct":0.3,"adv2_pct":0.375,"adv3_pct":0.6363636363636364,"adv_home_pct":0.7857142857142857,"money_kl_pct":0.7857142857142857,"money_kl_tries":14,"pos":"3K","teho_plus":122,"adv_plus":99,"runner_plus":93,"out_avoid_plus":106,"adv1_plus":59,"adv2_plus":70,"adv3_plus":102,"adv_home_plus":145,"money_kl_plus":145,"spark_index":99,"run_value":6.392907441515988,"raa":0.3,"jyk":3.9,"vyk":0.22,"teho_plus_adj":125,"pct_kl_pct":52,"pct_saatto_pct":44,"pct_eten_pct":34,"pct_kunnari_rate":83,"pct_lyoty_rate":85,"pct_palo_rate":61,"pct_tehot_per_turn":71},"proj":{"player_id":15061,"name":"Samuel Lokasaari","as_of":"2026-07-16","age":null,"stats":{"kl_pct":{"rate":0.5434213938349223,"effective_n":41.24148900555353,"observed":0.5350837104022027},"saatto_pct":{"rate":0.5999961055482752,"effective_n":92.03052657991829,"observed":0.5907103862009074},"eten_pct":{"rate":0.5876240923123881,"effective_n":83.57049379476976,"observed":0.5686639564924344},"kunnari_rate":{"rate":0.012004200629588936,"effective_n":49.37748896355145,"observed":0.01873104941568313},"lyoty_rate":{"rate":0.1361545016370777,"effective_n":47.02926951481919,"observed":0.19058353966124802},"haava_rate":{"rate":0.455231416311149,"effective_n":43.34295506112427,"observed":0.5378818048249221},"palo_rate":{"rate":0.29018726555770696,"effective_n":45.053839900384546,"observed":0.2645068137658244}},"teho_plus_proj":139},"translation":{"wrc_plus":114,"tier":"solid starter","rows":[{"pesis_label":"Kärkilyönti-% (advance the lead runner)","pesis_value":0.5581395348837209,"percentile":52,"mlb_stat":"AVG","mlb_value":"0.275"},{"pesis_label":"Kärkilyönnit per turn (base hits)","pesis_value":0.4897959183673469,"percentile":42,"mlb_stat":"H / 600 PA","mlb_value":"146"},{"pesis_label":"Lyödyt per turn (runs batted home)","pesis_value":0.20408163265306123,"percentile":85,"mlb_stat":"RBI / 600 PA","mlb_value":"93"},{"pesis_label":"Tuodut per advance (runs scored)","pesis_value":0.03260869565217391,"percentile":24,"mlb_stat":"R / 600 PA","mlb_value":"63"},{"pesis_label":"Palot per turn (burned outs)","pesis_value":0.2653061224489796,"percentile":61,"mlb_stat":"K%","mlb_value":"20.7%"}]},"pitching":null,"career_json":[{"year":2024,"kl_pct":0.5,"teho_plus":391},{"year":2025,"kl_pct":0.25,"teho_plus":0},{"year":2026,"kl_pct":0.5581395348837209,"teho_plus":122}],"pct_stats":["kl_pct","saatto_pct","eten_pct","kunnari_rate","lyoty_rate","palo_rate","tehot_per_turn"],"base_kl":{"player_id":15061,"turns_at_bat":49,"kl_base0":0.3,"kl_base0_tries":10,"kl_base1":0.375,"kl_base1_tries":8,"kl_base2":0.6363636363636364,"kl_base2_tries":11,"kl_base3":0.7857142857142857,"kl_base3_tries":14,"pct_kl_base0":15,"pct_kl_base1":22,"pct_kl_base2":54,"pct_kl_base3":91},"base_keys":["kl_base0","kl_base1","kl_base2","kl_base3"],"comps":[]}