{"player":{"id":15190,"name":"Emma Rossi","born_year":null},"career":[{"year":2026,"season_id":178,"team":"Pesäkarhut 2","age":null,"games":2,"turns_at_bat":9,"vyk":-0.03,"spark_index":70,"adv_plus":75,"runner_plus":54,"out_avoid_plus":80,"money_kl_plus":87,"teho_plus":37,"teho_plus_adj":38}],"line":{"player_id":15190,"name":"Emma Rossi","born_year":null,"year":2026,"games":2,"team":"Pesäkarhut 2","turns_at_bat":9,"kunnarit":0,"lyodyt":1,"tuodut":0,"karkilyonnit":5,"karki_yritykset":10,"saatot":8,"saatto_yritykset":17,"etenemiset":5,"eteneminen_yritykset":14,"haavat":5,"palot":4,"season_id":178,"tehot":1,"kl_pct":0.5,"saatto_pct":0.47058823529411764,"eten_pct":0.35714285714285715,"kunnari_rate":0.0,"lyoty_rate":0.1111111111111111,"tuotu_rate":0.0,"haava_rate":0.5555555555555556,"palo_rate":0.4444444444444444,"tehot_per_turn":0.1111111111111111,"kl_per_turn":0.5555555555555556,"hr_rbi_per_turn":0.1111111111111111,"kl_base0":0.3333333333333333,"kl_base0_tries":3,"kl_base1":0.75,"kl_base1_tries":4,"kl_base2":0.0,"kl_base2_tries":1,"kl_base3":0.5,"kl_base3_tries":2,"adv1_pct":0.3333333333333333,"adv2_pct":0.75,"adv3_pct":0.0,"adv_home_pct":0.5,"money_kl_pct":0.5,"money_kl_tries":2,"pos":null,"teho_plus":37,"adv_plus":75,"runner_plus":54,"out_avoid_plus":80,"adv1_plus":59,"adv2_plus":126,"adv3_plus":0,"adv_home_plus":87,"money_kl_plus":87,"spark_index":70,"run_value":0.062082340486782905,"raa":-1.4,"jyk":-0.6,"vyk":-0.03,"teho_plus_adj":38,"pct_kl_pct":null,"pct_saatto_pct":null,"pct_eten_pct":null,"pct_kunnari_rate":null,"pct_lyoty_rate":null,"pct_palo_rate":null,"pct_tehot_per_turn":null},"proj":{"player_id":15190,"name":"Emma Rossi","as_of":"2026-07-03","age":null,"stats":{"kl_pct":{"rate":0.5895836348441119,"effective_n":9.185385846385717,"observed":0.49145801638890296},"saatto_pct":{"rate":0.6039849529871456,"effective_n":14.897772980169194,"observed":0.452917613732149},"eten_pct":{"rate":0.5971649301455177,"effective_n":12.113195682152275,"observed":0.34394798048267033},"kunnari_rate":{"rate":0.00975085773622836,"effective_n":8.44385898122355,"observed":0.0},"lyoty_rate":{"rate":0.13081080813517693,"effective_n":8.188385846385716,"observed":0.12175781878183811},"haava_rate":{"rate":0.38485130786118704,"effective_n":7.718597296516272,"observed":0.5804732060096878},"palo_rate":{"rate":0.3187915775669498,"effective_n":7.946886490084597,"observed":0.42453505511374734}},"teho_plus_proj":106},"translation":null,"pitching":null,"career_json":[{"year":2026,"kl_pct":0.5,"teho_plus":37}],"pct_stats":["kl_pct","saatto_pct","eten_pct","kunnari_rate","lyoty_rate","palo_rate","tehot_per_turn"],"base_kl":{"player_id":15190,"turns_at_bat":9,"kl_base0":0.3333333333333333,"kl_base0_tries":3,"kl_base1":0.75,"kl_base1_tries":4,"kl_base2":0.0,"kl_base2_tries":1,"kl_base3":0.5,"kl_base3_tries":2,"pct_kl_base0":null,"pct_kl_base1":null,"pct_kl_base2":null,"pct_kl_base3":null},"base_keys":["kl_base0","kl_base1","kl_base2","kl_base3"],"comps":[]}