{"player":{"id":1528,"name":"Harri Myllärinen","born_year":null},"career":[{"year":2001,"season_id":131,"team":"KylKai","age":null,"games":17,"turns_at_bat":118,"vyk":1.24,"spark_index":110,"adv_plus":113,"runner_plus":109,"out_avoid_plus":105,"money_kl_plus":155,"teho_plus":250,"teho_plus_adj":247}],"line":{"player_id":1528,"name":"Harri Myllärinen","born_year":null,"year":2001,"games":17,"team":"KylKai","turns_at_bat":118,"kunnarit":6,"lyodyt":37,"tuodut":23,"karkilyonnit":76,"karki_yritykset":113,"saatot":182,"saatto_yritykset":266,"etenemiset":178,"eteneminen_yritykset":261,"haavat":50,"palot":33,"season_id":131,"tehot":66,"kl_pct":0.672566371681416,"saatto_pct":0.6842105263157895,"eten_pct":0.6819923371647509,"kunnari_rate":0.05084745762711865,"lyoty_rate":0.3135593220338983,"tuotu_rate":0.08812260536398467,"haava_rate":0.423728813559322,"palo_rate":0.2796610169491525,"tehot_per_turn":0.559322033898305,"kl_per_turn":0.6440677966101694,"hr_rbi_per_turn":0.3644067796610169,"kl_base0":0.47368421052631576,"kl_base0_tries":19,"kl_base1":0.47058823529411764,"kl_base1_tries":17,"kl_base2":0.6956521739130435,"kl_base2_tries":23,"kl_base3":0.7962962962962963,"kl_base3_tries":54,"adv1_pct":0.47368421052631576,"adv2_pct":0.47058823529411764,"adv3_pct":0.6956521739130435,"adv_home_pct":0.7962962962962963,"money_kl_pct":0.7962962962962963,"money_kl_tries":54,"pos":"3P","teho_plus":250,"adv_plus":113,"runner_plus":109,"out_avoid_plus":105,"adv1_plus":84,"adv2_plus":86,"adv3_plus":110,"adv_home_plus":155,"money_kl_plus":155,"spark_index":110,"run_value":27.594077702389534,"raa":13.4,"jyk":21.6,"vyk":1.24,"teho_plus_adj":247,"pct_kl_pct":86,"pct_saatto_pct":74,"pct_eten_pct":78,"pct_kunnari_rate":99,"pct_lyoty_rate":96,"pct_palo_rate":61,"pct_tehot_per_turn":98},"proj":null,"translation":null,"pitching":null,"career_json":[{"year":2001,"kl_pct":0.672566371681416,"teho_plus":250}],"pct_stats":["kl_pct","saatto_pct","eten_pct","kunnari_rate","lyoty_rate","palo_rate","tehot_per_turn"],"base_kl":{"player_id":1528,"turns_at_bat":118,"kl_base0":0.47368421052631576,"kl_base0_tries":19,"kl_base1":0.47058823529411764,"kl_base1_tries":17,"kl_base2":0.6956521739130435,"kl_base2_tries":23,"kl_base3":0.7962962962962963,"kl_base3_tries":54,"pct_kl_base0":36,"pct_kl_base1":40,"pct_kl_base2":69,"pct_kl_base3":96},"base_keys":["kl_base0","kl_base1","kl_base2","kl_base3"],"comps":[]}