{"player":{"id":1529,"name":"Jarkko Hietikko","born_year":null},"career":[{"year":2001,"season_id":131,"team":"KoU","age":null,"games":17,"turns_at_bat":122,"vyk":0.45,"spark_index":92,"adv_plus":95,"runner_plus":93,"out_avoid_plus":82,"money_kl_plus":133,"teho_plus":92,"teho_plus_adj":89},{"year":2002,"season_id":132,"team":"Kurikka","age":null,"games":13,"turns_at_bat":88,"vyk":0.24,"spark_index":96,"adv_plus":95,"runner_plus":93,"out_avoid_plus":103,"money_kl_plus":132,"teho_plus":93,"teho_plus_adj":93}],"line":{"player_id":1529,"name":"Jarkko Hietikko","born_year":null,"year":2002,"games":13,"team":"Kurikka","turns_at_bat":88,"kunnarit":2,"lyodyt":6,"tuodut":9,"karkilyonnit":41,"karki_yritykset":78,"saatot":80,"saatto_yritykset":138,"etenemiset":89,"eteneminen_yritykset":156,"haavat":42,"palot":25,"season_id":132,"tehot":17,"kl_pct":0.5256410256410257,"saatto_pct":0.5797101449275363,"eten_pct":0.5705128205128205,"kunnari_rate":0.022727272727272728,"lyoty_rate":0.06818181818181818,"tuotu_rate":0.057692307692307696,"haava_rate":0.4772727272727273,"palo_rate":0.2840909090909091,"tehot_per_turn":0.19318181818181818,"kl_per_turn":0.4659090909090909,"hr_rbi_per_turn":0.09090909090909091,"kl_base0":0.42857142857142855,"kl_base0_tries":35,"kl_base1":0.5555555555555556,"kl_base1_tries":18,"kl_base2":0.6153846153846154,"kl_base2_tries":13,"kl_base3":0.6666666666666666,"kl_base3_tries":12,"adv1_pct":0.42857142857142855,"adv2_pct":0.5555555555555556,"adv3_pct":0.6153846153846154,"adv_home_pct":0.6666666666666666,"money_kl_pct":0.6666666666666666,"money_kl_tries":12,"pos":"2K","teho_plus":93,"adv_plus":95,"runner_plus":93,"out_avoid_plus":103,"adv1_plus":79,"adv2_plus":104,"adv3_plus":101,"adv_home_plus":132,"money_kl_plus":132,"spark_index":96,"run_value":8.867355164448277,"raa":-1.4,"jyk":3.9,"vyk":0.24,"teho_plus_adj":93,"pct_kl_pct":45,"pct_saatto_pct":43,"pct_eten_pct":36,"pct_kunnari_rate":90,"pct_lyoty_rate":54,"pct_palo_rate":56,"pct_tehot_per_turn":52},"proj":null,"translation":null,"pitching":null,"career_json":[{"year":2001,"kl_pct":0.5488721804511278,"teho_plus":92},{"year":2002,"kl_pct":0.5256410256410257,"teho_plus":93}],"pct_stats":["kl_pct","saatto_pct","eten_pct","kunnari_rate","lyoty_rate","palo_rate","tehot_per_turn"],"base_kl":{"player_id":1529,"turns_at_bat":88,"kl_base0":0.42857142857142855,"kl_base0_tries":35,"kl_base1":0.5555555555555556,"kl_base1_tries":18,"kl_base2":0.6153846153846154,"kl_base2_tries":13,"kl_base3":0.6666666666666666,"kl_base3_tries":12,"pct_kl_base0":29,"pct_kl_base1":59,"pct_kl_base2":57,"pct_kl_base3":83},"base_keys":["kl_base0","kl_base1","kl_base2","kl_base3"],"comps":[]}