{"player":{"id":15345,"name":"Veera Reponen","born_year":null},"career":[{"year":2026,"season_id":178,"team":"Pesä Ysit","age":null,"games":3,"turns_at_bat":17,"vyk":0.19,"spark_index":107,"adv_plus":109,"runner_plus":112,"out_avoid_plus":94,"money_kl_plus":125,"teho_plus":176,"teho_plus_adj":169}],"line":{"player_id":15345,"name":"Veera Reponen","born_year":null,"year":2026,"games":3,"team":"Pesä Ysit","turns_at_bat":17,"kunnarit":1,"lyodyt":4,"tuodut":4,"karkilyonnit":14,"karki_yritykset":23,"saatot":32,"saatto_yritykset":43,"etenemiset":28,"eteneminen_yritykset":38,"haavat":4,"palot":6,"season_id":178,"tehot":9,"kl_pct":0.6086956521739131,"saatto_pct":0.7441860465116279,"eten_pct":0.7368421052631579,"kunnari_rate":0.058823529411764705,"lyoty_rate":0.23529411764705882,"tuotu_rate":0.10526315789473684,"haava_rate":0.23529411764705882,"palo_rate":0.35294117647058826,"tehot_per_turn":0.5294117647058824,"kl_per_turn":0.8235294117647058,"hr_rbi_per_turn":0.29411764705882354,"kl_base0":0.75,"kl_base0_tries":4,"kl_base1":0.5,"kl_base1_tries":6,"kl_base2":0.5,"kl_base2_tries":6,"kl_base3":0.7142857142857143,"kl_base3_tries":7,"adv1_pct":0.75,"adv2_pct":0.5,"adv3_pct":0.5,"adv_home_pct":0.7142857142857143,"money_kl_pct":0.7142857142857143,"money_kl_tries":7,"pos":"3V","teho_plus":176,"adv_plus":109,"runner_plus":112,"out_avoid_plus":94,"adv1_plus":134,"adv2_plus":84,"adv3_plus":72,"adv_home_plus":125,"money_kl_plus":125,"spark_index":107,"run_value":5.524231993926746,"raa":2.8,"jyk":4.3,"vyk":0.19,"teho_plus_adj":169,"pct_kl_pct":null,"pct_saatto_pct":null,"pct_eten_pct":null,"pct_kunnari_rate":null,"pct_lyoty_rate":null,"pct_palo_rate":null,"pct_tehot_per_turn":null},"proj":{"player_id":15345,"name":"Veera Reponen","as_of":"2026-07-12","age":null,"stats":{"kl_pct":{"rate":0.6055688288368734,"effective_n":22.47926107322796,"observed":0.6081396416607963},"saatto_pct":{"rate":0.7025670416406867,"effective_n":41.79537330132115,"observed":0.7430671374048511},"eten_pct":{"rate":0.6925465656872598,"effective_n":36.86972207493582,"observed":0.7387040960403358},"kunnari_rate":{"rate":0.01646046572758616,"effective_n":16.717747435698012,"observed":0.05969703776412691},"lyoty_rate":{"rate":0.14956461061939982,"effective_n":16.57939542355015,"observed":0.23558552950186212},"haava_rate":{"rate":0.3509672567753087,"effective_n":16.30812071936495,"observed":0.23578056624702176},"palo_rate":{"rate":0.3154365120498377,"effective_n":16.44286103746791,"observed":0.3502191554389053}},"teho_plus_proj":124},"translation":null,"pitching":null,"career_json":[{"year":2026,"kl_pct":0.6086956521739131,"teho_plus":176}],"pct_stats":["kl_pct","saatto_pct","eten_pct","kunnari_rate","lyoty_rate","palo_rate","tehot_per_turn"],"base_kl":{"player_id":15345,"turns_at_bat":17,"kl_base0":0.75,"kl_base0_tries":4,"kl_base1":0.5,"kl_base1_tries":6,"kl_base2":0.5,"kl_base2_tries":6,"kl_base3":0.7142857142857143,"kl_base3_tries":7,"pct_kl_base0":null,"pct_kl_base1":null,"pct_kl_base2":null,"pct_kl_base3":null},"base_keys":["kl_base0","kl_base1","kl_base2","kl_base3"],"comps":[]}