{"player":{"id":15341,"name":"Kiia Arponen","born_year":null},"career":[{"year":2026,"season_id":178,"team":"Pesä Ysit","age":null,"games":9,"turns_at_bat":53,"vyk":0.11,"spark_index":103,"adv_plus":102,"runner_plus":95,"out_avoid_plus":117,"money_kl_plus":122,"teho_plus":81,"teho_plus_adj":78}],"line":{"player_id":15341,"name":"Kiia Arponen","born_year":null,"year":2026,"games":9,"team":"Pesä Ysit","turns_at_bat":53,"kunnarit":0,"lyodyt":7,"tuodut":6,"karkilyonnit":25,"karki_yritykset":44,"saatot":65,"saatto_yritykset":93,"etenemiset":65,"eteneminen_yritykset":104,"haavat":29,"palot":10,"season_id":178,"tehot":13,"kl_pct":0.5681818181818182,"saatto_pct":0.6989247311827957,"eten_pct":0.625,"kunnari_rate":0.0,"lyoty_rate":0.1320754716981132,"tuotu_rate":0.057692307692307696,"haava_rate":0.5471698113207547,"palo_rate":0.18867924528301888,"tehot_per_turn":0.24528301886792453,"kl_per_turn":0.4716981132075472,"hr_rbi_per_turn":0.1320754716981132,"kl_base0":0.35714285714285715,"kl_base0_tries":14,"kl_base1":0.5714285714285714,"kl_base1_tries":7,"kl_base2":0.6923076923076923,"kl_base2_tries":13,"kl_base3":0.7,"kl_base3_tries":10,"adv1_pct":0.35714285714285715,"adv2_pct":0.5714285714285714,"adv3_pct":0.6923076923076923,"adv_home_pct":0.7,"money_kl_pct":0.7,"money_kl_tries":10,"pos":"L","teho_plus":81,"adv_plus":102,"runner_plus":95,"out_avoid_plus":117,"adv1_plus":64,"adv2_plus":96,"adv3_plus":100,"adv_home_plus":122,"money_kl_plus":122,"spark_index":103,"run_value":6.330281163929777,"raa":-2.0,"jyk":2.6,"vyk":0.11,"teho_plus_adj":78,"pct_kl_pct":37,"pct_saatto_pct":68,"pct_eten_pct":36,"pct_kunnari_rate":28,"pct_lyoty_rate":62,"pct_palo_rate":90,"pct_tehot_per_turn":43},"proj":{"player_id":15341,"name":"Kiia Arponen","as_of":"2026-07-12","age":null,"stats":{"kl_pct":{"rate":0.5874555342239483,"effective_n":39.900901370240156,"observed":0.5614057419857915},"saatto_pct":{"rate":0.6810066226325472,"effective_n":80.14488369920508,"observed":0.691315527454402},"eten_pct":{"rate":0.6329464142704482,"effective_n":88.60332089749387,"observed":0.6184687810848689},"kunnari_rate":{"rate":0.007415731145503815,"effective_n":49.24396106730549,"observed":0.0},"lyoty_rate":{"rate":0.13365217443718136,"effective_n":47.50259519963194,"observed":0.13669263203520218},"haava_rate":{"rate":0.42591551929349875,"effective_n":44.27033758626691,"observed":0.5530307833531029},"palo_rate":{"rate":0.26361909416789875,"effective_n":45.846163323264264,"observed":0.18563314749072246}},"teho_plus_proj":110},"translation":{"wrc_plus":96,"tier":"league-average regular","rows":[{"pesis_label":"Kärkilyönti-% (advance the lead runner)","pesis_value":0.5681818181818182,"percentile":37,"mlb_stat":"AVG","mlb_value":"0.285"},{"pesis_label":"Kärkilyönnit per turn (base hits)","pesis_value":0.4716981132075472,"percentile":28,"mlb_stat":"H / 600 PA","mlb_value":"137"},{"pesis_label":"Lyödyt per turn (runs batted home)","pesis_value":0.1320754716981132,"percentile":62,"mlb_stat":"RBI / 600 PA","mlb_value":"78"},{"pesis_label":"Tuodut per advance (runs scored)","pesis_value":0.057692307692307696,"percentile":36,"mlb_stat":"R / 600 PA","mlb_value":"70"},{"pesis_label":"Palot per turn (burned outs)","pesis_value":0.18867924528301888,"percentile":90,"mlb_stat":"K%","mlb_value":"15.2%"}]},"pitching":{"era":"4.02","tier":"back-end starter","games":9,"rows":[{"pesis":"Päästetyt juoksut / ottelu (LRA)","arvo":"10.56","pctile":49,"mlb":"ERA","kaannos":"4.02"},{"pesis":"LRA- (sarjaindeksi, 100 = ka.)","arvo":"95","pctile":null,"mlb":"ERA-","kaannos":"95"},{"pesis":"Estetyt juoksut (kausi)","arvo":"4.6","pctile":null,"mlb":"Runs saved","kaannos":"4.6"}]},"career_json":[{"year":2026,"kl_pct":0.5681818181818182,"teho_plus":81}],"pct_stats":["kl_pct","saatto_pct","eten_pct","kunnari_rate","lyoty_rate","palo_rate","tehot_per_turn"],"base_kl":{"player_id":15341,"turns_at_bat":53,"kl_base0":0.35714285714285715,"kl_base0_tries":14,"kl_base1":0.5714285714285714,"kl_base1_tries":7,"kl_base2":0.6923076923076923,"kl_base2_tries":13,"kl_base3":0.7,"kl_base3_tries":10,"pct_kl_base0":19,"pct_kl_base1":48,"pct_kl_base2":52,"pct_kl_base3":80},"base_keys":["kl_base0","kl_base1","kl_base2","kl_base3"],"comps":[]}