{"player":{"id":15457,"name":"Aino Lepistö","born_year":null},"career":[{"year":2024,"season_id":176,"team":"KK-V","age":null,"games":1,"turns_at_bat":6,"vyk":-0.02,"spark_index":75,"adv_plus":62,"runner_plus":83,"out_avoid_plus":97,"money_kl_plus":null,"teho_plus":0,"teho_plus_adj":0},{"year":2025,"season_id":177,"team":"Pesäkarhut-Akatemia","age":null,"games":17,"turns_at_bat":116,"vyk":-0.03,"spark_index":87,"adv_plus":88,"runner_plus":89,"out_avoid_plus":83,"money_kl_plus":101,"teho_plus":78,"teho_plus_adj":78},{"year":2026,"season_id":178,"team":"Pesäkarhut 2","age":null,"games":10,"turns_at_bat":59,"vyk":0.5,"spark_index":109,"adv_plus":106,"runner_plus":111,"out_avoid_plus":115,"money_kl_plus":100,"teho_plus":158,"teho_plus_adj":160}],"line":{"player_id":15457,"name":"Aino Lepistö","born_year":null,"year":2026,"games":10,"team":"Pesäkarhut 2","turns_at_bat":59,"kunnarit":1,"lyodyt":19,"tuodut":8,"karkilyonnit":41,"karki_yritykset":66,"saatot":110,"saatto_yritykset":156,"etenemiset":99,"eteneminen_yritykset":135,"haavat":24,"palot":12,"season_id":178,"tehot":28,"kl_pct":0.6212121212121212,"saatto_pct":0.7051282051282052,"eten_pct":0.7333333333333333,"kunnari_rate":0.01694915254237288,"lyoty_rate":0.3220338983050847,"tuotu_rate":0.05925925925925926,"haava_rate":0.4067796610169492,"palo_rate":0.2033898305084746,"tehot_per_turn":0.4745762711864407,"kl_per_turn":0.6949152542372882,"hr_rbi_per_turn":0.3389830508474576,"kl_base0":0.7142857142857143,"kl_base0_tries":7,"kl_base1":0.75,"kl_base1_tries":8,"kl_base2":0.625,"kl_base2_tries":16,"kl_base3":0.5714285714285714,"kl_base3_tries":35,"adv1_pct":0.7142857142857143,"adv2_pct":0.75,"adv3_pct":0.625,"adv_home_pct":0.5714285714285714,"money_kl_pct":0.5714285714285714,"money_kl_tries":35,"pos":"2V","teho_plus":158,"adv_plus":106,"runner_plus":111,"out_avoid_plus":115,"adv1_plus":127,"adv2_plus":126,"adv3_plus":90,"adv_home_plus":100,"money_kl_plus":100,"spark_index":109,"run_value":15.703711346236647,"raa":6.5,"jyk":11.5,"vyk":0.5,"teho_plus_adj":160,"pct_kl_pct":55,"pct_saatto_pct":70,"pct_eten_pct":86,"pct_kunnari_rate":74,"pct_lyoty_rate":93,"pct_palo_rate":85,"pct_tehot_per_turn":87},"proj":{"player_id":15457,"name":"Aino Lepistö","as_of":"2026-07-03","age":null,"stats":{"kl_pct":{"rate":0.595951081752797,"effective_n":95.07195565186801,"observed":0.5903797506967854},"saatto_pct":{"rate":0.6757895292194345,"effective_n":175.6656032820198,"observed":0.6793048573767507},"eten_pct":{"rate":0.6830862488699605,"effective_n":171.2190416983455,"observed":0.6902363026189728},"kunnari_rate":{"rate":0.013603783157493214,"effective_n":112.84424285541319,"observed":0.016948094360923212},"lyoty_rate":{"rate":0.17807446948858618,"effective_n":93.29967542618775,"observed":0.21771247694916498},"haava_rate":{"rate":0.37658067622608166,"effective_n":69.37912418475128,"observed":0.38658298388993284},"palo_rate":{"rate":0.2971405828752551,"effective_n":79.40604185524022,"observed":0.2858865607528349}},"teho_plus_proj":132},"translation":{"wrc_plus":128,"tier":"All-Star","rows":[{"pesis_label":"Kärkilyönti-% (advance the lead runner)","pesis_value":0.6212121212121212,"percentile":55,"mlb_stat":"AVG","mlb_value":"0.338"},{"pesis_label":"Kärkilyönnit per turn (base hits)","pesis_value":0.6949152542372882,"percentile":80,"mlb_stat":"H / 600 PA","mlb_value":"169"},{"pesis_label":"Lyödyt per turn (runs batted home)","pesis_value":0.3220338983050847,"percentile":93,"mlb_stat":"RBI / 600 PA","mlb_value":"102"},{"pesis_label":"Tuodut per advance (runs scored)","pesis_value":0.05925925925925926,"percentile":38,"mlb_stat":"R / 600 PA","mlb_value":"71"},{"pesis_label":"Palot per turn (burned outs)","pesis_value":0.2033898305084746,"percentile":85,"mlb_stat":"K%","mlb_value":"16.5%"}]},"pitching":null,"career_json":[{"year":2024,"kl_pct":0.4,"teho_plus":0},{"year":2025,"kl_pct":0.5339805825242718,"teho_plus":78},{"year":2026,"kl_pct":0.6212121212121212,"teho_plus":158}],"pct_stats":["kl_pct","saatto_pct","eten_pct","kunnari_rate","lyoty_rate","palo_rate","tehot_per_turn"],"base_kl":{"player_id":15457,"turns_at_bat":59,"kl_base0":0.7142857142857143,"kl_base0_tries":7,"kl_base1":0.75,"kl_base1_tries":8,"kl_base2":0.625,"kl_base2_tries":16,"kl_base3":0.5714285714285714,"kl_base3_tries":35,"pct_kl_base0":82,"pct_kl_base1":85,"pct_kl_base2":36,"pct_kl_base3":52},"base_keys":["kl_base0","kl_base1","kl_base2","kl_base3"],"comps":[]}