{"player":{"id":15458,"name":"Miia Hakanen","born_year":null},"career":[{"year":2024,"season_id":176,"team":"KK-V","age":null,"games":1,"turns_at_bat":4,"vyk":0.01,"spark_index":106,"adv_plus":127,"runner_plus":95,"out_avoid_plus":72,"money_kl_plus":null,"teho_plus":82,"teho_plus_adj":82},{"year":2025,"season_id":177,"team":"KK-V","age":null,"games":16,"turns_at_bat":102,"vyk":0.15,"spark_index":90,"adv_plus":88,"runner_plus":89,"out_avoid_plus":94,"money_kl_plus":127,"teho_plus":66,"teho_plus_adj":66},{"year":2026,"season_id":178,"team":"KK-V","age":null,"games":10,"turns_at_bat":62,"vyk":0.07,"spark_index":95,"adv_plus":98,"runner_plus":90,"out_avoid_plus":93,"money_kl_plus":125,"teho_plus":59,"teho_plus_adj":59}],"line":{"player_id":15458,"name":"Miia Hakanen","born_year":null,"year":2026,"games":10,"team":"KK-V","turns_at_bat":62,"kunnarit":0,"lyodyt":5,"tuodut":6,"karkilyonnit":32,"karki_yritykset":55,"saatot":71,"saatto_yritykset":109,"etenemiset":62,"eteneminen_yritykset":105,"haavat":21,"palot":22,"season_id":178,"tehot":11,"kl_pct":0.5818181818181818,"saatto_pct":0.6513761467889908,"eten_pct":0.5904761904761905,"kunnari_rate":0.0,"lyoty_rate":0.08064516129032258,"tuotu_rate":0.05714285714285714,"haava_rate":0.3387096774193548,"palo_rate":0.3548387096774194,"tehot_per_turn":0.1774193548387097,"kl_per_turn":0.5161290322580645,"hr_rbi_per_turn":0.08064516129032258,"kl_base0":0.4166666666666667,"kl_base0_tries":12,"kl_base1":0.6190476190476191,"kl_base1_tries":21,"kl_base2":0.6,"kl_base2_tries":15,"kl_base3":0.7142857142857143,"kl_base3_tries":7,"adv1_pct":0.4166666666666667,"adv2_pct":0.6190476190476191,"adv3_pct":0.6,"adv_home_pct":0.7142857142857143,"money_kl_pct":0.7142857142857143,"money_kl_tries":7,"pos":"1V","teho_plus":59,"adv_plus":98,"runner_plus":90,"out_avoid_plus":93,"adv1_plus":74,"adv2_plus":104,"adv3_plus":87,"adv_home_plus":125,"money_kl_plus":125,"spark_index":95,"run_value":5.916048495551408,"raa":-3.8,"jyk":1.5,"vyk":0.07,"teho_plus_adj":59,"pct_kl_pct":42,"pct_saatto_pct":46,"pct_eten_pct":24,"pct_kunnari_rate":28,"pct_lyoty_rate":45,"pct_palo_rate":28,"pct_tehot_per_turn":23},"proj":{"player_id":15458,"name":"Miia Hakanen","as_of":"2026-07-17","age":null,"stats":{"kl_pct":{"rate":0.5774393876087813,"effective_n":79.99667055733961,"observed":0.5569337968599243},"saatto_pct":{"rate":0.6388298816576973,"effective_n":138.55456909711617,"observed":0.6326167075517111},"eten_pct":{"rate":0.6078663627983993,"effective_n":134.1659290953819,"observed":0.5889586641771117},"kunnari_rate":{"rate":0.00995901641037477,"effective_n":106.68172222079686,"observed":0.00939672942454857},"lyoty_rate":{"rate":0.09894067656507902,"effective_n":89.47235938652766,"observed":0.06951829158140832},"haava_rate":{"rate":0.36594699830461674,"effective_n":68.78047520339211,"observed":0.3605760489834661},"palo_rate":{"rate":0.32824647046124794,"effective_n":77.39645630974242,"observed":0.34885249987432815}},"teho_plus_proj":97},"translation":{"wrc_plus":82,"tier":"bench bat","rows":[{"pesis_label":"Kärkilyönti-% (advance the lead runner)","pesis_value":0.5818181818181818,"percentile":42,"mlb_stat":"AVG","mlb_value":"0.299"},{"pesis_label":"Kärkilyönnit per turn (base hits)","pesis_value":0.5161290322580645,"percentile":36,"mlb_stat":"H / 600 PA","mlb_value":"142"},{"pesis_label":"Lyödyt per turn (runs batted home)","pesis_value":0.08064516129032258,"percentile":45,"mlb_stat":"RBI / 600 PA","mlb_value":"69"},{"pesis_label":"Tuodut per advance (runs scored)","pesis_value":0.05714285714285714,"percentile":35,"mlb_stat":"R / 600 PA","mlb_value":"69"},{"pesis_label":"Palot per turn (burned outs)","pesis_value":0.3548387096774194,"percentile":28,"mlb_stat":"K%","mlb_value":"25.4%"}]},"pitching":null,"career_json":[{"year":2024,"kl_pct":0.8,"teho_plus":82},{"year":2025,"kl_pct":0.5161290322580645,"teho_plus":66},{"year":2026,"kl_pct":0.5818181818181818,"teho_plus":59}],"pct_stats":["kl_pct","saatto_pct","eten_pct","kunnari_rate","lyoty_rate","palo_rate","tehot_per_turn"],"base_kl":{"player_id":15458,"turns_at_bat":62,"kl_base0":0.4166666666666667,"kl_base0_tries":12,"kl_base1":0.6190476190476191,"kl_base1_tries":21,"kl_base2":0.6,"kl_base2_tries":15,"kl_base3":0.7142857142857143,"kl_base3_tries":7,"pct_kl_base0":27,"pct_kl_base1":60,"pct_kl_base2":30,"pct_kl_base3":82},"base_keys":["kl_base0","kl_base1","kl_base2","kl_base3"],"comps":[]}