{"player":{"id":15469,"name":"Anni Puro","born_year":null},"career":[{"year":2025,"season_id":177,"team":"AA","age":null,"games":18,"turns_at_bat":123,"vyk":0.73,"spark_index":102,"adv_plus":93,"runner_plus":114,"out_avoid_plus":109,"money_kl_plus":106,"teho_plus":144,"teho_plus_adj":144},{"year":2026,"season_id":178,"team":"AA","age":null,"games":13,"turns_at_bat":103,"vyk":0.35,"spark_index":104,"adv_plus":104,"runner_plus":110,"out_avoid_plus":93,"money_kl_plus":81,"teho_plus":106,"teho_plus_adj":106}],"line":{"player_id":15469,"name":"Anni Puro","born_year":null,"year":2026,"games":13,"team":"AA","turns_at_bat":103,"kunnarit":0,"lyodyt":6,"tuodut":27,"karkilyonnit":60,"karki_yritykset":94,"saatot":95,"saatto_yritykset":139,"etenemiset":163,"eteneminen_yritykset":225,"haavat":25,"palot":37,"season_id":178,"tehot":33,"kl_pct":0.6382978723404256,"saatto_pct":0.6834532374100719,"eten_pct":0.7244444444444444,"kunnari_rate":0.0,"lyoty_rate":0.05825242718446602,"tuotu_rate":0.12,"haava_rate":0.24271844660194175,"palo_rate":0.3592233009708738,"tehot_per_turn":0.32038834951456313,"kl_per_turn":0.5825242718446602,"hr_rbi_per_turn":0.05825242718446602,"kl_base0":0.6829268292682927,"kl_base0_tries":41,"kl_base1":0.6428571428571429,"kl_base1_tries":28,"kl_base2":0.6666666666666666,"kl_base2_tries":12,"kl_base3":0.46153846153846156,"kl_base3_tries":13,"adv1_pct":0.6829268292682927,"adv2_pct":0.6428571428571429,"adv3_pct":0.6666666666666666,"adv_home_pct":0.46153846153846156,"money_kl_pct":0.46153846153846156,"money_kl_tries":13,"pos":"S","teho_plus":106,"adv_plus":104,"runner_plus":110,"out_avoid_plus":93,"adv1_plus":122,"adv2_plus":108,"adv3_plus":96,"adv_home_plus":81,"money_kl_plus":81,"spark_index":104,"run_value":15.533261814334116,"raa":-0.8,"jyk":8.0,"vyk":0.35,"teho_plus_adj":106,"pct_kl_pct":64,"pct_saatto_pct":60,"pct_eten_pct":82,"pct_kunnari_rate":28,"pct_lyoty_rate":32,"pct_palo_rate":26,"pct_tehot_per_turn":61},"proj":{"player_id":15469,"name":"Anni Puro","as_of":"2026-07-16","age":null,"stats":{"kl_pct":{"rate":0.6114663521808228,"effective_n":123.69633340047567,"observed":0.614794190298252},"saatto_pct":{"rate":0.6621632777679611,"effective_n":160.39560167682689,"observed":0.6626406354105214},"eten_pct":{"rate":0.7204613017730827,"effective_n":256.48719705820554,"observed":0.7325381311649666},"kunnari_rate":{"rate":0.011429725555032366,"effective_n":153.5472444362126,"observed":0.012205573216924373},"lyoty_rate":{"rate":0.09031107793615006,"effective_n":132.24177900422816,"observed":0.06525010393258235},"haava_rate":{"rate":0.3129663314838694,"effective_n":105.54893164047719,"observed":0.2591659670909276},"palo_rate":{"rate":0.3190791051940148,"effective_n":116.85698952158857,"observed":0.3264670554298619}},"teho_plus_proj":106},"translation":{"wrc_plus":107,"tier":"league-average regular","rows":[{"pesis_label":"Kärkilyönti-% (advance the lead runner)","pesis_value":0.6382978723404256,"percentile":64,"mlb_stat":"AVG","mlb_value":"0.355"},{"pesis_label":"Kärkilyönnit per turn (base hits)","pesis_value":0.5825242718446602,"percentile":53,"mlb_stat":"H / 600 PA","mlb_value":"152"},{"pesis_label":"Lyödyt per turn (runs batted home)","pesis_value":0.05825242718446602,"percentile":32,"mlb_stat":"RBI / 600 PA","mlb_value":"63"},{"pesis_label":"Tuodut per advance (runs scored)","pesis_value":0.12,"percentile":85,"mlb_stat":"R / 600 PA","mlb_value":"95"},{"pesis_label":"Palot per turn (burned outs)","pesis_value":0.3592233009708738,"percentile":26,"mlb_stat":"K%","mlb_value":"25.7%"}]},"pitching":null,"career_json":[{"year":2025,"kl_pct":0.5714285714285714,"teho_plus":144},{"year":2026,"kl_pct":0.6382978723404256,"teho_plus":106}],"pct_stats":["kl_pct","saatto_pct","eten_pct","kunnari_rate","lyoty_rate","palo_rate","tehot_per_turn"],"base_kl":{"player_id":15469,"turns_at_bat":103,"kl_base0":0.6829268292682927,"kl_base0_tries":41,"kl_base1":0.6428571428571429,"kl_base1_tries":28,"kl_base2":0.6666666666666666,"kl_base2_tries":12,"kl_base3":0.46153846153846156,"kl_base3_tries":13,"pct_kl_base0":77,"pct_kl_base1":65,"pct_kl_base2":46,"pct_kl_base3":30},"base_keys":["kl_base0","kl_base1","kl_base2","kl_base3"],"comps":[]}