{"player":{"id":15477,"name":"Pauliina  Vesterinen","born_year":null},"career":[{"year":2025,"season_id":177,"team":"Pesä Ysit","age":null,"games":6,"turns_at_bat":22,"vyk":0.09,"spark_index":101,"adv_plus":108,"runner_plus":95,"out_avoid_plus":93,"money_kl_plus":174,"teho_plus":106,"teho_plus_adj":100},{"year":2026,"season_id":178,"team":"Pesä Ysit","age":null,"games":8,"turns_at_bat":50,"vyk":0.14,"spark_index":93,"adv_plus":91,"runner_plus":85,"out_avoid_plus":110,"money_kl_plus":121,"teho_plus":93,"teho_plus_adj":88}],"line":{"player_id":15477,"name":"Pauliina  Vesterinen","born_year":null,"year":2026,"games":8,"team":"Pesä Ysit","turns_at_bat":50,"kunnarit":1,"lyodyt":8,"tuodut":5,"karkilyonnit":28,"karki_yritykset":46,"saatot":61,"saatto_yritykset":107,"etenemiset":45,"eteneminen_yritykset":80,"haavat":23,"palot":12,"season_id":178,"tehot":14,"kl_pct":0.6086956521739131,"saatto_pct":0.5700934579439252,"eten_pct":0.5625,"kunnari_rate":0.02,"lyoty_rate":0.16,"tuotu_rate":0.0625,"haava_rate":0.46,"palo_rate":0.24,"tehot_per_turn":0.28,"kl_per_turn":0.56,"hr_rbi_per_turn":0.18,"kl_base0":0.5,"kl_base0_tries":4,"kl_base1":0.4666666666666667,"kl_base1_tries":15,"kl_base2":0.7142857142857143,"kl_base2_tries":14,"kl_base3":0.6923076923076923,"kl_base3_tries":13,"adv1_pct":0.5,"adv2_pct":0.4666666666666667,"adv3_pct":0.7142857142857143,"adv_home_pct":0.6923076923076923,"money_kl_pct":0.6923076923076923,"money_kl_tries":13,"pos":"3V","teho_plus":93,"adv_plus":91,"runner_plus":85,"out_avoid_plus":110,"adv1_plus":89,"adv2_plus":79,"adv3_plus":103,"adv_home_plus":121,"money_kl_plus":121,"spark_index":93,"run_value":6.737982589127872,"raa":-1.1,"jyk":3.2,"vyk":0.14,"teho_plus_adj":88,"pct_kl_pct":51,"pct_saatto_pct":19,"pct_eten_pct":15,"pct_kunnari_rate":78,"pct_lyoty_rate":72,"pct_palo_rate":74,"pct_tehot_per_turn":51},"proj":{"player_id":15477,"name":"Pauliina  Vesterinen","as_of":"2026-07-12","age":null,"stats":{"kl_pct":{"rate":0.6071588369423224,"effective_n":46.07265763329389,"observed":0.610258028081436},"saatto_pct":{"rate":0.5970727354911064,"effective_n":98.12409820337069,"observed":0.5712773442061044},"eten_pct":{"rate":0.5988257329921233,"effective_n":76.78162238097717,"observed":0.5598997458846303},"kunnari_rate":{"rate":0.014710375521664409,"effective_n":56.34012383278569,"observed":0.023765686632421894},"lyoty_rate":{"rate":0.13718998936784635,"effective_n":51.3520461884234,"observed":0.14551399693290404},"haava_rate":{"rate":0.39802840038865384,"effective_n":44.42944950740268,"observed":0.4619212415846419},"palo_rate":{"rate":0.28789574429363257,"effective_n":47.49694150692689,"observed":0.25350985782588376}},"teho_plus_proj":110},"translation":{"wrc_plus":101,"tier":"league-average regular","rows":[{"pesis_label":"Kärkilyönti-% (advance the lead runner)","pesis_value":0.6086956521739131,"percentile":51,"mlb_stat":"AVG","mlb_value":"0.326"},{"pesis_label":"Kärkilyönnit per turn (base hits)","pesis_value":0.56,"percentile":48,"mlb_stat":"H / 600 PA","mlb_value":"149"},{"pesis_label":"Lyödyt per turn (runs batted home)","pesis_value":0.16,"percentile":72,"mlb_stat":"RBI / 600 PA","mlb_value":"84"},{"pesis_label":"Tuodut per advance (runs scored)","pesis_value":0.0625,"percentile":41,"mlb_stat":"R / 600 PA","mlb_value":"72"},{"pesis_label":"Palot per turn (burned outs)","pesis_value":0.24,"percentile":74,"mlb_stat":"K%","mlb_value":"18.7%"}]},"pitching":null,"career_json":[{"year":2025,"kl_pct":0.6666666666666666,"teho_plus":106},{"year":2026,"kl_pct":0.6086956521739131,"teho_plus":93}],"pct_stats":["kl_pct","saatto_pct","eten_pct","kunnari_rate","lyoty_rate","palo_rate","tehot_per_turn"],"base_kl":{"player_id":15477,"turns_at_bat":50,"kl_base0":0.5,"kl_base0_tries":4,"kl_base1":0.4666666666666667,"kl_base1_tries":15,"kl_base2":0.7142857142857143,"kl_base2_tries":14,"kl_base3":0.6923076923076923,"kl_base3_tries":13,"pct_kl_base0":42,"pct_kl_base1":26,"pct_kl_base2":57,"pct_kl_base3":78},"base_keys":["kl_base0","kl_base1","kl_base2","kl_base3"],"comps":[]}