{"player":{"id":15541,"name":"Joonas  Mäkelä","born_year":null},"career":[{"year":2025,"season_id":125,"team":"KPL","age":null,"games":3,"turns_at_bat":16,"vyk":0.08,"spark_index":102,"adv_plus":103,"runner_plus":108,"out_avoid_plus":93,"money_kl_plus":0,"teho_plus":34,"teho_plus_adj":34},{"year":2026,"season_id":129,"team":"UPV","age":null,"games":12,"turns_at_bat":86,"vyk":0.12,"spark_index":98,"adv_plus":112,"runner_plus":96,"out_avoid_plus":68,"money_kl_plus":null,"teho_plus":40,"teho_plus_adj":40}],"line":{"player_id":15541,"name":"Joonas  Mäkelä","born_year":null,"year":2026,"games":12,"team":"UPV","turns_at_bat":86,"kunnarit":0,"lyodyt":0,"tuodut":6,"karkilyonnit":46,"karki_yritykset":76,"saatot":69,"saatto_yritykset":106,"etenemiset":96,"eteneminen_yritykset":169,"haavat":26,"palot":47,"season_id":129,"tehot":6,"kl_pct":0.6052631578947368,"saatto_pct":0.6509433962264151,"eten_pct":0.5680473372781065,"kunnari_rate":0.0,"lyoty_rate":0.0,"tuotu_rate":0.03550295857988166,"haava_rate":0.3023255813953488,"palo_rate":0.5465116279069767,"tehot_per_turn":0.06976744186046512,"kl_per_turn":0.5348837209302325,"hr_rbi_per_turn":0.0,"kl_base0":0.5918367346938775,"kl_base0_tries":49,"kl_base1":0.6296296296296297,"kl_base1_tries":27,"kl_base2":null,"kl_base2_tries":0,"kl_base3":null,"kl_base3_tries":0,"adv1_pct":0.5918367346938775,"adv2_pct":0.6296296296296297,"adv3_pct":null,"adv_home_pct":null,"money_kl_pct":null,"money_kl_tries":0,"pos":"2V","teho_plus":40,"adv_plus":112,"runner_plus":96,"out_avoid_plus":68,"adv1_plus":124,"adv2_plus":115,"adv3_plus":null,"adv_home_plus":null,"money_kl_plus":null,"spark_index":98,"run_value":2.508461675244828,"raa":-3.7,"jyk":1.5,"vyk":0.12,"teho_plus_adj":40,"pct_kl_pct":87,"pct_saatto_pct":77,"pct_eten_pct":44,"pct_kunnari_rate":26,"pct_lyoty_rate":9,"pct_palo_rate":1,"pct_tehot_per_turn":13},"proj":{"player_id":15541,"name":"Joonas  Mäkelä","as_of":"2026-07-16","age":null,"stats":{"kl_pct":{"rate":0.5568407441956745,"effective_n":74.73393846220462,"observed":0.5911544381850605},"saatto_pct":{"rate":0.6314525150560725,"effective_n":99.00958175709621,"observed":0.6473086926768109},"eten_pct":{"rate":0.574953294149914,"effective_n":157.78025857110805,"observed":0.5700250006982515},"kunnari_rate":{"rate":0.0042204769341387316,"effective_n":88.48222283912061,"observed":0.0},"lyoty_rate":{"rate":0.03787600619404708,"effective_n":83.70053896880522,"observed":0.0},"haava_rate":{"rate":0.37500485150285,"effective_n":76.3791263465395,"observed":0.30956269183450197},"palo_rate":{"rate":0.4332451429079856,"effective_n":79.74305865884459,"observed":0.5385545746884679}},"teho_plus_proj":124},"translation":{"wrc_plus":72,"tier":"replacement level","rows":[{"pesis_label":"Kärkilyönti-% (advance the lead runner)","pesis_value":0.6052631578947368,"percentile":87,"mlb_stat":"AVG","mlb_value":"0.322"},{"pesis_label":"Kärkilyönnit per turn (base hits)","pesis_value":0.5348837209302325,"percentile":70,"mlb_stat":"H / 600 PA","mlb_value":"162"},{"pesis_label":"Lyödyt per turn (runs batted home)","pesis_value":0.0,"percentile":9,"mlb_stat":"RBI / 600 PA","mlb_value":"45"},{"pesis_label":"Tuodut per advance (runs scored)","pesis_value":0.03550295857988166,"percentile":44,"mlb_stat":"R / 600 PA","mlb_value":"73"},{"pesis_label":"Palot per turn (burned outs)","pesis_value":0.5465116279069767,"percentile":1,"mlb_stat":"K%","mlb_value":"35.0%"}]},"pitching":null,"career_json":[{"year":2025,"kl_pct":0.47058823529411764,"teho_plus":34},{"year":2026,"kl_pct":0.6052631578947368,"teho_plus":40}],"pct_stats":["kl_pct","saatto_pct","eten_pct","kunnari_rate","lyoty_rate","palo_rate","tehot_per_turn"],"base_kl":{"player_id":15541,"turns_at_bat":86,"kl_base0":0.5918367346938775,"kl_base0_tries":49,"kl_base1":0.6296296296296297,"kl_base1_tries":27,"kl_base2":null,"kl_base2_tries":0,"kl_base3":null,"kl_base3_tries":0,"pct_kl_base0":89,"pct_kl_base1":74,"pct_kl_base2":null,"pct_kl_base3":null},"base_keys":["kl_base0","kl_base1","kl_base2","kl_base3"],"comps":[]}