{"player":{"id":15543,"name":"Samuel Kortesluoma","born_year":null},"career":[{"year":2023,"season_id":153,"team":"KPL","age":null,"games":9,"turns_at_bat":57,"vyk":0.05,"spark_index":90,"adv_plus":85,"runner_plus":84,"out_avoid_plus":110,"money_kl_plus":61,"teho_plus":51,"teho_plus_adj":52}],"line":{"player_id":15543,"name":"Samuel Kortesluoma","born_year":null,"year":2023,"games":9,"team":"KPL","turns_at_bat":57,"kunnarit":1,"lyodyt":1,"tuodut":5,"karkilyonnit":23,"karki_yritykset":48,"saatot":43,"saatto_yritykset":81,"etenemiset":46,"eteneminen_yritykset":88,"haavat":29,"palot":13,"season_id":153,"tehot":7,"kl_pct":0.4791666666666667,"saatto_pct":0.5308641975308642,"eten_pct":0.5227272727272727,"kunnari_rate":0.017543859649122806,"lyoty_rate":0.017543859649122806,"tuotu_rate":0.056818181818181816,"haava_rate":0.5087719298245614,"palo_rate":0.22807017543859648,"tehot_per_turn":0.12280701754385964,"kl_per_turn":0.40350877192982454,"hr_rbi_per_turn":0.03508771929824561,"kl_base0":0.41379310344827586,"kl_base0_tries":29,"kl_base1":0.5714285714285714,"kl_base1_tries":7,"kl_base2":0.8333333333333334,"kl_base2_tries":6,"kl_base3":0.3333333333333333,"kl_base3_tries":6,"adv1_pct":0.41379310344827586,"adv2_pct":0.5714285714285714,"adv3_pct":0.8333333333333334,"adv_home_pct":0.3333333333333333,"money_kl_pct":0.3333333333333333,"money_kl_tries":6,"pos":"2P","teho_plus":51,"adv_plus":85,"runner_plus":84,"out_avoid_plus":110,"adv1_plus":80,"adv2_plus":104,"adv3_plus":130,"adv_home_plus":61,"money_kl_plus":61,"spark_index":90,"run_value":6.53486649107893,"raa":-3.4,"jyk":0.9,"vyk":0.05,"teho_plus_adj":52,"pct_kl_pct":25,"pct_saatto_pct":22,"pct_eten_pct":16,"pct_kunnari_rate":78,"pct_lyoty_rate":17,"pct_palo_rate":77,"pct_tehot_per_turn":22},"proj":null,"translation":null,"pitching":null,"career_json":[{"year":2023,"kl_pct":0.4791666666666667,"teho_plus":51}],"pct_stats":["kl_pct","saatto_pct","eten_pct","kunnari_rate","lyoty_rate","palo_rate","tehot_per_turn"],"base_kl":{"player_id":15543,"turns_at_bat":57,"kl_base0":0.41379310344827586,"kl_base0_tries":29,"kl_base1":0.5714285714285714,"kl_base1_tries":7,"kl_base2":0.8333333333333334,"kl_base2_tries":6,"kl_base3":0.3333333333333333,"kl_base3_tries":6,"pct_kl_base0":30,"pct_kl_base1":60,"pct_kl_base2":90,"pct_kl_base3":18},"base_keys":["kl_base0","kl_base1","kl_base2","kl_base3"],"comps":[]}