{"player":{"id":15642,"name":"Inka Reinikka","born_year":null},"career":[{"year":2026,"season_id":130,"team":"TyTe","age":null,"games":14,"turns_at_bat":100,"vyk":0.81,"spark_index":110,"adv_plus":107,"runner_plus":107,"out_avoid_plus":121,"money_kl_plus":110,"teho_plus":140,"teho_plus_adj":141}],"line":{"player_id":15642,"name":"Inka Reinikka","born_year":null,"year":2026,"games":14,"team":"TyTe","turns_at_bat":100,"kunnarit":0,"lyodyt":21,"tuodut":9,"karkilyonnit":67,"karki_yritykset":118,"saatot":192,"saatto_yritykset":275,"etenemiset":155,"eteneminen_yritykset":228,"haavat":54,"palot":19,"season_id":130,"tehot":30,"kl_pct":0.5677966101694916,"saatto_pct":0.6981818181818182,"eten_pct":0.6798245614035088,"kunnari_rate":0.0,"lyoty_rate":0.21,"tuotu_rate":0.039473684210526314,"haava_rate":0.54,"palo_rate":0.19,"tehot_per_turn":0.3,"kl_per_turn":0.67,"hr_rbi_per_turn":0.21,"kl_base0":0.6,"kl_base0_tries":10,"kl_base1":0.30434782608695654,"kl_base1_tries":23,"kl_base2":0.7333333333333333,"kl_base2_tries":45,"kl_base3":0.525,"kl_base3_tries":40,"adv1_pct":0.6,"adv2_pct":0.30434782608695654,"adv3_pct":0.7333333333333333,"adv_home_pct":0.525,"money_kl_pct":0.525,"money_kl_tries":40,"pos":"3P","teho_plus":140,"adv_plus":107,"runner_plus":107,"out_avoid_plus":121,"adv1_plus":104,"adv2_plus":53,"adv3_plus":115,"adv_home_plus":110,"money_kl_plus":110,"spark_index":110,"run_value":18.632452693757674,"raa":6.7,"jyk":12.1,"vyk":0.81,"teho_plus_adj":141,"pct_kl_pct":47,"pct_saatto_pct":71,"pct_eten_pct":79,"pct_kunnari_rate":36,"pct_lyoty_rate":82,"pct_palo_rate":89,"pct_tehot_per_turn":79},"proj":{"player_id":15642,"name":"Inka Reinikka","as_of":"2026-06-28","age":null,"stats":{"kl_pct":{"rate":0.5678292557981235,"effective_n":109.28822826021015,"observed":0.5672727710914514},"saatto_pct":{"rate":0.6876298415534925,"effective_n":248.30270644410513,"observed":0.6958586415866056},"eten_pct":{"rate":0.6691060237846359,"effective_n":206.43820260341172,"observed":0.6775584735201493},"kunnari_rate":{"rate":0.0029936628427012246,"effective_n":95.14296279222192,"observed":0.0},"lyoty_rate":{"rate":0.15717095357461325,"effective_n":92.84063136491257,"observed":0.20836074743733599},"haava_rate":{"rate":0.4549455236204209,"effective_n":88.4723862788344,"observed":0.5431286805149015},"palo_rate":{"rate":0.2579315501774613,"effective_n":90.61812697876098,"observed":0.1920446855516065}},"teho_plus_proj":169},"translation":{"wrc_plus":120,"tier":"solid starter","rows":[{"pesis_label":"Kärkilyönti-% (advance the lead runner)","pesis_value":0.5677966101694916,"percentile":47,"mlb_stat":"AVG","mlb_value":"0.245"},{"pesis_label":"Kärkilyönnit per turn (base hits)","pesis_value":0.67,"percentile":86,"mlb_stat":"H / 600 PA","mlb_value":"174"},{"pesis_label":"Lyödyt per turn (runs batted home)","pesis_value":0.21,"percentile":82,"mlb_stat":"RBI / 600 PA","mlb_value":"90"},{"pesis_label":"Tuodut per advance (runs scored)","pesis_value":0.039473684210526314,"percentile":39,"mlb_stat":"R / 600 PA","mlb_value":"71"},{"pesis_label":"Palot per turn (burned outs)","pesis_value":0.19,"percentile":89,"mlb_stat":"K%","mlb_value":"15.5%"}]},"pitching":null,"career_json":[{"year":2026,"kl_pct":0.5677966101694916,"teho_plus":140}],"pct_stats":["kl_pct","saatto_pct","eten_pct","kunnari_rate","lyoty_rate","palo_rate","tehot_per_turn"],"base_kl":{"player_id":15642,"turns_at_bat":100,"kl_base0":0.6,"kl_base0_tries":10,"kl_base1":0.30434782608695654,"kl_base1_tries":23,"kl_base2":0.7333333333333333,"kl_base2_tries":45,"kl_base3":0.525,"kl_base3_tries":40,"pct_kl_base0":63,"pct_kl_base1":7,"pct_kl_base2":71,"pct_kl_base3":63},"base_keys":["kl_base0","kl_base1","kl_base2","kl_base3"],"comps":[]}