{"player":{"id":15707,"name":"Saana Ahvenlampi","born_year":null},"career":[{"year":2026,"season_id":130,"team":"KPK","age":null,"games":16,"turns_at_bat":114,"vyk":0.52,"spark_index":108,"adv_plus":116,"runner_plus":109,"out_avoid_plus":89,"money_kl_plus":140,"teho_plus":122,"teho_plus_adj":121}],"line":{"player_id":15707,"name":"Saana Ahvenlampi","born_year":null,"year":2026,"games":16,"team":"KPK","turns_at_bat":114,"kunnarit":0,"lyodyt":2,"tuodut":28,"karkilyonnit":72,"karki_yritykset":108,"saatot":168,"saatto_yritykset":230,"etenemiset":169,"eteneminen_yritykset":244,"haavat":29,"palot":46,"season_id":130,"tehot":30,"kl_pct":0.6666666666666666,"saatto_pct":0.7304347826086957,"eten_pct":0.6926229508196722,"kunnari_rate":0.0,"lyoty_rate":0.017543859649122806,"tuotu_rate":0.11475409836065574,"haava_rate":0.2543859649122807,"palo_rate":0.40350877192982454,"tehot_per_turn":0.2631578947368421,"kl_per_turn":0.631578947368421,"hr_rbi_per_turn":0.017543859649122806,"kl_base0":0.631578947368421,"kl_base0_tries":19,"kl_base1":0.6538461538461539,"kl_base1_tries":52,"kl_base2":0.7058823529411765,"kl_base2_tries":34,"kl_base3":0.6666666666666666,"kl_base3_tries":3,"adv1_pct":0.631578947368421,"adv2_pct":0.6538461538461539,"adv3_pct":0.7058823529411765,"adv_home_pct":0.6666666666666666,"money_kl_pct":0.6666666666666666,"money_kl_tries":3,"pos":"1V","teho_plus":122,"adv_plus":116,"runner_plus":109,"out_avoid_plus":89,"adv1_plus":109,"adv2_plus":113,"adv3_plus":111,"adv_home_plus":140,"money_kl_plus":140,"spark_index":108,"run_value":16.134673505651982,"raa":2.3,"jyk":7.8,"vyk":0.52,"teho_plus_adj":121,"pct_kl_pct":85,"pct_saatto_pct":85,"pct_eten_pct":85,"pct_kunnari_rate":34,"pct_lyoty_rate":22,"pct_palo_rate":29,"pct_tehot_per_turn":71},"proj":{"player_id":15707,"name":"Saana Ahvenlampi","as_of":"2026-07-12","age":null,"stats":{"kl_pct":{"rate":0.628790639275578,"effective_n":97.91485537127839,"observed":0.6654332294082964},"saatto_pct":{"rate":0.7153684326687427,"effective_n":204.31790408458383,"observed":0.730806611398841},"eten_pct":{"rate":0.6823888191955793,"effective_n":215.3808998182735,"observed":0.6935730254361238},"kunnari_rate":{"rate":0.0029794877579659425,"effective_n":106.92291644917096,"observed":0.0},"lyoty_rate":{"rate":0.05263331695960183,"effective_n":103.6137325921219,"observed":0.017691810040749906},"haava_rate":{"rate":0.31643062844775455,"effective_n":97.41860262029267,"observed":0.2546808283672448},"palo_rate":{"rate":0.37129004135300253,"effective_n":100.44787615440598,"observed":0.4024265461038785}},"teho_plus_proj":121},"translation":{"wrc_plus":114,"tier":"solid starter","rows":[{"pesis_label":"Kärkilyönti-% (advance the lead runner)","pesis_value":0.6666666666666666,"percentile":85,"mlb_stat":"AVG","mlb_value":"0.316"},{"pesis_label":"Kärkilyönnit per turn (base hits)","pesis_value":0.631578947368421,"percentile":78,"mlb_stat":"H / 600 PA","mlb_value":"167"},{"pesis_label":"Lyödyt per turn (runs batted home)","pesis_value":0.017543859649122806,"percentile":22,"mlb_stat":"RBI / 600 PA","mlb_value":"57"},{"pesis_label":"Tuodut per advance (runs scored)","pesis_value":0.11475409836065574,"percentile":94,"mlb_stat":"R / 600 PA","mlb_value":"104"},{"pesis_label":"Palot per turn (burned outs)","pesis_value":0.40350877192982454,"percentile":29,"mlb_stat":"K%","mlb_value":"25.2%"}]},"pitching":null,"career_json":[{"year":2026,"kl_pct":0.6666666666666666,"teho_plus":122}],"pct_stats":["kl_pct","saatto_pct","eten_pct","kunnari_rate","lyoty_rate","palo_rate","tehot_per_turn"],"base_kl":{"player_id":15707,"turns_at_bat":114,"kl_base0":0.631578947368421,"kl_base0_tries":19,"kl_base1":0.6538461538461539,"kl_base1_tries":52,"kl_base2":0.7058823529411765,"kl_base2_tries":34,"kl_base3":0.6666666666666666,"kl_base3_tries":3,"pct_kl_base0":70,"pct_kl_base1":72,"pct_kl_base2":65,"pct_kl_base3":82},"base_keys":["kl_base0","kl_base1","kl_base2","kl_base3"],"comps":[]}