{"player":{"id":15734,"name":"Kiira Turunen","born_year":null},"career":[{"player_id":15734,"name":"Kiira Turunen","born_year":null,"year":2026,"games":12,"team":"ViU","turns_at_bat":79,"kunnarit":0,"lyodyt":4,"tuodut":10,"karkilyonnit":54,"karki_yritykset":80,"saatot":110,"saatto_yritykset":152,"etenemiset":113,"eteneminen_yritykset":174,"haavat":28,"palot":33,"season_id":4,"tehot":14,"kl_pct":0.675,"saatto_pct":0.7236842105263158,"eten_pct":0.6494252873563219,"kunnari_rate":0.0,"lyoty_rate":0.05063291139240506,"tuotu_rate":0.05747126436781609,"haava_rate":0.35443037974683544,"palo_rate":0.4177215189873418,"tehot_per_turn":0.17721518987341772,"kl_per_turn":0.6835443037974683,"hr_rbi_per_turn":0.05063291139240506,"kl_base0":0.8333333333333334,"kl_base0_tries":18,"kl_base1":0.6363636363636364,"kl_base1_tries":44,"kl_base2":0.6363636363636364,"kl_base2_tries":11,"kl_base3":0.5714285714285714,"kl_base3_tries":7,"adv1_pct":0.8333333333333334,"adv2_pct":0.6363636363636364,"adv3_pct":0.6363636363636364,"adv_home_pct":0.5714285714285714,"money_kl_pct":0.5714285714285714,"money_kl_tries":7,"teho_plus":83,"adv_plus":115,"runner_plus":103,"out_avoid_plus":87,"adv1_plus":143,"adv2_plus":110,"adv3_plus":100,"adv_home_plus":121,"money_kl_plus":121,"spark_index":106,"run_value":8.87277870240614,"raa":-1.0,"jyk":3.3,"vyk":0.22,"teho_plus_adj":84}],"line":{"player_id":15734,"name":"Kiira Turunen","born_year":null,"year":2026,"games":12,"team":"ViU","turns_at_bat":79,"kunnarit":0,"lyodyt":4,"tuodut":10,"karkilyonnit":54,"karki_yritykset":80,"saatot":110,"saatto_yritykset":152,"etenemiset":113,"eteneminen_yritykset":174,"haavat":28,"palot":33,"season_id":4,"tehot":14,"kl_pct":0.675,"saatto_pct":0.7236842105263158,"eten_pct":0.6494252873563219,"kunnari_rate":0.0,"lyoty_rate":0.05063291139240506,"tuotu_rate":0.05747126436781609,"haava_rate":0.35443037974683544,"palo_rate":0.4177215189873418,"tehot_per_turn":0.17721518987341772,"kl_per_turn":0.6835443037974683,"hr_rbi_per_turn":0.05063291139240506,"kl_base0":0.8333333333333334,"kl_base0_tries":18,"kl_base1":0.6363636363636364,"kl_base1_tries":44,"kl_base2":0.6363636363636364,"kl_base2_tries":11,"kl_base3":0.5714285714285714,"kl_base3_tries":7,"adv1_pct":0.8333333333333334,"adv2_pct":0.6363636363636364,"adv3_pct":0.6363636363636364,"adv_home_pct":0.5714285714285714,"money_kl_pct":0.5714285714285714,"money_kl_tries":7,"teho_plus":83,"adv_plus":115,"runner_plus":103,"out_avoid_plus":87,"adv1_plus":143,"adv2_plus":110,"adv3_plus":100,"adv_home_plus":121,"money_kl_plus":121,"spark_index":106,"run_value":8.87277870240614,"raa":-1.0,"jyk":3.3,"vyk":0.22,"teho_plus_adj":84,"pct_kl_pct":86,"pct_saatto_pct":82,"pct_eten_pct":62,"pct_kunnari_rate":36,"pct_lyoty_rate":48,"pct_palo_rate":27,"pct_tehot_per_turn":41},"proj":{"player_id":15734,"name":"Kiira Turunen","as_of":"2026-07-02","age":null,"stats":{"kl_pct":{"rate":0.6265216959692902,"effective_n":74.0753011374828,"observed":0.6737321388836517},"saatto_pct":{"rate":0.7033644597862623,"effective_n":137.3103573904759,"observed":0.7230054448988317},"eten_pct":{"rate":0.64597173124145,"effective_n":157.0266722971192,"observed":0.6499189443002219},"kunnari_rate":{"rate":0.003272637759493862,"effective_n":75.06810077082481,"observed":0.0},"lyoty_rate":{"rate":0.07413957407917199,"effective_n":73.19491768370683,"observed":0.049210535089696444},"haava_rate":{"rate":0.3675816680516406,"effective_n":69.6235472499282,"observed":0.3547400335010863},"palo_rate":{"rate":0.3721283821452134,"effective_n":71.38074349075814,"observed":0.41545104842349756}},"teho_plus_proj":128},"career_json":[{"year":2026,"kl_pct":0.675,"teho_plus":83}],"pct_stats":["kl_pct","saatto_pct","eten_pct","kunnari_rate","lyoty_rate","palo_rate","tehot_per_turn"],"base_kl":{"player_id":15734,"turns_at_bat":79,"kl_base0":0.8333333333333334,"kl_base0_tries":18,"kl_base1":0.6363636363636364,"kl_base1_tries":44,"kl_base2":0.6363636363636364,"kl_base2_tries":11,"kl_base3":0.5714285714285714,"kl_base3_tries":7,"pct_kl_base0":92,"pct_kl_base1":67,"pct_kl_base2":47,"pct_kl_base3":68},"base_keys":["kl_base0","kl_base1","kl_base2","kl_base3"],"comps":[]}