{"player":{"id":15734,"name":"Kiira Turunen","born_year":null},"career":[{"player_id":15734,"name":"Kiira Turunen","born_year":null,"year":2026,"games":12,"team":"ViU","turns_at_bat":79,"kunnarit":0,"lyodyt":4,"tuodut":10,"karkilyonnit":54,"karki_yritykset":80,"saatot":110,"saatto_yritykset":152,"etenemiset":113,"eteneminen_yritykset":174,"haavat":28,"palot":33,"season_id":4,"tehot":14,"kl_pct":0.675,"saatto_pct":0.7236842105263158,"eten_pct":0.6494252873563219,"kunnari_rate":0.0,"lyoty_rate":0.05063291139240506,"tuotu_rate":0.05747126436781609,"haava_rate":0.35443037974683544,"palo_rate":0.4177215189873418,"tehot_per_turn":0.17721518987341772,"kl_per_turn":0.6835443037974683,"hr_rbi_per_turn":0.05063291139240506,"kl_base0":0.8333333333333334,"kl_base0_tries":18,"kl_base1":0.6363636363636364,"kl_base1_tries":44,"kl_base2":0.6363636363636364,"kl_base2_tries":11,"kl_base3":0.5714285714285714,"kl_base3_tries":7,"adv1_pct":0.8333333333333334,"adv2_pct":0.6363636363636364,"adv3_pct":0.6363636363636364,"adv_home_pct":0.5714285714285714,"money_kl_pct":0.5714285714285714,"money_kl_tries":7,"teho_plus":83,"adv_plus":115,"runner_plus":103,"out_avoid_plus":87,"adv1_plus":143,"adv2_plus":110,"adv3_plus":100,"adv_home_plus":121,"money_kl_plus":121,"spark_index":106,"teho_plus_adj":84}],"line":{"player_id":15734,"name":"Kiira Turunen","born_year":null,"year":2026,"games":12,"team":"ViU","turns_at_bat":79,"kunnarit":0,"lyodyt":4,"tuodut":10,"karkilyonnit":54,"karki_yritykset":80,"saatot":110,"saatto_yritykset":152,"etenemiset":113,"eteneminen_yritykset":174,"haavat":28,"palot":33,"season_id":4,"tehot":14,"kl_pct":0.675,"saatto_pct":0.7236842105263158,"eten_pct":0.6494252873563219,"kunnari_rate":0.0,"lyoty_rate":0.05063291139240506,"tuotu_rate":0.05747126436781609,"haava_rate":0.35443037974683544,"palo_rate":0.4177215189873418,"tehot_per_turn":0.17721518987341772,"kl_per_turn":0.6835443037974683,"hr_rbi_per_turn":0.05063291139240506,"kl_base0":0.8333333333333334,"kl_base0_tries":18,"kl_base1":0.6363636363636364,"kl_base1_tries":44,"kl_base2":0.6363636363636364,"kl_base2_tries":11,"kl_base3":0.5714285714285714,"kl_base3_tries":7,"adv1_pct":0.8333333333333334,"adv2_pct":0.6363636363636364,"adv3_pct":0.6363636363636364,"adv_home_pct":0.5714285714285714,"money_kl_pct":0.5714285714285714,"money_kl_tries":7,"teho_plus":83,"adv_plus":115,"runner_plus":103,"out_avoid_plus":87,"adv1_plus":143,"adv2_plus":110,"adv3_plus":100,"adv_home_plus":121,"money_kl_plus":121,"spark_index":106,"teho_plus_adj":84,"pct_kl_pct":86,"pct_saatto_pct":82,"pct_eten_pct":62,"pct_kunnari_rate":36,"pct_lyoty_rate":48,"pct_palo_rate":27,"pct_tehot_per_turn":41},"proj":{"player_id":15734,"name":"Kiira Turunen","as_of":"2026-07-02","age":null,"stats":{"kl_pct":{"rate":0.6265216959692902,"effective_n":74.0753011374828,"observed":0.6737321388836517},"saatto_pct":{"rate":0.7033644597862623,"effective_n":137.3103573904759,"observed":0.7230054448988317},"eten_pct":{"rate":0.64597173124145,"effective_n":157.0266722971192,"observed":0.6499189443002219},"kunnari_rate":{"rate":0.003272637759493862,"effective_n":75.06810077082481,"observed":0.0},"lyoty_rate":{"rate":0.07413957407917199,"effective_n":73.19491768370683,"observed":0.049210535089696444},"haava_rate":{"rate":0.3675816680516406,"effective_n":69.6235472499282,"observed":0.3547400335010863},"palo_rate":{"rate":0.3721283821452134,"effective_n":71.38074349075814,"observed":0.41545104842349756}},"teho_plus_proj":128},"career_json":[{"year":2026,"kl_pct":0.675,"teho_plus":83}],"pct_stats":["kl_pct","saatto_pct","eten_pct","kunnari_rate","lyoty_rate","palo_rate","tehot_per_turn"],"base_kl":{"player_id":15734,"turns_at_bat":79,"kl_base0":0.8333333333333334,"kl_base0_tries":18,"kl_base1":0.6363636363636364,"kl_base1_tries":44,"kl_base2":0.6363636363636364,"kl_base2_tries":11,"kl_base3":0.5714285714285714,"kl_base3_tries":7,"pct_kl_base0":92,"pct_kl_base1":67,"pct_kl_base2":47,"pct_kl_base3":68},"base_keys":["kl_base0","kl_base1","kl_base2","kl_base3"],"log":[{"player_id":15734,"season_id":4,"match_id":129402,"date":"2026-05-16","team":"ViU","opponent":"Pesäkarhut-Akatemia","home":0,"turns_at_bat":6,"kunnarit":0,"lyodyt":0,"tuodut":1,"karkilyonnit":4,"karki_yritykset":6,"saatot":7,"saatto_yritykset":9,"etenemiset":8,"eteneminen_yritykset":13,"haavat":1,"palot":4,"stadium":"Huikoo Areena, Pori","tehot":1,"kl_pct":0.6666666666666666},{"player_id":15734,"season_id":4,"match_id":129432,"date":"2026-05-17","team":"ViU","opponent":"MyVe","home":0,"turns_at_bat":5,"kunnarit":0,"lyodyt":0,"tuodut":1,"karkilyonnit":3,"karki_yritykset":5,"saatot":5,"saatto_yritykset":8,"etenemiset":5,"eteneminen_yritykset":8,"haavat":1,"palot":2,"stadium":"Vihka Areena, Mynämäki","tehot":1,"kl_pct":0.6},{"player_id":15734,"season_id":4,"match_id":129317,"date":"2026-05-23","team":"ViU","opponent":"SMJ","home":1,"turns_at_bat":7,"kunnarit":0,"lyodyt":3,"tuodut":0,"karkilyonnit":6,"karki_yritykset":10,"saatot":13,"saatto_yritykset":21,"etenemiset":10,"eteneminen_yritykset":17,"haavat":5,"palot":2,"stadium":"Viinijärven pesäpallokenttä, Liperi","tehot":3,"kl_pct":0.6},{"player_id":15734,"season_id":4,"match_id":129320,"date":"2026-05-26","team":"ViU","opponent":"HP-K","home":1,"turns_at_bat":8,"kunnarit":0,"lyodyt":0,"tuodut":2,"karkilyonnit":6,"karki_yritykset":7,"saatot":11,"saatto_yritykset":13,"etenemiset":10,"eteneminen_yritykset":16,"haavat":3,"palot":3,"stadium":"Viinijärven pesäpallokenttä, Liperi","tehot":2,"kl_pct":0.8571428571428571},{"player_id":15734,"season_id":4,"match_id":129397,"date":"2026-05-28","team":"ViU","opponent":"Puhti","home":0,"turns_at_bat":4,"kunnarit":0,"lyodyt":0,"tuodut":0,"karkilyonnit":2,"karki_yritykset":3,"saatot":7,"saatto_yritykset":9,"etenemiset":7,"eteneminen_yritykset":10,"haavat":2,"palot":1,"stadium":"Kuusankosken pesäpallokenttä, Kouvola","tehot":0,"kl_pct":0.6666666666666666},{"player_id":15734,"season_id":4,"match_id":129404,"date":"2026-06-06","team":"ViU","opponent":"MyVe","home":1,"turns_at_bat":8,"kunnarit":0,"lyodyt":0,"tuodut":0,"karkilyonnit":5,"karki_yritykset":8,"saatot":8,"saatto_yritykset":14,"etenemiset":9,"eteneminen_yritykset":16,"haavat":3,"palot":4,"stadium":"Viinijärven pesäpallokenttä, Liperi","tehot":0,"kl_pct":0.625},{"player_id":15734,"season_id":4,"match_id":129425,"date":"2026-06-07","team":"ViU","opponent":"Puhti","home":1,"turns_at_bat":8,"kunnarit":0,"lyodyt":0,"tuodut":2,"karkilyonnit":6,"karki_yritykset":8,"saatot":11,"saatto_yritykset":13,"etenemiset":17,"eteneminen_yritykset":22,"haavat":2,"palot":3,"stadium":"Viinijärven pesäpallokenttä, Liperi","tehot":2,"kl_pct":0.75},{"player_id":15734,"season_id":4,"match_id":129430,"date":"2026-06-12","team":"ViU","opponent":"Pesäkarhut-Akatemia","home":1,"turns_at_bat":5,"kunnarit":0,"lyodyt":1,"tuodut":0,"karkilyonnit":5,"karki_yritykset":6,"saatot":11,"saatto_yritykset":12,"etenemiset":10,"eteneminen_yritykset":14,"haavat":1,"palot":3,"stadium":"Viinijärven pesäpallokenttä, Liperi","tehot":1,"kl_pct":0.8333333333333334},{"player_id":15734,"season_id":4,"match_id":129410,"date":"2026-06-14","team":"ViU","opponent":"Tarmo","home":0,"turns_at_bat":7,"kunnarit":0,"lyodyt":0,"tuodut":2,"karkilyonnit":5,"karki_yritykset":6,"saatot":11,"saatto_yritykset":14,"etenemiset":12,"eteneminen_yritykset":17,"haavat":2,"palot":3,"stadium":"Ikaalisten Pesispuisto","tehot":2,"kl_pct":0.8333333333333334},{"player_id":15734,"season_id":4,"match_id":129421,"date":"2026-06-17","team":"ViU","opponent":"Jana","home":1,"turns_at_bat":7,"kunnarit":0,"lyodyt":0,"tuodut":0,"karkilyonnit":4,"karki_yritykset":7,"saatot":9,"saatto_yritykset":13,"etenemiset":9,"eteneminen_yritykset":16,"haavat":2,"palot":5,"stadium":"Viinijärven pesäpallokenttä, Liperi","tehot":0,"kl_pct":0.5714285714285714},{"player_id":15734,"season_id":4,"match_id":129393,"date":"2026-06-24","team":"ViU","opponent":"Jana","home":0,"turns_at_bat":7,"kunnarit":0,"lyodyt":0,"tuodut":1,"karkilyonnit":5,"karki_yritykset":6,"saatot":10,