{"player":{"id":15828,"name":"Julius  Harju","born_year":null},"career":[{"year":2026,"season_id":156,"team":"SMJ","age":null,"games":3,"turns_at_bat":15,"vyk":-0.05,"spark_index":68,"adv_plus":58,"runner_plus":66,"out_avoid_plus":96,"money_kl_plus":92,"teho_plus":57,"teho_plus_adj":57}],"line":{"player_id":15828,"name":"Julius  Harju","born_year":null,"year":2026,"games":3,"team":"SMJ","turns_at_bat":15,"kunnarit":0,"lyodyt":2,"tuodut":0,"karkilyonnit":4,"karki_yritykset":13,"saatot":11,"saatto_yritykset":30,"etenemiset":9,"eteneminen_yritykset":22,"haavat":8,"palot":5,"season_id":156,"tehot":2,"kl_pct":0.3076923076923077,"saatto_pct":0.36666666666666664,"eten_pct":0.4090909090909091,"kunnari_rate":0.0,"lyoty_rate":0.13333333333333333,"tuotu_rate":0.0,"haava_rate":0.5333333333333333,"palo_rate":0.3333333333333333,"tehot_per_turn":0.13333333333333333,"kl_per_turn":0.26666666666666666,"hr_rbi_per_turn":0.13333333333333333,"kl_base0":1.0,"kl_base0_tries":1,"kl_base1":0.16666666666666666,"kl_base1_tries":6,"kl_base2":0.0,"kl_base2_tries":2,"kl_base3":0.5,"kl_base3_tries":4,"adv1_pct":1.0,"adv2_pct":0.16666666666666666,"adv3_pct":0.0,"adv_home_pct":0.5,"money_kl_pct":0.5,"money_kl_tries":4,"pos":"2K","teho_plus":57,"adv_plus":58,"runner_plus":66,"out_avoid_plus":96,"adv1_plus":196,"adv2_plus":31,"adv3_plus":0,"adv_home_plus":92,"money_kl_plus":92,"spark_index":68,"run_value":-0.14132917409608947,"raa":-2.0,"jyk":-0.9,"vyk":-0.05,"teho_plus_adj":57,"pct_kl_pct":null,"pct_saatto_pct":null,"pct_eten_pct":null,"pct_kunnari_rate":null,"pct_lyoty_rate":null,"pct_palo_rate":null,"pct_tehot_per_turn":null},"proj":{"player_id":15828,"name":"Julius  Harju","as_of":"2026-07-23","age":null,"stats":{"kl_pct":{"rate":0.5111023804370978,"effective_n":11.768947078522505,"observed":0.31743163073842673},"saatto_pct":{"rate":0.518219609007856,"effective_n":26.013735391699885,"observed":0.35984418936613133},"eten_pct":{"rate":0.5581225352606256,"effective_n":19.263499013448456,"observed":0.3995968614325363},"kunnari_rate":{"rate":0.008214824445072376,"effective_n":14.15304696976057,"observed":0.0},"lyoty_rate":{"rate":0.10859067388274111,"effective_n":13.762947078522505,"observed":0.13572078864705972},"haava_rate":{"rate":0.43433970292764384,"effective_n":13.043567029248418,"observed":0.5482932090600001},"palo_rate":{"rate":0.3067916604533346,"effective_n":13.393494156679953,"observed":0.31841066025862597}},"teho_plus_proj":122},"translation":null,"pitching":null,"career_json":[{"year":2026,"kl_pct":0.3076923076923077,"teho_plus":57}],"pct_stats":["kl_pct","saatto_pct","eten_pct","kunnari_rate","lyoty_rate","palo_rate","tehot_per_turn"],"base_kl":{"player_id":15828,"turns_at_bat":15,"kl_base0":1.0,"kl_base0_tries":1,"kl_base1":0.16666666666666666,"kl_base1_tries":6,"kl_base2":0.0,"kl_base2_tries":2,"kl_base3":0.5,"kl_base3_tries":4,"pct_kl_base0":null,"pct_kl_base1":null,"pct_kl_base2":null,"pct_kl_base3":null},"base_keys":["kl_base0","kl_base1","kl_base2","kl_base3"],"comps":[]}