{"player":{"id":15856,"name":"Riikka  Myllylä","born_year":null},"career":[{"year":2024,"season_id":176,"team":"OuHu","age":null,"games":8,"turns_at_bat":54,"vyk":0.28,"spark_index":104,"adv_plus":101,"runner_plus":99,"out_avoid_plus":121,"money_kl_plus":97,"teho_plus":115,"teho_plus_adj":118},{"year":2025,"season_id":177,"team":"NiPe","age":null,"games":5,"turns_at_bat":22,"vyk":-0.05,"spark_index":83,"adv_plus":74,"runner_plus":87,"out_avoid_plus":99,"money_kl_plus":0,"teho_plus":15,"teho_plus_adj":15},{"year":2026,"season_id":178,"team":"NiPe","age":null,"games":9,"turns_at_bat":66,"vyk":0.16,"spark_index":100,"adv_plus":96,"runner_plus":99,"out_avoid_plus":110,"money_kl_plus":98,"teho_plus":131,"teho_plus_adj":132}],"line":{"player_id":15856,"name":"Riikka  Myllylä","born_year":null,"year":2026,"games":9,"team":"NiPe","turns_at_bat":66,"kunnarit":0,"lyodyt":14,"tuodut":12,"karkilyonnit":30,"karki_yritykset":55,"saatot":87,"saatto_yritykset":134,"etenemiset":85,"eteneminen_yritykset":130,"haavat":29,"palot":16,"season_id":178,"tehot":26,"kl_pct":0.5454545454545454,"saatto_pct":0.6492537313432836,"eten_pct":0.6538461538461539,"kunnari_rate":0.0,"lyoty_rate":0.21212121212121213,"tuotu_rate":0.09230769230769231,"haava_rate":0.4393939393939394,"palo_rate":0.24242424242424243,"tehot_per_turn":0.3939393939393939,"kl_per_turn":0.45454545454545453,"hr_rbi_per_turn":0.21212121212121213,"kl_base0":0.23076923076923078,"kl_base0_tries":13,"kl_base1":0.5714285714285714,"kl_base1_tries":7,"kl_base2":0.9,"kl_base2_tries":10,"kl_base3":0.56,"kl_base3_tries":25,"adv1_pct":0.23076923076923078,"adv2_pct":0.5714285714285714,"adv3_pct":0.9,"adv_home_pct":0.56,"money_kl_pct":0.56,"money_kl_tries":25,"pos":"3P","teho_plus":131,"adv_plus":96,"runner_plus":99,"out_avoid_plus":110,"adv1_plus":41,"adv2_plus":96,"adv3_plus":130,"adv_home_plus":98,"money_kl_plus":98,"spark_index":100,"run_value":8.517298980936708,"raa":-2.0,"jyk":3.7,"vyk":0.16,"teho_plus_adj":132,"pct_kl_pct":31,"pct_saatto_pct":45,"pct_eten_pct":49,"pct_kunnari_rate":28,"pct_lyoty_rate":80,"pct_palo_rate":73,"pct_tehot_per_turn":77},"proj":{"player_id":15856,"name":"Riikka  Myllylä","as_of":"2026-07-16","age":null,"stats":{"kl_pct":{"rate":0.5744297474936076,"effective_n":59.098393395117654,"observed":0.543793467826043},"saatto_pct":{"rate":0.6439754748335711,"effective_n":133.82032948592928,"observed":0.6391111462701703},"eten_pct":{"rate":0.6508965076575914,"effective_n":129.99815905494415,"observed":0.6479681001442267},"kunnari_rate":{"rate":0.0073024996802239514,"effective_n":84.29760367845635,"observed":0.0028404768233708825},"lyoty_rate":{"rate":0.1585697278876181,"effective_n":73.00787499905005,"observed":0.18797181924193931},"haava_rate":{"rate":0.3977899991736461,"effective_n":61.78389461722289,"observed":0.443170689445844},"palo_rate":{"rate":0.2809326317241799,"effective_n":66.21308326447571,"observed":0.24788199963762847}},"teho_plus_proj":120},"translation":{"wrc_plus":118,"tier":"solid starter","rows":[{"pesis_label":"Kärkilyönti-% (advance the lead runner)","pesis_value":0.5454545454545454,"percentile":31,"mlb_stat":"AVG","mlb_value":"0.262"},{"pesis_label":"Kärkilyönnit per turn (base hits)","pesis_value":0.45454545454545453,"percentile":25,"mlb_stat":"H / 600 PA","mlb_value":"135"},{"pesis_label":"Lyödyt per turn (runs batted home)","pesis_value":0.21212121212121213,"percentile":80,"mlb_stat":"RBI / 600 PA","mlb_value":"89"},{"pesis_label":"Tuodut per advance (runs scored)","pesis_value":0.09230769230769231,"percentile":68,"mlb_stat":"R / 600 PA","mlb_value":"84"},{"pesis_label":"Palot per turn (burned outs)","pesis_value":0.24242424242424243,"percentile":73,"mlb_stat":"K%","mlb_value":"18.8%"}]},"pitching":null,"career_json":[{"year":2024,"kl_pct":0.6444444444444445,"teho_plus":115},{"year":2025,"kl_pct":0.4166666666666667,"teho_plus":15},{"year":2026,"kl_pct":0.5454545454545454,"teho_plus":131}],"pct_stats":["kl_pct","saatto_pct","eten_pct","kunnari_rate","lyoty_rate","palo_rate","tehot_per_turn"],"base_kl":{"player_id":15856,"turns_at_bat":66,"kl_base0":0.23076923076923078,"kl_base0_tries":13,"kl_base1":0.5714285714285714,"kl_base1_tries":7,"kl_base2":0.9,"kl_base2_tries":10,"kl_base3":0.56,"kl_base3_tries":25,"pct_kl_base0":8,"pct_kl_base1":48,"pct_kl_base2":93,"pct_kl_base3":50},"base_keys":["kl_base0","kl_base1","kl_base2","kl_base3"],"comps":[]}