{"player":{"id":15903,"name":"Eero Penttilä","born_year":null},"career":[{"year":2026,"season_id":127,"team":"KoU","age":null,"games":6,"turns_at_bat":15,"vyk":0.0,"spark_index":99,"adv_plus":87,"runner_plus":105,"out_avoid_plus":118,"money_kl_plus":0,"teho_plus":40,"teho_plus_adj":41},{"year":2026,"season_id":129,"team":"NJ","age":null,"games":2,"turns_at_bat":14,"vyk":0.09,"spark_index":107,"adv_plus":122,"runner_plus":98,"out_avoid_plus":85,"money_kl_plus":217,"teho_plus":124,"teho_plus_adj":124}],"line":{"player_id":15903,"name":"Eero Penttilä","born_year":null,"year":2026,"games":2,"team":"NJ","turns_at_bat":14,"kunnarit":1,"lyodyt":0,"tuodut":2,"karkilyonnit":8,"karki_yritykset":11,"saatot":12,"saatto_yritykset":18,"etenemiset":15,"eteneminen_yritykset":26,"haavat":5,"palot":6,"season_id":129,"tehot":3,"kl_pct":0.7272727272727273,"saatto_pct":0.6666666666666666,"eten_pct":0.5769230769230769,"kunnari_rate":0.07142857142857142,"lyoty_rate":0.0,"tuotu_rate":0.07692307692307693,"haava_rate":0.35714285714285715,"palo_rate":0.42857142857142855,"tehot_per_turn":0.21428571428571427,"kl_per_turn":0.5714285714285714,"hr_rbi_per_turn":0.07142857142857142,"kl_base0":0.7142857142857143,"kl_base0_tries":7,"kl_base1":1.0,"kl_base1_tries":1,"kl_base2":0.5,"kl_base2_tries":2,"kl_base3":1.0,"kl_base3_tries":1,"adv1_pct":0.7142857142857143,"adv2_pct":1.0,"adv3_pct":0.5,"adv_home_pct":1.0,"money_kl_pct":1.0,"money_kl_tries":1,"pos":"S","teho_plus":124,"adv_plus":122,"runner_plus":98,"out_avoid_plus":85,"adv1_plus":149,"adv2_plus":182,"adv3_plus":87,"adv_home_plus":217,"money_kl_plus":217,"spark_index":107,"run_value":1.3011909678632612,"raa":0.3,"jyk":1.1,"vyk":0.09,"teho_plus_adj":124,"pct_kl_pct":null,"pct_saatto_pct":null,"pct_eten_pct":null,"pct_kunnari_rate":null,"pct_lyoty_rate":null,"pct_palo_rate":null,"pct_tehot_per_turn":null},"proj":{"player_id":15903,"name":"Eero Penttilä","as_of":"2026-07-11","age":null,"stats":{"kl_pct":{"rate":0.528735733172343,"effective_n":22.165106305902913,"observed":0.5682009488027701},"saatto_pct":{"rate":0.6012364528842636,"effective_n":34.25619866507743,"observed":0.6119935343390295},"eten_pct":{"rate":0.5947068502849135,"effective_n":52.386419458325406,"observed":0.5989137609407201},"kunnari_rate":{"rate":0.012459609668068378,"effective_n":28.307177697408235,"observed":0.034557266560516546},"lyoty_rate":{"rate":0.057220153654575494,"effective_n":27.968996446846244,"observed":0.0},"haava_rate":{"rate":0.4314508964481811,"effective_n":27.308594598283797,"observed":0.452578348095083},"palo_rate":{"rate":0.3230117154619835,"effective_n":27.636168055201455,"observed":0.30857533858826813}},"teho_plus_proj":144},"translation":null,"pitching":null,"career_json":[{"year":2026,"kl_pct":0.4166666666666667,"teho_plus":40},{"year":2026,"kl_pct":0.7272727272727273,"teho_plus":124}],"pct_stats":["kl_pct","saatto_pct","eten_pct","kunnari_rate","lyoty_rate","palo_rate","tehot_per_turn"],"base_kl":{"player_id":15903,"turns_at_bat":14,"kl_base0":0.7142857142857143,"kl_base0_tries":7,"kl_base1":1.0,"kl_base1_tries":1,"kl_base2":0.5,"kl_base2_tries":2,"kl_base3":1.0,"kl_base3_tries":1,"pct_kl_base0":null,"pct_kl_base1":null,"pct_kl_base2":null,"pct_kl_base3":null},"base_keys":["kl_base0","kl_base1","kl_base2","kl_base3"],"comps":[]}