{"player":{"id":15903,"name":"Eero Penttilä","born_year":null},"career":[{"year":2026,"season_id":127,"team":"KoU","age":null,"games":5,"turns_at_bat":15,"vyk":0.01,"spark_index":99,"adv_plus":88,"runner_plus":105,"out_avoid_plus":118,"money_kl_plus":0,"teho_plus":41,"teho_plus_adj":41},{"year":2026,"season_id":129,"team":"NJ","age":null,"games":2,"turns_at_bat":14,"vyk":0.15,"spark_index":107,"adv_plus":122,"runner_plus":98,"out_avoid_plus":85,"money_kl_plus":222,"teho_plus":127,"teho_plus_adj":127}],"line":{"player_id":15903,"name":"Eero Penttilä","born_year":null,"year":2026,"games":2,"team":"NJ","turns_at_bat":14,"kunnarit":1,"lyodyt":0,"tuodut":2,"karkilyonnit":8,"karki_yritykset":11,"saatot":12,"saatto_yritykset":18,"etenemiset":15,"eteneminen_yritykset":26,"haavat":5,"palot":6,"season_id":129,"tehot":3,"kl_pct":0.7272727272727273,"saatto_pct":0.6666666666666666,"eten_pct":0.5769230769230769,"kunnari_rate":0.07142857142857142,"lyoty_rate":0.0,"tuotu_rate":0.07692307692307693,"haava_rate":0.35714285714285715,"palo_rate":0.42857142857142855,"tehot_per_turn":0.21428571428571427,"kl_per_turn":0.5714285714285714,"hr_rbi_per_turn":0.07142857142857142,"kl_base0":0.7142857142857143,"kl_base0_tries":7,"kl_base1":1.0,"kl_base1_tries":1,"kl_base2":0.5,"kl_base2_tries":2,"kl_base3":1.0,"kl_base3_tries":1,"adv1_pct":0.7142857142857143,"adv2_pct":1.0,"adv3_pct":0.5,"adv_home_pct":1.0,"money_kl_pct":1.0,"money_kl_tries":1,"pos":"S","teho_plus":127,"adv_plus":122,"runner_plus":98,"out_avoid_plus":85,"adv1_plus":150,"adv2_plus":181,"adv3_plus":87,"adv_home_plus":222,"money_kl_plus":222,"spark_index":107,"run_value":2.4022757081566892,"raa":1.0,"jyk":1.8,"vyk":0.15,"teho_plus_adj":127,"pct_kl_pct":null,"pct_saatto_pct":null,"pct_eten_pct":null,"pct_kunnari_rate":null,"pct_lyoty_rate":null,"pct_palo_rate":null,"pct_tehot_per_turn":null},"proj":{"player_id":15903,"name":"Eero Penttilä","as_of":"2026-07-09","age":null,"stats":{"kl_pct":{"rate":0.5277078531442023,"effective_n":22.298697804449368,"observed":0.5682009488027702},"saatto_pct":{"rate":0.6009067762054808,"effective_n":34.53190136558022,"observed":0.6119935343390294},"eten_pct":{"rate":0.5943181165124631,"effective_n":52.80803884042737,"observed":0.5989137609407202},"kunnari_rate":{"rate":0.011865129373241416,"effective_n":28.420747002429945,"observed":0.03455726656051655},"lyoty_rate":{"rate":0.055979279220274195,"effective_n":28.13756862045137,"observed":0.0},"haava_rate":{"rate":0.43060601373885504,"effective_n":27.583742429013203,"observed":0.45257834809508296},"palo_rate":{"rate":0.32364467430212024,"effective_n":27.858591046113627,"observed":0.3085753385882681}},"teho_plus_proj":146},"translation":null,"pitching":null,"career_json":[{"year":2026,"kl_pct":0.4166666666666667,"teho_plus":41},{"year":2026,"kl_pct":0.7272727272727273,"teho_plus":127}],"pct_stats":["kl_pct","saatto_pct","eten_pct","kunnari_rate","lyoty_rate","palo_rate","tehot_per_turn"],"base_kl":{"player_id":15903,"turns_at_bat":14,"kl_base0":0.7142857142857143,"kl_base0_tries":7,"kl_base1":1.0,"kl_base1_tries":1,"kl_base2":0.5,"kl_base2_tries":2,"kl_base3":1.0,"kl_base3_tries":1,"pct_kl_base0":null,"pct_kl_base1":null,"pct_kl_base2":null,"pct_kl_base3":null},"base_keys":["kl_base0","kl_base1","kl_base2","kl_base3"],"comps":[]}