{"player":{"id":15911,"name":"Wili Laiho","born_year":null},"career":[{"year":2024,"season_id":154,"team":"NJ","age":null,"games":13,"turns_at_bat":97,"vyk":-0.04,"spark_index":89,"adv_plus":100,"runner_plus":89,"out_avoid_plus":62,"money_kl_plus":118,"teho_plus":73,"teho_plus_adj":76},{"year":2025,"season_id":155,"team":"LaihLu","age":null,"games":11,"turns_at_bat":67,"vyk":0.01,"spark_index":95,"adv_plus":98,"runner_plus":101,"out_avoid_plus":77,"money_kl_plus":180,"teho_plus":57,"teho_plus_adj":56},{"year":2026,"season_id":156,"team":"LaihLu","age":null,"games":9,"turns_at_bat":53,"vyk":0.28,"spark_index":97,"adv_plus":90,"runner_plus":100,"out_avoid_plus":111,"money_kl_plus":92,"teho_plus":97,"teho_plus_adj":96}],"line":{"player_id":15911,"name":"Wili Laiho","born_year":null,"year":2026,"games":9,"team":"LaihLu","turns_at_bat":53,"kunnarit":1,"lyodyt":3,"tuodut":8,"karkilyonnit":28,"karki_yritykset":58,"saatot":55,"saatto_yritykset":96,"etenemiset":61,"eteneminen_yritykset":99,"haavat":26,"palot":12,"season_id":156,"tehot":12,"kl_pct":0.4827586206896552,"saatto_pct":0.5729166666666666,"eten_pct":0.6161616161616161,"kunnari_rate":0.018867924528301886,"lyoty_rate":0.05660377358490566,"tuotu_rate":0.08080808080808081,"haava_rate":0.49056603773584906,"palo_rate":0.22641509433962265,"tehot_per_turn":0.22641509433962265,"kl_per_turn":0.5283018867924528,"hr_rbi_per_turn":0.07547169811320754,"kl_base0":0.45,"kl_base0_tries":20,"kl_base1":0.391304347826087,"kl_base1_tries":23,"kl_base2":0.8571428571428571,"kl_base2_tries":7,"kl_base3":0.5,"kl_base3_tries":8,"adv1_pct":0.45,"adv2_pct":0.391304347826087,"adv3_pct":0.8571428571428571,"adv_home_pct":0.5,"money_kl_pct":0.5,"money_kl_tries":8,"pos":"3P","teho_plus":97,"adv_plus":90,"runner_plus":100,"out_avoid_plus":111,"adv1_plus":88,"adv2_plus":73,"adv3_plus":137,"adv_home_plus":92,"money_kl_plus":92,"spark_index":97,"run_value":7.41960548479003,"raa":1.0,"jyk":4.9,"vyk":0.28,"teho_plus_adj":96,"pct_kl_pct":30,"pct_saatto_pct":34,"pct_eten_pct":48,"pct_kunnari_rate":81,"pct_lyoty_rate":46,"pct_palo_rate":77,"pct_tehot_per_turn":54},"proj":{"player_id":15911,"name":"Wili Laiho","as_of":"2026-07-23","age":null,"stats":{"kl_pct":{"rate":0.5255443529421673,"effective_n":80.15543769624053,"observed":0.5079188181791835},"saatto_pct":{"rate":0.5917482570360912,"effective_n":112.38211349897908,"observed":0.5812591293512792},"eten_pct":{"rate":0.6133780747180704,"effective_n":121.29958327179548,"observed":0.6109792025977152},"kunnari_rate":{"rate":0.010424559736850731,"effective_n":100.94340487676966,"observed":0.011899677789146818},"lyoty_rate":{"rate":0.07619397230912923,"effective_n":78.12083811022157,"observed":0.047797633434429734},"haava_rate":{"rate":0.4292823550366884,"effective_n":56.26513680596556,"observed":0.44671100556572696},"palo_rate":{"rate":0.3041390039195653,"effective_n":64.65447521943669,"observed":0.30326368142238563}},"teho_plus_proj":116},"translation":{"wrc_plus":103,"tier":"league-average regular","rows":[{"pesis_label":"Kärkilyönti-% (advance the lead runner)","pesis_value":0.4827586206896552,"percentile":30,"mlb_stat":"AVG","mlb_value":"0.200"},{"pesis_label":"Kärkilyönnit per turn (base hits)","pesis_value":0.5283018867924528,"percentile":52,"mlb_stat":"H / 600 PA","mlb_value":"151"},{"pesis_label":"Lyödyt per turn (runs batted home)","pesis_value":0.05660377358490566,"percentile":46,"mlb_stat":"RBI / 600 PA","mlb_value":"70"},{"pesis_label":"Tuodut per advance (runs scored)","pesis_value":0.08080808080808081,"percentile":73,"mlb_stat":"R / 600 PA","mlb_value":"87"},{"pesis_label":"Palot per turn (burned outs)","pesis_value":0.22641509433962265,"percentile":77,"mlb_stat":"K%","mlb_value":"18.1%"}]},"pitching":null,"career_json":[{"year":2024,"kl_pct":0.5789473684210527,"teho_plus":73},{"year":2025,"kl_pct":0.543859649122807,"teho_plus":57},{"year":2026,"kl_pct":0.4827586206896552,"teho_plus":97}],"pct_stats":["kl_pct","saatto_pct","eten_pct","kunnari_rate","lyoty_rate","palo_rate","tehot_per_turn"],"base_kl":{"player_id":15911,"turns_at_bat":53,"kl_base0":0.45,"kl_base0_tries":20,"kl_base1":0.391304347826087,"kl_base1_tries":23,"kl_base2":0.8571428571428571,"kl_base2_tries":7,"kl_base3":0.5,"kl_base3_tries":8,"pct_kl_base0":39,"pct_kl_base1":23,"pct_kl_base2":94,"pct_kl_base3":44},"base_keys":["kl_base0","kl_base1","kl_base2","kl_base3"],"comps":[]}