{"player":{"id":15955,"name":"Anni Hakala","born_year":null},"career":[{"year":2023,"season_id":118,"team":"Jyske","age":null,"games":1,"turns_at_bat":5,"vyk":-0.04,"spark_index":18,"adv_plus":0,"runner_plus":0,"out_avoid_plus":90,"money_kl_plus":null,"teho_plus":0,"teho_plus_adj":0},{"year":2026,"season_id":130,"team":"MyVe","age":null,"games":15,"turns_at_bat":82,"vyk":0.11,"spark_index":98,"adv_plus":99,"runner_plus":99,"out_avoid_plus":95,"money_kl_plus":75,"teho_plus":68,"teho_plus_adj":68}],"line":{"player_id":15955,"name":"Anni Hakala","born_year":null,"year":2026,"games":15,"team":"MyVe","turns_at_bat":82,"kunnarit":1,"lyodyt":4,"tuodut":7,"karkilyonnit":40,"karki_yritykset":72,"saatot":89,"saatto_yritykset":140,"etenemiset":95,"eteneminen_yritykset":151,"haavat":26,"palot":30,"season_id":130,"tehot":12,"kl_pct":0.5555555555555556,"saatto_pct":0.6357142857142857,"eten_pct":0.6291390728476821,"kunnari_rate":0.012195121951219513,"lyoty_rate":0.04878048780487805,"tuotu_rate":0.046357615894039736,"haava_rate":0.3170731707317073,"palo_rate":0.36585365853658536,"tehot_per_turn":0.14634146341463414,"kl_per_turn":0.4878048780487805,"hr_rbi_per_turn":0.06097560975609756,"kl_base0":0.5517241379310345,"kl_base0_tries":29,"kl_base1":0.7272727272727273,"kl_base1_tries":11,"kl_base2":0.6111111111111112,"kl_base2_tries":18,"kl_base3":0.35714285714285715,"kl_base3_tries":14,"adv1_pct":0.5517241379310345,"adv2_pct":0.7272727272727273,"adv3_pct":0.6111111111111112,"adv_home_pct":0.35714285714285715,"money_kl_pct":0.35714285714285715,"money_kl_tries":14,"pos":"3V","teho_plus":68,"adv_plus":99,"runner_plus":99,"out_avoid_plus":95,"adv1_plus":95,"adv2_plus":126,"adv3_plus":96,"adv_home_plus":75,"money_kl_plus":75,"spark_index":98,"run_value":8.025961219876427,"raa":-2.3,"jyk":1.7,"vyk":0.11,"teho_plus_adj":68,"pct_kl_pct":43,"pct_saatto_pct":50,"pct_eten_pct":49,"pct_kunnari_rate":81,"pct_lyoty_rate":47,"pct_palo_rate":37,"pct_tehot_per_turn":30},"proj":{"player_id":15955,"name":"Anni Hakala","as_of":"2026-07-12","age":null,"stats":{"kl_pct":{"rate":0.5619089968558981,"effective_n":66.09830279913145,"observed":0.5550280298552586},"saatto_pct":{"rate":0.6369758629142543,"effective_n":125.55583830088247,"observed":0.6370573743426938},"eten_pct":{"rate":0.6354681326694812,"effective_n":134.30159591487126,"observed":0.6358588580723404},"kunnari_rate":{"rate":0.008379635447071992,"effective_n":77.52197513967431,"observed":0.012517952232199802},"lyoty_rate":{"rate":0.07496866974250403,"effective_n":74.8084299386942,"observed":0.05025442155241871},"haava_rate":{"rate":0.3490218876102491,"effective_n":70.2454108240269,"observed":0.31023031601749174},"palo_rate":{"rate":0.34710516576085865,"effective_n":72.43909222805021,"observed":0.3634375422445509}},"teho_plus_proj":127},"translation":{"wrc_plus":87,"tier":"bench bat","rows":[{"pesis_label":"Kärkilyönti-% (advance the lead runner)","pesis_value":0.5555555555555556,"percentile":43,"mlb_stat":"AVG","mlb_value":"0.239"},{"pesis_label":"Kärkilyönnit per turn (base hits)","pesis_value":0.4878048780487805,"percentile":34,"mlb_stat":"H / 600 PA","mlb_value":"141"},{"pesis_label":"Lyödyt per turn (runs batted home)","pesis_value":0.04878048780487805,"percentile":47,"mlb_stat":"RBI / 600 PA","mlb_value":"70"},{"pesis_label":"Tuodut per advance (runs scored)","pesis_value":0.046357615894039736,"percentile":43,"mlb_stat":"R / 600 PA","mlb_value":"73"},{"pesis_label":"Palot per turn (burned outs)","pesis_value":0.36585365853658536,"percentile":37,"mlb_stat":"K%","mlb_value":"24.0%"}]},"pitching":null,"career_json":[{"year":2023,"kl_pct":0.0,"teho_plus":0},{"year":2026,"kl_pct":0.5555555555555556,"teho_plus":68}],"pct_stats":["kl_pct","saatto_pct","eten_pct","kunnari_rate","lyoty_rate","palo_rate","tehot_per_turn"],"base_kl":{"player_id":15955,"turns_at_bat":82,"kl_base0":0.5517241379310345,"kl_base0_tries":29,"kl_base1":0.7272727272727273,"kl_base1_tries":11,"kl_base2":0.6111111111111112,"kl_base2_tries":18,"kl_base3":0.35714285714285715,"kl_base3_tries":14,"pct_kl_base0":56,"pct_kl_base1":84,"pct_kl_base2":38,"pct_kl_base3":26},"base_keys":["kl_base0","kl_base1","kl_base2","kl_base3"],"comps":[]}