{"player":{"id":15958,"name":"Ilona  Kankaanpää","born_year":null},"career":[{"year":2025,"season_id":126,"team":"PesäKuula","age":null,"games":2,"turns_at_bat":14,"vyk":-0.03,"spark_index":74,"adv_plus":79,"runner_plus":58,"out_avoid_plus":85,"money_kl_plus":206,"teho_plus":65,"teho_plus_adj":67},{"year":2026,"season_id":130,"team":"TyTe","age":null,"games":17,"turns_at_bat":113,"vyk":0.09,"spark_index":98,"adv_plus":100,"runner_plus":93,"out_avoid_plus":101,"money_kl_plus":93,"teho_plus":62,"teho_plus_adj":61}],"line":{"player_id":15958,"name":"Ilona  Kankaanpää","born_year":null,"year":2026,"games":17,"team":"TyTe","turns_at_bat":113,"kunnarit":1,"lyodyt":3,"tuodut":11,"karkilyonnit":53,"karki_yritykset":99,"saatot":139,"saatto_yritykset":214,"etenemiset":118,"eteneminen_yritykset":201,"haavat":46,"palot":37,"season_id":130,"tehot":15,"kl_pct":0.5353535353535354,"saatto_pct":0.6495327102803738,"eten_pct":0.5870646766169154,"kunnari_rate":0.008849557522123894,"lyoty_rate":0.02654867256637168,"tuotu_rate":0.05472636815920398,"haava_rate":0.40707964601769914,"palo_rate":0.3274336283185841,"tehot_per_turn":0.13274336283185842,"kl_per_turn":0.4690265486725664,"hr_rbi_per_turn":0.035398230088495575,"kl_base0":0.3684210526315789,"kl_base0_tries":19,"kl_base1":0.5813953488372093,"kl_base1_tries":43,"kl_base2":0.6071428571428571,"kl_base2_tries":28,"kl_base3":0.4444444444444444,"kl_base3_tries":9,"adv1_pct":0.3684210526315789,"adv2_pct":0.5813953488372093,"adv3_pct":0.6071428571428571,"adv_home_pct":0.4444444444444444,"money_kl_pct":0.4444444444444444,"money_kl_tries":9,"pos":"2P","teho_plus":62,"adv_plus":100,"runner_plus":93,"out_avoid_plus":101,"adv1_plus":64,"adv2_plus":101,"adv3_plus":95,"adv_home_plus":93,"money_kl_plus":93,"spark_index":98,"run_value":9.677916170648766,"raa":-4.0,"jyk":1.4,"vyk":0.09,"teho_plus_adj":61,"pct_kl_pct":36,"pct_saatto_pct":55,"pct_eten_pct":23,"pct_kunnari_rate":70,"pct_lyoty_rate":31,"pct_palo_rate":46,"pct_tehot_per_turn":22},"proj":{"player_id":15958,"name":"Ilona  Kankaanpää","as_of":"2026-07-13","age":null,"stats":{"kl_pct":{"rate":0.548030696225994,"effective_n":92.71824931775795,"observed":0.5344654846419139},"saatto_pct":{"rate":0.6409018080229264,"effective_n":189.74139565511095,"observed":0.6418274433308034},"eten_pct":{"rate":0.5917771819432833,"effective_n":176.76798102345793,"observed":0.5797743438360152},"kunnari_rate":{"rate":0.007019567608290889,"effective_n":111.55179626052092,"observed":0.008509763795221365},"lyoty_rate":{"rate":0.06052845489580177,"effective_n":105.84135890564549,"observed":0.03228988208964438},"haava_rate":{"rate":0.3897952557048812,"effective_n":96.71544389362947,"observed":0.40345267624300857},"palo_rate":{"rate":0.3316363224761902,"effective_n":100.97227022247748,"observed":0.33119360947241766}},"teho_plus_proj":114},"translation":{"wrc_plus":81,"tier":"bench bat","rows":[{"pesis_label":"Kärkilyönti-% (advance the lead runner)","pesis_value":0.5353535353535354,"percentile":36,"mlb_stat":"AVG","mlb_value":"0.227"},{"pesis_label":"Kärkilyönnit per turn (base hits)","pesis_value":0.4690265486725664,"percentile":28,"mlb_stat":"H / 600 PA","mlb_value":"137"},{"pesis_label":"Lyödyt per turn (runs batted home)","pesis_value":0.02654867256637168,"percentile":31,"mlb_stat":"RBI / 600 PA","mlb_value":"62"},{"pesis_label":"Tuodut per advance (runs scored)","pesis_value":0.05472636815920398,"percentile":59,"mlb_stat":"R / 600 PA","mlb_value":"80"},{"pesis_label":"Palot per turn (burned outs)","pesis_value":0.3274336283185841,"percentile":46,"mlb_stat":"K%","mlb_value":"22.8%"}]},"pitching":null,"career_json":[{"year":2025,"kl_pct":0.45454545454545453,"teho_plus":65},{"year":2026,"kl_pct":0.5353535353535354,"teho_plus":62}],"pct_stats":["kl_pct","saatto_pct","eten_pct","kunnari_rate","lyoty_rate","palo_rate","tehot_per_turn"],"base_kl":{"player_id":15958,"turns_at_bat":113,"kl_base0":0.3684210526315789,"kl_base0_tries":19,"kl_base1":0.5813953488372093,"kl_base1_tries":43,"kl_base2":0.6071428571428571,"kl_base2_tries":28,"kl_base3":0.4444444444444444,"kl_base3_tries":9,"pct_kl_base0":28,"pct_kl_base1":59,"pct_kl_base2":37,"pct_kl_base3":40},"base_keys":["kl_base0","kl_base1","kl_base2","kl_base3"],"comps":[]}