{"player":{"id":15958,"name":"Ilona  Kankaanpää","born_year":null},"career":[{"year":2025,"season_id":126,"team":"PesäKuula","age":null,"games":2,"turns_at_bat":14,"vyk":-0.03,"spark_index":74,"adv_plus":79,"runner_plus":58,"out_avoid_plus":85,"money_kl_plus":206,"teho_plus":65,"teho_plus_adj":66},{"year":2026,"season_id":130,"team":"TyTe","age":null,"games":15,"turns_at_bat":101,"vyk":0.12,"spark_index":100,"adv_plus":103,"runner_plus":94,"out_avoid_plus":99,"money_kl_plus":93,"teho_plus":64,"teho_plus_adj":64}],"line":{"player_id":15958,"name":"Ilona  Kankaanpää","born_year":null,"year":2026,"games":15,"team":"TyTe","turns_at_bat":101,"kunnarit":1,"lyodyt":3,"tuodut":10,"karkilyonnit":48,"karki_yritykset":87,"saatot":131,"saatto_yritykset":196,"etenemiset":108,"eteneminen_yritykset":182,"haavat":40,"palot":34,"season_id":130,"tehot":14,"kl_pct":0.5517241379310345,"saatto_pct":0.6683673469387755,"eten_pct":0.5934065934065934,"kunnari_rate":0.009900990099009901,"lyoty_rate":0.0297029702970297,"tuotu_rate":0.054945054945054944,"haava_rate":0.39603960396039606,"palo_rate":0.33663366336633666,"tehot_per_turn":0.13861386138613863,"kl_per_turn":0.4752475247524752,"hr_rbi_per_turn":0.039603960396039604,"kl_base0":0.35714285714285715,"kl_base0_tries":14,"kl_base1":0.6052631578947368,"kl_base1_tries":38,"kl_base2":0.6153846153846154,"kl_base2_tries":26,"kl_base3":0.4444444444444444,"kl_base3_tries":9,"adv1_pct":0.35714285714285715,"adv2_pct":0.6052631578947368,"adv3_pct":0.6153846153846154,"adv_home_pct":0.4444444444444444,"money_kl_pct":0.4444444444444444,"money_kl_tries":9,"pos":"2P","teho_plus":64,"adv_plus":103,"runner_plus":94,"out_avoid_plus":99,"adv1_plus":62,"adv2_plus":105,"adv3_plus":97,"adv_home_plus":93,"money_kl_plus":93,"spark_index":100,"run_value":8.919576359037917,"raa":-3.4,"jyk":1.8,"vyk":0.12,"teho_plus_adj":64,"pct_kl_pct":44,"pct_saatto_pct":64,"pct_eten_pct":26,"pct_kunnari_rate":73,"pct_lyoty_rate":34,"pct_palo_rate":44,"pct_tehot_per_turn":25},"proj":{"player_id":15958,"name":"Ilona  Kankaanpää","as_of":"2026-07-05","age":null,"stats":{"kl_pct":{"rate":0.5590188383951221,"effective_n":82.79491537971764,"observed":0.5517780565144405},"saatto_pct":{"rate":0.6576613494529007,"effective_n":177.57496439781139,"observed":0.6623891203566294},"eten_pct":{"rate":0.5974535825914733,"effective_n":163.17077881139957,"observed":0.5861490473772054},"kunnari_rate":{"rate":0.00726150569969512,"effective_n":101.24404789617793,"observed":0.009527528192829426},"lyoty_rate":{"rate":0.06450552605113836,"effective_n":96.25250153413535,"observed":0.036370441625214224},"haava_rate":{"rate":0.38273982497766285,"effective_n":88.39785965497461,"observed":0.39004634420058554},"palo_rate":{"rate":0.33760616092786055,"effective_n":92.04331685188392,"observed":0.34186144482807657}},"teho_plus_proj":117},"translation":{"wrc_plus":83,"tier":"bench bat","rows":[{"pesis_label":"Kärkilyönti-% (advance the lead runner)","pesis_value":0.5517241379310345,"percentile":44,"mlb_stat":"AVG","mlb_value":"0.240"},{"pesis_label":"Kärkilyönnit per turn (base hits)","pesis_value":0.4752475247524752,"percentile":27,"mlb_stat":"H / 600 PA","mlb_value":"137"},{"pesis_label":"Lyödyt per turn (runs batted home)","pesis_value":0.0297029702970297,"percentile":34,"mlb_stat":"RBI / 600 PA","mlb_value":"64"},{"pesis_label":"Tuodut per advance (runs scored)","pesis_value":0.054945054945054944,"percentile":58,"mlb_stat":"R / 600 PA","mlb_value":"80"},{"pesis_label":"Palot per turn (burned outs)","pesis_value":0.33663366336633666,"percentile":44,"mlb_stat":"K%","mlb_value":"23.0%"}]},"pitching":null,"career_json":[{"year":2025,"kl_pct":0.45454545454545453,"teho_plus":65},{"year":2026,"kl_pct":0.5517241379310345,"teho_plus":64}],"pct_stats":["kl_pct","saatto_pct","eten_pct","kunnari_rate","lyoty_rate","palo_rate","tehot_per_turn"],"base_kl":{"player_id":15958,"turns_at_bat":101,"kl_base0":0.35714285714285715,"kl_base0_tries":14,"kl_base1":0.6052631578947368,"kl_base1_tries":38,"kl_base2":0.6153846153846154,"kl_base2_tries":26,"kl_base3":0.4444444444444444,"kl_base3_tries":9,"pct_kl_base0":26,"pct_kl_base1":66,"pct_kl_base2":39,"pct_kl_base3":41},"base_keys":["kl_base0","kl_base1","kl_base2","kl_base3"],"comps":[]}