{"player":{"id":16109,"name":"Ilona Elonheimo","born_year":null},"career":[{"year":2024,"season_id":122,"team":"Kirittäret","age":null,"games":3,"turns_at_bat":6,"vyk":-0.04,"spark_index":50,"adv_plus":33,"runner_plus":46,"out_avoid_plus":101,"money_kl_plus":null,"teho_plus":0,"teho_plus_adj":0},{"year":2025,"season_id":126,"team":"Kirittäret","age":null,"games":2,"turns_at_bat":1,"vyk":-0.01,"spark_index":null,"adv_plus":null,"runner_plus":106,"out_avoid_plus":0,"money_kl_plus":null,"teho_plus":0,"teho_plus_adj":0},{"year":2026,"season_id":130,"team":"SMJ","age":null,"games":16,"turns_at_bat":83,"vyk":0.32,"spark_index":90,"adv_plus":82,"runner_plus":87,"out_avoid_plus":115,"money_kl_plus":101,"teho_plus":101,"teho_plus_adj":100}],"line":{"player_id":16109,"name":"Ilona Elonheimo","born_year":null,"year":2026,"games":16,"team":"SMJ","turns_at_bat":83,"kunnarit":2,"lyodyt":10,"tuodut":6,"karkilyonnit":42,"karki_yritykset":91,"saatot":99,"saatto_yritykset":189,"etenemiset":79,"eteneminen_yritykset":143,"haavat":45,"palot":19,"season_id":130,"tehot":18,"kl_pct":0.46153846153846156,"saatto_pct":0.5238095238095238,"eten_pct":0.5524475524475524,"kunnari_rate":0.024096385542168676,"lyoty_rate":0.12048192771084337,"tuotu_rate":0.04195804195804196,"haava_rate":0.5421686746987951,"palo_rate":0.2289156626506024,"tehot_per_turn":0.21686746987951808,"kl_per_turn":0.5060240963855421,"hr_rbi_per_turn":0.14457831325301204,"kl_base0":0.3333333333333333,"kl_base0_tries":15,"kl_base1":0.34782608695652173,"kl_base1_tries":23,"kl_base2":0.6071428571428571,"kl_base2_tries":28,"kl_base3":0.48,"kl_base3_tries":25,"adv1_pct":0.3333333333333333,"adv2_pct":0.34782608695652173,"adv3_pct":0.6071428571428571,"adv_home_pct":0.48,"money_kl_pct":0.48,"money_kl_tries":25,"pos":"2V","teho_plus":101,"adv_plus":82,"runner_plus":87,"out_avoid_plus":115,"adv1_plus":58,"adv2_plus":60,"adv3_plus":95,"adv_home_plus":101,"money_kl_plus":101,"spark_index":90,"run_value":11.312103101297396,"raa":0.9,"jyk":4.9,"vyk":0.32,"teho_plus_adj":100,"pct_kl_pct":17,"pct_saatto_pct":12,"pct_eten_pct":10,"pct_kunnari_rate":96,"pct_lyoty_rate":67,"pct_palo_rate":77,"pct_tehot_per_turn":58},"proj":{"player_id":16109,"name":"Ilona Elonheimo","as_of":"2026-07-13","age":null,"stats":{"kl_pct":{"rate":0.5063390203532825,"effective_n":82.88888373055919,"observed":0.4606269940840819},"saatto_pct":{"rate":0.547395312344772,"effective_n":166.10897253421433,"observed":0.525885409944319},"eten_pct":{"rate":0.5802446519932596,"effective_n":125.96012729739907,"observed":0.5587402358993697},"kunnari_rate":{"rate":0.012858228564795076,"effective_n":79.01010257558502,"observed":0.023720658014782285},"lyoty_rate":{"rate":0.10920170765260682,"effective_n":75.47445850517403,"observed":0.12099124475185911},"haava_rate":{"rate":0.4419007641568806,"effective_n":69.8009172087107,"observed":0.5359247116072623},"palo_rate":{"rate":0.2838786109789876,"effective_n":72.47805043300824,"observed":0.23041384705399803}},"teho_plus_proj":137},"translation":{"wrc_plus":105,"tier":"league-average regular","rows":[{"pesis_label":"Kärkilyönti-% (advance the lead runner)","pesis_value":0.46153846153846156,"percentile":17,"mlb_stat":"AVG","mlb_value":"0.179"},{"pesis_label":"Kärkilyönnit per turn (base hits)","pesis_value":0.5060240963855421,"percentile":39,"mlb_stat":"H / 600 PA","mlb_value":"144"},{"pesis_label":"Lyödyt per turn (runs batted home)","pesis_value":0.12048192771084337,"percentile":67,"mlb_stat":"RBI / 600 PA","mlb_value":"81"},{"pesis_label":"Tuodut per advance (runs scored)","pesis_value":0.04195804195804196,"percentile":39,"mlb_stat":"R / 600 PA","mlb_value":"71"},{"pesis_label":"Palot per turn (burned outs)","pesis_value":0.2289156626506024,"percentile":77,"mlb_stat":"K%","mlb_value":"18.1%"}]},"pitching":null,"career_json":[{"year":2024,"kl_pct":0.25,"teho_plus":0},{"year":2025,"kl_pct":null,"teho_plus":0},{"year":2026,"kl_pct":0.46153846153846156,"teho_plus":101}],"pct_stats":["kl_pct","saatto_pct","eten_pct","kunnari_rate","lyoty_rate","palo_rate","tehot_per_turn"],"base_kl":{"player_id":16109,"turns_at_bat":83,"kl_base0":0.3333333333333333,"kl_base0_tries":15,"kl_base1":0.34782608695652173,"kl_base1_tries":23,"kl_base2":0.6071428571428571,"kl_base2_tries":28,"kl_base3":0.48,"kl_base3_tries":25,"pct_kl_base0":24,"pct_kl_base1":12,"pct_kl_base2":36,"pct_kl_base3":48},"base_keys":["kl_base0","kl_base1","kl_base2","kl_base3"],"comps":[]}