{"player":{"id":16108,"name":"Tuuli Savonen","born_year":null},"career":[{"player_id":16108,"name":"Tuuli Savonen","born_year":null,"year":2026,"games":13,"team":"Lavepesis","turns_at_bat":55,"kunnarit":0,"lyodyt":3,"tuodut":7,"karkilyonnit":18,"karki_yritykset":40,"saatot":42,"saatto_yritykset":67,"etenemiset":62,"eteneminen_yritykset":103,"haavat":26,"palot":15,"season_id":4,"tehot":10,"kl_pct":0.45,"saatto_pct":0.6268656716417911,"eten_pct":0.6019417475728155,"kunnari_rate":0.0,"lyoty_rate":0.05454545454545454,"tuotu_rate":0.06796116504854369,"haava_rate":0.4727272727272727,"palo_rate":0.2727272727272727,"tehot_per_turn":0.18181818181818182,"kl_per_turn":0.32727272727272727,"hr_rbi_per_turn":0.05454545454545454,"kl_base0":0.3793103448275862,"kl_base0_tries":29,"kl_base1":0.5,"kl_base1_tries":4,"kl_base2":1.0,"kl_base2_tries":2,"kl_base3":0.6,"kl_base3_tries":5,"adv1_pct":0.3793103448275862,"adv2_pct":0.5,"adv3_pct":1.0,"adv_home_pct":0.6,"money_kl_pct":0.6,"money_kl_tries":5,"teho_plus":86,"adv_plus":91,"runner_plus":95,"out_avoid_plus":109,"adv1_plus":65,"adv2_plus":87,"adv3_plus":158,"adv_home_plus":127,"money_kl_plus":127,"spark_index":96,"run_value":5.117714675036337,"raa":-1.7,"jyk":1.2,"vyk":0.08,"teho_plus_adj":84}],"line":{"player_id":16108,"name":"Tuuli Savonen","born_year":null,"year":2026,"games":13,"team":"Lavepesis","turns_at_bat":55,"kunnarit":0,"lyodyt":3,"tuodut":7,"karkilyonnit":18,"karki_yritykset":40,"saatot":42,"saatto_yritykset":67,"etenemiset":62,"eteneminen_yritykset":103,"haavat":26,"palot":15,"season_id":4,"tehot":10,"kl_pct":0.45,"saatto_pct":0.6268656716417911,"eten_pct":0.6019417475728155,"kunnari_rate":0.0,"lyoty_rate":0.05454545454545454,"tuotu_rate":0.06796116504854369,"haava_rate":0.4727272727272727,"palo_rate":0.2727272727272727,"tehot_per_turn":0.18181818181818182,"kl_per_turn":0.32727272727272727,"hr_rbi_per_turn":0.05454545454545454,"kl_base0":0.3793103448275862,"kl_base0_tries":29,"kl_base1":0.5,"kl_base1_tries":4,"kl_base2":1.0,"kl_base2_tries":2,"kl_base3":0.6,"kl_base3_tries":5,"adv1_pct":0.3793103448275862,"adv2_pct":0.5,"adv3_pct":1.0,"adv_home_pct":0.6,"money_kl_pct":0.6,"money_kl_tries":5,"teho_plus":86,"adv_plus":91,"runner_plus":95,"out_avoid_plus":109,"adv1_plus":65,"adv2_plus":87,"adv3_plus":158,"adv_home_plus":127,"money_kl_plus":127,"spark_index":96,"run_value":5.117714675036337,"raa":-1.7,"jyk":1.2,"vyk":0.08,"teho_plus_adj":84,"pct_kl_pct":13,"pct_saatto_pct":45,"pct_eten_pct":30,"pct_kunnari_rate":36,"pct_lyoty_rate":51,"pct_palo_rate":67,"pct_tehot_per_turn":42},"proj":{"player_id":16108,"name":"Tuuli Savonen","as_of":"2026-06-28","age":null,"stats":{"kl_pct":{"rate":0.5261364315769307,"effective_n":36.998389893118635,"observed":0.45786351226548483},"saatto_pct":{"rate":0.633178320152436,"effective_n":60.49833054936764,"observed":0.6313512465945146},"eten_pct":{"rate":0.6120111973809622,"effective_n":92.16337920764823,"observed":0.6003123103519996},"kunnari_rate":{"rate":0.003712000039681564,"effective_n":51.97931719583692,"observed":0.0},"lyoty_rate":{"rate":0.08103214397467484,"effective_n":50.553421075679374,"observed":0.05584545357795102},"haava_rate":{"rate":0.4070859390740325,"effective_n":47.859320237593316,"observed":0.47094699972364884},"palo_rate":{"rate":0.3122267709599122,"effective_n":49.18080396729471,"observed":0.27766603529140854}},"teho_plus_proj":126},"career_json":[{"year":2026,"kl_pct":0.45,"teho_plus":86}],"pct_stats":["kl_pct","saatto_pct","eten_pct","kunnari_rate","lyoty_rate","palo_rate","tehot_per_turn"],"base_kl":{"player_id":16108,"turns_at_bat":55,"kl_base0":0.3793103448275862,"kl_base0_tries":29,"kl_base1":0.5,"kl_base1_tries":4,"kl_base2":1.0,"kl_base2_tries":2,"kl_base3":0.6,"kl_base3_tries":5,"pct_kl_base0":24,"pct_kl_base1":38,"pct_kl_base2":97,"pct_kl_base3":73},"base_keys":["kl_base0","kl_base1","kl_base2","kl_base3"],"comps":[]}