{"player":{"id":16103,"name":"Aapo Mononen","born_year":null},"career":[{"year":2024,"season_id":121,"team":"JoMa Akatemia","age":null,"games":19,"turns_at_bat":17,"vyk":-0.04,"spark_index":84,"adv_plus":71,"runner_plus":79,"out_avoid_plus":123,"money_kl_plus":108,"teho_plus":33,"teho_plus_adj":33},{"year":2025,"season_id":125,"team":"SiiPe","age":null,"games":20,"turns_at_bat":25,"vyk":-0.03,"spark_index":92,"adv_plus":91,"runner_plus":87,"out_avoid_plus":101,"money_kl_plus":71,"teho_plus":44,"teho_plus_adj":48},{"year":2026,"season_id":129,"team":"SiiPe","age":null,"games":17,"turns_at_bat":101,"vyk":-0.09,"spark_index":78,"adv_plus":70,"runner_plus":79,"out_avoid_plus":97,"money_kl_plus":44,"teho_plus":40,"teho_plus_adj":42}],"line":{"player_id":16103,"name":"Aapo Mononen","born_year":null,"year":2026,"games":17,"team":"SiiPe","turns_at_bat":101,"kunnarit":1,"lyodyt":0,"tuodut":6,"karkilyonnit":32,"karki_yritykset":86,"saatot":44,"saatto_yritykset":106,"etenemiset":72,"eteneminen_yritykset":154,"haavat":47,"palot":35,"season_id":129,"tehot":7,"kl_pct":0.37209302325581395,"saatto_pct":0.41509433962264153,"eten_pct":0.4675324675324675,"kunnari_rate":0.009900990099009901,"lyoty_rate":0.0,"tuotu_rate":0.03896103896103896,"haava_rate":0.46534653465346537,"palo_rate":0.3465346534653465,"tehot_per_turn":0.06930693069306931,"kl_per_turn":0.31683168316831684,"hr_rbi_per_turn":0.009900990099009901,"kl_base0":0.391304347826087,"kl_base0_tries":69,"kl_base1":0.3333333333333333,"kl_base1_tries":6,"kl_base2":0.3333333333333333,"kl_base2_tries":6,"kl_base3":0.2,"kl_base3_tries":5,"adv1_pct":0.391304347826087,"adv2_pct":0.3333333333333333,"adv3_pct":0.3333333333333333,"adv_home_pct":0.2,"money_kl_pct":0.2,"money_kl_tries":5,"pos":"2P","teho_plus":40,"adv_plus":70,"runner_plus":79,"out_avoid_plus":97,"adv1_plus":82,"adv2_plus":61,"adv3_plus":58,"adv_home_plus":44,"money_kl_plus":44,"spark_index":78,"run_value":0.8884139325000604,"raa":-6.6,"jyk":-1.1,"vyk":-0.09,"teho_plus_adj":42,"pct_kl_pct":6,"pct_saatto_pct":3,"pct_eten_pct":7,"pct_kunnari_rate":66,"pct_lyoty_rate":9,"pct_palo_rate":40,"pct_tehot_per_turn":14},"proj":{"player_id":16103,"name":"Aapo Mononen","as_of":"2026-07-11","age":null,"stats":{"kl_pct":{"rate":0.43745743647085755,"effective_n":84.2437696585477,"observed":0.38326239218031133},"saatto_pct":{"rate":0.47425411111333854,"effective_n":102.6386893277104,"observed":0.428555835974249},"eten_pct":{"rate":0.5039560763408435,"effective_n":146.0760748552922,"observed":0.4745795927324845},"kunnari_rate":{"rate":0.007571216333230385,"effective_n":110.28769145572704,"observed":0.008269473371420396},"lyoty_rate":{"rate":0.03624409955307441,"effective_n":101.71335118974466,"observed":0.004132647074096446},"haava_rate":{"rate":0.4427732299941557,"effective_n":90.71806450869082,"observed":0.460574153712524},"palo_rate":{"rate":0.3362799025098486,"effective_n":95.50470360134453,"observed":0.3436711943241612}},"teho_plus_proj":114},"translation":{"wrc_plus":73,"tier":"replacement level","rows":[{"pesis_label":"Kärkilyönti-% (advance the lead runner)","pesis_value":0.37209302325581395,"percentile":6,"mlb_stat":"AVG","mlb_value":"0.150"},{"pesis_label":"Kärkilyönnit per turn (base hits)","pesis_value":0.31683168316831684,"percentile":6,"mlb_stat":"H / 600 PA","mlb_value":"116"},{"pesis_label":"Lyödyt per turn (runs batted home)","pesis_value":0.0,"percentile":9,"mlb_stat":"RBI / 600 PA","mlb_value":"45"},{"pesis_label":"Tuodut per advance (runs scored)","pesis_value":0.03896103896103896,"percentile":49,"mlb_stat":"R / 600 PA","mlb_value":"76"},{"pesis_label":"Palot per turn (burned outs)","pesis_value":0.3465346534653465,"percentile":40,"mlb_stat":"K%","mlb_value":"23.6%"}]},"pitching":null,"career_json":[{"year":2024,"kl_pct":0.38461538461538464,"teho_plus":33},{"year":2025,"kl_pct":0.5333333333333333,"teho_plus":44},{"year":2026,"kl_pct":0.37209302325581395,"teho_plus":40}],"pct_stats":["kl_pct","saatto_pct","eten_pct","kunnari_rate","lyoty_rate","palo_rate","tehot_per_turn"],"base_kl":{"player_id":16103,"turns_at_bat":101,"kl_base0":0.391304347826087,"kl_base0_tries":69,"kl_base1":0.3333333333333333,"kl_base1_tries":6,"kl_base2":0.3333333333333333,"kl_base2_tries":6,"kl_base3":0.2,"kl_base3_tries":5,"pct_kl_base0":38,"pct_kl_base1":16,"pct_kl_base2":10,"pct_kl_base3":17},"base_keys":["kl_base0","kl_base1","kl_base2","kl_base3"],"comps":[]}