{"player":{"id":16109,"name":"Ilona Elonheimo","born_year":null},"career":[{"year":2024,"age":null,"games":3,"turns_at_bat":6,"vyk":-0.04,"spark_index":50,"adv_plus":33,"runner_plus":46,"out_avoid_plus":101,"money_kl_plus":null,"teho_plus":0,"teho_plus_adj":0},{"year":2025,"age":null,"games":2,"turns_at_bat":1,"vyk":-0.01,"spark_index":null,"adv_plus":null,"runner_plus":106,"out_avoid_plus":0,"money_kl_plus":null,"teho_plus":0,"teho_plus_adj":0},{"year":2026,"age":null,"games":12,"turns_at_bat":64,"vyk":0.26,"spark_index":90,"adv_plus":84,"runner_plus":83,"out_avoid_plus":115,"money_kl_plus":106,"teho_plus":103,"teho_plus_adj":100}],"line":{"player_id":16109,"name":"Ilona Elonheimo","born_year":null,"year":2026,"games":12,"team":"SMJ","turns_at_bat":64,"kunnarit":2,"lyodyt":7,"tuodut":5,"karkilyonnit":33,"karki_yritykset":68,"saatot":74,"saatto_yritykset":140,"etenemiset":57,"eteneminen_yritykset":108,"haavat":36,"palot":15,"season_id":4,"tehot":14,"kl_pct":0.4852941176470588,"saatto_pct":0.5285714285714286,"eten_pct":0.5277777777777778,"kunnari_rate":0.03125,"lyoty_rate":0.109375,"tuotu_rate":0.046296296296296294,"haava_rate":0.5625,"palo_rate":0.234375,"tehot_per_turn":0.21875,"kl_per_turn":0.515625,"hr_rbi_per_turn":0.140625,"kl_base0":0.2727272727272727,"kl_base0_tries":11,"kl_base1":0.42105263157894735,"kl_base1_tries":19,"kl_base2":0.65,"kl_base2_tries":20,"kl_base3":0.5,"kl_base3_tries":18,"adv1_pct":0.2727272727272727,"adv2_pct":0.42105263157894735,"adv3_pct":0.65,"adv_home_pct":0.5,"money_kl_pct":0.5,"money_kl_tries":18,"pos":"2V","teho_plus":103,"adv_plus":84,"runner_plus":83,"out_avoid_plus":115,"adv1_plus":47,"adv2_plus":73,"adv3_plus":102,"adv_home_plus":106,"money_kl_plus":106,"spark_index":90,"run_value":8.440250935595667,"raa":0.5,"jyk":3.9,"vyk":0.26,"teho_plus_adj":100,"pct_kl_pct":24,"pct_saatto_pct":11,"pct_eten_pct":5,"pct_kunnari_rate":98,"pct_lyoty_rate":65,"pct_palo_rate":77,"pct_tehot_per_turn":57},"proj":{"player_id":16109,"name":"Ilona Elonheimo","as_of":"2026-06-18","age":null,"stats":{"kl_pct":{"rate":0.5256200824897782,"effective_n":65.12037952576517,"observed":0.4863548163522584},"saatto_pct":{"rate":0.5562901347213896,"effective_n":131.11129323001416,"observed":0.5319896931743937},"eten_pct":{"rate":0.5659664058809634,"effective_n":101.68000420025066,"observed":0.5327204539049963},"kunnari_rate":{"rate":0.014225090781393926,"effective_n":63.3906283128725,"observed":0.031082845467742648},"lyoty_rate":{"rate":0.10227314902567251,"effective_n":61.340425128666055,"observed":0.1092181129390768},"haava_rate":{"rate":0.44366643307500486,"effective_n":58.3844442489551,"observed":0.5586696062457381},"palo_rate":{"rate":0.29220929616974706,"effective_n":59.74174316811035,"observed":0.23695274398307614}},"teho_plus_proj":135},"translation":{"wrc_plus":104,"tier":"league-average regular","rows":[{"pesis_label":"Kärkilyönti-% (advance the lead runner)","pesis_value":0.4852941176470588,"percentile":24,"mlb_stat":"AVG","mlb_value":"0.234"},{"pesis_label":"Kärkilyönnit per turn (base hits)","pesis_value":0.515625,"percentile":42,"mlb_stat":"H / 600 PA","mlb_value":"146"},{"pesis_label":"Lyödyt per turn (runs batted home)","pesis_value":0.109375,"percentile":65,"mlb_stat":"RBI / 600 PA","mlb_value":"80"},{"pesis_label":"Tuodut per advance (runs scored)","pesis_value":0.046296296296296294,"percentile":48,"mlb_stat":"R / 600 PA","mlb_value":"75"},{"pesis_label":"Palot per turn (burned outs)","pesis_value":0.234375,"percentile":77,"mlb_stat":"K%","mlb_value":"18.1%"}]},"pitching":null,"career_json":[{"year":2024,"kl_pct":0.25,"teho_plus":0},{"year":2025,"kl_pct":null,"teho_plus":0},{"year":2026,"kl_pct":0.4852941176470588,"teho_plus":103}],"pct_stats":["kl_pct","saatto_pct","eten_pct","kunnari_rate","lyoty_rate","palo_rate","tehot_per_turn"],"base_kl":{"player_id":16109,"turns_at_bat":64,"kl_base0":0.2727272727272727,"kl_base0_tries":11,"kl_base1":0.42105263157894735,"kl_base1_tries":19,"kl_base2":0.65,"kl_base2_tries":20,"kl_base3":0.5,"kl_base3_tries":18,"pct_kl_base0":18,"pct_kl_base1":24,"pct_kl_base2":50,"pct_kl_base3":54},"base_keys":["kl_base0","kl_base1","kl_base2","kl_base3"],"comps":[]}