{"player":{"id":16109,"name":"Ilona Elonheimo","born_year":null},"career":[{"year":2024,"season_id":122,"team":"Kirittäret","age":null,"games":3,"turns_at_bat":6,"vyk":-0.04,"spark_index":50,"adv_plus":33,"runner_plus":46,"out_avoid_plus":101,"money_kl_plus":null,"teho_plus":0,"teho_plus_adj":0},{"year":2025,"season_id":126,"team":"Kirittäret","age":null,"games":2,"turns_at_bat":1,"vyk":-0.01,"spark_index":null,"adv_plus":null,"runner_plus":106,"out_avoid_plus":0,"money_kl_plus":null,"teho_plus":0,"teho_plus_adj":0},{"year":2026,"season_id":130,"team":"SMJ","age":null,"games":13,"turns_at_bat":69,"vyk":0.27,"spark_index":86,"adv_plus":79,"runner_plus":80,"out_avoid_plus":113,"money_kl_plus":100,"teho_plus":102,"teho_plus_adj":99}],"line":{"player_id":16109,"name":"Ilona Elonheimo","born_year":null,"year":2026,"games":13,"team":"SMJ","turns_at_bat":69,"kunnarit":2,"lyodyt":8,"tuodut":5,"karkilyonnit":34,"karki_yritykset":74,"saatot":76,"saatto_yritykset":153,"etenemiset":58,"eteneminen_yritykset":114,"haavat":39,"palot":17,"season_id":130,"tehot":15,"kl_pct":0.4594594594594595,"saatto_pct":0.49673202614379086,"eten_pct":0.5087719298245614,"kunnari_rate":0.028985507246376812,"lyoty_rate":0.11594202898550725,"tuotu_rate":0.043859649122807015,"haava_rate":0.5652173913043478,"palo_rate":0.2463768115942029,"tehot_per_turn":0.21739130434782608,"kl_per_turn":0.4927536231884058,"hr_rbi_per_turn":0.14492753623188406,"kl_base0":0.25,"kl_base0_tries":12,"kl_base1":0.4,"kl_base1_tries":20,"kl_base2":0.6190476190476191,"kl_base2_tries":21,"kl_base3":0.47619047619047616,"kl_base3_tries":21,"adv1_pct":0.25,"adv2_pct":0.4,"adv3_pct":0.6190476190476191,"adv_home_pct":0.47619047619047616,"money_kl_pct":0.47619047619047616,"money_kl_tries":21,"pos":"2V","teho_plus":102,"adv_plus":79,"runner_plus":80,"out_avoid_plus":113,"adv1_plus":43,"adv2_plus":69,"adv3_plus":97,"adv_home_plus":100,"money_kl_plus":100,"spark_index":86,"run_value":8.483876291227316,"raa":0.3,"jyk":4.0,"vyk":0.27,"teho_plus_adj":99,"pct_kl_pct":17,"pct_saatto_pct":10,"pct_eten_pct":4,"pct_kunnari_rate":97,"pct_lyoty_rate":67,"pct_palo_rate":73,"pct_tehot_per_turn":56},"proj":{"player_id":16109,"name":"Ilona Elonheimo","as_of":"2026-07-04","age":null,"stats":{"kl_pct":{"rate":0.5100721532553754,"effective_n":68.0459562295824,"observed":0.45825065532074916},"saatto_pct":{"rate":0.5279318876818436,"effective_n":135.91526562275655,"observed":0.4959657592565376},"eten_pct":{"rate":0.551795585325904,"effective_n":101.34011225141474,"observed":0.5111343575021308},"kunnari_rate":{"rate":0.013693963469436101,"effective_n":66.38227355554292,"observed":0.028746327138730324},"lyoty_rate":{"rate":0.10598542268750348,"effective_n":63.446413892454935,"observed":0.11635086764079713},"haava_rate":{"rate":0.4455600497294682,"effective_n":58.85982075329927,"observed":0.5621629690575154},"palo_rate":{"rate":0.29695396633392657,"effective_n":61.01086217776553,"observed":0.25026144518776416}},"teho_plus_proj":133},"translation":{"wrc_plus":104,"tier":"league-average regular","rows":[{"pesis_label":"Kärkilyönti-% (advance the lead runner)","pesis_value":0.4594594594594595,"percentile":17,"mlb_stat":"AVG","mlb_value":"0.189"},{"pesis_label":"Kärkilyönnit per turn (base hits)","pesis_value":0.4927536231884058,"percentile":33,"mlb_stat":"H / 600 PA","mlb_value":"140"},{"pesis_label":"Lyödyt per turn (runs batted home)","pesis_value":0.11594202898550725,"percentile":67,"mlb_stat":"RBI / 600 PA","mlb_value":"81"},{"pesis_label":"Tuodut per advance (runs scored)","pesis_value":0.043859649122807015,"percentile":45,"mlb_stat":"R / 600 PA","mlb_value":"74"},{"pesis_label":"Palot per turn (burned outs)","pesis_value":0.2463768115942029,"percentile":73,"mlb_stat":"K%","mlb_value":"18.8%"}]},"pitching":null,"career_json":[{"year":2024,"kl_pct":0.25,"teho_plus":0},{"year":2025,"kl_pct":null,"teho_plus":0},{"year":2026,"kl_pct":0.4594594594594595,"teho_plus":102}],"pct_stats":["kl_pct","saatto_pct","eten_pct","kunnari_rate","lyoty_rate","palo_rate","tehot_per_turn"],"base_kl":{"player_id":16109,"turns_at_bat":69,"kl_base0":0.25,"kl_base0_tries":12,"kl_base1":0.4,"kl_base1_tries":20,"kl_base2":0.6190476190476191,"kl_base2_tries":21,"kl_base3":0.47619047619047616,"kl_base3_tries":21,"pct_kl_base0":18,"pct_kl_base1":20,"pct_kl_base2":42,"pct_kl_base3":48},"base_keys":["kl_base0","kl_base1","kl_base2","kl_base3"],"comps":[]}