{"player":{"id":16103,"name":"Aapo Mononen","born_year":null},"career":[{"year":2024,"season_id":121,"team":"JoMa Akatemia","age":null,"games":19,"turns_at_bat":17,"vyk":-0.06,"spark_index":84,"adv_plus":71,"runner_plus":79,"out_avoid_plus":123,"money_kl_plus":108,"teho_plus":33,"teho_plus_adj":33},{"year":2025,"season_id":125,"team":"SiiPe","age":null,"games":20,"turns_at_bat":25,"vyk":-0.04,"spark_index":92,"adv_plus":91,"runner_plus":87,"out_avoid_plus":101,"money_kl_plus":71,"teho_plus":44,"teho_plus_adj":48},{"year":2026,"season_id":129,"team":"SiiPe","age":null,"games":19,"turns_at_bat":113,"vyk":-0.17,"spark_index":80,"adv_plus":73,"runner_plus":81,"out_avoid_plus":98,"money_kl_plus":36,"teho_plus":41,"teho_plus_adj":42}],"line":{"player_id":16103,"name":"Aapo Mononen","born_year":null,"year":2026,"games":19,"team":"SiiPe","turns_at_bat":113,"kunnarit":1,"lyodyt":0,"tuodut":7,"karkilyonnit":37,"karki_yritykset":96,"saatot":52,"saatto_yritykset":121,"etenemiset":85,"eteneminen_yritykset":178,"haavat":54,"palot":39,"season_id":129,"tehot":8,"kl_pct":0.3854166666666667,"saatto_pct":0.4297520661157025,"eten_pct":0.47752808988764045,"kunnari_rate":0.008849557522123894,"lyoty_rate":0.0,"tuotu_rate":0.03932584269662921,"haava_rate":0.4778761061946903,"palo_rate":0.34513274336283184,"tehot_per_turn":0.07079646017699115,"kl_per_turn":0.3274336283185841,"hr_rbi_per_turn":0.008849557522123894,"kl_base0":0.41025641025641024,"kl_base0_tries":78,"kl_base1":0.3333333333333333,"kl_base1_tries":6,"kl_base2":0.3333333333333333,"kl_base2_tries":6,"kl_base3":0.16666666666666666,"kl_base3_tries":6,"adv1_pct":0.41025641025641024,"adv2_pct":0.3333333333333333,"adv3_pct":0.3333333333333333,"adv_home_pct":0.16666666666666666,"money_kl_pct":0.16666666666666666,"money_kl_tries":6,"pos":"2P","teho_plus":41,"adv_plus":73,"runner_plus":81,"out_avoid_plus":98,"adv1_plus":86,"adv2_plus":61,"adv3_plus":58,"adv_home_plus":36,"money_kl_plus":36,"spark_index":80,"run_value":-0.920618616590342,"raa":-8.8,"jyk":-2.0,"vyk":-0.17,"teho_plus_adj":42,"pct_kl_pct":8,"pct_saatto_pct":3,"pct_eten_pct":6,"pct_kunnari_rate":62,"pct_lyoty_rate":9,"pct_palo_rate":39,"pct_tehot_per_turn":13},"proj":{"player_id":16103,"name":"Aapo Mononen","as_of":"2026-07-22","age":null,"stats":{"kl_pct":{"rate":0.4427032100565042,"effective_n":91.40380509352894,"observed":0.3959047176797983},"saatto_pct":{"rate":0.4814528420233624,"effective_n":112.93883772233997,"observed":0.4421767072280466},"eten_pct":{"rate":0.5092058445357934,"effective_n":163.37208321205796,"observed":0.4842752237156494},"kunnari_rate":{"rate":0.007389579114578214,"effective_n":119.78998286011634,"observed":0.007447668721210523},"lyoty_rate":{"rate":0.03464320546315844,"effective_n":110.26383663073499,"observed":0.003688246368773338},"haava_rate":{"rate":0.4497779489685526,"effective_n":97.6145797004678,"observed":0.475518346664678},"palo_rate":{"rate":0.33623723759997803,"effective_n":103.19554288925109,"observed":0.34225876514067477}},"teho_plus_proj":113},"translation":{"wrc_plus":72,"tier":"replacement level","rows":[{"pesis_label":"Kärkilyönti-% (advance the lead runner)","pesis_value":0.3854166666666667,"percentile":8,"mlb_stat":"AVG","mlb_value":"0.102"},{"pesis_label":"Kärkilyönnit per turn (base hits)","pesis_value":0.3274336283185841,"percentile":7,"mlb_stat":"H / 600 PA","mlb_value":"118"},{"pesis_label":"Lyödyt per turn (runs batted home)","pesis_value":0.0,"percentile":9,"mlb_stat":"RBI / 600 PA","mlb_value":"45"},{"pesis_label":"Tuodut per advance (runs scored)","pesis_value":0.03932584269662921,"percentile":49,"mlb_stat":"R / 600 PA","mlb_value":"76"},{"pesis_label":"Palot per turn (burned outs)","pesis_value":0.34513274336283184,"percentile":39,"mlb_stat":"K%","mlb_value":"23.7%"}]},"pitching":null,"career_json":[{"year":2024,"kl_pct":0.38461538461538464,"teho_plus":33},{"year":2025,"kl_pct":0.5333333333333333,"teho_plus":44},{"year":2026,"kl_pct":0.3854166666666667,"teho_plus":41}],"pct_stats":["kl_pct","saatto_pct","eten_pct","kunnari_rate","lyoty_rate","palo_rate","tehot_per_turn"],"base_kl":{"player_id":16103,"turns_at_bat":113,"kl_base0":0.41025641025641024,"kl_base0_tries":78,"kl_base1":0.3333333333333333,"kl_base1_tries":6,"kl_base2":0.3333333333333333,"kl_base2_tries":6,"kl_base3":0.16666666666666666,"kl_base3_tries":6,"pct_kl_base0":44,"pct_kl_base1":15,"pct_kl_base2":8,"pct_kl_base3":14},"base_keys":["kl_base0","kl_base1","kl_base2","kl_base3"],"comps":[]}