{"player":{"id":16103,"name":"Aapo Mononen","born_year":null},"career":[{"year":2024,"season_id":121,"team":"JoMa Akatemia","age":null,"games":19,"turns_at_bat":17,"vyk":-0.04,"spark_index":84,"adv_plus":71,"runner_plus":79,"out_avoid_plus":123,"money_kl_plus":108,"teho_plus":33,"teho_plus_adj":33},{"year":2025,"season_id":125,"team":"SiiPe","age":null,"games":20,"turns_at_bat":25,"vyk":-0.03,"spark_index":92,"adv_plus":91,"runner_plus":87,"out_avoid_plus":101,"money_kl_plus":71,"teho_plus":44,"teho_plus_adj":48},{"year":2026,"season_id":129,"team":"SiiPe","age":null,"games":14,"turns_at_bat":89,"vyk":0.01,"spark_index":75,"adv_plus":66,"runner_plus":74,"out_avoid_plus":100,"money_kl_plus":44,"teho_plus":47,"teho_plus_adj":48}],"line":{"player_id":16103,"name":"Aapo Mononen","born_year":null,"year":2026,"games":14,"team":"SiiPe","turns_at_bat":89,"kunnarit":1,"lyodyt":0,"tuodut":6,"karkilyonnit":27,"karki_yritykset":77,"saatot":36,"saatto_yritykset":93,"etenemiset":57,"eteneminen_yritykset":130,"haavat":44,"palot":29,"season_id":129,"tehot":7,"kl_pct":0.35064935064935066,"saatto_pct":0.3870967741935484,"eten_pct":0.43846153846153846,"kunnari_rate":0.011235955056179775,"lyoty_rate":0.0,"tuotu_rate":0.046153846153846156,"haava_rate":0.4943820224719101,"palo_rate":0.3258426966292135,"tehot_per_turn":0.07865168539325842,"kl_per_turn":0.30337078651685395,"hr_rbi_per_turn":0.011235955056179775,"kl_base0":0.36065573770491804,"kl_base0_tries":61,"kl_base1":0.4,"kl_base1_tries":5,"kl_base2":0.3333333333333333,"kl_base2_tries":6,"kl_base3":0.2,"kl_base3_tries":5,"adv1_pct":0.36065573770491804,"adv2_pct":0.4,"adv3_pct":0.3333333333333333,"adv_home_pct":0.2,"money_kl_pct":0.2,"money_kl_tries":5,"pos":"2P","teho_plus":47,"adv_plus":66,"runner_plus":74,"out_avoid_plus":100,"adv1_plus":76,"adv2_plus":73,"adv3_plus":58,"adv_home_plus":44,"money_kl_plus":44,"spark_index":75,"run_value":4.065749514526833,"raa":-5.1,"jyk":0.1,"vyk":0.01,"teho_plus_adj":48,"pct_kl_pct":2,"pct_saatto_pct":2,"pct_eten_pct":0,"pct_kunnari_rate":71,"pct_lyoty_rate":12,"pct_palo_rate":48,"pct_tehot_per_turn":20},"proj":{"player_id":16103,"name":"Aapo Mononen","as_of":"2026-07-04","age":null,"stats":{"kl_pct":{"rate":0.42857784411020555,"effective_n":76.90098653939926,"observed":0.3627386897588465},"saatto_pct":{"rate":0.4590794653072841,"effective_n":92.30792835340326,"observed":0.40165531364411267},"eten_pct":{"rate":0.4863416674198985,"effective_n":125.7380557005868,"observed":0.4452210249264182},"kunnari_rate":{"rate":0.00769976004652123,"effective_n":99.72739405066675,"observed":0.009274203889542495},"lyoty_rate":{"rate":0.037879414284863966,"effective_n":91.69949992947387,"observed":0.004681372571774684},"haava_rate":{"rate":0.4545039628961023,"effective_n":81.66292934535184,"observed":0.49218360421597457},"palo_rate":{"rate":0.3248295561260917,"effective_n":85.98711755087886,"observed":0.3214737416821876}},"teho_plus_proj":114},"translation":{"wrc_plus":79,"tier":"bench bat","rows":[{"pesis_label":"Kärkilyönti-% (advance the lead runner)","pesis_value":0.35064935064935066,"percentile":2,"mlb_stat":"AVG","mlb_value":"0.119"},{"pesis_label":"Kärkilyönnit per turn (base hits)","pesis_value":0.30337078651685395,"percentile":3,"mlb_stat":"H / 600 PA","mlb_value":"109"},{"pesis_label":"Lyödyt per turn (runs batted home)","pesis_value":0.0,"percentile":12,"mlb_stat":"RBI / 600 PA","mlb_value":"49"},{"pesis_label":"Tuodut per advance (runs scored)","pesis_value":0.046153846153846156,"percentile":59,"mlb_stat":"R / 600 PA","mlb_value":"80"},{"pesis_label":"Palot per turn (burned outs)","pesis_value":0.3258426966292135,"percentile":48,"mlb_stat":"K%","mlb_value":"22.5%"}]},"pitching":null,"career_json":[{"year":2024,"kl_pct":0.38461538461538464,"teho_plus":33},{"year":2025,"kl_pct":0.5333333333333333,"teho_plus":44},{"year":2026,"kl_pct":0.35064935064935066,"teho_plus":47}],"pct_stats":["kl_pct","saatto_pct","eten_pct","kunnari_rate","lyoty_rate","palo_rate","tehot_per_turn"],"base_kl":{"player_id":16103,"turns_at_bat":89,"kl_base0":0.36065573770491804,"kl_base0_tries":61,"kl_base1":0.4,"kl_base1_tries":5,"kl_base2":0.3333333333333333,"kl_base2_tries":6,"kl_base3":0.2,"kl_base3_tries":5,"pct_kl_base0":30,"pct_kl_base1":23,"pct_kl_base2":10,"pct_kl_base3":20},"base_keys":["kl_base0","kl_base1","kl_base2","kl_base3"],"comps":[]}