{"player":{"id":1612,"name":"Arto Vainikainen","born_year":null},"career":[{"year":2001,"season_id":131,"team":"KiPa","age":null,"games":16,"turns_at_bat":97,"vyk":0.07,"spark_index":86,"adv_plus":74,"runner_plus":81,"out_avoid_plus":123,"money_kl_plus":65,"teho_plus":32,"teho_plus_adj":32}],"line":{"player_id":1612,"name":"Arto Vainikainen","born_year":null,"year":2001,"games":16,"team":"KiPa","turns_at_bat":97,"kunnarit":0,"lyodyt":4,"tuodut":3,"karkilyonnit":34,"karki_yritykset":81,"saatot":77,"saatto_yritykset":167,"etenemiset":77,"eteneminen_yritykset":152,"haavat":60,"palot":15,"season_id":131,"tehot":7,"kl_pct":0.41975308641975306,"saatto_pct":0.46107784431137727,"eten_pct":0.506578947368421,"kunnari_rate":0.0,"lyoty_rate":0.041237113402061855,"tuotu_rate":0.019736842105263157,"haava_rate":0.6185567010309279,"palo_rate":0.15463917525773196,"tehot_per_turn":0.07216494845360824,"kl_per_turn":0.35051546391752575,"hr_rbi_per_turn":0.041237113402061855,"kl_base0":0.5454545454545454,"kl_base0_tries":22,"kl_base1":0.3076923076923077,"kl_base1_tries":26,"kl_base2":0.47619047619047616,"kl_base2_tries":21,"kl_base3":0.3333333333333333,"kl_base3_tries":12,"adv1_pct":0.5454545454545454,"adv2_pct":0.3076923076923077,"adv3_pct":0.47619047619047616,"adv_home_pct":0.3333333333333333,"money_kl_pct":0.3333333333333333,"money_kl_tries":12,"pos":"L","teho_plus":32,"adv_plus":74,"runner_plus":81,"out_avoid_plus":123,"adv1_plus":97,"adv2_plus":56,"adv3_plus":75,"adv_home_plus":65,"money_kl_plus":65,"spark_index":86,"run_value":6.291488357251847,"raa":-5.4,"jyk":1.3,"vyk":0.07,"teho_plus_adj":32,"pct_kl_pct":15,"pct_saatto_pct":10,"pct_eten_pct":13,"pct_kunnari_rate":26,"pct_lyoty_rate":30,"pct_palo_rate":95,"pct_tehot_per_turn":6},"proj":null,"translation":null,"pitching":null,"career_json":[{"year":2001,"kl_pct":0.41975308641975306,"teho_plus":32}],"pct_stats":["kl_pct","saatto_pct","eten_pct","kunnari_rate","lyoty_rate","palo_rate","tehot_per_turn"],"base_kl":{"player_id":1612,"turns_at_bat":97,"kl_base0":0.5454545454545454,"kl_base0_tries":22,"kl_base1":0.3076923076923077,"kl_base1_tries":26,"kl_base2":0.47619047619047616,"kl_base2_tries":21,"kl_base3":0.3333333333333333,"kl_base3_tries":12,"pct_kl_base0":50,"pct_kl_base1":14,"pct_kl_base2":20,"pct_kl_base3":16},"base_keys":["kl_base0","kl_base1","kl_base2","kl_base3"],"comps":[]}