{"player":{"id":16221,"name":"Katri Kangas","born_year":null},"career":[{"year":2026,"season_id":130,"team":"HP-K","age":null,"games":10,"turns_at_bat":35,"vyk":-0.09,"spark_index":91,"adv_plus":103,"runner_plus":89,"out_avoid_plus":64,"money_kl_plus":0,"teho_plus":26,"teho_plus_adj":26}],"line":{"player_id":16221,"name":"Katri Kangas","born_year":null,"year":2026,"games":10,"team":"HP-K","turns_at_bat":35,"kunnarit":0,"lyodyt":0,"tuodut":2,"karkilyonnit":19,"karki_yritykset":31,"saatot":26,"saatto_yritykset":40,"etenemiset":40,"eteneminen_yritykset":71,"haavat":11,"palot":20,"season_id":130,"tehot":2,"kl_pct":0.6129032258064516,"saatto_pct":0.65,"eten_pct":0.5633802816901409,"kunnari_rate":0.0,"lyoty_rate":0.0,"tuotu_rate":0.028169014084507043,"haava_rate":0.3142857142857143,"palo_rate":0.5714285714285714,"tehot_per_turn":0.05714285714285714,"kl_per_turn":0.5428571428571428,"hr_rbi_per_turn":0.0,"kl_base0":0.68,"kl_base0_tries":25,"kl_base1":0.4,"kl_base1_tries":5,"kl_base2":null,"kl_base2_tries":0,"kl_base3":0.0,"kl_base3_tries":1,"adv1_pct":0.68,"adv2_pct":0.4,"adv3_pct":null,"adv_home_pct":0.0,"money_kl_pct":0.0,"money_kl_tries":1,"pos":"3V","teho_plus":26,"adv_plus":103,"runner_plus":89,"out_avoid_plus":64,"adv1_plus":118,"adv2_plus":69,"adv3_plus":null,"adv_home_plus":0,"money_kl_plus":0,"spark_index":91,"run_value":1.585562393327697,"raa":-3.0,"jyk":-1.4,"vyk":-0.09,"teho_plus_adj":26,"pct_kl_pct":null,"pct_saatto_pct":null,"pct_eten_pct":null,"pct_kunnari_rate":null,"pct_lyoty_rate":null,"pct_palo_rate":null,"pct_tehot_per_turn":null},"proj":{"player_id":16221,"name":"Katri Kangas","as_of":"2026-07-15","age":null,"stats":{"kl_pct":{"rate":0.5820492630566838,"effective_n":28.053431092840118,"observed":0.6093064128793054},"saatto_pct":{"rate":0.6415818520575081,"effective_n":35.036345942896034,"observed":0.6465536964436801},"eten_pct":{"rate":0.5943892903565975,"effective_n":62.26359501180407,"observed":0.561840392353352},"kunnari_rate":{"rate":0.004664399815397534,"effective_n":32.82962065988875,"observed":0.0},"lyoty_rate":{"rate":0.07062641767717699,"effective_n":31.82228780061194,"observed":0.0},"haava_rate":{"rate":0.35979961669097865,"effective_n":29.949781836137962,"observed":0.30595879329879316},"palo_rate":{"rate":0.40035982437260814,"effective_n":30.863195409611272,"observed":0.5762445519007549}},"teho_plus_proj":117},"translation":null,"pitching":null,"career_json":[{"year":2026,"kl_pct":0.6129032258064516,"teho_plus":26}],"pct_stats":["kl_pct","saatto_pct","eten_pct","kunnari_rate","lyoty_rate","palo_rate","tehot_per_turn"],"base_kl":{"player_id":16221,"turns_at_bat":35,"kl_base0":0.68,"kl_base0_tries":25,"kl_base1":0.4,"kl_base1_tries":5,"kl_base2":null,"kl_base2_tries":0,"kl_base3":0.0,"kl_base3_tries":1,"pct_kl_base0":null,"pct_kl_base1":null,"pct_kl_base2":null,"pct_kl_base3":null},"base_keys":["kl_base0","kl_base1","kl_base2","kl_base3"],"comps":[]}