{"player":{"id":16299,"name":"Essi Närvä","born_year":null},"career":[{"year":2024,"season_id":176,"team":"Majuttaret","age":null,"games":11,"turns_at_bat":71,"vyk":-0.03,"spark_index":84,"adv_plus":84,"runner_plus":91,"out_avoid_plus":76,"money_kl_plus":91,"teho_plus":79,"teho_plus_adj":79}],"line":{"player_id":16299,"name":"Essi Närvä","born_year":null,"year":2024,"games":11,"team":"Majuttaret","turns_at_bat":71,"kunnarit":1,"lyodyt":8,"tuodut":8,"karkilyonnit":37,"karki_yritykset":67,"saatot":68,"saatto_yritykset":126,"etenemiset":76,"eteneminen_yritykset":126,"haavat":16,"palot":34,"season_id":176,"tehot":17,"kl_pct":0.5522388059701493,"saatto_pct":0.5396825396825397,"eten_pct":0.6031746031746031,"kunnari_rate":0.014084507042253521,"lyoty_rate":0.11267605633802817,"tuotu_rate":0.06349206349206349,"haava_rate":0.22535211267605634,"palo_rate":0.4788732394366197,"tehot_per_turn":0.23943661971830985,"kl_per_turn":0.5211267605633803,"hr_rbi_per_turn":0.1267605633802817,"kl_base0":0.5555555555555556,"kl_base0_tries":18,"kl_base1":0.5,"kl_base1_tries":10,"kl_base2":0.5909090909090909,"kl_base2_tries":22,"kl_base3":0.5294117647058824,"kl_base3_tries":17,"adv1_pct":0.5555555555555556,"adv2_pct":0.5,"adv3_pct":0.5909090909090909,"adv_home_pct":0.5294117647058824,"money_kl_pct":0.5294117647058824,"money_kl_tries":17,"pos":"S","teho_plus":79,"adv_plus":84,"runner_plus":91,"out_avoid_plus":76,"adv1_plus":95,"adv2_plus":84,"adv3_plus":86,"adv_home_plus":91,"money_kl_plus":91,"spark_index":84,"run_value":1.9005483903337779,"raa":-6.8,"jyk":-0.6,"vyk":-0.03,"teho_plus_adj":79,"pct_kl_pct":29,"pct_saatto_pct":11,"pct_eten_pct":25,"pct_kunnari_rate":64,"pct_lyoty_rate":56,"pct_palo_rate":5,"pct_tehot_per_turn":38},"proj":null,"translation":null,"pitching":null,"career_json":[{"year":2024,"kl_pct":0.5522388059701493,"teho_plus":79}],"pct_stats":["kl_pct","saatto_pct","eten_pct","kunnari_rate","lyoty_rate","palo_rate","tehot_per_turn"],"base_kl":{"player_id":16299,"turns_at_bat":71,"kl_base0":0.5555555555555556,"kl_base0_tries":18,"kl_base1":0.5,"kl_base1_tries":10,"kl_base2":0.5909090909090909,"kl_base2_tries":22,"kl_base3":0.5294117647058824,"kl_base3_tries":17,"pct_kl_base0":51,"pct_kl_base1":28,"pct_kl_base2":28,"pct_kl_base3":38},"base_keys":["kl_base0","kl_base1","kl_base2","kl_base3"],"comps":[]}