{"player":{"id":16297,"name":"Siiri Heininen","born_year":null},"career":[{"year":2023,"season_id":118,"team":"MaJu","age":null,"games":1,"turns_at_bat":5,"vyk":-0.04,"spark_index":43,"adv_plus":20,"runner_plus":31,"out_avoid_plus":119,"money_kl_plus":0,"teho_plus":0,"teho_plus_adj":0},{"year":2025,"season_id":126,"team":"Pesäkarhut-Akatemia","age":null,"games":13,"turns_at_bat":84,"vyk":-0.36,"spark_index":96,"adv_plus":101,"runner_plus":101,"out_avoid_plus":78,"money_kl_plus":0,"teho_plus":65,"teho_plus_adj":65},{"year":2026,"season_id":130,"team":"Tarmo","age":null,"games":15,"turns_at_bat":89,"vyk":0.49,"spark_index":104,"adv_plus":111,"runner_plus":101,"out_avoid_plus":93,"money_kl_plus":125,"teho_plus":72,"teho_plus_adj":70}],"line":{"player_id":16297,"name":"Siiri Heininen","born_year":null,"year":2026,"games":15,"team":"Tarmo","turns_at_bat":89,"kunnarit":1,"lyodyt":2,"tuodut":11,"karkilyonnit":56,"karki_yritykset":88,"saatot":110,"saatto_yritykset":155,"etenemiset":105,"eteneminen_yritykset":164,"haavat":25,"palot":34,"season_id":130,"tehot":14,"kl_pct":0.6363636363636364,"saatto_pct":0.7096774193548387,"eten_pct":0.6402439024390244,"kunnari_rate":0.011235955056179775,"lyoty_rate":0.02247191011235955,"tuotu_rate":0.06707317073170732,"haava_rate":0.2808988764044944,"palo_rate":0.38202247191011235,"tehot_per_turn":0.15730337078651685,"kl_per_turn":0.6292134831460674,"hr_rbi_per_turn":0.033707865168539325,"kl_base0":0.5909090909090909,"kl_base0_tries":22,"kl_base1":0.6296296296296297,"kl_base1_tries":54,"kl_base2":0.8571428571428571,"kl_base2_tries":7,"kl_base3":0.6,"kl_base3_tries":5,"adv1_pct":0.5909090909090909,"adv2_pct":0.6296296296296297,"adv3_pct":0.8571428571428571,"adv_home_pct":0.6,"money_kl_pct":0.6,"money_kl_tries":5,"pos":"2P","teho_plus":72,"adv_plus":111,"runner_plus":101,"out_avoid_plus":93,"adv1_plus":103,"adv2_plus":109,"adv3_plus":134,"adv_home_plus":125,"money_kl_plus":125,"spark_index":104,"run_value":15.203935763974835,"raa":2.3,"jyk":7.5,"vyk":0.49,"teho_plus_adj":70,"pct_kl_pct":78,"pct_saatto_pct":74,"pct_eten_pct":57,"pct_kunnari_rate":77,"pct_lyoty_rate":27,"pct_palo_rate":33,"pct_tehot_per_turn":34},"proj":{"player_id":16297,"name":"Siiri Heininen","as_of":"2026-07-16","age":null,"stats":{"kl_pct":{"rate":0.6038601432534398,"effective_n":98.61691495808265,"observed":0.6250841219059099},"saatto_pct":{"rate":0.6863778101671245,"effective_n":156.94612408998307,"observed":0.6989754049224185},"eten_pct":{"rate":0.6375407881644403,"effective_n":180.48361163362196,"observed":0.6383392845642989},"kunnari_rate":{"rate":0.00676387899189867,"effective_n":123.37741520503859,"observed":0.007602241361717485},"lyoty_rate":{"rate":0.051168399833319486,"effective_n":107.80699220252356,"observed":0.016078750061484254},"haava_rate":{"rate":0.3324081671496389,"effective_n":88.02457546885951,"observed":0.2831228095711797},"palo_rate":{"rate":0.3680947457741429,"effective_n":96.48340583024566,"observed":0.3973919867734217}},"teho_plus_proj":115},"translation":{"wrc_plus":90,"tier":"league-average regular","rows":[{"pesis_label":"Kärkilyönti-% (advance the lead runner)","pesis_value":0.6363636363636364,"percentile":78,"mlb_stat":"AVG","mlb_value":"0.353"},{"pesis_label":"Kärkilyönnit per turn (base hits)","pesis_value":0.6292134831460674,"percentile":79,"mlb_stat":"H / 600 PA","mlb_value":"168"},{"pesis_label":"Lyödyt per turn (runs batted home)","pesis_value":0.02247191011235955,"percentile":27,"mlb_stat":"RBI / 600 PA","mlb_value":"60"},{"pesis_label":"Tuodut per advance (runs scored)","pesis_value":0.06707317073170732,"percentile":70,"mlb_stat":"R / 600 PA","mlb_value":"85"},{"pesis_label":"Palot per turn (burned outs)","pesis_value":0.38202247191011235,"percentile":33,"mlb_stat":"K%","mlb_value":"24.6%"}]},"pitching":null,"career_json":[{"year":2023,"kl_pct":0.0,"teho_plus":0},{"year":2025,"kl_pct":0.5901639344262295,"teho_plus":65},{"year":2026,"kl_pct":0.6363636363636364,"teho_plus":72}],"pct_stats":["kl_pct","saatto_pct","eten_pct","kunnari_rate","lyoty_rate","palo_rate","tehot_per_turn"],"base_kl":{"player_id":16297,"turns_at_bat":89,"kl_base0":0.5909090909090909,"kl_base0_tries":22,"kl_base1":0.6296296296296297,"kl_base1_tries":54,"kl_base2":0.8571428571428571,"kl_base2_tries":7,"kl_base3":0.6,"kl_base3_tries":5,"pct_kl_base0":65,"pct_kl_base1":68,"pct_kl_base2":92,"pct_kl_base3":73},"base_keys":["kl_base0","kl_base1","kl_base2","kl_base3"],"comps":[]}