{"player":{"id":16341,"name":"Matias Laaksonen","born_year":null},"career":[{"year":2026,"season_id":156,"team":"TuPe","age":null,"games":6,"turns_at_bat":28,"vyk":-0.06,"spark_index":71,"adv_plus":57,"runner_plus":64,"out_avoid_plus":118,"money_kl_plus":185,"teho_plus":31,"teho_plus_adj":30}],"line":{"player_id":16341,"name":"Matias Laaksonen","born_year":null,"year":2026,"games":6,"team":"TuPe","turns_at_bat":28,"kunnarit":0,"lyodyt":1,"tuodut":1,"karkilyonnit":6,"karki_yritykset":22,"saatot":18,"saatto_yritykset":49,"etenemiset":15,"eteneminen_yritykset":38,"haavat":18,"palot":5,"season_id":156,"tehot":2,"kl_pct":0.2727272727272727,"saatto_pct":0.3673469387755102,"eten_pct":0.39473684210526316,"kunnari_rate":0.0,"lyoty_rate":0.03571428571428571,"tuotu_rate":0.02631578947368421,"haava_rate":0.6428571428571429,"palo_rate":0.17857142857142858,"tehot_per_turn":0.07142857142857142,"kl_per_turn":0.21428571428571427,"hr_rbi_per_turn":0.03571428571428571,"kl_base0":0.16666666666666666,"kl_base0_tries":6,"kl_base1":0.2222222222222222,"kl_base1_tries":9,"kl_base2":0.3333333333333333,"kl_base2_tries":6,"kl_base3":1.0,"kl_base3_tries":1,"adv1_pct":0.16666666666666666,"adv2_pct":0.2222222222222222,"adv3_pct":0.3333333333333333,"adv_home_pct":1.0,"money_kl_pct":1.0,"money_kl_tries":1,"pos":"2K","teho_plus":31,"adv_plus":57,"runner_plus":64,"out_avoid_plus":118,"adv1_plus":33,"adv2_plus":42,"adv3_plus":53,"adv_home_plus":185,"money_kl_plus":185,"spark_index":71,"run_value":0.24251314045368355,"raa":-3.1,"jyk":-1.1,"vyk":-0.06,"teho_plus_adj":30,"pct_kl_pct":null,"pct_saatto_pct":null,"pct_eten_pct":null,"pct_kunnari_rate":null,"pct_lyoty_rate":null,"pct_palo_rate":null,"pct_tehot_per_turn":null},"proj":{"player_id":16341,"name":"Matias Laaksonen","as_of":"2026-07-23","age":null,"stats":{"kl_pct":{"rate":0.478602575052253,"effective_n":19.82615626150826,"observed":0.2652839130197576},"saatto_pct":{"rate":0.4882996600377016,"effective_n":42.60140472442425,"observed":0.36349780779109625},"eten_pct":{"rate":0.5273970656130704,"effective_n":32.947585338143824,"observed":0.38808389298862694},"kunnari_rate":{"rate":0.007541145372820707,"effective_n":26.13744665366673,"observed":0.0},"lyoty_rate":{"rate":0.08671408420008281,"effective_n":25.27789157826066,"observed":0.032250014813017466},"haava_rate":{"rate":0.4649002251065163,"effective_n":23.688753553004762,"observed":0.6566541898382878},"palo_rate":{"rate":0.2733430111842029,"effective_n":24.462504172789696,"observed":0.1703170528550768}},"teho_plus_proj":108},"translation":null,"pitching":null,"career_json":[{"year":2026,"kl_pct":0.2727272727272727,"teho_plus":31}],"pct_stats":["kl_pct","saatto_pct","eten_pct","kunnari_rate","lyoty_rate","palo_rate","tehot_per_turn"],"base_kl":{"player_id":16341,"turns_at_bat":28,"kl_base0":0.16666666666666666,"kl_base0_tries":6,"kl_base1":0.2222222222222222,"kl_base1_tries":9,"kl_base2":0.3333333333333333,"kl_base2_tries":6,"kl_base3":1.0,"kl_base3_tries":1,"pct_kl_base0":null,"pct_kl_base1":null,"pct_kl_base2":null,"pct_kl_base3":null},"base_keys":["kl_base0","kl_base1","kl_base2","kl_base3"],"comps":[]}