{"player":{"id":16385,"name":"Aatu Mehtätalo","born_year":null},"career":[{"year":2024,"season_id":121,"team":"JoMa Akatemia","age":null,"games":3,"turns_at_bat":12,"vyk":0.05,"spark_index":100,"adv_plus":97,"runner_plus":105,"out_avoid_plus":100,"money_kl_plus":54,"teho_plus":46,"teho_plus_adj":44},{"year":2026,"season_id":129,"team":"SiiPe","age":null,"games":17,"turns_at_bat":109,"vyk":0.71,"spark_index":101,"adv_plus":98,"runner_plus":97,"out_avoid_plus":113,"money_kl_plus":121,"teho_plus":90,"teho_plus_adj":91}],"line":{"player_id":16385,"name":"Aatu Mehtätalo","born_year":null,"year":2026,"games":17,"team":"SiiPe","turns_at_bat":109,"kunnarit":1,"lyodyt":4,"tuodut":12,"karkilyonnit":57,"karki_yritykset":113,"saatot":123,"saatto_yritykset":212,"etenemiset":103,"eteneminen_yritykset":179,"haavat":50,"palot":26,"season_id":129,"tehot":17,"kl_pct":0.504424778761062,"saatto_pct":0.5801886792452831,"eten_pct":0.5754189944134078,"kunnari_rate":0.009174311926605505,"lyoty_rate":0.03669724770642202,"tuotu_rate":0.0670391061452514,"haava_rate":0.45871559633027525,"palo_rate":0.23853211009174313,"tehot_per_turn":0.1559633027522936,"kl_per_turn":0.5229357798165137,"hr_rbi_per_turn":0.045871559633027525,"kl_base0":0.2916666666666667,"kl_base0_tries":24,"kl_base1":0.5217391304347826,"kl_base1_tries":46,"kl_base2":0.6176470588235294,"kl_base2_tries":34,"kl_base3":0.5555555555555556,"kl_base3_tries":9,"adv1_pct":0.2916666666666667,"adv2_pct":0.5217391304347826,"adv3_pct":0.6176470588235294,"adv_home_pct":0.5555555555555556,"money_kl_pct":0.5555555555555556,"money_kl_tries":9,"pos":"S","teho_plus":90,"adv_plus":98,"runner_plus":97,"out_avoid_plus":113,"adv1_plus":61,"adv2_plus":95,"adv3_plus":108,"adv_home_plus":121,"money_kl_plus":121,"spark_index":101,"run_value":9.595477831881691,"raa":2.0,"jyk":8.6,"vyk":0.71,"teho_plus_adj":91,"pct_kl_pct":46,"pct_saatto_pct":49,"pct_eten_pct":47,"pct_kunnari_rate":64,"pct_lyoty_rate":51,"pct_palo_rate":79,"pct_tehot_per_turn":51},"proj":{"player_id":16385,"name":"Aatu Mehtätalo","as_of":"2026-07-22","age":null,"stats":{"kl_pct":{"rate":0.5072684482927874,"effective_n":103.51391475426088,"observed":0.5033690113653685},"saatto_pct":{"rate":0.584226205005004,"effective_n":186.04410374558205,"observed":0.5824800249960554},"eten_pct":{"rate":0.5817301568505524,"effective_n":157.28830462452768,"observed":0.5788898195191446},"kunnari_rate":{"rate":0.00795389902049157,"effective_n":104.36012252268918,"observed":0.008669468721707686},"lyoty_rate":{"rate":0.05431740509498157,"effective_n":99.67818252241747,"observed":0.035865257038059865},"haava_rate":{"rate":0.4413961935943525,"effective_n":92.54366904748098,"observed":0.45948994957187983},"palo_rate":{"rate":0.27603646443211577,"effective_n":95.87593969866447,"observed":0.2322854768222113}},"teho_plus_proj":137},"translation":{"wrc_plus":101,"tier":"league-average regular","rows":[{"pesis_label":"Kärkilyönti-% (advance the lead runner)","pesis_value":0.504424778761062,"percentile":46,"mlb_stat":"AVG","mlb_value":"0.221"},{"pesis_label":"Kärkilyönnit per turn (base hits)","pesis_value":0.5229357798165137,"percentile":67,"mlb_stat":"H / 600 PA","mlb_value":"160"},{"pesis_label":"Lyödyt per turn (runs batted home)","pesis_value":0.03669724770642202,"percentile":51,"mlb_stat":"RBI / 600 PA","mlb_value":"73"},{"pesis_label":"Tuodut per advance (runs scored)","pesis_value":0.0670391061452514,"percentile":80,"mlb_stat":"R / 600 PA","mlb_value":"91"},{"pesis_label":"Palot per turn (burned outs)","pesis_value":0.23853211009174313,"percentile":79,"mlb_stat":"K%","mlb_value":"17.8%"}]},"pitching":null,"career_json":[{"year":2024,"kl_pct":0.46153846153846156,"teho_plus":46},{"year":2026,"kl_pct":0.504424778761062,"teho_plus":90}],"pct_stats":["kl_pct","saatto_pct","eten_pct","kunnari_rate","lyoty_rate","palo_rate","tehot_per_turn"],"base_kl":{"player_id":16385,"turns_at_bat":109,"kl_base0":0.2916666666666667,"kl_base0_tries":24,"kl_base1":0.5217391304347826,"kl_base1_tries":46,"kl_base2":0.6176470588235294,"kl_base2_tries":34,"kl_base3":0.5555555555555556,"kl_base3_tries":9,"pct_kl_base0":15,"pct_kl_base1":46,"pct_kl_base2":68,"pct_kl_base3":71},"base_keys":["kl_base0","kl_base1","kl_base2","kl_base3"],"comps":[]}