{"player":{"id":16440,"name":"Pihla Jokinen","born_year":null},"career":[{"year":2025,"season_id":177,"team":"EuVe","age":null,"games":6,"turns_at_bat":26,"vyk":0.04,"spark_index":91,"adv_plus":89,"runner_plus":93,"out_avoid_plus":95,"money_kl_plus":87,"teho_plus":90,"teho_plus_adj":92},{"year":2026,"season_id":178,"team":"EuVe","age":null,"games":7,"turns_at_bat":48,"vyk":-0.0,"spark_index":92,"adv_plus":90,"runner_plus":92,"out_avoid_plus":99,"money_kl_plus":117,"teho_plus":83,"teho_plus_adj":83}],"line":{"player_id":16440,"name":"Pihla Jokinen","born_year":null,"year":2026,"games":7,"team":"EuVe","turns_at_bat":48,"kunnarit":0,"lyodyt":4,"tuodut":8,"karkilyonnit":19,"karki_yritykset":34,"saatot":46,"saatto_yritykset":78,"etenemiset":53,"eteneminen_yritykset":87,"haavat":19,"palot":15,"season_id":178,"tehot":12,"kl_pct":0.5588235294117647,"saatto_pct":0.5897435897435898,"eten_pct":0.6091954022988506,"kunnari_rate":0.0,"lyoty_rate":0.08333333333333333,"tuotu_rate":0.09195402298850575,"haava_rate":0.3958333333333333,"palo_rate":0.3125,"tehot_per_turn":0.25,"kl_per_turn":0.3958333333333333,"hr_rbi_per_turn":0.08333333333333333,"kl_base0":0.5454545454545454,"kl_base0_tries":11,"kl_base1":0.375,"kl_base1_tries":8,"kl_base2":0.6666666666666666,"kl_base2_tries":9,"kl_base3":0.6666666666666666,"kl_base3_tries":6,"adv1_pct":0.5454545454545454,"adv2_pct":0.375,"adv3_pct":0.6666666666666666,"adv_home_pct":0.6666666666666666,"money_kl_pct":0.6666666666666666,"money_kl_tries":6,"pos":"S","teho_plus":83,"adv_plus":90,"runner_plus":92,"out_avoid_plus":99,"adv1_plus":97,"adv2_plus":63,"adv3_plus":96,"adv_home_plus":117,"money_kl_plus":117,"spark_index":92,"run_value":3.387507960689752,"raa":-4.1,"jyk":-0.0,"vyk":-0.0,"teho_plus_adj":83,"pct_kl_pct":34,"pct_saatto_pct":25,"pct_eten_pct":30,"pct_kunnari_rate":28,"pct_lyoty_rate":46,"pct_palo_rate":45,"pct_tehot_per_turn":44},"proj":{"player_id":16440,"name":"Pihla Jokinen","as_of":"2026-07-17","age":null,"stats":{"kl_pct":{"rate":0.5849002332231321,"effective_n":34.640355141629286,"observed":0.550468477371255},"saatto_pct":{"rate":0.605344012441992,"effective_n":72.56653872762585,"observed":0.5750228965642294},"eten_pct":{"rate":0.6251043035318257,"effective_n":78.58053380657056,"observed":0.603790221853124},"kunnari_rate":{"rate":0.009742246333621937,"effective_n":55.09700521060534,"observed":0.008181396466884235},"lyoty_rate":{"rate":0.11220828056413533,"effective_n":49.2969420274367,"observed":0.08033851707112086},"haava_rate":{"rate":0.37376111627679515,"effective_n":41.50268839242199,"observed":0.3836880720132577},"palo_rate":{"rate":0.310693710547948,"effective_n":44.91503373028944,"observed":0.31493756491678476}},"teho_plus_proj":103},"translation":{"wrc_plus":96,"tier":"league-average regular","rows":[{"pesis_label":"Kärkilyönti-% (advance the lead runner)","pesis_value":0.5588235294117647,"percentile":34,"mlb_stat":"AVG","mlb_value":"0.276"},{"pesis_label":"Kärkilyönnit per turn (base hits)","pesis_value":0.3958333333333333,"percentile":12,"mlb_stat":"H / 600 PA","mlb_value":"124"},{"pesis_label":"Lyödyt per turn (runs batted home)","pesis_value":0.08333333333333333,"percentile":46,"mlb_stat":"RBI / 600 PA","mlb_value":"70"},{"pesis_label":"Tuodut per advance (runs scored)","pesis_value":0.09195402298850575,"percentile":67,"mlb_stat":"R / 600 PA","mlb_value":"84"},{"pesis_label":"Palot per turn (burned outs)","pesis_value":0.3125,"percentile":45,"mlb_stat":"K%","mlb_value":"22.9%"}]},"pitching":null,"career_json":[{"year":2025,"kl_pct":0.5555555555555556,"teho_plus":90},{"year":2026,"kl_pct":0.5588235294117647,"teho_plus":83}],"pct_stats":["kl_pct","saatto_pct","eten_pct","kunnari_rate","lyoty_rate","palo_rate","tehot_per_turn"],"base_kl":{"player_id":16440,"turns_at_bat":48,"kl_base0":0.5454545454545454,"kl_base0_tries":11,"kl_base1":0.375,"kl_base1_tries":8,"kl_base2":0.6666666666666666,"kl_base2_tries":9,"kl_base3":0.6666666666666666,"kl_base3_tries":6,"pct_kl_base0":49,"pct_kl_base1":13,"pct_kl_base2":46,"pct_kl_base3":74},"base_keys":["kl_base0","kl_base1","kl_base2","kl_base3"],"comps":[]}