{"player":{"id":16549,"name":"Milla Hautala","born_year":null},"career":[{"player_id":16549,"name":"Milla Hautala","born_year":null,"year":2026,"games":11,"team":"KPK","turns_at_bat":61,"kunnarit":0,"lyodyt":1,"tuodut":6,"karkilyonnit":35,"karki_yritykset":59,"saatot":59,"saatto_yritykset":88,"etenemiset":68,"eteneminen_yritykset":112,"haavat":23,"palot":21,"season_id":4,"tehot":7,"kl_pct":0.5932203389830508,"saatto_pct":0.6704545454545454,"eten_pct":0.6071428571428571,"kunnari_rate":0.0,"lyoty_rate":0.01639344262295082,"tuotu_rate":0.05357142857142857,"haava_rate":0.3770491803278688,"palo_rate":0.3442622950819672,"tehot_per_turn":0.11475409836065574,"kl_per_turn":0.5737704918032787,"hr_rbi_per_turn":0.01639344262295082,"kl_base0":0.5555555555555556,"kl_base0_tries":27,"kl_base1":0.6428571428571429,"kl_base1_tries":28,"kl_base2":0.5,"kl_base2_tries":2,"kl_base3":0.5,"kl_base3_tries":2,"adv1_pct":0.5555555555555556,"adv2_pct":0.6428571428571429,"adv3_pct":0.5,"adv_home_pct":0.5,"money_kl_pct":0.5,"money_kl_tries":2,"teho_plus":54,"adv_plus":104,"runner_plus":96,"out_avoid_plus":98,"adv1_plus":96,"adv2_plus":112,"adv3_plus":79,"adv_home_plus":106,"money_kl_plus":106,"spark_index":100,"teho_plus_adj":55}],"line":{"player_id":16549,"name":"Milla Hautala","born_year":null,"year":2026,"games":11,"team":"KPK","turns_at_bat":61,"kunnarit":0,"lyodyt":1,"tuodut":6,"karkilyonnit":35,"karki_yritykset":59,"saatot":59,"saatto_yritykset":88,"etenemiset":68,"eteneminen_yritykset":112,"haavat":23,"palot":21,"season_id":4,"tehot":7,"kl_pct":0.5932203389830508,"saatto_pct":0.6704545454545454,"eten_pct":0.6071428571428571,"kunnari_rate":0.0,"lyoty_rate":0.01639344262295082,"tuotu_rate":0.05357142857142857,"haava_rate":0.3770491803278688,"palo_rate":0.3442622950819672,"tehot_per_turn":0.11475409836065574,"kl_per_turn":0.5737704918032787,"hr_rbi_per_turn":0.01639344262295082,"kl_base0":0.5555555555555556,"kl_base0_tries":27,"kl_base1":0.6428571428571429,"kl_base1_tries":28,"kl_base2":0.5,"kl_base2_tries":2,"kl_base3":0.5,"kl_base3_tries":2,"adv1_pct":0.5555555555555556,"adv2_pct":0.6428571428571429,"adv3_pct":0.5,"adv_home_pct":0.5,"money_kl_pct":0.5,"money_kl_tries":2,"teho_plus":54,"adv_plus":104,"runner_plus":96,"out_avoid_plus":98,"adv1_plus":96,"adv2_plus":112,"adv3_plus":79,"adv_home_plus":106,"money_kl_plus":106,"spark_index":100,"teho_plus_adj":55,"pct_kl_pct":60,"pct_saatto_pct":63,"pct_eten_pct":34,"pct_kunnari_rate":36,"pct_lyoty_rate":24,"pct_palo_rate":43,"pct_tehot_per_turn":17},"proj":{"player_id":16549,"name":"Milla Hautala","as_of":"2026-06-25","age":null,"stats":{"kl_pct":{"rate":0.5798614051886174,"effective_n":54.53360072724853,"observed":0.5926518741760499},"saatto_pct":{"rate":0.6596158456672125,"effective_n":79.58622162216642,"observed":0.671514464564358},"eten_pct":{"rate":0.6190604213286214,"effective_n":101.32838672579302,"observed":0.611898087182922},"kunnari_rate":{"rate":0.0035870026787644745,"effective_n":57.972332174350186,"observed":0.0},"lyoty_rate":{"rate":0.06316617418533124,"effective_n":56.5311461686576,"observed":0.015359767780392511},"haava_rate":{"rate":0.37376522596542155,"effective_n":53.78578264006222,"observed":0.3686388831851388},"palo_rate":{"rate":0.3373237202049036,"effective_n":55.136162290696376,"observed":0.3429104560407621}},"teho_plus_proj":119},"career_json":[{"year":2026,"kl_pct":0.5932203389830508,"teho_plus":54}],"pct_stats":["kl_pct","saatto_pct","eten_pct","kunnari_rate","lyoty_rate","palo_rate","tehot_per_turn"],"base_kl":{"player_id":16549,"turns_at_bat":61,"kl_base0":0.5555555555555556,"kl_base0_tries":27,"kl_base1":0.6428571428571429,"kl_base1_tries":28,"kl_base2":0.5,"kl_base2_tries":2,"kl_base3":0.5,"kl_base3_tries":2,"pct_kl_base0":54,"pct_kl_base1":69,"pct_kl_base2":20,"pct_kl_base3":54},"base_keys":["kl_base0","kl_base1","kl_base2","kl_base3"],"comps":[]}