{"player":{"id":16554,"name":"Karoliina Soppela","born_year":null},"career":[{"player_id":16554,"name":"Karoliina Soppela","born_year":null,"year":2026,"games":14,"team":"Lippo Naiset","turns_at_bat":106,"kunnarit":2,"lyodyt":1,"tuodut":21,"karkilyonnit":61,"karki_yritykset":108,"saatot":106,"saatto_yritykset":165,"etenemiset":125,"eteneminen_yritykset":208,"haavat":39,"palot":44,"season_id":2,"tehot":24,"kl_pct":0.5648148148148148,"saatto_pct":0.6424242424242425,"eten_pct":0.6009615384615384,"kunnari_rate":0.018867924528301886,"lyoty_rate":0.009433962264150943,"tuotu_rate":0.10096153846153846,"haava_rate":0.36792452830188677,"palo_rate":0.41509433962264153,"tehot_per_turn":0.22641509433962265,"kl_per_turn":0.5754716981132075,"hr_rbi_per_turn":0.02830188679245283,"kl_base0":0.4444444444444444,"kl_base0_tries":45,"kl_base1":0.625,"kl_base1_tries":56,"kl_base2":1.0,"kl_base2_tries":3,"kl_base3":0.75,"kl_base3_tries":4,"adv1_pct":0.4444444444444444,"adv2_pct":0.625,"adv3_pct":1.0,"adv_home_pct":0.75,"money_kl_pct":0.75,"money_kl_tries":4,"teho_plus":131,"adv_plus":107,"runner_plus":101,"out_avoid_plus":89,"adv1_plus":89,"adv2_plus":112,"adv3_plus":166,"adv_home_plus":167,"money_kl_plus":167,"spark_index":102,"teho_plus_adj":131}],"line":{"player_id":16554,"name":"Karoliina Soppela","born_year":null,"year":2026,"games":14,"team":"Lippo Naiset","turns_at_bat":106,"kunnarit":2,"lyodyt":1,"tuodut":21,"karkilyonnit":61,"karki_yritykset":108,"saatot":106,"saatto_yritykset":165,"etenemiset":125,"eteneminen_yritykset":208,"haavat":39,"palot":44,"season_id":2,"tehot":24,"kl_pct":0.5648148148148148,"saatto_pct":0.6424242424242425,"eten_pct":0.6009615384615384,"kunnari_rate":0.018867924528301886,"lyoty_rate":0.009433962264150943,"tuotu_rate":0.10096153846153846,"haava_rate":0.36792452830188677,"palo_rate":0.41509433962264153,"tehot_per_turn":0.22641509433962265,"kl_per_turn":0.5754716981132075,"hr_rbi_per_turn":0.02830188679245283,"kl_base0":0.4444444444444444,"kl_base0_tries":45,"kl_base1":0.625,"kl_base1_tries":56,"kl_base2":1.0,"kl_base2_tries":3,"kl_base3":0.75,"kl_base3_tries":4,"adv1_pct":0.4444444444444444,"adv2_pct":0.625,"adv3_pct":1.0,"adv_home_pct":0.75,"money_kl_pct":0.75,"money_kl_tries":4,"teho_plus":131,"adv_plus":107,"runner_plus":101,"out_avoid_plus":89,"adv1_plus":89,"adv2_plus":112,"adv3_plus":166,"adv_home_plus":167,"money_kl_plus":167,"spark_index":102,"teho_plus_adj":131,"pct_kl_pct":68,"pct_saatto_pct":68,"pct_eten_pct":60,"pct_kunnari_rate":90,"pct_lyoty_rate":26,"pct_palo_rate":27,"pct_tehot_per_turn":74},"proj":{"player_id":16554,"name":"Karoliina Soppela","as_of":"2026-07-02","age":null,"stats":{"kl_pct":{"rate":0.5489314376688622,"effective_n":99.06341704877158,"observed":0.5619266072641512},"saatto_pct":{"rate":0.6288791148985262,"effective_n":147.4951385544466,"observed":0.6371457795791658},"eten_pct":{"rate":0.6000463516759492,"effective_n":186.05497683326413,"observed":0.6010116361786901},"kunnari_rate":{"rate":0.011532026719745524,"effective_n":100.13988839962188,"observed":0.018720786165178874},"lyoty_rate":{"rate":0.04026252999357573,"effective_n":97.37749798447136,"observed":0.008943729810594485},"haava_rate":{"rate":0.39010793116945436,"effective_n":92.16374263914375,"observed":0.37723355126119384},"palo_rate":{"rate":0.37852244003717417,"effective_n":94.72032474986801,"observed":0.40832906087372933}},"teho_plus_proj":134},"career_json":[{"year":2026,"kl_pct":0.5648148148148148,"teho_plus":131}],"pct_stats":["kl_pct","saatto_pct","eten_pct","kunnari_rate","lyoty_rate","palo_rate","tehot_per_turn"],"base_kl":{"player_id":16554,"turns_at_bat":106,"kl_base0":0.4444444444444444,"kl_base0_tries":45,"kl_base1":0.625,"kl_base1_tries":56,"kl_base2":1.0,"kl_base2_tries":3,"kl_base3":0.75,"kl_base3_tries":4,"pct_kl_base0":56,"pct_kl_base1":73,"pct_kl_base2":96,"pct_kl_base3":89},"base_keys":["kl_base0","kl_base1","kl_base2","kl_base3"],"log":[{"player_id":16554,"season_id":2,"match_id":129105,"date":"2026-04-25","team":"Lippo Naiset","opponent":"JoMa","home":0,"turns_at_bat":6,"kunnarit":0,"lyodyt":0,"tuodut":1,"karkilyonnit":4,"karki_yritykset":6,"saatot":7,"saatto_yritykset":9,"etenemiset":6,"eteneminen_yritykset":11,"haavat":1,"palot":4,"stadium":"Campo Elola, Fuengirola (ES)","tehot":1,"kl_pct":0.6666666666666666},{"player_id":16554,"season_id":2,"match_id":129171,"date":"2026-05-09","team":"Lippo Naiset","opponent":"JoMa","home":1,"turns_at_bat":8,"kunnarit":0,"lyodyt":0,"tuodut":0,"karkilyonnit":4,"karki_yritykset":8,"saatot":8,"saatto_yritykset":13,"etenemiset":7,"eteneminen_yritykset":14,"haavat":3,"palot":4,"stadium":"Hielo Stadion Raksila, Oulu","tehot":0,"kl_pct":0.5},{"player_id":16554,"season_id":2,"match_id":129098,"date":"2026-05-16","team":"Lippo Naiset","opponent":"Manse","home":0,"turns_at_bat":7,"kunnarit":0,"lyodyt":0,"tuodut":2,"karkilyonnit":6,"karki_yritykset":7,"saatot":11,"saatto_yritykset":12,"etenemiset":10,"eteneminen_yritykset":14,"haavat":2,"palot":2,"stadium":"Kaupin pesäpallostadion, Tampere","tehot":2,"kl_pct":0.8571428571428571},{"player_id":16554,"season_id":2,"match_id":129181,"date":"2026-05-17","team":"Lippo Naiset","opponent":"Roihuttaret","home":0,"turns_at_bat":7,"kunnarit":1,"lyodyt":1,"tuodut":2,"karkilyonnit":8,"karki_yritykset":12,"saatot":12,"saatto_yritykset":16,"etenemiset":10,"eteneminen_yritykset":15,"haavat":0,"palot":5,"stadium":"Roihuvuoren pesäpallokenttä, Helsinki","tehot":4,"kl_pct":0.6666666666666666},{"player_id":16554,"season_id":2,"match_id":129164,"date":"2026-05-22","team":"Lippo Naiset","opponent":"Manse","home":1,"turns_at_bat":7,"kunnarit":0,"lyodyt":0,"tuodut":0,"karkilyonnit":2,"karki_yritykset":6,"saatot":3,"saatto_yritykset":8,"etenemiset":2,"eteneminen_yritykset":9,"haavat":2,"palot":5,"stadium":"Hielo Stadion Raksila, Oulu","tehot":0,"kl_pct":0.3333333333333333},{"player_id":16554,"season_id":2,"match_id":129216,"date":"2026-05-28","team":"Lippo Naiset","opponent":"Mailattaret","home":0,"turns_at_bat":9,"kunnarit":0,"lyodyt":0,"tuodut":3,"karkilyonnit":3,"karki_yritykset":7,"saatot":7,"saatto_yritykset":12,"etenemiset":12,"eteneminen_yritykset":18,"haavat":3,"palot":3,"stadium":"Hietalahden Pesäpallostadion, Vaasa","tehot":3,"kl_pct":0.42857142857142855},{"player_id":16554,"season_id":2,"match_id":129113,"date":"2026-06-05","team":"Lippo Naiset","opponent":"Mailattaret","home":1,"turns_at_bat":7,"kunnarit":0,"lyodyt":0,"tuodut":1,"karkilyonnit":4,"karki_yritykset":5,"saatot":8,"saatto_yritykset":9,"etenemiset":8,"eteneminen_yritykset":14,"haavat":4,"palot":2,"stadium":"Hielo Stadion Raksila, Oulu","tehot":1,"kl_pct":0.8},{"player_id":16554,"season_id":2,"match_id":129112,"date":"2026-06-06","team":"Lippo Naiset","opponent":"Pesäkarhut","home":1,"turns_at_bat":8,"kunnarit":0,"lyodyt":0,"tuodut":2,"karkilyonnit":3,"karki_yritykset":8,"saatot":4,"saatto_yritykset":9,"etenemiset":11,"eteneminen_yritykset":17,"haavat":4,"palot":2,"stadium":"Hielo Stadion Raksila, Oulu","tehot":2,"kl_pct":0.375},{"player_id":16554,"season_id":2,"match_id":129178,"date":"2026-06-12","team":"Lippo Naiset","opponent":"Pesäkarhut","home":0,"turns_at_bat":8,"kunnarit":0,"lyodyt":0,"tuodut":1,"karkilyonnit":3,"karki_yritykset":8,"saatot":4,"saatto_yritykset":9,"etenemiset":10,"eteneminen_yritykset":17,"haavat":2,"palot":5,"stadium":"Huikoo Areena, Pori","tehot":1,"kl_pct":0.375},{"player_id":16554,"season_id":2,"match_id":129071,"date":"2026-06-13","team":"Lippo Naiset","opponent":"Jyske","home":0,"turns_at_bat":8,"kunnarit":1,"lyodyt":0,"tuodut":4,"karkilyonnit":10,"karki_yritykset":10,"saatot":14,"saatto_yritykset":16,"etenemiset":20,"eteneminen_yritykset":24,"haavat":2,"palot":2,"stadium":"Laserkeskus Areena, Laitila","tehot":5,"kl_pct":1.0},{"player_id":16554,"season_id":2,"match_id":129090,"date":"2026-06-16","team":"Lippo Naiset","opponent":"Virkiä","home":0,"turns_at_bat":8,"kunnarit":0,"lyodyt":0,"tuodut":1,"karkilyonnit":5,"karki_yritykset":9,"saatot":9,"saatto_yritykset":13,