{"player":{"id":16554,"name":"Karoliina Soppela","born_year":null},"career":[{"player_id":16554,"name":"Karoliina Soppela","born_year":null,"year":2026,"games":14,"team":"Lippo Naiset","turns_at_bat":106,"kunnarit":2,"lyodyt":1,"tuodut":21,"karkilyonnit":61,"karki_yritykset":108,"saatot":106,"saatto_yritykset":165,"etenemiset":125,"eteneminen_yritykset":208,"haavat":39,"palot":44,"season_id":2,"tehot":24,"kl_pct":0.5648148148148148,"saatto_pct":0.6424242424242425,"eten_pct":0.6009615384615384,"kunnari_rate":0.018867924528301886,"lyoty_rate":0.009433962264150943,"tuotu_rate":0.10096153846153846,"haava_rate":0.36792452830188677,"palo_rate":0.41509433962264153,"tehot_per_turn":0.22641509433962265,"kl_per_turn":0.5754716981132075,"hr_rbi_per_turn":0.02830188679245283,"kl_base0":0.4444444444444444,"kl_base0_tries":45,"kl_base1":0.625,"kl_base1_tries":56,"kl_base2":1.0,"kl_base2_tries":3,"kl_base3":0.75,"kl_base3_tries":4,"adv1_pct":0.4444444444444444,"adv2_pct":0.625,"adv3_pct":1.0,"adv_home_pct":0.75,"money_kl_pct":0.75,"money_kl_tries":4,"teho_plus":131,"adv_plus":107,"runner_plus":101,"out_avoid_plus":89,"adv1_plus":89,"adv2_plus":112,"adv3_plus":166,"adv_home_plus":167,"money_kl_plus":167,"spark_index":102,"run_value":12.249379258577084,"raa":1.9,"jyk":7.6,"vyk":0.66,"teho_plus_adj":131}],"line":{"player_id":16554,"name":"Karoliina Soppela","born_year":null,"year":2026,"games":14,"team":"Lippo Naiset","turns_at_bat":106,"kunnarit":2,"lyodyt":1,"tuodut":21,"karkilyonnit":61,"karki_yritykset":108,"saatot":106,"saatto_yritykset":165,"etenemiset":125,"eteneminen_yritykset":208,"haavat":39,"palot":44,"season_id":2,"tehot":24,"kl_pct":0.5648148148148148,"saatto_pct":0.6424242424242425,"eten_pct":0.6009615384615384,"kunnari_rate":0.018867924528301886,"lyoty_rate":0.009433962264150943,"tuotu_rate":0.10096153846153846,"haava_rate":0.36792452830188677,"palo_rate":0.41509433962264153,"tehot_per_turn":0.22641509433962265,"kl_per_turn":0.5754716981132075,"hr_rbi_per_turn":0.02830188679245283,"kl_base0":0.4444444444444444,"kl_base0_tries":45,"kl_base1":0.625,"kl_base1_tries":56,"kl_base2":1.0,"kl_base2_tries":3,"kl_base3":0.75,"kl_base3_tries":4,"adv1_pct":0.4444444444444444,"adv2_pct":0.625,"adv3_pct":1.0,"adv_home_pct":0.75,"money_kl_pct":0.75,"money_kl_tries":4,"teho_plus":131,"adv_plus":107,"runner_plus":101,"out_avoid_plus":89,"adv1_plus":89,"adv2_plus":112,"adv3_plus":166,"adv_home_plus":167,"money_kl_plus":167,"spark_index":102,"run_value":12.249379258577084,"raa":1.9,"jyk":7.6,"vyk":0.66,"teho_plus_adj":131,"pct_kl_pct":68,"pct_saatto_pct":68,"pct_eten_pct":60,"pct_kunnari_rate":90,"pct_lyoty_rate":26,"pct_palo_rate":27,"pct_tehot_per_turn":74},"proj":{"player_id":16554,"name":"Karoliina Soppela","as_of":"2026-07-02","age":null,"stats":{"kl_pct":{"rate":0.5489314376688622,"effective_n":99.06341704877158,"observed":0.5619266072641512},"saatto_pct":{"rate":0.6288791148985262,"effective_n":147.4951385544466,"observed":0.6371457795791658},"eten_pct":{"rate":0.6000463516759492,"effective_n":186.05497683326413,"observed":0.6010116361786901},"kunnari_rate":{"rate":0.011532026719745524,"effective_n":100.13988839962188,"observed":0.018720786165178874},"lyoty_rate":{"rate":0.04026252999357573,"effective_n":97.37749798447136,"observed":0.008943729810594485},"haava_rate":{"rate":0.39010793116945436,"effective_n":92.16374263914375,"observed":0.37723355126119384},"palo_rate":{"rate":0.37852244003717417,"effective_n":94.72032474986801,"observed":0.40832906087372933}},"teho_plus_proj":134},"career_json":[{"year":2026,"kl_pct":0.5648148148148148,"teho_plus":131}],"pct_stats":["kl_pct","saatto_pct","eten_pct","kunnari_rate","lyoty_rate","palo_rate","tehot_per_turn"],"base_kl":{"player_id":16554,"turns_at_bat":106,"kl_base0":0.4444444444444444,"kl_base0_tries":45,"kl_base1":0.625,"kl_base1_tries":56,"kl_base2":1.0,"kl_base2_tries":3,"kl_base3":0.75,"kl_base3_tries":4,"pct_kl_base0":56,"pct_kl_base1":73,"pct_kl_base2":96,"pct_kl_base3":89},"base_keys":["kl_base0","kl_base1","kl_base2","kl_base3"],"comps":[]}