{"player":{"id":16687,"name":"Eija-Riina Lunti","born_year":null},"career":[{"year":2022,"season_id":174,"team":"KaKa","age":null,"games":11,"turns_at_bat":76,"vyk":0.14,"spark_index":96,"adv_plus":91,"runner_plus":95,"out_avoid_plus":109,"money_kl_plus":123,"teho_plus":76,"teho_plus_adj":76},{"year":2023,"season_id":175,"team":"KaKa","age":null,"games":15,"turns_at_bat":92,"vyk":0.18,"spark_index":96,"adv_plus":95,"runner_plus":100,"out_avoid_plus":90,"money_kl_plus":98,"teho_plus":76,"teho_plus_adj":79}],"line":{"player_id":16687,"name":"Eija-Riina Lunti","born_year":null,"year":2023,"games":15,"team":"KaKa","turns_at_bat":92,"kunnarit":0,"lyodyt":8,"tuodut":13,"karkilyonnit":54,"karki_yritykset":94,"saatot":115,"saatto_yritykset":182,"etenemiset":122,"eteneminen_yritykset":186,"haavat":29,"palot":35,"season_id":175,"tehot":21,"kl_pct":0.574468085106383,"saatto_pct":0.6318681318681318,"eten_pct":0.6559139784946236,"kunnari_rate":0.0,"lyoty_rate":0.08695652173913043,"tuotu_rate":0.06989247311827956,"haava_rate":0.31521739130434784,"palo_rate":0.3804347826086957,"tehot_per_turn":0.22826086956521738,"kl_per_turn":0.5869565217391305,"hr_rbi_per_turn":0.08695652173913043,"kl_base0":0.5769230769230769,"kl_base0_tries":26,"kl_base1":0.6060606060606061,"kl_base1_tries":33,"kl_base2":0.5238095238095238,"kl_base2_tries":21,"kl_base3":0.5714285714285714,"kl_base3_tries":14,"adv1_pct":0.5769230769230769,"adv2_pct":0.6060606060606061,"adv3_pct":0.5238095238095238,"adv_home_pct":0.5714285714285714,"money_kl_pct":0.5714285714285714,"money_kl_tries":14,"pos":"2K","teho_plus":76,"adv_plus":95,"runner_plus":100,"out_avoid_plus":90,"adv1_plus":99,"adv2_plus":101,"adv3_plus":75,"adv_home_plus":98,"money_kl_plus":98,"spark_index":96,"run_value":13.352109656303462,"raa":-3.3,"jyk":4.2,"vyk":0.18,"teho_plus_adj":79,"pct_kl_pct":35,"pct_saatto_pct":41,"pct_eten_pct":55,"pct_kunnari_rate":25,"pct_lyoty_rate":48,"pct_palo_rate":21,"pct_tehot_per_turn":38},"proj":null,"translation":null,"pitching":null,"career_json":[{"year":2022,"kl_pct":0.5625,"teho_plus":76},{"year":2023,"kl_pct":0.574468085106383,"teho_plus":76}],"pct_stats":["kl_pct","saatto_pct","eten_pct","kunnari_rate","lyoty_rate","palo_rate","tehot_per_turn"],"base_kl":{"player_id":16687,"turns_at_bat":92,"kl_base0":0.5769230769230769,"kl_base0_tries":26,"kl_base1":0.6060606060606061,"kl_base1_tries":33,"kl_base2":0.5238095238095238,"kl_base2_tries":21,"kl_base3":0.5714285714285714,"kl_base3_tries":14,"pct_kl_base0":55,"pct_kl_base1":54,"pct_kl_base2":17,"pct_kl_base3":48},"base_keys":["kl_base0","kl_base1","kl_base2","kl_base3"],"comps":[]}