{"player":{"id":16748,"name":"Oliver Kaksonen ","born_year":null},"career":[{"year":2024,"season_id":154,"team":"KiPa","age":null,"games":3,"turns_at_bat":17,"vyk":0.03,"spark_index":62,"adv_plus":47,"runner_plus":46,"out_avoid_plus":126,"money_kl_plus":177,"teho_plus":46,"teho_plus_adj":46},{"year":2025,"season_id":155,"team":"KiPa","age":null,"games":7,"turns_at_bat":47,"vyk":-0.01,"spark_index":82,"adv_plus":74,"runner_plus":79,"out_avoid_plus":104,"money_kl_plus":26,"teho_plus":18,"teho_plus_adj":18},{"year":2026,"season_id":156,"team":"KiPa","age":null,"games":14,"turns_at_bat":93,"vyk":0.43,"spark_index":103,"adv_plus":108,"runner_plus":108,"out_avoid_plus":84,"money_kl_plus":37,"teho_plus":87,"teho_plus_adj":88}],"line":{"player_id":16748,"name":"Oliver Kaksonen ","born_year":null,"year":2026,"games":14,"team":"KiPa","turns_at_bat":93,"kunnarit":1,"lyodyt":0,"tuodut":18,"karkilyonnit":56,"karki_yritykset":92,"saatot":108,"saatto_yritykset":162,"etenemiset":134,"eteneminen_yritykset":200,"haavat":27,"palot":39,"season_id":156,"tehot":19,"kl_pct":0.6086956521739131,"saatto_pct":0.6666666666666666,"eten_pct":0.67,"kunnari_rate":0.010752688172043012,"lyoty_rate":0.0,"tuotu_rate":0.09,"haava_rate":0.2903225806451613,"palo_rate":0.41935483870967744,"tehot_per_turn":0.20430107526881722,"kl_per_turn":0.6021505376344086,"hr_rbi_per_turn":0.010752688172043012,"kl_base0":0.6956521739130435,"kl_base0_tries":23,"kl_base1":0.5882352941176471,"kl_base1_tries":51,"kl_base2":0.6923076923076923,"kl_base2_tries":13,"kl_base3":0.2,"kl_base3_tries":5,"adv1_pct":0.6956521739130435,"adv2_pct":0.5882352941176471,"adv3_pct":0.6923076923076923,"adv_home_pct":0.2,"money_kl_pct":0.2,"money_kl_tries":5,"pos":"2P","teho_plus":87,"adv_plus":108,"runner_plus":108,"out_avoid_plus":84,"adv1_plus":136,"adv2_plus":110,"adv3_plus":110,"adv_home_plus":37,"money_kl_plus":37,"spark_index":103,"run_value":12.252170922838767,"raa":0.8,"jyk":7.6,"vyk":0.43,"teho_plus_adj":88,"pct_kl_pct":69,"pct_saatto_pct":68,"pct_eten_pct":76,"pct_kunnari_rate":61,"pct_lyoty_rate":5,"pct_palo_rate":12,"pct_tehot_per_turn":49},"proj":{"player_id":16748,"name":"Oliver Kaksonen ","as_of":"2026-07-16","age":null,"stats":{"kl_pct":{"rate":0.5560284661629217,"effective_n":98.7356411326459,"observed":0.5602069558686138},"saatto_pct":{"rate":0.6387842951361261,"effective_n":159.78243909643422,"observed":0.6431462134185338},"eten_pct":{"rate":0.6452337948618767,"effective_n":192.1203554561414,"observed":0.6519794476663806},"kunnari_rate":{"rate":0.009510548675754845,"effective_n":112.31834902502288,"observed":0.009803614479521433},"lyoty_rate":{"rate":0.04765782068213127,"effective_n":100.81871646729815,"observed":0.0028251077087343202},"haava_rate":{"rate":0.3652608006752936,"effective_n":86.77102745931897,"observed":0.30285806502730084},"palo_rate":{"rate":0.36050422511580676,"effective_n":92.73988511941738,"observed":0.4086858008778777}},"teho_plus_proj":107},"translation":{"wrc_plus":99,"tier":"league-average regular","rows":[{"pesis_label":"Kärkilyönti-% (advance the lead runner)","pesis_value":0.6086956521739131,"percentile":69,"mlb_stat":"AVG","mlb_value":"0.326"},{"pesis_label":"Kärkilyönnit per turn (base hits)","pesis_value":0.6021505376344086,"percentile":73,"mlb_stat":"H / 600 PA","mlb_value":"163"},{"pesis_label":"Lyödyt per turn (runs batted home)","pesis_value":0.0,"percentile":5,"mlb_stat":"RBI / 600 PA","mlb_value":"39"},{"pesis_label":"Tuodut per advance (runs scored)","pesis_value":0.09,"percentile":81,"mlb_stat":"R / 600 PA","mlb_value":"92"},{"pesis_label":"Palot per turn (burned outs)","pesis_value":0.41935483870967744,"percentile":12,"mlb_stat":"K%","mlb_value":"28.7%"}]},"pitching":null,"career_json":[{"year":2024,"kl_pct":0.29411764705882354,"teho_plus":46},{"year":2025,"kl_pct":0.3333333333333333,"teho_plus":18},{"year":2026,"kl_pct":0.6086956521739131,"teho_plus":87}],"pct_stats":["kl_pct","saatto_pct","eten_pct","kunnari_rate","lyoty_rate","palo_rate","tehot_per_turn"],"base_kl":{"player_id":16748,"turns_at_bat":93,"kl_base0":0.6956521739130435,"kl_base0_tries":23,"kl_base1":0.5882352941176471,"kl_base1_tries":51,"kl_base2":0.6923076923076923,"kl_base2_tries":13,"kl_base3":0.2,"kl_base3_tries":5,"pct_kl_base0":89,"pct_kl_base1":64,"pct_kl_base2":68,"pct_kl_base3":9},"base_keys":["kl_base0","kl_base1","kl_base2","kl_base3"],"comps":[]}