{"player":{"id":16763,"name":"Lyyli Ahopelto","born_year":null},"career":[{"year":2025,"season_id":177,"team":"SMJ 1","age":null,"games":6,"turns_at_bat":47,"vyk":0.34,"spark_index":108,"adv_plus":111,"runner_plus":104,"out_avoid_plus":108,"money_kl_plus":174,"teho_plus":142,"teho_plus_adj":141},{"year":2026,"season_id":178,"team":"SMJ 2","age":null,"games":9,"turns_at_bat":67,"vyk":0.37,"spark_index":111,"adv_plus":118,"runner_plus":112,"out_avoid_plus":93,"money_kl_plus":87,"teho_plus":79,"teho_plus_adj":79}],"line":{"player_id":16763,"name":"Lyyli Ahopelto","born_year":null,"year":2026,"games":9,"team":"SMJ 2","turns_at_bat":67,"kunnarit":0,"lyodyt":3,"tuodut":13,"karkilyonnit":44,"karki_yritykset":62,"saatot":96,"saatto_yritykset":122,"etenemiset":109,"eteneminen_yritykset":148,"haavat":15,"palot":24,"season_id":178,"tehot":16,"kl_pct":0.7096774193548387,"saatto_pct":0.7868852459016393,"eten_pct":0.7364864864864865,"kunnari_rate":0.0,"lyoty_rate":0.04477611940298507,"tuotu_rate":0.08783783783783784,"haava_rate":0.22388059701492538,"palo_rate":0.3582089552238806,"tehot_per_turn":0.23880597014925373,"kl_per_turn":0.6567164179104478,"hr_rbi_per_turn":0.04477611940298507,"kl_base0":0.7692307692307693,"kl_base0_tries":13,"kl_base1":0.6666666666666666,"kl_base1_tries":24,"kl_base2":0.7894736842105263,"kl_base2_tries":19,"kl_base3":0.5,"kl_base3_tries":6,"adv1_pct":0.7692307692307693,"adv2_pct":0.6666666666666666,"adv3_pct":0.7894736842105263,"adv_home_pct":0.5,"money_kl_pct":0.5,"money_kl_tries":6,"pos":"3V","teho_plus":79,"adv_plus":118,"runner_plus":112,"out_avoid_plus":93,"adv1_plus":137,"adv2_plus":112,"adv3_plus":114,"adv_home_plus":87,"money_kl_plus":87,"spark_index":111,"run_value":13.439121071252279,"raa":2.8,"jyk":8.5,"vyk":0.37,"teho_plus_adj":79,"pct_kl_pct":85,"pct_saatto_pct":94,"pct_eten_pct":88,"pct_kunnari_rate":28,"pct_lyoty_rate":22,"pct_palo_rate":26,"pct_tehot_per_turn":40},"proj":{"player_id":16763,"name":"Lyyli Ahopelto","as_of":"2026-07-15","age":null,"stats":{"kl_pct":{"rate":0.6662276784115023,"effective_n":74.0316999809741,"observed":0.7161700807616754},"saatto_pct":{"rate":0.7524169212360577,"effective_n":130.73095481703533,"observed":0.7806176775923245},"eten_pct":{"rate":0.7123898234970872,"effective_n":153.16057331936042,"observed":0.7299790643042328},"kunnari_rate":{"rate":0.008551903011858934,"effective_n":85.5328971206102,"observed":0.00590719621236824},"lyoty_rate":{"rate":0.09532144377980357,"effective_n":76.68646875009281,"observed":0.0573319709849084},"haava_rate":{"rate":0.3186264567574292,"effective_n":64.96179780231498,"observed":0.23992545664432585},"palo_rate":{"rate":0.32524738368356154,"effective_n":70.04604045395621,"observed":0.3446174422003171}},"teho_plus_proj":105},"translation":{"wrc_plus":94,"tier":"league-average regular","rows":[{"pesis_label":"Kärkilyönti-% (advance the lead runner)","pesis_value":0.7096774193548387,"percentile":85,"mlb_stat":"AVG","mlb_value":"0.427"},{"pesis_label":"Kärkilyönnit per turn (base hits)","pesis_value":0.6567164179104478,"percentile":71,"mlb_stat":"H / 600 PA","mlb_value":"162"},{"pesis_label":"Lyödyt per turn (runs batted home)","pesis_value":0.04477611940298507,"percentile":22,"mlb_stat":"RBI / 600 PA","mlb_value":"57"},{"pesis_label":"Tuodut per advance (runs scored)","pesis_value":0.08783783783783784,"percentile":63,"mlb_stat":"R / 600 PA","mlb_value":"82"},{"pesis_label":"Palot per turn (burned outs)","pesis_value":0.3582089552238806,"percentile":26,"mlb_stat":"K%","mlb_value":"25.7%"}]},"pitching":null,"career_json":[{"year":2025,"kl_pct":0.7058823529411765,"teho_plus":142},{"year":2026,"kl_pct":0.7096774193548387,"teho_plus":79}],"pct_stats":["kl_pct","saatto_pct","eten_pct","kunnari_rate","lyoty_rate","palo_rate","tehot_per_turn"],"base_kl":{"player_id":16763,"turns_at_bat":67,"kl_base0":0.7692307692307693,"kl_base0_tries":13,"kl_base1":0.6666666666666666,"kl_base1_tries":24,"kl_base2":0.7894736842105263,"kl_base2_tries":19,"kl_base3":0.5,"kl_base3_tries":6,"pct_kl_base0":90,"pct_kl_base1":70,"pct_kl_base2":74,"pct_kl_base3":36},"base_keys":["kl_base0","kl_base1","kl_base2","kl_base3"],"comps":[]}