{"player":{"id":16797,"name":"Moona Ala-Sulkava","born_year":null},"career":[{"year":2026,"season_id":130,"team":"Lavepesis","age":null,"games":2,"turns_at_bat":11,"vyk":0.0,"spark_index":86,"adv_plus":81,"runner_plus":79,"out_avoid_plus":109,"money_kl_plus":null,"teho_plus":42,"teho_plus_adj":43},{"year":2026,"season_id":178,"team":"ÄhtU","age":null,"games":15,"turns_at_bat":127,"vyk":0.9,"spark_index":110,"adv_plus":115,"runner_plus":102,"out_avoid_plus":110,"money_kl_plus":136,"teho_plus":107,"teho_plus_adj":108}],"line":{"player_id":16797,"name":"Moona Ala-Sulkava","born_year":null,"year":2026,"games":15,"team":"ÄhtU","turns_at_bat":127,"kunnarit":3,"lyodyt":11,"tuodut":27,"karkilyonnit":94,"karki_yritykset":130,"saatot":204,"saatto_yritykset":274,"etenemiset":196,"eteneminen_yritykset":293,"haavat":67,"palot":30,"season_id":178,"tehot":41,"kl_pct":0.7230769230769231,"saatto_pct":0.7445255474452555,"eten_pct":0.6689419795221843,"kunnari_rate":0.023622047244094488,"lyoty_rate":0.08661417322834646,"tuotu_rate":0.09215017064846416,"haava_rate":0.5275590551181102,"palo_rate":0.23622047244094488,"tehot_per_turn":0.3228346456692913,"kl_per_turn":0.7401574803149606,"hr_rbi_per_turn":0.11023622047244094,"kl_base0":0.5,"kl_base0_tries":22,"kl_base1":0.75,"kl_base1_tries":52,"kl_base2":0.7894736842105263,"kl_base2_tries":38,"kl_base3":0.7777777777777778,"kl_base3_tries":18,"adv1_pct":0.5,"adv2_pct":0.75,"adv3_pct":0.7894736842105263,"adv_home_pct":0.7777777777777778,"money_kl_pct":0.7777777777777778,"money_kl_tries":18,"pos":"L","teho_plus":107,"adv_plus":115,"runner_plus":102,"out_avoid_plus":110,"adv1_plus":89,"adv2_plus":126,"adv3_plus":114,"adv_home_plus":136,"money_kl_plus":136,"spark_index":110,"run_value":29.359809206276957,"raa":9.6,"jyk":20.5,"vyk":0.9,"teho_plus_adj":108,"pct_kl_pct":88,"pct_saatto_pct":84,"pct_eten_pct":59,"pct_kunnari_rate":84,"pct_lyoty_rate":47,"pct_palo_rate":76,"pct_tehot_per_turn":61},"proj":{"player_id":16797,"name":"Moona Ala-Sulkava","as_of":"2026-07-16","age":null,"stats":{"kl_pct":{"rate":0.6695990112051393,"effective_n":127.92990656540651,"observed":0.7000189323051961},"saatto_pct":{"rate":0.719628925683801,"effective_n":256.3713522642026,"observed":0.7288667380386719},"eten_pct":{"rate":0.6554152480543527,"effective_n":275.07766288606035,"observed":0.654822275881905},"kunnari_rate":{"rate":0.01640884156419453,"effective_n":129.81938506951272,"observed":0.021921908899379387},"lyoty_rate":{"rate":0.10002756558273021,"effective_n":125.99266363712748,"observed":0.07978226422983097},"haava_rate":{"rate":0.4594419119184243,"effective_n":118.82437667314784,"observed":0.5349940679318821},"palo_rate":{"rate":0.2675484262082191,"effective_n":122.33031752510432,"observed":0.2409334773660721}},"teho_plus_proj":104},"translation":{"wrc_plus":107,"tier":"league-average regular","rows":[{"pesis_label":"Kärkilyönti-% (advance the lead runner)","pesis_value":0.7230769230769231,"percentile":88,"mlb_stat":"AVG","mlb_value":"0.440"},{"pesis_label":"Kärkilyönnit per turn (base hits)","pesis_value":0.7401574803149606,"percentile":86,"mlb_stat":"H / 600 PA","mlb_value":"174"},{"pesis_label":"Lyödyt per turn (runs batted home)","pesis_value":0.08661417322834646,"percentile":47,"mlb_stat":"RBI / 600 PA","mlb_value":"70"},{"pesis_label":"Tuodut per advance (runs scored)","pesis_value":0.09215017064846416,"percentile":68,"mlb_stat":"R / 600 PA","mlb_value":"84"},{"pesis_label":"Palot per turn (burned outs)","pesis_value":0.23622047244094488,"percentile":76,"mlb_stat":"K%","mlb_value":"18.3%"}]},"pitching":{"era":"3.93","tier":"back-end starter","games":8,"rows":[{"pesis":"Päästetyt juoksut / ottelu (LRA)","arvo":"9.62","pctile":53,"mlb":"ERA","kaannos":"3.93"},{"pesis":"LRA- (sarjaindeksi, 100 = ka.)","arvo":"87","pctile":null,"mlb":"ERA-","kaannos":"87"},{"pesis":"Estetyt juoksut (kausi)","arvo":"11.6","pctile":null,"mlb":"Runs saved","kaannos":"11.6"}]},"career_json":[{"year":2026,"kl_pct":0.45454545454545453,"teho_plus":42},{"year":2026,"kl_pct":0.7230769230769231,"teho_plus":107}],"pct_stats":["kl_pct","saatto_pct","eten_pct","kunnari_rate","lyoty_rate","palo_rate","tehot_per_turn"],"base_kl":{"player_id":16797,"turns_at_bat":127,"kl_base0":0.5,"kl_base0_tries":22,"kl_base1":0.75,"kl_base1_tries":52,"kl_base2":0.7894736842105263,"kl_base2_tries":38,"kl_base3":0.7777777777777778,"kl_base3_tries":18,"pct_kl_base0":42,"pct_kl_base1":85,"pct_kl_base2":74,"pct_kl_base3":90},"base_keys":["kl_base0","kl_base1","kl_base2","kl_base3"],"comps":[]}