{"player":{"id":16833,"name":"Eero Nikulainen","born_year":null},"career":[{"year":2026,"season_id":156,"team":"TuPe","age":null,"games":8,"turns_at_bat":49,"vyk":-0.16,"spark_index":73,"adv_plus":63,"runner_plus":89,"out_avoid_plus":76,"money_kl_plus":0,"teho_plus":70,"teho_plus_adj":70}],"line":{"player_id":16833,"name":"Eero Nikulainen","born_year":null,"year":2026,"games":8,"team":"TuPe","turns_at_bat":49,"kunnarit":0,"lyodyt":0,"tuodut":8,"karkilyonnit":18,"karki_yritykset":46,"saatot":19,"saatto_yritykset":52,"etenemiset":49,"eteneminen_yritykset":89,"haavat":17,"palot":23,"season_id":156,"tehot":8,"kl_pct":0.391304347826087,"saatto_pct":0.36538461538461536,"eten_pct":0.550561797752809,"kunnari_rate":0.0,"lyoty_rate":0.0,"tuotu_rate":0.0898876404494382,"haava_rate":0.3469387755102041,"palo_rate":0.46938775510204084,"tehot_per_turn":0.16326530612244897,"kl_per_turn":0.3673469387755102,"hr_rbi_per_turn":0.0,"kl_base0":0.43243243243243246,"kl_base0_tries":37,"kl_base1":0.2,"kl_base1_tries":5,"kl_base2":0.3333333333333333,"kl_base2_tries":3,"kl_base3":0.0,"kl_base3_tries":1,"adv1_pct":0.43243243243243246,"adv2_pct":0.2,"adv3_pct":0.3333333333333333,"adv_home_pct":0.0,"money_kl_pct":0.0,"money_kl_tries":1,"pos":"S","teho_plus":70,"adv_plus":63,"runner_plus":89,"out_avoid_plus":76,"adv1_plus":85,"adv2_plus":37,"adv3_plus":53,"adv_home_plus":0,"money_kl_plus":0,"spark_index":73,"run_value":-0.39230022974733636,"raa":-6.4,"jyk":-2.8,"vyk":-0.16,"teho_plus_adj":70,"pct_kl_pct":10,"pct_saatto_pct":2,"pct_eten_pct":25,"pct_kunnari_rate":28,"pct_lyoty_rate":5,"pct_palo_rate":7,"pct_tehot_per_turn":36},"proj":{"player_id":16833,"name":"Eero Nikulainen","as_of":"2026-07-16","age":null,"stats":{"kl_pct":{"rate":0.48206063675828403,"effective_n":43.45213801783194,"observed":0.38941838512572713},"saatto_pct":{"rate":0.48021532839427644,"effective_n":48.056470982740024,"observed":0.3627326957348934},"eten_pct":{"rate":0.575009557443548,"effective_n":82.61809007127302,"observed":0.548196608192114},"kunnari_rate":{"rate":0.006624103589692732,"effective_n":47.32062819495234,"observed":0.0},"lyoty_rate":{"rate":0.0658648702290327,"effective_n":46.51056934174638,"observed":0.0},"haava_rate":{"rate":0.3956209405870118,"effective_n":44.94699798743504,"observed":0.3426978177136719},"palo_rate":{"rate":0.3658336647184933,"effective_n":45.71953428429504,"observed":0.47289313165937275}},"teho_plus_proj":105},"translation":{"wrc_plus":91,"tier":"league-average regular","rows":[{"pesis_label":"Kärkilyönti-% (advance the lead runner)","pesis_value":0.391304347826087,"percentile":10,"mlb_stat":"AVG","mlb_value":"0.108"},{"pesis_label":"Kärkilyönnit per turn (base hits)","pesis_value":0.3673469387755102,"percentile":14,"mlb_stat":"H / 600 PA","mlb_value":"126"},{"pesis_label":"Lyödyt per turn (runs batted home)","pesis_value":0.0,"percentile":5,"mlb_stat":"RBI / 600 PA","mlb_value":"39"},{"pesis_label":"Tuodut per advance (runs scored)","pesis_value":0.0898876404494382,"percentile":80,"mlb_stat":"R / 600 PA","mlb_value":"91"},{"pesis_label":"Palot per turn (burned outs)","pesis_value":0.46938775510204084,"percentile":7,"mlb_stat":"K%","mlb_value":"30.3%"}]},"pitching":null,"career_json":[{"year":2026,"kl_pct":0.391304347826087,"teho_plus":70}],"pct_stats":["kl_pct","saatto_pct","eten_pct","kunnari_rate","lyoty_rate","palo_rate","tehot_per_turn"],"base_kl":{"player_id":16833,"turns_at_bat":49,"kl_base0":0.43243243243243246,"kl_base0_tries":37,"kl_base1":0.2,"kl_base1_tries":5,"kl_base2":0.3333333333333333,"kl_base2_tries":3,"kl_base3":0.0,"kl_base3_tries":1,"pct_kl_base0":36,"pct_kl_base1":5,"pct_kl_base2":9,"pct_kl_base3":3},"base_keys":["kl_base0","kl_base1","kl_base2","kl_base3"],"comps":[]}