{"player":{"id":16917,"name":"Minea Kontinen","born_year":null},"career":[{"year":2026,"season_id":130,"team":"HP","age":null,"games":15,"turns_at_bat":65,"vyk":0.33,"spark_index":96,"adv_plus":83,"runner_plus":98,"out_avoid_plus":127,"money_kl_plus":82,"teho_plus":122,"teho_plus_adj":125}],"line":{"player_id":16917,"name":"Minea Kontinen","born_year":null,"year":2026,"games":15,"team":"HP","turns_at_bat":65,"kunnarit":0,"lyodyt":14,"tuodut":3,"karkilyonnit":35,"karki_yritykset":78,"saatot":93,"saatto_yritykset":174,"etenemiset":66,"eteneminen_yritykset":106,"haavat":30,"palot":10,"season_id":130,"tehot":17,"kl_pct":0.44871794871794873,"saatto_pct":0.5344827586206896,"eten_pct":0.6226415094339622,"kunnari_rate":0.0,"lyoty_rate":0.2153846153846154,"tuotu_rate":0.02830188679245283,"haava_rate":0.46153846153846156,"palo_rate":0.15384615384615385,"tehot_per_turn":0.26153846153846155,"kl_per_turn":0.5384615384615384,"hr_rbi_per_turn":0.2153846153846154,"kl_base0":0.3333333333333333,"kl_base0_tries":6,"kl_base1":0.4375,"kl_base1_tries":16,"kl_base2":0.6,"kl_base2_tries":20,"kl_base3":0.3888888888888889,"kl_base3_tries":36,"adv1_pct":0.3333333333333333,"adv2_pct":0.4375,"adv3_pct":0.6,"adv_home_pct":0.3888888888888889,"money_kl_pct":0.3888888888888889,"money_kl_tries":36,"pos":"L","teho_plus":122,"adv_plus":83,"runner_plus":98,"out_avoid_plus":127,"adv1_plus":58,"adv2_plus":75,"adv3_plus":95,"adv_home_plus":82,"money_kl_plus":82,"spark_index":96,"run_value":9.693483014947484,"raa":1.7,"jyk":5.0,"vyk":0.33,"teho_plus_adj":125,"pct_kl_pct":13,"pct_saatto_pct":14,"pct_eten_pct":45,"pct_kunnari_rate":34,"pct_lyoty_rate":82,"pct_palo_rate":95,"pct_tehot_per_turn":70},"proj":{"player_id":16917,"name":"Minea Kontinen","as_of":"2026-07-09","age":null,"stats":{"kl_pct":{"rate":0.5037767315352681,"effective_n":71.07998723841519,"observed":0.44863957058097287},"saatto_pct":{"rate":0.5559919208333826,"effective_n":155.25280300150357,"observed":0.5353743778512491},"eten_pct":{"rate":0.6278135234256595,"effective_n":94.33500135150075,"observed":0.6246899331275421},"kunnari_rate":{"rate":0.003688046524958823,"effective_n":61.0404826788181,"observed":0.0},"lyoty_rate":{"rate":0.15030417603454277,"effective_n":59.18693037316565,"observed":0.22139696966180097},"haava_rate":{"rate":0.40843847849872245,"effective_n":55.7129423248543,"observed":0.46397179176475944},"palo_rate":{"rate":0.25738944134918856,"effective_n":57.412307365014634,"observed":0.15324256564680339}},"teho_plus_proj":159},"translation":{"wrc_plus":113,"tier":"solid starter","rows":[{"pesis_label":"Kärkilyönti-% (advance the lead runner)","pesis_value":0.44871794871794873,"percentile":13,"mlb_stat":"AVG","mlb_value":"0.178"},{"pesis_label":"Kärkilyönnit per turn (base hits)","pesis_value":0.5384615384615384,"percentile":51,"mlb_stat":"H / 600 PA","mlb_value":"151"},{"pesis_label":"Lyödyt per turn (runs batted home)","pesis_value":0.2153846153846154,"percentile":82,"mlb_stat":"RBI / 600 PA","mlb_value":"90"},{"pesis_label":"Tuodut per advance (runs scored)","pesis_value":0.02830188679245283,"percentile":23,"mlb_stat":"R / 600 PA","mlb_value":"63"},{"pesis_label":"Palot per turn (burned outs)","pesis_value":0.15384615384615385,"percentile":95,"mlb_stat":"K%","mlb_value":"13.2%"}]},"pitching":{"era":"3.68","tier":"mid-rotation starter","games":6,"rows":[{"pesis":"Päästetyt juoksut / ottelu (LRA)","arvo":"6.00","pctile":64,"mlb":"ERA","kaannos":"3.68"},{"pesis":"LRA- (sarjaindeksi, 100 = ka.)","arvo":"80","pctile":null,"mlb":"ERA-","kaannos":"80"},{"pesis":"Estetyt juoksut (kausi)","arvo":"8.7","pctile":null,"mlb":"Runs saved","kaannos":"8.7"}]},"career_json":[{"year":2026,"kl_pct":0.44871794871794873,"teho_plus":122}],"pct_stats":["kl_pct","saatto_pct","eten_pct","kunnari_rate","lyoty_rate","palo_rate","tehot_per_turn"],"base_kl":{"player_id":16917,"turns_at_bat":65,"kl_base0":0.3333333333333333,"kl_base0_tries":6,"kl_base1":0.4375,"kl_base1_tries":16,"kl_base2":0.6,"kl_base2_tries":20,"kl_base3":0.3888888888888889,"kl_base3_tries":36,"pct_kl_base0":24,"pct_kl_base1":24,"pct_kl_base2":35,"pct_kl_base3":27},"base_keys":["kl_base0","kl_base1","kl_base2","kl_base3"],"comps":[]}