{"player":{"id":16919,"name":"Emilia Muukka","born_year":null},"career":[{"year":2026,"season_id":130,"team":"HP","age":null,"games":15,"turns_at_bat":78,"vyk":0.62,"spark_index":106,"adv_plus":106,"runner_plus":102,"out_avoid_plus":111,"money_kl_plus":120,"teho_plus":149,"teho_plus_adj":154}],"line":{"player_id":16919,"name":"Emilia Muukka","born_year":null,"year":2026,"games":15,"team":"HP","turns_at_bat":78,"kunnarit":3,"lyodyt":9,"tuodut":13,"karkilyonnit":48,"karki_yritykset":78,"saatot":101,"saatto_yritykset":152,"etenemiset":105,"eteneminen_yritykset":162,"haavat":37,"palot":20,"season_id":130,"tehot":25,"kl_pct":0.6153846153846154,"saatto_pct":0.6644736842105263,"eten_pct":0.6481481481481481,"kunnari_rate":0.038461538461538464,"lyoty_rate":0.11538461538461539,"tuotu_rate":0.08024691358024691,"haava_rate":0.47435897435897434,"palo_rate":0.2564102564102564,"tehot_per_turn":0.32051282051282054,"kl_per_turn":0.6153846153846154,"hr_rbi_per_turn":0.15384615384615385,"kl_base0":0.6111111111111112,"kl_base0_tries":18,"kl_base1":0.6153846153846154,"kl_base1_tries":26,"kl_base2":0.6923076923076923,"kl_base2_tries":13,"kl_base3":0.5714285714285714,"kl_base3_tries":21,"adv1_pct":0.6111111111111112,"adv2_pct":0.6153846153846154,"adv3_pct":0.6923076923076923,"adv_home_pct":0.5714285714285714,"money_kl_pct":0.5714285714285714,"money_kl_tries":21,"pos":"2P","teho_plus":149,"adv_plus":106,"runner_plus":102,"out_avoid_plus":111,"adv1_plus":106,"adv2_plus":106,"adv3_plus":109,"adv_home_plus":120,"money_kl_plus":120,"spark_index":106,"run_value":15.051015786379676,"raa":5.5,"jyk":9.4,"vyk":0.62,"teho_plus_adj":154,"pct_kl_pct":68,"pct_saatto_pct":60,"pct_eten_pct":62,"pct_kunnari_rate":97,"pct_lyoty_rate":66,"pct_palo_rate":69,"pct_tehot_per_turn":83},"proj":{"player_id":16919,"name":"Emilia Muukka","as_of":"2026-07-09","age":null,"stats":{"kl_pct":{"rate":0.5973889994088062,"effective_n":71.50984825993201,"observed":0.6211282103947945},"saatto_pct":{"rate":0.6610203819643938,"effective_n":134.98241462296423,"observed":0.6684302887219078},"eten_pct":{"rate":0.6471773064079961,"effective_n":144.2327383827257,"observed":0.6518470177486709},"kunnari_rate":{"rate":0.01834068693054909,"effective_n":73.49289524127198,"observed":0.039202522671433045},"lyoty_rate":{"rate":0.10712057805351198,"effective_n":71.37741892577105,"observed":0.11767120315738507},"haava_rate":{"rate":0.41252001353302375,"effective_n":67.40193162054689,"observed":0.4644781354789138},"palo_rate":{"rate":0.297540543349025,"effective_n":69.34841035060289,"observed":0.2576373319422427}},"teho_plus_proj":149},"translation":{"wrc_plus":124,"tier":"solid starter","rows":[{"pesis_label":"Kärkilyönti-% (advance the lead runner)","pesis_value":0.6153846153846154,"percentile":68,"mlb_stat":"AVG","mlb_value":"0.280"},{"pesis_label":"Kärkilyönnit per turn (base hits)","pesis_value":0.6153846153846154,"percentile":70,"mlb_stat":"H / 600 PA","mlb_value":"162"},{"pesis_label":"Lyödyt per turn (runs batted home)","pesis_value":0.11538461538461539,"percentile":66,"mlb_stat":"RBI / 600 PA","mlb_value":"80"},{"pesis_label":"Tuodut per advance (runs scored)","pesis_value":0.08024691358024691,"percentile":80,"mlb_stat":"R / 600 PA","mlb_value":"91"},{"pesis_label":"Palot per turn (burned outs)","pesis_value":0.2564102564102564,"percentile":69,"mlb_stat":"K%","mlb_value":"19.5%"}]},"pitching":null,"career_json":[{"year":2026,"kl_pct":0.6153846153846154,"teho_plus":149}],"pct_stats":["kl_pct","saatto_pct","eten_pct","kunnari_rate","lyoty_rate","palo_rate","tehot_per_turn"],"base_kl":{"player_id":16919,"turns_at_bat":78,"kl_base0":0.6111111111111112,"kl_base0_tries":18,"kl_base1":0.6153846153846154,"kl_base1_tries":26,"kl_base2":0.6923076923076923,"kl_base2_tries":13,"kl_base3":0.5714285714285714,"kl_base3_tries":21,"pct_kl_base0":67,"pct_kl_base1":64,"pct_kl_base2":61,"pct_kl_base3":66},"base_keys":["kl_base0","kl_base1","kl_base2","kl_base3"],"comps":[]}