{"player":{"id":16917,"name":"Minea Kontinen","born_year":null},"career":[{"year":2026,"season_id":130,"team":"HP","age":null,"games":18,"turns_at_bat":81,"vyk":0.24,"spark_index":92,"adv_plus":77,"runner_plus":96,"out_avoid_plus":124,"money_kl_plus":65,"teho_plus":103,"teho_plus_adj":105}],"line":{"player_id":16917,"name":"Minea Kontinen","born_year":null,"year":2026,"games":18,"team":"HP","turns_at_bat":81,"kunnarit":0,"lyodyt":15,"tuodut":3,"karkilyonnit":40,"karki_yritykset":96,"saatot":105,"saatto_yritykset":210,"etenemiset":74,"eteneminen_yritykset":122,"haavat":34,"palot":14,"season_id":130,"tehot":18,"kl_pct":0.4166666666666667,"saatto_pct":0.5,"eten_pct":0.6065573770491803,"kunnari_rate":0.0,"lyoty_rate":0.18518518518518517,"tuotu_rate":0.02459016393442623,"haava_rate":0.41975308641975306,"palo_rate":0.1728395061728395,"tehot_per_turn":0.2222222222222222,"kl_per_turn":0.49382716049382713,"hr_rbi_per_turn":0.18518518518518517,"kl_base0":0.42857142857142855,"kl_base0_tries":7,"kl_base1":0.4375,"kl_base1_tries":16,"kl_base2":0.6,"kl_base2_tries":25,"kl_base3":0.3125,"kl_base3_tries":48,"adv1_pct":0.42857142857142855,"adv2_pct":0.4375,"adv3_pct":0.6,"adv_home_pct":0.3125,"money_kl_pct":0.3125,"money_kl_tries":48,"pos":"L","teho_plus":103,"adv_plus":77,"runner_plus":96,"out_avoid_plus":124,"adv1_plus":74,"adv2_plus":76,"adv3_plus":94,"adv_home_plus":65,"money_kl_plus":65,"spark_index":92,"run_value":12.230370865510288,"raa":-1.3,"jyk":3.6,"vyk":0.24,"teho_plus_adj":105,"pct_kl_pct":8,"pct_saatto_pct":9,"pct_eten_pct":35,"pct_kunnari_rate":33,"pct_lyoty_rate":80,"pct_palo_rate":92,"pct_tehot_per_turn":62},"proj":{"player_id":16917,"name":"Minea Kontinen","as_of":"2026-07-17","age":null,"stats":{"kl_pct":{"rate":0.4769948719579173,"effective_n":87.22184985908912,"observed":0.41353574110973007},"saatto_pct":{"rate":0.5214422277176594,"effective_n":185.90915104207343,"observed":0.4966133906343781},"eten_pct":{"rate":0.6153146764774029,"effective_n":107.15970332030102,"observed":0.6063406519948118},"kunnari_rate":{"rate":0.003587821225497949,"effective_n":75.9789634133359,"observed":0.0},"lyoty_rate":{"rate":0.1408538652981578,"effective_n":73.64398730087841,"observed":0.1870449040869718},"haava_rate":{"rate":0.39182598867669044,"effective_n":69.29502367538838,"observed":0.4150218510165062},"palo_rate":{"rate":0.25821164042300004,"effective_n":71.41790312203628,"observed":0.17469924619756616}},"teho_plus_proj":152},"translation":{"wrc_plus":108,"tier":"league-average regular","rows":[{"pesis_label":"Kärkilyönti-% (advance the lead runner)","pesis_value":0.4166666666666667,"percentile":8,"mlb_stat":"AVG","mlb_value":"0.134"},{"pesis_label":"Kärkilyönnit per turn (base hits)","pesis_value":0.49382716049382713,"percentile":34,"mlb_stat":"H / 600 PA","mlb_value":"141"},{"pesis_label":"Lyödyt per turn (runs batted home)","pesis_value":0.18518518518518517,"percentile":80,"mlb_stat":"RBI / 600 PA","mlb_value":"89"},{"pesis_label":"Tuodut per advance (runs scored)","pesis_value":0.02459016393442623,"percentile":22,"mlb_stat":"R / 600 PA","mlb_value":"62"},{"pesis_label":"Palot per turn (burned outs)","pesis_value":0.1728395061728395,"percentile":92,"mlb_stat":"K%","mlb_value":"14.5%"}]},"pitching":{"era":"3.53","tier":"mid-rotation starter","games":6,"rows":[{"pesis":"Päästetyt juoksut / ottelu (LRA)","arvo":"6.00","pctile":70,"mlb":"ERA","kaannos":"3.53"},{"pesis":"LRA- (sarjaindeksi, 100 = ka.)","arvo":"79","pctile":null,"mlb":"ERA-","kaannos":"79"},{"pesis":"Estetyt juoksut (kausi)","arvo":"9.5","pctile":null,"mlb":"Runs saved","kaannos":"9.5"}]},"career_json":[{"year":2026,"kl_pct":0.4166666666666667,"teho_plus":103}],"pct_stats":["kl_pct","saatto_pct","eten_pct","kunnari_rate","lyoty_rate","palo_rate","tehot_per_turn"],"base_kl":{"player_id":16917,"turns_at_bat":81,"kl_base0":0.42857142857142855,"kl_base0_tries":7,"kl_base1":0.4375,"kl_base1_tries":16,"kl_base2":0.6,"kl_base2_tries":25,"kl_base3":0.3125,"kl_base3_tries":48,"pct_kl_base0":35,"pct_kl_base1":24,"pct_kl_base2":34,"pct_kl_base3":16},"base_keys":["kl_base0","kl_base1","kl_base2","kl_base3"],"comps":[]}