{"player":{"id":16917,"name":"Minea Kontinen","born_year":null},"career":[{"player_id":16917,"name":"Minea Kontinen","born_year":null,"year":2026,"games":13,"team":"HP","turns_at_bat":54,"kunnarit":0,"lyodyt":10,"tuodut":2,"karkilyonnit":28,"karki_yritykset":64,"saatot":77,"saatto_yritykset":141,"etenemiset":56,"eteneminen_yritykset":88,"haavat":24,"palot":8,"season_id":4,"tehot":12,"kl_pct":0.4375,"saatto_pct":0.5460992907801419,"eten_pct":0.6363636363636364,"kunnari_rate":0.0,"lyoty_rate":0.18518518518518517,"tuotu_rate":0.022727272727272728,"haava_rate":0.4444444444444444,"palo_rate":0.14814814814814814,"tehot_per_turn":0.2222222222222222,"kl_per_turn":0.5185185185185185,"hr_rbi_per_turn":0.18518518518518517,"kl_base0":0.3333333333333333,"kl_base0_tries":6,"kl_base1":0.42857142857142855,"kl_base1_tries":14,"kl_base2":0.6666666666666666,"kl_base2_tries":15,"kl_base3":0.3448275862068966,"kl_base3_tries":29,"adv1_pct":0.3333333333333333,"adv2_pct":0.42857142857142855,"adv3_pct":0.6666666666666666,"adv_home_pct":0.3448275862068966,"money_kl_pct":0.3448275862068966,"money_kl_tries":29,"pos":"L","teho_plus":105,"adv_plus":84,"runner_plus":100,"out_avoid_plus":128,"adv1_plus":57,"adv2_plus":74,"adv3_plus":105,"adv_home_plus":73,"money_kl_plus":73,"spark_index":98,"run_value":7.620187162634071,"raa":0.9,"jyk":3.8,"vyk":0.26,"teho_plus_adj":109}],"line":{"player_id":16917,"name":"Minea Kontinen","born_year":null,"year":2026,"games":13,"team":"HP","turns_at_bat":54,"kunnarit":0,"lyodyt":10,"tuodut":2,"karkilyonnit":28,"karki_yritykset":64,"saatot":77,"saatto_yritykset":141,"etenemiset":56,"eteneminen_yritykset":88,"haavat":24,"palot":8,"season_id":4,"tehot":12,"kl_pct":0.4375,"saatto_pct":0.5460992907801419,"eten_pct":0.6363636363636364,"kunnari_rate":0.0,"lyoty_rate":0.18518518518518517,"tuotu_rate":0.022727272727272728,"haava_rate":0.4444444444444444,"palo_rate":0.14814814814814814,"tehot_per_turn":0.2222222222222222,"kl_per_turn":0.5185185185185185,"hr_rbi_per_turn":0.18518518518518517,"kl_base0":0.3333333333333333,"kl_base0_tries":6,"kl_base1":0.42857142857142855,"kl_base1_tries":14,"kl_base2":0.6666666666666666,"kl_base2_tries":15,"kl_base3":0.3448275862068966,"kl_base3_tries":29,"adv1_pct":0.3333333333333333,"adv2_pct":0.42857142857142855,"adv3_pct":0.6666666666666666,"adv_home_pct":0.3448275862068966,"money_kl_pct":0.3448275862068966,"money_kl_tries":29,"pos":"L","teho_plus":105,"adv_plus":84,"runner_plus":100,"out_avoid_plus":128,"adv1_plus":57,"adv2_plus":74,"adv3_plus":105,"adv_home_plus":73,"money_kl_plus":73,"spark_index":98,"run_value":7.620187162634071,"raa":0.9,"jyk":3.8,"vyk":0.26,"teho_plus_adj":109,"pct_kl_pct":10,"pct_saatto_pct":15,"pct_eten_pct":54,"pct_kunnari_rate":36,"pct_lyoty_rate":79,"pct_palo_rate":96,"pct_tehot_per_turn":59},"proj":{"player_id":16917,"name":"Minea Kontinen","as_of":"2026-07-02","age":null,"stats":{"kl_pct":{"rate":0.5029878761966923,"effective_n":58.384727897414045,"observed":0.4359343580657291},"saatto_pct":{"rate":0.5695336390680973,"effective_n":126.09514948498061,"observed":0.5484676253929631},"eten_pct":{"rate":0.6379189792674596,"effective_n":78.71137350790475,"observed":0.6406781755956156},"kunnari_rate":{"rate":0.0037374253436881833,"effective_n":50.80936033504249,"observed":0.0},"lyoty_rate":{"rate":0.13207132284184994,"effective_n":49.305627591230966,"observed":0.18905996859119228},"haava_rate":{"rate":0.3980554486525546,"effective_n":46.46891675232916,"observed":0.4443939058554898},"palo_rate":{"rate":0.2635220190987088,"effective_n":47.859605461838015,"observed":0.14659450035356117}},"teho_plus_proj":154},"career_json":[{"year":2026,"kl_pct":0.4375,"teho_plus":105}],"pct_stats":["kl_pct","saatto_pct","eten_pct","kunnari_rate","lyoty_rate","palo_rate","tehot_per_turn"],"base_kl":{"player_id":16917,"turns_at_bat":54,"kl_base0":0.3333333333333333,"kl_base0_tries":6,"kl_base1":0.42857142857142855,"kl_base1_tries":14,"kl_base2":0.6666666666666666,"kl_base2_tries":15,"kl_base3":0.3448275862068966,"kl_base3_tries":29,"pct_kl_base0":20,"pct_kl_base1":25,"pct_kl_base2":57,"pct_kl_base3":23},"base_keys":["kl_base0","kl_base1","kl_base2","kl_base3"],"comps":[]}