{"player":{"id":16915,"name":"Krista Anttila","born_year":null},"career":[{"year":2026,"season_id":130,"team":"HP","age":null,"games":18,"turns_at_bat":110,"vyk":0.2,"spark_index":104,"adv_plus":109,"runner_plus":104,"out_avoid_plus":89,"money_kl_plus":90,"teho_plus":101,"teho_plus_adj":102}],"line":{"player_id":16915,"name":"Krista Anttila","born_year":null,"year":2026,"games":18,"team":"HP","turns_at_bat":110,"kunnarit":0,"lyodyt":3,"tuodut":21,"karkilyonnit":52,"karki_yritykset":78,"saatot":75,"saatto_yritykset":111,"etenemiset":161,"eteneminen_yritykset":243,"haavat":37,"palot":45,"season_id":130,"tehot":24,"kl_pct":0.6666666666666666,"saatto_pct":0.6756756756756757,"eten_pct":0.6625514403292181,"kunnari_rate":0.0,"lyoty_rate":0.02727272727272727,"tuotu_rate":0.08641975308641975,"haava_rate":0.33636363636363636,"palo_rate":0.4090909090909091,"tehot_per_turn":0.21818181818181817,"kl_per_turn":0.4727272727272727,"hr_rbi_per_turn":0.02727272727272727,"kl_base0":0.71875,"kl_base0_tries":64,"kl_base1":0.0,"kl_base1_tries":2,"kl_base2":0.6,"kl_base2_tries":5,"kl_base3":0.42857142857142855,"kl_base3_tries":7,"adv1_pct":0.71875,"adv2_pct":0.0,"adv3_pct":0.6,"adv_home_pct":0.42857142857142855,"money_kl_pct":0.42857142857142855,"money_kl_tries":7,"pos":null,"teho_plus":101,"adv_plus":109,"runner_plus":104,"out_avoid_plus":89,"adv1_plus":125,"adv2_plus":0,"adv3_plus":94,"adv_home_plus":90,"money_kl_plus":90,"spark_index":104,"run_value":12.439383100883617,"raa":-2.1,"jyk":3.1,"vyk":0.2,"teho_plus_adj":102,"pct_kl_pct":86,"pct_saatto_pct":65,"pct_eten_pct":69,"pct_kunnari_rate":33,"pct_lyoty_rate":33,"pct_palo_rate":26,"pct_tehot_per_turn":59},"proj":{"player_id":16915,"name":"Krista Anttila","as_of":"2026-07-17","age":null,"stats":{"kl_pct":{"rate":0.623385573080933,"effective_n":70.97117494302003,"observed":0.6693840941722548},"saatto_pct":{"rate":0.6650924455392374,"effective_n":98.2628463245671,"observed":0.676548749999072},"eten_pct":{"rate":0.6578089331726392,"effective_n":213.68356031348645,"observed":0.6632259281105498},"kunnari_rate":{"rate":0.0031758212111771575,"effective_n":103.00704282150376,"observed":0.0},"lyoty_rate":{"rate":0.05859601939409552,"effective_n":99.74778278458662,"observed":0.026628391187604985},"haava_rate":{"rate":0.3582202224901295,"effective_n":93.66455109598611,"observed":0.33946054101976114},"palo_rate":{"rate":0.3727729948822179,"effective_n":96.63608956741477,"observed":0.4058968261135394}},"teho_plus_proj":119},"translation":{"wrc_plus":106,"tier":"league-average regular","rows":[{"pesis_label":"Kärkilyönti-% (advance the lead runner)","pesis_value":0.6666666666666666,"percentile":86,"mlb_stat":"AVG","mlb_value":"0.384"},{"pesis_label":"Kärkilyönnit per turn (base hits)","pesis_value":0.4727272727272727,"percentile":26,"mlb_stat":"H / 600 PA","mlb_value":"136"},{"pesis_label":"Lyödyt per turn (runs batted home)","pesis_value":0.02727272727272727,"percentile":33,"mlb_stat":"RBI / 600 PA","mlb_value":"63"},{"pesis_label":"Tuodut per advance (runs scored)","pesis_value":0.08641975308641975,"percentile":86,"mlb_stat":"R / 600 PA","mlb_value":"95"},{"pesis_label":"Palot per turn (burned outs)","pesis_value":0.4090909090909091,"percentile":26,"mlb_stat":"K%","mlb_value":"25.7%"}]},"pitching":null,"career_json":[{"year":2026,"kl_pct":0.6666666666666666,"teho_plus":101}],"pct_stats":["kl_pct","saatto_pct","eten_pct","kunnari_rate","lyoty_rate","palo_rate","tehot_per_turn"],"base_kl":{"player_id":16915,"turns_at_bat":110,"kl_base0":0.71875,"kl_base0_tries":64,"kl_base1":0.0,"kl_base1_tries":2,"kl_base2":0.6,"kl_base2_tries":5,"kl_base3":0.42857142857142855,"kl_base3_tries":7,"pct_kl_base0":85,"pct_kl_base1":1,"pct_kl_base2":34,"pct_kl_base3":34},"base_keys":["kl_base0","kl_base1","kl_base2","kl_base3"],"comps":[]}