{"player":{"id":16915,"name":"Krista Anttila","born_year":null},"career":[{"year":2026,"season_id":130,"team":"HP","age":null,"games":15,"turns_at_bat":90,"vyk":0.25,"spark_index":106,"adv_plus":114,"runner_plus":105,"out_avoid_plus":85,"money_kl_plus":157,"teho_plus":114,"teho_plus_adj":116}],"line":{"player_id":16915,"name":"Krista Anttila","born_year":null,"year":2026,"games":15,"team":"HP","turns_at_bat":90,"kunnarit":0,"lyodyt":3,"tuodut":19,"karkilyonnit":41,"karki_yritykset":60,"saatot":61,"saatto_yritykset":86,"etenemiset":132,"eteneminen_yritykset":198,"haavat":27,"palot":39,"season_id":130,"tehot":22,"kl_pct":0.6833333333333333,"saatto_pct":0.7093023255813954,"eten_pct":0.6666666666666666,"kunnari_rate":0.0,"lyoty_rate":0.03333333333333333,"tuotu_rate":0.09595959595959595,"haava_rate":0.3,"palo_rate":0.43333333333333335,"tehot_per_turn":0.24444444444444444,"kl_per_turn":0.45555555555555555,"hr_rbi_per_turn":0.03333333333333333,"kl_base0":0.6730769230769231,"kl_base0_tries":52,"kl_base1":null,"kl_base1_tries":0,"kl_base2":0.75,"kl_base2_tries":4,"kl_base3":0.75,"kl_base3_tries":4,"adv1_pct":0.6730769230769231,"adv2_pct":null,"adv3_pct":0.75,"adv_home_pct":0.75,"money_kl_pct":0.75,"money_kl_tries":4,"pos":null,"teho_plus":114,"adv_plus":114,"runner_plus":105,"out_avoid_plus":85,"adv1_plus":116,"adv2_plus":null,"adv3_plus":118,"adv_home_plus":157,"money_kl_plus":157,"spark_index":106,"run_value":10.231090568734045,"raa":-0.8,"jyk":3.7,"vyk":0.25,"teho_plus_adj":116,"pct_kl_pct":86,"pct_saatto_pct":74,"pct_eten_pct":70,"pct_kunnari_rate":34,"pct_lyoty_rate":34,"pct_palo_rate":21,"pct_tehot_per_turn":66},"proj":{"player_id":16915,"name":"Krista Anttila","as_of":"2026-07-09","age":null,"stats":{"kl_pct":{"rate":0.6259968367651596,"effective_n":54.40055133724441,"observed":0.6887546127964174},"saatto_pct":{"rate":0.6878461503572647,"effective_n":75.92903081122961,"observed":0.7151510931416586},"eten_pct":{"rate":0.6603535102510053,"effective_n":174.62774384305018,"observed":0.6679830851223975},"kunnari_rate":{"rate":0.003265692443846989,"effective_n":84.45456346585676,"observed":0.0},"lyoty_rate":{"rate":0.06510542691209419,"effective_n":81.84993400540245,"observed":0.033240578943207984},"haava_rate":{"rate":0.3425353921463675,"effective_n":76.95224717571273,"observed":0.2970996253629355},"palo_rate":{"rate":0.38236874548108557,"effective_n":79.35072499898818,"observed":0.43301770794074423}},"teho_plus_proj":124},"translation":{"wrc_plus":110,"tier":"solid starter","rows":[{"pesis_label":"Kärkilyönti-% (advance the lead runner)","pesis_value":0.6833333333333333,"percentile":86,"mlb_stat":"AVG","mlb_value":"0.319"},{"pesis_label":"Kärkilyönnit per turn (base hits)","pesis_value":0.45555555555555555,"percentile":21,"mlb_stat":"H / 600 PA","mlb_value":"132"},{"pesis_label":"Lyödyt per turn (runs batted home)","pesis_value":0.03333333333333333,"percentile":34,"mlb_stat":"RBI / 600 PA","mlb_value":"64"},{"pesis_label":"Tuodut per advance (runs scored)","pesis_value":0.09595959595959595,"percentile":89,"mlb_stat":"R / 600 PA","mlb_value":"98"},{"pesis_label":"Palot per turn (burned outs)","pesis_value":0.43333333333333335,"percentile":21,"mlb_stat":"K%","mlb_value":"26.6%"}]},"pitching":null,"career_json":[{"year":2026,"kl_pct":0.6833333333333333,"teho_plus":114}],"pct_stats":["kl_pct","saatto_pct","eten_pct","kunnari_rate","lyoty_rate","palo_rate","tehot_per_turn"],"base_kl":{"player_id":16915,"turns_at_bat":90,"kl_base0":0.6730769230769231,"kl_base0_tries":52,"kl_base1":null,"kl_base1_tries":0,"kl_base2":0.75,"kl_base2_tries":4,"kl_base3":0.75,"kl_base3_tries":4,"pct_kl_base0":79,"pct_kl_base1":null,"pct_kl_base2":75,"pct_kl_base3":91},"base_keys":["kl_base0","kl_base1","kl_base2","kl_base3"],"comps":[]}