{"player":{"id":16917,"name":"Minea Kontinen","born_year":null},"career":[{"year":2026,"season_id":130,"team":"HP","age":null,"games":14,"turns_at_bat":59,"vyk":0.24,"spark_index":95,"adv_plus":80,"runner_plus":98,"out_avoid_plus":127,"money_kl_plus":74,"teho_plus":110,"teho_plus_adj":114}],"line":{"player_id":16917,"name":"Minea Kontinen","born_year":null,"year":2026,"games":14,"team":"HP","turns_at_bat":59,"kunnarit":0,"lyodyt":11,"tuodut":3,"karkilyonnit":29,"karki_yritykset":68,"saatot":81,"saatto_yritykset":155,"etenemiset":60,"eteneminen_yritykset":96,"haavat":27,"palot":9,"season_id":130,"tehot":14,"kl_pct":0.4264705882352941,"saatto_pct":0.5225806451612903,"eten_pct":0.625,"kunnari_rate":0.0,"lyoty_rate":0.1864406779661017,"tuotu_rate":0.03125,"haava_rate":0.4576271186440678,"palo_rate":0.15254237288135594,"tehot_per_turn":0.23728813559322035,"kl_per_turn":0.4915254237288136,"hr_rbi_per_turn":0.1864406779661017,"kl_base0":0.3333333333333333,"kl_base0_tries":6,"kl_base1":0.4,"kl_base1_tries":15,"kl_base2":0.625,"kl_base2_tries":16,"kl_base3":0.3548387096774194,"kl_base3_tries":31,"adv1_pct":0.3333333333333333,"adv2_pct":0.4,"adv3_pct":0.625,"adv_home_pct":0.3548387096774194,"money_kl_pct":0.3548387096774194,"money_kl_tries":31,"pos":"L","teho_plus":110,"adv_plus":80,"runner_plus":98,"out_avoid_plus":127,"adv1_plus":58,"adv2_plus":69,"adv3_plus":98,"adv_home_plus":74,"money_kl_plus":74,"spark_index":95,"run_value":8.179830295694972,"raa":0.6,"jyk":3.6,"vyk":0.24,"teho_plus_adj":114,"pct_kl_pct":9,"pct_saatto_pct":10,"pct_eten_pct":45,"pct_kunnari_rate":34,"pct_lyoty_rate":79,"pct_palo_rate":95,"pct_tehot_per_turn":66},"proj":{"player_id":16917,"name":"Minea Kontinen","as_of":"2026-07-05","age":null,"stats":{"kl_pct":{"rate":0.4958140605026771,"effective_n":61.84884015760289,"observed":0.4239453503805951},"saatto_pct":{"rate":0.547754690238346,"effective_n":138.53205218824655,"observed":0.5220200812282321},"eten_pct":{"rate":0.630171742026303,"effective_n":85.73861013421038,"observed":0.6276044425202691},"kunnari_rate":{"rate":0.0038694082924103316,"effective_n":55.49511347888137,"observed":0.0},"lyoty_rate":{"rate":0.13519257730410825,"effective_n":53.8482068636029,"observed":0.19007274245590142},"haava_rate":{"rate":0.404553864145663,"effective_n":50.75036236118605,"observed":0.4596477933619365},"palo_rate":{"rate":0.2608618104747691,"effective_n":52.26758439434339,"observed":0.15168291971177522}},"teho_plus_proj":152},"translation":{"wrc_plus":110,"tier":"solid starter","rows":[{"pesis_label":"Kärkilyönti-% (advance the lead runner)","pesis_value":0.4264705882352941,"percentile":9,"mlb_stat":"AVG","mlb_value":"0.164"},{"pesis_label":"Kärkilyönnit per turn (base hits)","pesis_value":0.4915254237288136,"percentile":33,"mlb_stat":"H / 600 PA","mlb_value":"140"},{"pesis_label":"Lyödyt per turn (runs batted home)","pesis_value":0.1864406779661017,"percentile":79,"mlb_stat":"RBI / 600 PA","mlb_value":"88"},{"pesis_label":"Tuodut per advance (runs scored)","pesis_value":0.03125,"percentile":25,"mlb_stat":"R / 600 PA","mlb_value":"64"},{"pesis_label":"Palot per turn (burned outs)","pesis_value":0.15254237288135594,"percentile":95,"mlb_stat":"K%","mlb_value":"13.2%"}]},"pitching":{"era":"3.68","tier":"mid-rotation starter","games":6,"rows":[{"pesis":"Päästetyt juoksut / ottelu (LRA)","arvo":"6.00","pctile":64,"mlb":"ERA","kaannos":"3.68"},{"pesis":"LRA- (sarjaindeksi, 100 = ka.)","arvo":"80","pctile":null,"mlb":"ERA-","kaannos":"80"},{"pesis":"Estetyt juoksut (kausi)","arvo":"8.9","pctile":null,"mlb":"Runs saved","kaannos":"8.9"}]},"career_json":[{"year":2026,"kl_pct":0.4264705882352941,"teho_plus":110}],"pct_stats":["kl_pct","saatto_pct","eten_pct","kunnari_rate","lyoty_rate","palo_rate","tehot_per_turn"],"base_kl":{"player_id":16917,"turns_at_bat":59,"kl_base0":0.3333333333333333,"kl_base0_tries":6,"kl_base1":0.4,"kl_base1_tries":15,"kl_base2":0.625,"kl_base2_tries":16,"kl_base3":0.3548387096774194,"kl_base3_tries":31,"pct_kl_base0":24,"pct_kl_base1":18,"pct_kl_base2":40,"pct_kl_base3":24},"base_keys":["kl_base0","kl_base1","kl_base2","kl_base3"],"comps":[]}