{"player":{"id":16917,"name":"Minea Kontinen","born_year":null},"career":[{"year":2026,"season_id":130,"team":"HP","age":null,"games":16,"turns_at_bat":70,"vyk":0.32,"spark_index":95,"adv_plus":82,"runner_plus":97,"out_avoid_plus":126,"money_kl_plus":79,"teho_plus":119,"teho_plus_adj":123}],"line":{"player_id":16917,"name":"Minea Kontinen","born_year":null,"year":2026,"games":16,"team":"HP","turns_at_bat":70,"kunnarit":0,"lyodyt":15,"tuodut":3,"karkilyonnit":38,"karki_yritykset":85,"saatot":99,"saatto_yritykset":188,"etenemiset":69,"eteneminen_yritykset":112,"haavat":32,"palot":11,"season_id":130,"tehot":18,"kl_pct":0.4470588235294118,"saatto_pct":0.526595744680851,"eten_pct":0.6160714285714286,"kunnari_rate":0.0,"lyoty_rate":0.21428571428571427,"tuotu_rate":0.026785714285714284,"haava_rate":0.45714285714285713,"palo_rate":0.15714285714285714,"tehot_per_turn":0.2571428571428571,"kl_per_turn":0.5428571428571428,"hr_rbi_per_turn":0.21428571428571427,"kl_base0":0.3333333333333333,"kl_base0_tries":6,"kl_base1":0.4375,"kl_base1_tries":16,"kl_base2":0.6086956521739131,"kl_base2_tries":23,"kl_base3":0.375,"kl_base3_tries":40,"adv1_pct":0.3333333333333333,"adv2_pct":0.4375,"adv3_pct":0.6086956521739131,"adv_home_pct":0.375,"money_kl_pct":0.375,"money_kl_tries":40,"pos":"L","teho_plus":119,"adv_plus":82,"runner_plus":97,"out_avoid_plus":126,"adv1_plus":58,"adv2_plus":76,"adv3_plus":95,"adv_home_plus":79,"money_kl_plus":79,"spark_index":95,"run_value":10.256014839710005,"raa":1.5,"jyk":4.8,"vyk":0.32,"teho_plus_adj":123,"pct_kl_pct":12,"pct_saatto_pct":13,"pct_eten_pct":43,"pct_kunnari_rate":33,"pct_lyoty_rate":82,"pct_palo_rate":95,"pct_tehot_per_turn":69},"proj":{"player_id":16917,"name":"Minea Kontinen","as_of":"2026-07-12","age":null,"stats":{"kl_pct":{"rate":0.5003850876552933,"effective_n":77.42118459376522,"observed":0.44683056231250634},"saatto_pct":{"rate":0.5477431916663639,"effective_n":167.34121156385018,"observed":0.5264748347510155},"eten_pct":{"rate":0.6229557460184867,"effective_n":99.18350337790754,"observed":0.6171771208654965},"kunnari_rate":{"rate":0.003688071886400052,"effective_n":65.66497178021348,"observed":0.0},"lyoty_rate":{"rate":0.1519731659982039,"effective_n":63.64084444888013,"observed":0.21972094077362744},"haava_rate":{"rate":0.40711877195053775,"effective_n":59.85641969653806,"observed":0.458654740299884},"palo_rate":{"rate":0.2559816594063223,"effective_n":61.70611179300032,"observed":0.1570161306359579}},"teho_plus_proj":159},"translation":{"wrc_plus":112,"tier":"solid starter","rows":[{"pesis_label":"Kärkilyönti-% (advance the lead runner)","pesis_value":0.4470588235294118,"percentile":12,"mlb_stat":"AVG","mlb_value":"0.175"},{"pesis_label":"Kärkilyönnit per turn (base hits)","pesis_value":0.5428571428571428,"percentile":53,"mlb_stat":"H / 600 PA","mlb_value":"152"},{"pesis_label":"Lyödyt per turn (runs batted home)","pesis_value":0.21428571428571427,"percentile":82,"mlb_stat":"RBI / 600 PA","mlb_value":"90"},{"pesis_label":"Tuodut per advance (runs scored)","pesis_value":0.026785714285714284,"percentile":24,"mlb_stat":"R / 600 PA","mlb_value":"63"},{"pesis_label":"Palot per turn (burned outs)","pesis_value":0.15714285714285714,"percentile":95,"mlb_stat":"K%","mlb_value":"13.2%"}]},"pitching":{"era":"3.55","tier":"mid-rotation starter","games":6,"rows":[{"pesis":"Päästetyt juoksut / ottelu (LRA)","arvo":"6.00","pctile":69,"mlb":"ERA","kaannos":"3.55"},{"pesis":"LRA- (sarjaindeksi, 100 = ka.)","arvo":"80","pctile":null,"mlb":"ERA-","kaannos":"80"},{"pesis":"Estetyt juoksut (kausi)","arvo":"8.8","pctile":null,"mlb":"Runs saved","kaannos":"8.8"}]},"career_json":[{"year":2026,"kl_pct":0.4470588235294118,"teho_plus":119}],"pct_stats":["kl_pct","saatto_pct","eten_pct","kunnari_rate","lyoty_rate","palo_rate","tehot_per_turn"],"base_kl":{"player_id":16917,"turns_at_bat":70,"kl_base0":0.3333333333333333,"kl_base0_tries":6,"kl_base1":0.4375,"kl_base1_tries":16,"kl_base2":0.6086956521739131,"kl_base2_tries":23,"kl_base3":0.375,"kl_base3_tries":40,"pct_kl_base0":24,"pct_kl_base1":23,"pct_kl_base2":38,"pct_kl_base3":28},"base_keys":["kl_base0","kl_base1","kl_base2","kl_base3"],"comps":[]}