{"player":{"id":16919,"name":"Emilia Muukka","born_year":null},"career":[{"year":2026,"season_id":130,"team":"HP","age":null,"games":14,"turns_at_bat":73,"vyk":0.6,"spark_index":106,"adv_plus":105,"runner_plus":103,"out_avoid_plus":113,"money_kl_plus":120,"teho_plus":152,"teho_plus_adj":158}],"line":{"player_id":16919,"name":"Emilia Muukka","born_year":null,"year":2026,"games":14,"team":"HP","turns_at_bat":73,"kunnarit":3,"lyodyt":9,"tuodut":12,"karkilyonnit":45,"karki_yritykset":75,"saatot":96,"saatto_yritykset":144,"etenemiset":99,"eteneminen_yritykset":152,"haavat":35,"palot":18,"season_id":130,"tehot":24,"kl_pct":0.6,"saatto_pct":0.6666666666666666,"eten_pct":0.6513157894736842,"kunnari_rate":0.0410958904109589,"lyoty_rate":0.1232876712328767,"tuotu_rate":0.07894736842105263,"haava_rate":0.4794520547945205,"palo_rate":0.2465753424657534,"tehot_per_turn":0.3287671232876712,"kl_per_turn":0.6164383561643836,"hr_rbi_per_turn":0.1643835616438356,"kl_base0":0.6111111111111112,"kl_base0_tries":18,"kl_base1":0.5833333333333334,"kl_base1_tries":24,"kl_base2":0.6666666666666666,"kl_base2_tries":12,"kl_base3":0.5714285714285714,"kl_base3_tries":21,"adv1_pct":0.6111111111111112,"adv2_pct":0.5833333333333334,"adv3_pct":0.6666666666666666,"adv_home_pct":0.5714285714285714,"money_kl_pct":0.5714285714285714,"money_kl_tries":21,"pos":"2P","teho_plus":152,"adv_plus":105,"runner_plus":103,"out_avoid_plus":113,"adv1_plus":106,"adv2_plus":100,"adv3_plus":105,"adv_home_plus":120,"money_kl_plus":120,"spark_index":106,"run_value":14.773352051958728,"raa":5.4,"jyk":9.1,"vyk":0.6,"teho_plus_adj":158,"pct_kl_pct":62,"pct_saatto_pct":62,"pct_eten_pct":63,"pct_kunnari_rate":98,"pct_lyoty_rate":68,"pct_palo_rate":70,"pct_tehot_per_turn":84},"proj":{"player_id":16919,"name":"Emilia Muukka","as_of":"2026-07-05","age":null,"stats":{"kl_pct":{"rate":0.5884969925140592,"effective_n":69.3472783307602,"observed":0.6045896147895347},"saatto_pct":{"rate":0.6630459745839671,"effective_n":129.0671312870987,"observed":0.671154802640768},"eten_pct":{"rate":0.6500292739539076,"effective_n":136.4427589149256,"observed":0.6556928937097679},"kunnari_rate":{"rate":0.01895405527118817,"effective_n":69.0536695179598,"observed":0.042058176982706474},"lyoty_rate":{"rate":0.11115057069747221,"effective_n":67.19513931161991,"observed":0.1265064129182373},"haava_rate":{"rate":0.41278820393042526,"effective_n":63.691234429788395,"observed":0.4696166024142647},"palo_rate":{"rate":0.2937015547274066,"effective_n":65.40868683388825,"observed":0.24662313906306443}},"teho_plus_proj":151},"translation":{"wrc_plus":125,"tier":"All-Star","rows":[{"pesis_label":"Kärkilyönti-% (advance the lead runner)","pesis_value":0.6,"percentile":62,"mlb_stat":"AVG","mlb_value":"0.270"},{"pesis_label":"Kärkilyönnit per turn (base hits)","pesis_value":0.6164383561643836,"percentile":69,"mlb_stat":"H / 600 PA","mlb_value":"161"},{"pesis_label":"Lyödyt per turn (runs batted home)","pesis_value":0.1232876712328767,"percentile":68,"mlb_stat":"RBI / 600 PA","mlb_value":"81"},{"pesis_label":"Tuodut per advance (runs scored)","pesis_value":0.07894736842105263,"percentile":79,"mlb_stat":"R / 600 PA","mlb_value":"91"},{"pesis_label":"Palot per turn (burned outs)","pesis_value":0.2465753424657534,"percentile":70,"mlb_stat":"K%","mlb_value":"19.3%"}]},"pitching":null,"career_json":[{"year":2026,"kl_pct":0.6,"teho_plus":152}],"pct_stats":["kl_pct","saatto_pct","eten_pct","kunnari_rate","lyoty_rate","palo_rate","tehot_per_turn"],"base_kl":{"player_id":16919,"turns_at_bat":73,"kl_base0":0.6111111111111112,"kl_base0_tries":18,"kl_base1":0.5833333333333334,"kl_base1_tries":24,"kl_base2":0.6666666666666666,"kl_base2_tries":12,"kl_base3":0.5714285714285714,"kl_base3_tries":21,"pct_kl_base0":67,"pct_kl_base1":57,"pct_kl_base2":53,"pct_kl_base3":66},"base_keys":["kl_base0","kl_base1","kl_base2","kl_base3"],"comps":[]}