{"player":{"id":16937,"name":"Tiina Mäkelä","born_year":null},"career":[{"year":2026,"season_id":130,"team":"Tarmo","age":null,"games":3,"turns_at_bat":12,"vyk":0.0,"spark_index":63,"adv_plus":62,"runner_plus":49,"out_avoid_plus":87,"money_kl_plus":70,"teho_plus":77,"teho_plus_adj":73}],"line":{"player_id":16937,"name":"Tiina Mäkelä","born_year":null,"year":2026,"games":3,"team":"Tarmo","turns_at_bat":12,"kunnarit":0,"lyodyt":2,"tuodut":0,"karkilyonnit":6,"karki_yritykset":14,"saatot":10,"saatto_yritykset":28,"etenemiset":4,"eteneminen_yritykset":13,"haavat":4,"palot":5,"season_id":130,"tehot":2,"kl_pct":0.42857142857142855,"saatto_pct":0.35714285714285715,"eten_pct":0.3076923076923077,"kunnari_rate":0.0,"lyoty_rate":0.16666666666666666,"tuotu_rate":0.0,"haava_rate":0.3333333333333333,"palo_rate":0.4166666666666667,"tehot_per_turn":0.16666666666666666,"kl_per_turn":0.5,"hr_rbi_per_turn":0.16666666666666666,"kl_base0":0.0,"kl_base0_tries":2,"kl_base1":null,"kl_base1_tries":0,"kl_base2":0.6666666666666666,"kl_base2_tries":6,"kl_base3":0.3333333333333333,"kl_base3_tries":6,"adv1_pct":0.0,"adv2_pct":null,"adv3_pct":0.6666666666666666,"adv_home_pct":0.3333333333333333,"money_kl_pct":0.3333333333333333,"money_kl_tries":6,"pos":null,"teho_plus":77,"adv_plus":62,"runner_plus":49,"out_avoid_plus":87,"adv1_plus":0,"adv2_plus":null,"adv3_plus":105,"adv_home_plus":70,"money_kl_plus":70,"spark_index":63,"run_value":1.0323580673085615,"raa":-0.6,"jyk":0.0,"vyk":0.0,"teho_plus_adj":73,"pct_kl_pct":null,"pct_saatto_pct":null,"pct_eten_pct":null,"pct_kunnari_rate":null,"pct_lyoty_rate":null,"pct_palo_rate":null,"pct_tehot_per_turn":null},"proj":{"player_id":16937,"name":"Tiina Mäkelä","as_of":"2026-05-25","age":null,"stats":{"kl_pct":{"rate":0.542759853046035,"effective_n":13.824182617617236,"observed":0.427776659722332},"saatto_pct":{"rate":0.5224123070765995,"effective_n":27.540355712367393,"observed":0.3573527022360423},"eten_pct":{"rate":0.5675437867059866,"effective_n":12.802064968219081,"observed":0.3090473641310663},"kunnari_rate":{"rate":0.005013862850860039,"effective_n":11.904454499434628,"observed":0.0},"lyoty_rate":{"rate":0.10676054792735351,"effective_n":11.857020941374238,"observed":0.1656659286889771},"haava_rate":{"rate":0.3737459053914702,"effective_n":11.76282663385131,"observed":0.33417499607519296},"palo_rate":{"rate":0.342339890902194,"effective_n":11.809812022868313,"observed":0.41500070845727055}},"teho_plus_proj":131},"translation":null,"pitching":null,"career_json":[{"year":2026,"kl_pct":0.42857142857142855,"teho_plus":77}],"pct_stats":["kl_pct","saatto_pct","eten_pct","kunnari_rate","lyoty_rate","palo_rate","tehot_per_turn"],"base_kl":{"player_id":16937,"turns_at_bat":12,"kl_base0":0.0,"kl_base0_tries":2,"kl_base1":null,"kl_base1_tries":0,"kl_base2":0.6666666666666666,"kl_base2_tries":6,"kl_base3":0.3333333333333333,"kl_base3_tries":6,"pct_kl_base0":null,"pct_kl_base1":null,"pct_kl_base2":null,"pct_kl_base3":null},"base_keys":["kl_base0","kl_base1","kl_base2","kl_base3"],"comps":[]}