{"player":{"id":16963,"name":"Pinja  Pasi","born_year":null},"career":[{"year":2025,"season_id":126,"team":"HP","age":null,"games":11,"turns_at_bat":38,"vyk":-0.03,"spark_index":95,"adv_plus":99,"runner_plus":79,"out_avoid_plus":110,"money_kl_plus":137,"teho_plus":48,"teho_plus_adj":48},{"year":2026,"season_id":130,"team":"HP","age":null,"games":10,"turns_at_bat":35,"vyk":0.13,"spark_index":98,"adv_plus":82,"runner_plus":98,"out_avoid_plus":137,"money_kl_plus":52,"teho_plus":106,"teho_plus_adj":111}],"line":{"player_id":16963,"name":"Pinja  Pasi","born_year":null,"year":2026,"games":10,"team":"HP","turns_at_bat":35,"kunnarit":0,"lyodyt":2,"tuodut":6,"karkilyonnit":19,"karki_yritykset":39,"saatot":39,"saatto_yritykset":76,"etenemiset":33,"eteneminen_yritykset":53,"haavat":17,"palot":3,"season_id":130,"tehot":8,"kl_pct":0.48717948717948717,"saatto_pct":0.5131578947368421,"eten_pct":0.6226415094339622,"kunnari_rate":0.0,"lyoty_rate":0.05714285714285714,"tuotu_rate":0.11320754716981132,"haava_rate":0.4857142857142857,"palo_rate":0.08571428571428572,"tehot_per_turn":0.22857142857142856,"kl_per_turn":0.5428571428571428,"hr_rbi_per_turn":0.05714285714285714,"kl_base0":0.2,"kl_base0_tries":5,"kl_base1":0.5384615384615384,"kl_base1_tries":13,"kl_base2":0.6923076923076923,"kl_base2_tries":13,"kl_base3":0.25,"kl_base3_tries":8,"adv1_pct":0.2,"adv2_pct":0.5384615384615384,"adv3_pct":0.6923076923076923,"adv_home_pct":0.25,"money_kl_pct":0.25,"money_kl_tries":8,"pos":"2K","teho_plus":106,"adv_plus":82,"runner_plus":98,"out_avoid_plus":137,"adv1_plus":35,"adv2_plus":93,"adv3_plus":108,"adv_home_plus":52,"money_kl_plus":52,"spark_index":98,"run_value":4.447748936904771,"raa":0.2,"jyk":1.9,"vyk":0.13,"teho_plus_adj":111,"pct_kl_pct":null,"pct_saatto_pct":null,"pct_eten_pct":null,"pct_kunnari_rate":null,"pct_lyoty_rate":null,"pct_palo_rate":null,"pct_tehot_per_turn":null},"proj":{"player_id":16963,"name":"Pinja  Pasi","as_of":"2026-07-12","age":null,"stats":{"kl_pct":{"rate":0.5390132818045196,"effective_n":42.37244009594586,"observed":0.496561453896656},"saatto_pct":{"rate":0.5612421620158484,"effective_n":78.67225827019568,"observed":0.5229725791756229},"eten_pct":{"rate":0.6139618671152571,"effective_n":61.543773240061036,"observed":0.5975104351202578},"kunnari_rate":{"rate":0.0039638403402428605,"effective_n":50.57045529760373,"observed":0.0},"lyoty_rate":{"rate":0.08250328883685938,"effective_n":44.368752919400116,"observed":0.05476254511320783},"haava_rate":{"rate":0.40849242575967554,"effective_n":37.048798295359354,"observed":0.494611291743678},"palo_rate":{"rate":0.2612496488102801,"effective_n":40.073490908548976,"observed":0.1196189722297698}},"teho_plus_proj":126},"translation":null,"pitching":null,"career_json":[{"year":2025,"kl_pct":0.5555555555555556,"teho_plus":48},{"year":2026,"kl_pct":0.48717948717948717,"teho_plus":106}],"pct_stats":["kl_pct","saatto_pct","eten_pct","kunnari_rate","lyoty_rate","palo_rate","tehot_per_turn"],"base_kl":{"player_id":16963,"turns_at_bat":35,"kl_base0":0.2,"kl_base0_tries":5,"kl_base1":0.5384615384615384,"kl_base1_tries":13,"kl_base2":0.6923076923076923,"kl_base2_tries":13,"kl_base3":0.25,"kl_base3_tries":8,"pct_kl_base0":null,"pct_kl_base1":null,"pct_kl_base2":null,"pct_kl_base3":null},"base_keys":["kl_base0","kl_base1","kl_base2","kl_base3"],"comps":[]}