{"player":{"id":17024,"name":"Lenni Yli-Hannuksela","born_year":null},"career":[{"year":2026,"season_id":156,"team":"KaKa","age":null,"games":10,"turns_at_bat":64,"vyk":-0.24,"spark_index":81,"adv_plus":85,"runner_plus":78,"out_avoid_plus":76,"money_kl_plus":null,"teho_plus":13,"teho_plus_adj":15}],"line":{"player_id":17024,"name":"Lenni Yli-Hannuksela","born_year":null,"year":2026,"games":10,"team":"KaKa","turns_at_bat":64,"kunnarit":0,"lyodyt":0,"tuodut":2,"karkilyonnit":25,"karki_yritykset":49,"saatot":29,"saatto_yritykset":57,"etenemiset":53,"eteneminen_yritykset":110,"haavat":27,"palot":30,"season_id":156,"tehot":2,"kl_pct":0.5102040816326531,"saatto_pct":0.5087719298245614,"eten_pct":0.4818181818181818,"kunnari_rate":0.0,"lyoty_rate":0.0,"tuotu_rate":0.01818181818181818,"haava_rate":0.421875,"palo_rate":0.46875,"tehot_per_turn":0.03125,"kl_per_turn":0.390625,"hr_rbi_per_turn":0.0,"kl_base0":0.5227272727272727,"kl_base0_tries":44,"kl_base1":0.6666666666666666,"kl_base1_tries":3,"kl_base2":0.0,"kl_base2_tries":2,"kl_base3":null,"kl_base3_tries":0,"adv1_pct":0.5227272727272727,"adv2_pct":0.6666666666666666,"adv3_pct":0.0,"adv_home_pct":null,"money_kl_pct":null,"money_kl_tries":0,"pos":"S","teho_plus":13,"adv_plus":85,"runner_plus":78,"out_avoid_plus":76,"adv1_plus":102,"adv2_plus":125,"adv3_plus":0,"adv_home_plus":null,"money_kl_plus":null,"spark_index":81,"run_value":-1.2347056829982441,"raa":-9.0,"jyk":-4.3,"vyk":-0.24,"teho_plus_adj":15,"pct_kl_pct":38,"pct_saatto_pct":18,"pct_eten_pct":10,"pct_kunnari_rate":28,"pct_lyoty_rate":4,"pct_palo_rate":7,"pct_tehot_per_turn":2},"proj":{"player_id":17024,"name":"Lenni Yli-Hannuksela","as_of":"2026-07-09","age":null,"stats":{"kl_pct":{"rate":0.5320951438776289,"effective_n":45.5679240628494,"observed":0.5097167929125267},"saatto_pct":{"rate":0.5586652771028036,"effective_n":51.770221870454805,"observed":0.510334220273022},"eten_pct":{"rate":0.5282482565838015,"effective_n":98.45340644891766,"observed":0.48205916816872163},"kunnari_rate":{"rate":0.006098276337363481,"effective_n":60.71397041751436,"observed":0.0},"lyoty_rate":{"rate":0.05973904408338475,"effective_n":59.169678799665775,"observed":0.0},"haava_rate":{"rate":0.419104958285272,"effective_n":56.263639617110165,"observed":0.4184453090156105},"palo_rate":{"rate":0.3718166018257866,"effective_n":57.68718021473291,"observed":0.46469017089003584}},"teho_plus_proj":96},"translation":{"wrc_plus":49,"tier":"replacement level","rows":[{"pesis_label":"Kärkilyönti-% (advance the lead runner)","pesis_value":0.5102040816326531,"percentile":38,"mlb_stat":"AVG","mlb_value":"0.227"},{"pesis_label":"Kärkilyönnit per turn (base hits)","pesis_value":0.390625,"percentile":18,"mlb_stat":"H / 600 PA","mlb_value":"130"},{"pesis_label":"Lyödyt per turn (runs batted home)","pesis_value":0.0,"percentile":4,"mlb_stat":"RBI / 600 PA","mlb_value":"37"},{"pesis_label":"Tuodut per advance (runs scored)","pesis_value":0.01818181818181818,"percentile":12,"mlb_stat":"R / 600 PA","mlb_value":"55"},{"pesis_label":"Palot per turn (burned outs)","pesis_value":0.46875,"percentile":7,"mlb_stat":"K%","mlb_value":"30.3%"}]},"pitching":null,"career_json":[{"year":2026,"kl_pct":0.5102040816326531,"teho_plus":13}],"pct_stats":["kl_pct","saatto_pct","eten_pct","kunnari_rate","lyoty_rate","palo_rate","tehot_per_turn"],"base_kl":{"player_id":17024,"turns_at_bat":64,"kl_base0":0.5227272727272727,"kl_base0_tries":44,"kl_base1":0.6666666666666666,"kl_base1_tries":3,"kl_base2":0.0,"kl_base2_tries":2,"kl_base3":null,"kl_base3_tries":0,"pct_kl_base0":56,"pct_kl_base1":79,"pct_kl_base2":1,"pct_kl_base3":null},"base_keys":["kl_base0","kl_base1","kl_base2","kl_base3"],"comps":[]}