{"player":{"id":17166,"name":"Sanni Talvitie","born_year":null},"career":[{"year":2025,"season_id":126,"team":"SMJ","age":null,"games":1,"turns_at_bat":9,"vyk":-0.01,"spark_index":76,"adv_plus":63,"runner_plus":103,"out_avoid_plus":66,"money_kl_plus":null,"teho_plus":100,"teho_plus_adj":100},{"year":2026,"season_id":130,"team":"SMJ","age":null,"games":17,"turns_at_bat":137,"vyk":0.27,"spark_index":98,"adv_plus":107,"runner_plus":102,"out_avoid_plus":71,"money_kl_plus":90,"teho_plus":98,"teho_plus_adj":96}],"line":{"player_id":17166,"name":"Sanni Talvitie","born_year":null,"year":2026,"games":17,"team":"SMJ","turns_at_bat":137,"kunnarit":1,"lyodyt":2,"tuodut":26,"karkilyonnit":78,"karki_yritykset":118,"saatot":89,"saatto_yritykset":137,"etenemiset":197,"eteneminen_yritykset":303,"haavat":34,"palot":72,"season_id":130,"tehot":29,"kl_pct":0.6610169491525424,"saatto_pct":0.6496350364963503,"eten_pct":0.6501650165016502,"kunnari_rate":0.0072992700729927005,"lyoty_rate":0.014598540145985401,"tuotu_rate":0.0858085808580858,"haava_rate":0.24817518248175183,"palo_rate":0.5255474452554745,"tehot_per_turn":0.2116788321167883,"kl_per_turn":0.5693430656934306,"hr_rbi_per_turn":0.021897810218978103,"kl_base0":0.6761904761904762,"kl_base0_tries":105,"kl_base1":0.5,"kl_base1_tries":2,"kl_base2":0.75,"kl_base2_tries":4,"kl_base3":0.42857142857142855,"kl_base3_tries":7,"adv1_pct":0.6761904761904762,"adv2_pct":0.5,"adv3_pct":0.75,"adv_home_pct":0.42857142857142855,"money_kl_pct":0.42857142857142855,"money_kl_tries":7,"pos":"2P","teho_plus":98,"adv_plus":107,"runner_plus":102,"out_avoid_plus":71,"adv1_plus":117,"adv2_plus":86,"adv3_plus":117,"adv_home_plus":90,"money_kl_plus":90,"spark_index":98,"run_value":14.70106284106713,"raa":-2.5,"jyk":4.1,"vyk":0.27,"teho_plus_adj":96,"pct_kl_pct":83,"pct_saatto_pct":54,"pct_eten_pct":64,"pct_kunnari_rate":67,"pct_lyoty_rate":20,"pct_palo_rate":3,"pct_tehot_per_turn":56},"proj":{"player_id":17166,"name":"Sanni Talvitie","as_of":"2026-07-13","age":null,"stats":{"kl_pct":{"rate":0.6269118191097373,"effective_n":109.97581910575303,"observed":0.6582400612895766},"saatto_pct":{"rate":0.6463629641232359,"effective_n":122.08234793941122,"observed":0.6495224567984547},"eten_pct":{"rate":0.649754686041691,"effective_n":272.70375211229225,"observed":0.6525665384927096},"kunnari_rate":{"rate":0.006232923586106547,"effective_n":132.7092683227464,"observed":0.0067091907558358525},"lyoty_rate":{"rate":0.046548666687625,"effective_n":127.2690771841468,"observed":0.014157182127388647},"haava_rate":{"rate":0.30581354469050054,"effective_n":117.95882304510734,"observed":0.24608283533675054},"palo_rate":{"rate":0.4505375824194243,"effective_n":122.39202153614042,"observed":0.5278113764166741}},"teho_plus_proj":115},"translation":{"wrc_plus":104,"tier":"league-average regular","rows":[{"pesis_label":"Kärkilyönti-% (advance the lead runner)","pesis_value":0.6610169491525424,"percentile":83,"mlb_stat":"AVG","mlb_value":"0.378"},{"pesis_label":"Kärkilyönnit per turn (base hits)","pesis_value":0.5693430656934306,"percentile":60,"mlb_stat":"H / 600 PA","mlb_value":"156"},{"pesis_label":"Lyödyt per turn (runs batted home)","pesis_value":0.014598540145985401,"percentile":20,"mlb_stat":"RBI / 600 PA","mlb_value":"55"},{"pesis_label":"Tuodut per advance (runs scored)","pesis_value":0.0858085808580858,"percentile":86,"mlb_stat":"R / 600 PA","mlb_value":"95"},{"pesis_label":"Palot per turn (burned outs)","pesis_value":0.5255474452554745,"percentile":3,"mlb_stat":"K%","mlb_value":"32.5%"}]},"pitching":null,"career_json":[{"year":2025,"kl_pct":0.375,"teho_plus":100},{"year":2026,"kl_pct":0.6610169491525424,"teho_plus":98}],"pct_stats":["kl_pct","saatto_pct","eten_pct","kunnari_rate","lyoty_rate","palo_rate","tehot_per_turn"],"base_kl":{"player_id":17166,"turns_at_bat":137,"kl_base0":0.6761904761904762,"kl_base0_tries":105,"kl_base1":0.5,"kl_base1_tries":2,"kl_base2":0.75,"kl_base2_tries":4,"kl_base3":0.42857142857142855,"kl_base3_tries":7,"pct_kl_base0":80,"pct_kl_base1":35,"pct_kl_base2":77,"pct_kl_base3":35},"base_keys":["kl_base0","kl_base1","kl_base2","kl_base3"],"comps":[]}