{"player":{"id":17165,"name":"Minella Suorauha","born_year":null},"career":[{"year":2025,"season_id":177,"team":"SMJ 1","age":null,"games":4,"turns_at_bat":26,"vyk":0.05,"spark_index":89,"adv_plus":75,"runner_plus":89,"out_avoid_plus":123,"money_kl_plus":58,"teho_plus":64,"teho_plus_adj":64},{"year":2026,"season_id":130,"team":"SMJ","age":null,"games":4,"turns_at_bat":23,"vyk":-0.07,"spark_index":74,"adv_plus":67,"runner_plus":74,"out_avoid_plus":91,"money_kl_plus":52,"teho_plus":40,"teho_plus_adj":40},{"year":2026,"season_id":178,"team":"SMJ 2","age":null,"games":7,"turns_at_bat":46,"vyk":0.27,"spark_index":109,"adv_plus":110,"runner_plus":111,"out_avoid_plus":104,"money_kl_plus":87,"teho_plus":94,"teho_plus_adj":94}],"line":{"player_id":17165,"name":"Minella Suorauha","born_year":null,"year":2026,"games":7,"team":"SMJ 2","turns_at_bat":46,"kunnarit":0,"lyodyt":4,"tuodut":9,"karkilyonnit":29,"karki_yritykset":45,"saatot":71,"saatto_yritykset":96,"etenemiset":69,"eteneminen_yritykset":94,"haavat":12,"palot":13,"season_id":178,"tehot":13,"kl_pct":0.6444444444444445,"saatto_pct":0.7395833333333334,"eten_pct":0.7340425531914894,"kunnari_rate":0.0,"lyoty_rate":0.08695652173913043,"tuotu_rate":0.09574468085106383,"haava_rate":0.2608695652173913,"palo_rate":0.2826086956521739,"tehot_per_turn":0.2826086956521739,"kl_per_turn":0.6304347826086957,"hr_rbi_per_turn":0.08695652173913043,"kl_base0":0.2,"kl_base0_tries":5,"kl_base1":0.7391304347826086,"kl_base1_tries":23,"kl_base2":0.7777777777777778,"kl_base2_tries":9,"kl_base3":0.5,"kl_base3_tries":8,"adv1_pct":0.2,"adv2_pct":0.7391304347826086,"adv3_pct":0.7777777777777778,"adv_home_pct":0.5,"money_kl_pct":0.5,"money_kl_tries":8,"pos":"L","teho_plus":94,"adv_plus":110,"runner_plus":111,"out_avoid_plus":104,"adv1_plus":36,"adv2_plus":125,"adv3_plus":112,"adv_home_plus":87,"money_kl_plus":87,"spark_index":109,"run_value":9.455496845269206,"raa":2.3,"jyk":6.2,"vyk":0.27,"teho_plus_adj":94,"pct_kl_pct":66,"pct_saatto_pct":82,"pct_eten_pct":86,"pct_kunnari_rate":28,"pct_lyoty_rate":47,"pct_palo_rate":59,"pct_tehot_per_turn":52},"proj":{"player_id":17165,"name":"Minella Suorauha","as_of":"2026-07-16","age":null,"stats":{"kl_pct":{"rate":0.5663727293352671,"effective_n":72.85991552105656,"observed":0.534745208665622},"saatto_pct":{"rate":0.6457852179198549,"effective_n":134.5488441269858,"observed":0.6414548186936522},"eten_pct":{"rate":0.66308254624469,"effective_n":122.78599757206436,"observed":0.6649071860583831},"kunnari_rate":{"rate":0.006348573335651717,"effective_n":77.692874748278,"observed":0.0},"lyoty_rate":{"rate":0.10284357508502341,"effective_n":72.05912957012386,"observed":0.07064420859927834},"haava_rate":{"rate":0.3408743245019149,"effective_n":64.1936097783967,"observed":0.296061704728656},"palo_rate":{"rate":0.3069155086912781,"effective_n":67.6787403327828,"observed":0.3052659022437897}},"teho_plus_proj":102},"translation":{"wrc_plus":101,"tier":"league-average regular","rows":[{"pesis_label":"Kärkilyönti-% (advance the lead runner)","pesis_value":0.6444444444444445,"percentile":66,"mlb_stat":"AVG","mlb_value":"0.361"},{"pesis_label":"Kärkilyönnit per turn (base hits)","pesis_value":0.6304347826086957,"percentile":64,"mlb_stat":"H / 600 PA","mlb_value":"158"},{"pesis_label":"Lyödyt per turn (runs batted home)","pesis_value":0.08695652173913043,"percentile":47,"mlb_stat":"RBI / 600 PA","mlb_value":"70"},{"pesis_label":"Tuodut per advance (runs scored)","pesis_value":0.09574468085106383,"percentile":71,"mlb_stat":"R / 600 PA","mlb_value":"86"},{"pesis_label":"Palot per turn (burned outs)","pesis_value":0.2826086956521739,"percentile":59,"mlb_stat":"K%","mlb_value":"20.9%"}]},"pitching":{"era":"4.61","tier":"swingman","games":5,"rows":[{"pesis":"Päästetyt juoksut / ottelu (LRA)","arvo":"14.60","pctile":25,"mlb":"ERA","kaannos":"4.61"},{"pesis":"LRA- (sarjaindeksi, 100 = ka.)","arvo":"132","pctile":null,"mlb":"ERA-","kaannos":"132"},{"pesis":"Estetyt juoksut (kausi)","arvo":"-17.6","pctile":null,"mlb":"Runs saved","kaannos":"-17.6"}]},"career_json":[{"year":2025,"kl_pct":0.4,"teho_plus":64},{"year":2026,"kl_pct":0.375,"teho_plus":40},{"year":2026,"kl_pct":0.6444444444444445,"teho_plus":94}],"pct_stats":["kl_pct","saatto_pct","eten_pct","kunnari_rate","lyoty_rate","palo_rate","tehot_per_turn"],"base_kl":{"player_id":17165,"turns_at_bat":46,"kl_base0":0.2,"kl_base0_tries":5,"kl_base1":0.7391304347826086,"kl_base1_tries":23,"kl_base2":0.7777777777777778,"kl_base2_tries":9,"kl_base3":0.5,"kl_base3_tries":8,"pct_kl_base0":6,"pct_kl_base1":83,"pct_kl_base2":72,"pct_kl_base3":37},"base_keys":["kl_base0","kl_base1","kl_base2","kl_base3"],"comps":[]}