{"player":{"id":17166,"name":"Sanni Talvitie","born_year":null},"career":[{"year":2025,"season_id":126,"team":"SMJ","age":null,"games":1,"turns_at_bat":9,"vyk":-0.01,"spark_index":76,"adv_plus":63,"runner_plus":103,"out_avoid_plus":66,"money_kl_plus":null,"teho_plus":100,"teho_plus_adj":100},{"year":2026,"season_id":130,"team":"SMJ","age":null,"games":16,"turns_at_bat":130,"vyk":0.25,"spark_index":99,"adv_plus":108,"runner_plus":102,"out_avoid_plus":70,"money_kl_plus":90,"teho_plus":97,"teho_plus_adj":95}],"line":{"player_id":17166,"name":"Sanni Talvitie","born_year":null,"year":2026,"games":16,"team":"SMJ","turns_at_bat":130,"kunnarit":1,"lyodyt":2,"tuodut":24,"karkilyonnit":74,"karki_yritykset":111,"saatot":85,"saatto_yritykset":130,"etenemiset":186,"eteneminen_yritykset":287,"haavat":32,"palot":69,"season_id":130,"tehot":27,"kl_pct":0.6666666666666666,"saatto_pct":0.6538461538461539,"eten_pct":0.6480836236933798,"kunnari_rate":0.007692307692307693,"lyoty_rate":0.015384615384615385,"tuotu_rate":0.08362369337979095,"haava_rate":0.24615384615384617,"palo_rate":0.5307692307692308,"tehot_per_turn":0.2076923076923077,"kl_per_turn":0.5692307692307692,"hr_rbi_per_turn":0.023076923076923078,"kl_base0":0.6836734693877551,"kl_base0_tries":98,"kl_base1":0.5,"kl_base1_tries":2,"kl_base2":0.75,"kl_base2_tries":4,"kl_base3":0.42857142857142855,"kl_base3_tries":7,"adv1_pct":0.6836734693877551,"adv2_pct":0.5,"adv3_pct":0.75,"adv_home_pct":0.42857142857142855,"money_kl_pct":0.42857142857142855,"money_kl_tries":7,"pos":"2P","teho_plus":97,"adv_plus":108,"runner_plus":102,"out_avoid_plus":70,"adv1_plus":118,"adv2_plus":86,"adv3_plus":118,"adv_home_plus":90,"money_kl_plus":90,"spark_index":99,"run_value":13.108107770767962,"raa":-2.6,"jyk":3.8,"vyk":0.25,"teho_plus_adj":95,"pct_kl_pct":83,"pct_saatto_pct":56,"pct_eten_pct":62,"pct_kunnari_rate":68,"pct_lyoty_rate":21,"pct_palo_rate":3,"pct_tehot_per_turn":55},"proj":{"player_id":17166,"name":"Sanni Talvitie","as_of":"2026-07-08","age":null,"stats":{"kl_pct":{"rate":0.6292468866615001,"effective_n":104.55577388207402,"observed":0.6641223535098624},"saatto_pct":{"rate":0.6494685948266956,"effective_n":117.44044130661338,"observed":0.6542524448364148},"eten_pct":{"rate":0.6476283387109505,"effective_n":261.96531120943945,"observed":0.650398432731762},"kunnari_rate":{"rate":0.006328039195993724,"effective_n":126.988079745907,"observed":0.007081996897813864},"lyoty_rate":{"rate":0.047713543023584444,"effective_n":122.1107818621981,"observed":0.01497855473251045},"haava_rate":{"rate":0.30678303931185436,"effective_n":113.81078180290342,"observed":0.24359591269270978},"palo_rate":{"rate":0.45201818411978045,"effective_n":117.7563833961988,"observed":0.5338060115516226}},"teho_plus_proj":116},"translation":{"wrc_plus":103,"tier":"league-average regular","rows":[{"pesis_label":"Kärkilyönti-% (advance the lead runner)","pesis_value":0.6666666666666666,"percentile":83,"mlb_stat":"AVG","mlb_value":"0.311"},{"pesis_label":"Kärkilyönnit per turn (base hits)","pesis_value":0.5692307692307692,"percentile":60,"mlb_stat":"H / 600 PA","mlb_value":"156"},{"pesis_label":"Lyödyt per turn (runs batted home)","pesis_value":0.015384615384615385,"percentile":21,"mlb_stat":"RBI / 600 PA","mlb_value":"56"},{"pesis_label":"Tuodut per advance (runs scored)","pesis_value":0.08362369337979095,"percentile":83,"mlb_stat":"R / 600 PA","mlb_value":"93"},{"pesis_label":"Palot per turn (burned outs)","pesis_value":0.5307692307692308,"percentile":3,"mlb_stat":"K%","mlb_value":"32.5%"}]},"pitching":null,"career_json":[{"year":2025,"kl_pct":0.375,"teho_plus":100},{"year":2026,"kl_pct":0.6666666666666666,"teho_plus":97}],"pct_stats":["kl_pct","saatto_pct","eten_pct","kunnari_rate","lyoty_rate","palo_rate","tehot_per_turn"],"base_kl":{"player_id":17166,"turns_at_bat":130,"kl_base0":0.6836734693877551,"kl_base0_tries":98,"kl_base1":0.5,"kl_base1_tries":2,"kl_base2":0.75,"kl_base2_tries":4,"kl_base3":0.42857142857142855,"kl_base3_tries":7,"pct_kl_base0":80,"pct_kl_base1":35,"pct_kl_base2":76,"pct_kl_base3":36},"base_keys":["kl_base0","kl_base1","kl_base2","kl_base3"],"comps":[]}