{"player":{"id":17165,"name":"Minella Suorauha","born_year":null},"career":[{"year":2026,"season_id":130,"team":"SMJ","age":null,"games":4,"turns_at_bat":23,"vyk":-0.07,"spark_index":74,"adv_plus":67,"runner_plus":74,"out_avoid_plus":91,"money_kl_plus":52,"teho_plus":40,"teho_plus_adj":40}],"line":{"player_id":17165,"name":"Minella Suorauha","born_year":null,"year":2026,"games":4,"team":"SMJ","turns_at_bat":23,"kunnarit":0,"lyodyt":1,"tuodut":1,"karkilyonnit":9,"karki_yritykset":24,"saatot":18,"saatto_yritykset":42,"etenemiset":15,"eteneminen_yritykset":32,"haavat":8,"palot":9,"season_id":130,"tehot":2,"kl_pct":0.375,"saatto_pct":0.42857142857142855,"eten_pct":0.46875,"kunnari_rate":0.0,"lyoty_rate":0.043478260869565216,"tuotu_rate":0.03125,"haava_rate":0.34782608695652173,"palo_rate":0.391304347826087,"tehot_per_turn":0.08695652173913043,"kl_per_turn":0.391304347826087,"hr_rbi_per_turn":0.043478260869565216,"kl_base0":0.2,"kl_base0_tries":5,"kl_base1":0.5,"kl_base1_tries":8,"kl_base2":0.42857142857142855,"kl_base2_tries":7,"kl_base3":0.25,"kl_base3_tries":4,"adv1_pct":0.2,"adv2_pct":0.5,"adv3_pct":0.42857142857142855,"adv_home_pct":0.25,"money_kl_pct":0.25,"money_kl_tries":4,"pos":"L","teho_plus":40,"adv_plus":67,"runner_plus":74,"out_avoid_plus":91,"adv1_plus":35,"adv2_plus":86,"adv3_plus":67,"adv_home_plus":52,"money_kl_plus":52,"spark_index":74,"run_value":1.390982220602225,"raa":-2.4,"jyk":-1.1,"vyk":-0.07,"teho_plus_adj":40,"pct_kl_pct":null,"pct_saatto_pct":null,"pct_eten_pct":null,"pct_kunnari_rate":null,"pct_lyoty_rate":null,"pct_palo_rate":null,"pct_tehot_per_turn":null},"proj":{"player_id":17165,"name":"Minella Suorauha","as_of":"2026-07-16","age":null,"stats":{"kl_pct":{"rate":0.5188369024643479,"effective_n":22.06974737318314,"observed":0.38179405818067985},"saatto_pct":{"rate":0.5375158066851268,"effective_n":38.112848126438124,"observed":0.4332736663014983},"eten_pct":{"rate":0.5754586524370384,"effective_n":28.85424927809911,"observed":0.4730662812238214},"kunnari_rate":{"rate":0.004957008022163544,"effective_n":21.847154884885587,"observed":0.0},"lyoty_rate":{"rate":0.08739933202139707,"effective_n":21.312797674334906,"observed":0.046359652410665204},"haava_rate":{"rate":0.36788361112397866,"effective_n":20.32104181027669,"observed":0.3291611906590659},"palo_rate":{"rate":0.34620370551997215,"effective_n":20.804546066334016,"observed":0.39787919625399654}},"teho_plus_proj":122},"translation":null,"pitching":{"era":"5.10","tier":"swingman","games":3,"rows":[{"pesis":"Päästetyt juoksut / ottelu (LRA)","arvo":"12.33","pctile":11,"mlb":"ERA","kaannos":"5.10"},{"pesis":"LRA- (sarjaindeksi, 100 = ka.)","arvo":"163","pctile":null,"mlb":"ERA-","kaannos":"163"},{"pesis":"Estetyt juoksut (kausi)","arvo":"-14.3","pctile":null,"mlb":"Runs saved","kaannos":"-14.3"}]},"career_json":[{"year":2026,"kl_pct":0.375,"teho_plus":40}],"pct_stats":["kl_pct","saatto_pct","eten_pct","kunnari_rate","lyoty_rate","palo_rate","tehot_per_turn"],"base_kl":{"player_id":17165,"turns_at_bat":23,"kl_base0":0.2,"kl_base0_tries":5,"kl_base1":0.5,"kl_base1_tries":8,"kl_base2":0.42857142857142855,"kl_base2_tries":7,"kl_base3":0.25,"kl_base3_tries":4,"pct_kl_base0":null,"pct_kl_base1":null,"pct_kl_base2":null,"pct_kl_base3":null},"base_keys":["kl_base0","kl_base1","kl_base2","kl_base3"],"comps":[]}