{"player":{"id":17310,"name":"Venla Männistö","born_year":null},"career":[{"year":2024,"season_id":176,"team":"Mailattaret","age":null,"games":3,"turns_at_bat":23,"vyk":0.06,"spark_index":98,"adv_plus":95,"runner_plus":92,"out_avoid_plus":113,"money_kl_plus":115,"teho_plus":57,"teho_plus_adj":57},{"year":2025,"season_id":177,"team":"Mailattaret","age":null,"games":12,"turns_at_bat":74,"vyk":0.03,"spark_index":90,"adv_plus":84,"runner_plus":90,"out_avoid_plus":104,"money_kl_plus":58,"teho_plus":50,"teho_plus_adj":50},{"year":2026,"season_id":178,"team":"YPJ","age":null,"games":11,"turns_at_bat":66,"vyk":0.32,"spark_index":102,"adv_plus":105,"runner_plus":100,"out_avoid_plus":99,"money_kl_plus":79,"teho_plus":81,"teho_plus_adj":85}],"line":{"player_id":17310,"name":"Venla Männistö","born_year":null,"year":2026,"games":11,"team":"YPJ","turns_at_bat":66,"kunnarit":0,"lyodyt":5,"tuodut":11,"karkilyonnit":47,"karki_yritykset":67,"saatot":100,"saatto_yritykset":150,"etenemiset":80,"eteneminen_yritykset":122,"haavat":21,"palot":21,"season_id":178,"tehot":16,"kl_pct":0.7014925373134329,"saatto_pct":0.6666666666666666,"eten_pct":0.6557377049180327,"kunnari_rate":0.0,"lyoty_rate":0.07575757575757576,"tuotu_rate":0.09016393442622951,"haava_rate":0.3181818181818182,"palo_rate":0.3181818181818182,"tehot_per_turn":0.24242424242424243,"kl_per_turn":0.7121212121212122,"hr_rbi_per_turn":0.07575757575757576,"kl_base0":0.5714285714285714,"kl_base0_tries":7,"kl_base1":0.7142857142857143,"kl_base1_tries":21,"kl_base2":0.8214285714285714,"kl_base2_tries":28,"kl_base3":0.45454545454545453,"kl_base3_tries":11,"adv1_pct":0.5714285714285714,"adv2_pct":0.7142857142857143,"adv3_pct":0.8214285714285714,"adv_home_pct":0.45454545454545453,"money_kl_pct":0.45454545454545453,"money_kl_tries":11,"pos":"3P","teho_plus":81,"adv_plus":105,"runner_plus":100,"out_avoid_plus":99,"adv1_plus":102,"adv2_plus":120,"adv3_plus":119,"adv_home_plus":79,"money_kl_plus":79,"spark_index":102,"run_value":12.161398900044212,"raa":1.7,"jyk":7.3,"vyk":0.32,"teho_plus_adj":85,"pct_kl_pct":83,"pct_saatto_pct":52,"pct_eten_pct":51,"pct_kunnari_rate":28,"pct_lyoty_rate":43,"pct_palo_rate":43,"pct_tehot_per_turn":42},"proj":{"player_id":17310,"name":"Venla Männistö","as_of":"2026-07-15","age":null,"stats":{"kl_pct":{"rate":0.6295106386652193,"effective_n":83.07988092182494,"observed":0.6474969254263453},"saatto_pct":{"rate":0.6580197924633884,"effective_n":164.2577539854718,"observed":0.6574769057884778},"eten_pct":{"rate":0.6483125137547294,"effective_n":139.09249864359768,"observed":0.64464669938073},"kunnari_rate":{"rate":0.005660634410927506,"effective_n":101.25396291276715,"observed":0.0},"lyoty_rate":{"rate":0.09818391599865266,"effective_n":85.90074049736468,"observed":0.06693528268922674},"haava_rate":{"rate":0.3546305454118741,"effective_n":68.53520902642079,"observed":0.3325667097247319},"palo_rate":{"rate":0.3111480961547893,"effective_n":75.63591660987173,"observed":0.3141738134385342}},"teho_plus_proj":99},"translation":{"wrc_plus":95,"tier":"league-average regular","rows":[{"pesis_label":"Kärkilyönti-% (advance the lead runner)","pesis_value":0.7014925373134329,"percentile":83,"mlb_stat":"AVG","mlb_value":"0.418"},{"pesis_label":"Kärkilyönnit per turn (base hits)","pesis_value":0.7121212121212122,"percentile":81,"mlb_stat":"H / 600 PA","mlb_value":"169"},{"pesis_label":"Lyödyt per turn (runs batted home)","pesis_value":0.07575757575757576,"percentile":43,"mlb_stat":"RBI / 600 PA","mlb_value":"68"},{"pesis_label":"Tuodut per advance (runs scored)","pesis_value":0.09016393442622951,"percentile":66,"mlb_stat":"R / 600 PA","mlb_value":"83"},{"pesis_label":"Palot per turn (burned outs)","pesis_value":0.3181818181818182,"percentile":43,"mlb_stat":"K%","mlb_value":"23.2%"}]},"pitching":null,"career_json":[{"year":2024,"kl_pct":0.5454545454545454,"teho_plus":57},{"year":2025,"kl_pct":0.46774193548387094,"teho_plus":50},{"year":2026,"kl_pct":0.7014925373134329,"teho_plus":81}],"pct_stats":["kl_pct","saatto_pct","eten_pct","kunnari_rate","lyoty_rate","palo_rate","tehot_per_turn"],"base_kl":{"player_id":17310,"turns_at_bat":66,"kl_base0":0.5714285714285714,"kl_base0_tries":7,"kl_base1":0.7142857142857143,"kl_base1_tries":21,"kl_base2":0.8214285714285714,"kl_base2_tries":28,"kl_base3":0.45454545454545453,"kl_base3_tries":11,"pct_kl_base0":56,"pct_kl_base1":78,"pct_kl_base2":83,"pct_kl_base3":29},"base_keys":["kl_base0","kl_base1","kl_base2","kl_base3"],"comps":[]}