{"player":{"id":17322,"name":"Essi Hannuksela","born_year":null},"career":[{"year":2024,"season_id":176,"team":"Mailattaret","age":null,"games":1,"turns_at_bat":4,"vyk":-0.04,"spark_index":39,"adv_plus":31,"runner_plus":30,"out_avoid_plus":72,"money_kl_plus":null,"teho_plus":0,"teho_plus_adj":0},{"year":2025,"season_id":177,"team":"Mailattaret","age":null,"games":17,"turns_at_bat":98,"vyk":-0.1,"spark_index":86,"adv_plus":85,"runner_plus":90,"out_avoid_plus":83,"money_kl_plus":93,"teho_plus":51,"teho_plus_adj":51},{"year":2026,"season_id":178,"team":"Mailattaret","age":null,"games":12,"turns_at_bat":68,"vyk":0.38,"spark_index":104,"adv_plus":108,"runner_plus":102,"out_avoid_plus":98,"money_kl_plus":140,"teho_plus":132,"teho_plus_adj":132}],"line":{"player_id":17322,"name":"Essi Hannuksela","born_year":null,"year":2026,"games":12,"team":"Mailattaret","turns_at_bat":68,"kunnarit":2,"lyodyt":14,"tuodut":11,"karkilyonnit":42,"karki_yritykset":63,"saatot":103,"saatto_yritykset":147,"etenemiset":89,"eteneminen_yritykset":133,"haavat":22,"palot":22,"season_id":178,"tehot":27,"kl_pct":0.6666666666666666,"saatto_pct":0.7006802721088435,"eten_pct":0.6691729323308271,"kunnari_rate":0.029411764705882353,"lyoty_rate":0.20588235294117646,"tuotu_rate":0.08270676691729323,"haava_rate":0.3235294117647059,"palo_rate":0.3235294117647059,"tehot_per_turn":0.39705882352941174,"kl_per_turn":0.6176470588235294,"hr_rbi_per_turn":0.23529411764705882,"kl_base0":0.45454545454545453,"kl_base0_tries":11,"kl_base1":0.46153846153846156,"kl_base1_tries":13,"kl_base2":0.7894736842105263,"kl_base2_tries":19,"kl_base3":0.8,"kl_base3_tries":20,"adv1_pct":0.45454545454545453,"adv2_pct":0.46153846153846156,"adv3_pct":0.7894736842105263,"adv_home_pct":0.8,"money_kl_pct":0.8,"money_kl_tries":20,"pos":"S","teho_plus":132,"adv_plus":108,"runner_plus":102,"out_avoid_plus":98,"adv1_plus":81,"adv2_plus":78,"adv3_plus":114,"adv_home_plus":140,"money_kl_plus":140,"spark_index":104,"run_value":13.772937599842901,"raa":3.0,"jyk":8.8,"vyk":0.38,"teho_plus_adj":132,"pct_kl_pct":72,"pct_saatto_pct":69,"pct_eten_pct":59,"pct_kunnari_rate":89,"pct_lyoty_rate":79,"pct_palo_rate":40,"pct_tehot_per_turn":77},"proj":{"player_id":17322,"name":"Essi Hannuksela","as_of":"2026-07-21","age":null,"stats":{"kl_pct":{"rate":0.6119039652639644,"effective_n":83.00267510657795,"observed":0.6171796766516102},"saatto_pct":{"rate":0.6738627375918188,"effective_n":166.14911400262025,"observed":0.6771401818473398},"eten_pct":{"rate":0.6555388595276648,"effective_n":152.88798376594866,"observed":0.6545671023722831},"kunnari_rate":{"rate":0.014104276995315463,"effective_n":108.90627272635273,"observed":0.018145141055786424},"lyoty_rate":{"rate":0.15340329095799055,"effective_n":91.84058394997344,"observed":0.17227587627257065},"haava_rate":{"rate":0.3444039412506019,"effective_n":71.22024748967372,"observed":0.3088127983352725},"palo_rate":{"rate":0.3306474534590867,"effective_n":79.83752968193805,"observed":0.3530529749178356}},"teho_plus_proj":121},"translation":{"wrc_plus":118,"tier":"solid starter","rows":[{"pesis_label":"Kärkilyönti-% (advance the lead runner)","pesis_value":0.6666666666666666,"percentile":72,"mlb_stat":"AVG","mlb_value":"0.384"},{"pesis_label":"Kärkilyönnit per turn (base hits)","pesis_value":0.6176470588235294,"percentile":61,"mlb_stat":"H / 600 PA","mlb_value":"156"},{"pesis_label":"Lyödyt per turn (runs batted home)","pesis_value":0.20588235294117646,"percentile":79,"mlb_stat":"RBI / 600 PA","mlb_value":"88"},{"pesis_label":"Tuodut per advance (runs scored)","pesis_value":0.08270676691729323,"percentile":59,"mlb_stat":"R / 600 PA","mlb_value":"80"},{"pesis_label":"Palot per turn (burned outs)","pesis_value":0.3235294117647059,"percentile":40,"mlb_stat":"K%","mlb_value":"23.6%"}]},"pitching":null,"career_json":[{"year":2024,"kl_pct":0.0,"teho_plus":0},{"year":2025,"kl_pct":0.49382716049382713,"teho_plus":51},{"year":2026,"kl_pct":0.6666666666666666,"teho_plus":132}],"pct_stats":["kl_pct","saatto_pct","eten_pct","kunnari_rate","lyoty_rate","palo_rate","tehot_per_turn"],"base_kl":{"player_id":17322,"turns_at_bat":68,"kl_base0":0.45454545454545453,"kl_base0_tries":11,"kl_base1":0.46153846153846156,"kl_base1_tries":13,"kl_base2":0.7894736842105263,"kl_base2_tries":19,"kl_base3":0.8,"kl_base3_tries":20,"pct_kl_base0":34,"pct_kl_base1":25,"pct_kl_base2":74,"pct_kl_base3":93},"base_keys":["kl_base0","kl_base1","kl_base2","kl_base3"],"comps":[]}