{"player":{"id":17385,"name":"Jade Puutio","born_year":null},"career":[{"year":2026,"season_id":178,"team":"OuHu","age":null,"games":8,"turns_at_bat":48,"vyk":-0.08,"spark_index":87,"adv_plus":79,"runner_plus":95,"out_avoid_plus":93,"money_kl_plus":null,"teho_plus":69,"teho_plus_adj":68}],"line":{"player_id":17385,"name":"Jade Puutio","born_year":null,"year":2026,"games":8,"team":"OuHu","turns_at_bat":48,"kunnarit":0,"lyodyt":0,"tuodut":10,"karkilyonnit":16,"karki_yritykset":31,"saatot":22,"saatto_yritykset":44,"etenemiset":61,"eteneminen_yritykset":97,"haavat":19,"palot":17,"season_id":178,"tehot":10,"kl_pct":0.5161290322580645,"saatto_pct":0.5,"eten_pct":0.6288659793814433,"kunnari_rate":0.0,"lyoty_rate":0.0,"tuotu_rate":0.10309278350515463,"haava_rate":0.3958333333333333,"palo_rate":0.3541666666666667,"tehot_per_turn":0.20833333333333334,"kl_per_turn":0.3333333333333333,"hr_rbi_per_turn":0.0,"kl_base0":0.6086956521739131,"kl_base0_tries":23,"kl_base1":0.14285714285714285,"kl_base1_tries":7,"kl_base2":1.0,"kl_base2_tries":1,"kl_base3":null,"kl_base3_tries":0,"adv1_pct":0.6086956521739131,"adv2_pct":0.14285714285714285,"adv3_pct":1.0,"adv_home_pct":null,"money_kl_pct":null,"money_kl_tries":0,"pos":"3K","teho_plus":69,"adv_plus":79,"runner_plus":95,"out_avoid_plus":93,"adv1_plus":108,"adv2_plus":24,"adv3_plus":144,"adv_home_plus":null,"money_kl_plus":null,"spark_index":87,"run_value":1.4439942355065485,"raa":-6.1,"jyk":-1.9,"vyk":-0.08,"teho_plus_adj":68,"pct_kl_pct":23,"pct_saatto_pct":7,"pct_eten_pct":37,"pct_kunnari_rate":28,"pct_lyoty_rate":2,"pct_palo_rate":28,"pct_tehot_per_turn":30},"proj":{"player_id":17385,"name":"Jade Puutio","as_of":"2026-07-17","age":null,"stats":{"kl_pct":{"rate":0.5763334191448225,"effective_n":27.681271767490493,"observed":0.514676674834328},"saatto_pct":{"rate":0.5807227568085376,"effective_n":37.78881302758134,"observed":0.4964346196653603},"eten_pct":{"rate":0.6388896444093057,"effective_n":84.10535847963857,"observed":0.6271709514526163},"kunnari_rate":{"rate":0.007623303786569258,"effective_n":44.63566826320519,"observed":0.0},"lyoty_rate":{"rate":0.08570888571143595,"effective_n":43.06477025014825,"observed":0.0},"haava_rate":{"rate":0.3762111664519557,"effective_n":40.12833501993698,"observed":0.3925836465911242},"palo_rate":{"rate":0.3263784541322555,"effective_n":41.56341437736322,"observed":0.3611540463332307}},"teho_plus_proj":95},"translation":{"wrc_plus":87,"tier":"bench bat","rows":[{"pesis_label":"Kärkilyönti-% (advance the lead runner)","pesis_value":0.5161290322580645,"percentile":23,"mlb_stat":"AVG","mlb_value":"0.233"},{"pesis_label":"Kärkilyönnit per turn (base hits)","pesis_value":0.3333333333333333,"percentile":5,"mlb_stat":"H / 600 PA","mlb_value":"114"},{"pesis_label":"Lyödyt per turn (runs batted home)","pesis_value":0.0,"percentile":2,"mlb_stat":"RBI / 600 PA","mlb_value":"31"},{"pesis_label":"Tuodut per advance (runs scored)","pesis_value":0.10309278350515463,"percentile":74,"mlb_stat":"R / 600 PA","mlb_value":"88"},{"pesis_label":"Palot per turn (burned outs)","pesis_value":0.3541666666666667,"percentile":28,"mlb_stat":"K%","mlb_value":"25.4%"}]},"pitching":null,"career_json":[{"year":2026,"kl_pct":0.5161290322580645,"teho_plus":69}],"pct_stats":["kl_pct","saatto_pct","eten_pct","kunnari_rate","lyoty_rate","palo_rate","tehot_per_turn"],"base_kl":{"player_id":17385,"turns_at_bat":48,"kl_base0":0.6086956521739131,"kl_base0_tries":23,"kl_base1":0.14285714285714285,"kl_base1_tries":7,"kl_base2":1.0,"kl_base2_tries":1,"kl_base3":null,"kl_base3_tries":0,"pct_kl_base0":62,"pct_kl_base1":1,"pct_kl_base2":99,"pct_kl_base3":null},"base_keys":["kl_base0","kl_base1","kl_base2","kl_base3"],"comps":[]}