{"player":{"id":17605,"name":"Veeti Hämäläinen","born_year":null},"career":[{"year":2025,"season_id":125,"team":"PuPe","age":null,"games":18,"turns_at_bat":45,"vyk":-0.12,"spark_index":71,"adv_plus":55,"runner_plus":66,"out_avoid_plus":119,"money_kl_plus":43,"teho_plus":37,"teho_plus_adj":37},{"year":2026,"season_id":129,"team":"PuPe","age":null,"games":14,"turns_at_bat":73,"vyk":0.05,"spark_index":90,"adv_plus":82,"runner_plus":99,"out_avoid_plus":94,"money_kl_plus":37,"teho_plus":49,"teho_plus_adj":50}],"line":{"player_id":17605,"name":"Veeti Hämäläinen","born_year":null,"year":2026,"games":14,"team":"PuPe","turns_at_bat":73,"kunnarit":0,"lyodyt":1,"tuodut":5,"karkilyonnit":27,"karki_yritykset":63,"saatot":43,"saatto_yritykset":89,"etenemiset":74,"eteneminen_yritykset":127,"haavat":26,"palot":27,"season_id":129,"tehot":6,"kl_pct":0.42857142857142855,"saatto_pct":0.48314606741573035,"eten_pct":0.5826771653543307,"kunnari_rate":0.0,"lyoty_rate":0.0136986301369863,"tuotu_rate":0.03937007874015748,"haava_rate":0.3561643835616438,"palo_rate":0.3698630136986301,"tehot_per_turn":0.0821917808219178,"kl_per_turn":0.3698630136986301,"hr_rbi_per_turn":0.0136986301369863,"kl_base0":0.5526315789473685,"kl_base0_tries":38,"kl_base1":0.2222222222222222,"kl_base1_tries":9,"kl_base2":0.3,"kl_base2_tries":10,"kl_base3":0.16666666666666666,"kl_base3_tries":6,"adv1_pct":0.5526315789473685,"adv2_pct":0.2222222222222222,"adv3_pct":0.3,"adv_home_pct":0.16666666666666666,"money_kl_pct":0.16666666666666666,"money_kl_tries":6,"pos":"L","teho_plus":49,"adv_plus":82,"runner_plus":99,"out_avoid_plus":94,"adv1_plus":116,"adv2_plus":40,"adv3_plus":52,"adv_home_plus":37,"money_kl_plus":37,"spark_index":90,"run_value":3.2394574667606286,"raa":-3.7,"jyk":0.6,"vyk":0.05,"teho_plus_adj":50,"pct_kl_pct":19,"pct_saatto_pct":11,"pct_eten_pct":50,"pct_kunnari_rate":31,"pct_lyoty_rate":32,"pct_palo_rate":35,"pct_tehot_per_turn":20},"proj":{"player_id":17605,"name":"Veeti Hämäläinen","as_of":"2026-07-05","age":null,"stats":{"kl_pct":{"rate":0.45684972906203447,"effective_n":70.71643502934214,"observed":0.4093357755428595},"saatto_pct":{"rate":0.49730013870899903,"effective_n":96.89242396132273,"observed":0.4586304581216351},"eten_pct":{"rate":0.5718116673799797,"effective_n":122.01258356066961,"observed":0.5647169284780759},"kunnari_rate":{"rate":0.0037501841668463806,"effective_n":89.38715381680834,"observed":0.0},"lyoty_rate":{"rate":0.050579154161269464,"effective_n":80.3173836499974,"observed":0.025641502198566115},"haava_rate":{"rate":0.402597047663685,"effective_n":67.96804055553532,"observed":0.3712774048914667},"palo_rate":{"rate":0.3370950293131351,"effective_n":73.38826902191097,"observed":0.34542271045083345}},"teho_plus_proj":134},"translation":{"wrc_plus":79,"tier":"bench bat","rows":[{"pesis_label":"Kärkilyönti-% (advance the lead runner)","pesis_value":0.42857142857142855,"percentile":19,"mlb_stat":"AVG","mlb_value":"0.194"},{"pesis_label":"Kärkilyönnit per turn (base hits)","pesis_value":0.3698630136986301,"percentile":15,"mlb_stat":"H / 600 PA","mlb_value":"127"},{"pesis_label":"Lyödyt per turn (runs batted home)","pesis_value":0.0136986301369863,"percentile":32,"mlb_stat":"RBI / 600 PA","mlb_value":"63"},{"pesis_label":"Tuodut per advance (runs scored)","pesis_value":0.03937007874015748,"percentile":50,"mlb_stat":"R / 600 PA","mlb_value":"76"},{"pesis_label":"Palot per turn (burned outs)","pesis_value":0.3698630136986301,"percentile":35,"mlb_stat":"K%","mlb_value":"24.3%"}]},"pitching":{"era":"4.00","tier":"back-end starter","games":14,"rows":[{"pesis":"Päästetyt juoksut / ottelu (LRA)","arvo":"6.00","pctile":50,"mlb":"ERA","kaannos":"4.00"},{"pesis":"LRA- (sarjaindeksi, 100 = ka.)","arvo":"102","pctile":null,"mlb":"ERA-","kaannos":"102"},{"pesis":"Estetyt juoksut (kausi)","arvo":"-1.7","pctile":null,"mlb":"Runs saved","kaannos":"-1.7"}]},"career_json":[{"year":2025,"kl_pct":0.30952380952380953,"teho_plus":37},{"year":2026,"kl_pct":0.42857142857142855,"teho_plus":49}],"pct_stats":["kl_pct","saatto_pct","eten_pct","kunnari_rate","lyoty_rate","palo_rate","tehot_per_turn"],"base_kl":{"player_id":17605,"turns_at_bat":73,"kl_base0":0.5526315789473685,"kl_base0_tries":38,"kl_base1":0.2222222222222222,"kl_base1_tries":9,"kl_base2":0.3,"kl_base2_tries":10,"kl_base3":0.16666666666666666,"kl_base3_tries":6,"pct_kl_base0":79,"pct_kl_base1":10,"pct_kl_base2":7,"pct_kl_base3":15},"base_keys":["kl_base0","kl_base1","kl_base2","kl_base3"],"comps":[]}