{"player":{"id":17605,"name":"Veeti Hämäläinen","born_year":null},"career":[{"year":2025,"season_id":125,"team":"PuPe","age":null,"games":18,"turns_at_bat":45,"vyk":-0.12,"spark_index":71,"adv_plus":55,"runner_plus":66,"out_avoid_plus":119,"money_kl_plus":43,"teho_plus":37,"teho_plus_adj":37},{"year":2026,"season_id":129,"team":"PuPe","age":null,"games":15,"turns_at_bat":74,"vyk":0.03,"spark_index":90,"adv_plus":82,"runner_plus":99,"out_avoid_plus":95,"money_kl_plus":37,"teho_plus":48,"teho_plus_adj":49}],"line":{"player_id":17605,"name":"Veeti Hämäläinen","born_year":null,"year":2026,"games":15,"team":"PuPe","turns_at_bat":74,"kunnarit":0,"lyodyt":1,"tuodut":5,"karkilyonnit":27,"karki_yritykset":63,"saatot":43,"saatto_yritykset":89,"etenemiset":74,"eteneminen_yritykset":127,"haavat":26,"palot":27,"season_id":129,"tehot":6,"kl_pct":0.42857142857142855,"saatto_pct":0.48314606741573035,"eten_pct":0.5826771653543307,"kunnari_rate":0.0,"lyoty_rate":0.013513513513513514,"tuotu_rate":0.03937007874015748,"haava_rate":0.35135135135135137,"palo_rate":0.36486486486486486,"tehot_per_turn":0.08108108108108109,"kl_per_turn":0.36486486486486486,"hr_rbi_per_turn":0.013513513513513514,"kl_base0":0.5526315789473685,"kl_base0_tries":38,"kl_base1":0.2222222222222222,"kl_base1_tries":9,"kl_base2":0.3,"kl_base2_tries":10,"kl_base3":0.16666666666666666,"kl_base3_tries":6,"adv1_pct":0.5526315789473685,"adv2_pct":0.2222222222222222,"adv3_pct":0.3,"adv_home_pct":0.16666666666666666,"money_kl_pct":0.16666666666666666,"money_kl_tries":6,"pos":"L","teho_plus":48,"adv_plus":82,"runner_plus":99,"out_avoid_plus":95,"adv1_plus":116,"adv2_plus":40,"adv3_plus":52,"adv_home_plus":37,"money_kl_plus":37,"spark_index":90,"run_value":3.373715613297681,"raa":-3.8,"jyk":0.4,"vyk":0.03,"teho_plus_adj":49,"pct_kl_pct":18,"pct_saatto_pct":11,"pct_eten_pct":51,"pct_kunnari_rate":29,"pct_lyoty_rate":32,"pct_palo_rate":36,"pct_tehot_per_turn":20},"proj":{"player_id":17605,"name":"Veeti Hämäläinen","as_of":"2026-07-09","age":null,"stats":{"kl_pct":{"rate":0.45707045364243126,"effective_n":69.87164886483468,"observed":0.4093357755428594},"saatto_pct":{"rate":0.4978484124201735,"effective_n":95.35142207098576,"observed":0.4586304581216352},"eten_pct":{"rate":0.5719925056745653,"effective_n":120.07206422773453,"observed":0.564716928478076},"kunnari_rate":{"rate":0.0037147892686258564,"effective_n":89.67219901900674,"observed":0.0},"lyoty_rate":{"rate":0.050440110206231,"effective_n":80.35490351714282,"observed":0.025323356365853904},"haava_rate":{"rate":0.4008534865896377,"effective_n":67.6138410089677,"observed":0.3658137156178754},"palo_rate":{"rate":0.33454615924998443,"effective_n":73.217083222777,"observed":0.3407237931426662}},"teho_plus_proj":134},"translation":{"wrc_plus":79,"tier":"bench bat","rows":[{"pesis_label":"Kärkilyönti-% (advance the lead runner)","pesis_value":0.42857142857142855,"percentile":18,"mlb_stat":"AVG","mlb_value":"0.191"},{"pesis_label":"Kärkilyönnit per turn (base hits)","pesis_value":0.36486486486486486,"percentile":14,"mlb_stat":"H / 600 PA","mlb_value":"126"},{"pesis_label":"Lyödyt per turn (runs batted home)","pesis_value":0.013513513513513514,"percentile":32,"mlb_stat":"RBI / 600 PA","mlb_value":"63"},{"pesis_label":"Tuodut per advance (runs scored)","pesis_value":0.03937007874015748,"percentile":50,"mlb_stat":"R / 600 PA","mlb_value":"76"},{"pesis_label":"Palot per turn (burned outs)","pesis_value":0.36486486486486486,"percentile":36,"mlb_stat":"K%","mlb_value":"24.2%"}]},"pitching":{"era":"4.00","tier":"back-end starter","games":15,"rows":[{"pesis":"Päästetyt juoksut / ottelu (LRA)","arvo":"6.13","pctile":50,"mlb":"ERA","kaannos":"4.00"},{"pesis":"LRA- (sarjaindeksi, 100 = ka.)","arvo":"104","pctile":null,"mlb":"ERA-","kaannos":"104"},{"pesis":"Estetyt juoksut (kausi)","arvo":"-3.2","pctile":null,"mlb":"Runs saved","kaannos":"-3.2"}]},"career_json":[{"year":2025,"kl_pct":0.30952380952380953,"teho_plus":37},{"year":2026,"kl_pct":0.42857142857142855,"teho_plus":48}],"pct_stats":["kl_pct","saatto_pct","eten_pct","kunnari_rate","lyoty_rate","palo_rate","tehot_per_turn"],"base_kl":{"player_id":17605,"turns_at_bat":74,"kl_base0":0.5526315789473685,"kl_base0_tries":38,"kl_base1":0.2222222222222222,"kl_base1_tries":9,"kl_base2":0.3,"kl_base2_tries":10,"kl_base3":0.16666666666666666,"kl_base3_tries":6,"pct_kl_base0":79,"pct_kl_base1":8,"pct_kl_base2":5,"pct_kl_base3":15},"base_keys":["kl_base0","kl_base1","kl_base2","kl_base3"],"comps":[]}