{"player":{"id":17648,"name":"Tytti Koskela","born_year":null},"career":[{"year":2026,"season_id":178,"team":"Lippo Jun. 2","age":null,"games":3,"turns_at_bat":12,"vyk":-0.1,"spark_index":42,"adv_plus":27,"runner_plus":38,"out_avoid_plus":84,"money_kl_plus":0,"teho_plus":28,"teho_plus_adj":30}],"line":{"player_id":17648,"name":"Tytti Koskela","born_year":null,"year":2026,"games":3,"team":"Lippo Jun. 2","turns_at_bat":12,"kunnarit":0,"lyodyt":0,"tuodut":1,"karkilyonnit":1,"karki_yritykset":6,"saatot":2,"saatto_yritykset":11,"etenemiset":3,"eteneminen_yritykset":12,"haavat":4,"palot":5,"season_id":178,"tehot":1,"kl_pct":0.16666666666666666,"saatto_pct":0.18181818181818182,"eten_pct":0.25,"kunnari_rate":0.0,"lyoty_rate":0.0,"tuotu_rate":0.08333333333333333,"haava_rate":0.3333333333333333,"palo_rate":0.4166666666666667,"tehot_per_turn":0.08333333333333333,"kl_per_turn":0.08333333333333333,"hr_rbi_per_turn":0.0,"kl_base0":0.0,"kl_base0_tries":3,"kl_base1":null,"kl_base1_tries":0,"kl_base2":1.0,"kl_base2_tries":1,"kl_base3":0.0,"kl_base3_tries":2,"adv1_pct":0.0,"adv2_pct":null,"adv3_pct":1.0,"adv_home_pct":0.0,"money_kl_pct":0.0,"money_kl_tries":2,"pos":"2K","teho_plus":28,"adv_plus":27,"runner_plus":38,"out_avoid_plus":84,"adv1_plus":0,"adv2_plus":null,"adv3_plus":144,"adv_home_plus":0,"money_kl_plus":0,"spark_index":42,"run_value":-1.363728206491867,"raa":-3.2,"jyk":-2.2,"vyk":-0.1,"teho_plus_adj":30,"pct_kl_pct":null,"pct_saatto_pct":null,"pct_eten_pct":null,"pct_kunnari_rate":null,"pct_lyoty_rate":null,"pct_palo_rate":null,"pct_tehot_per_turn":null},"proj":{"player_id":17648,"name":"Tytti Koskela","as_of":"2026-07-17","age":null,"stats":{"kl_pct":{"rate":0.5687641327966504,"effective_n":5.552203618959286,"observed":0.17956834230565905},"saatto_pct":{"rate":0.5654708873617581,"effective_n":9.84129900787165,"observed":0.17982835889247756},"eten_pct":{"rate":0.5891378475961214,"effective_n":9.835437811718927,"observed":0.23600718079895014},"kunnari_rate":{"rate":0.009573951919381998,"effective_n":11.09191730265838,"observed":0.0},"lyoty_rate":{"rate":0.11632522300120807,"effective_n":10.674610856877859,"observed":0.0},"haava_rate":{"rate":0.36391701045101243,"effective_n":9.906645260977022,"observed":0.3061360748382998},"palo_rate":{"rate":0.3209427360925419,"effective_n":10.279948511807474,"observed":0.41924428930845137}},"teho_plus_proj":100},"translation":null,"pitching":null,"career_json":[{"year":2026,"kl_pct":0.16666666666666666,"teho_plus":28}],"pct_stats":["kl_pct","saatto_pct","eten_pct","kunnari_rate","lyoty_rate","palo_rate","tehot_per_turn"],"base_kl":{"player_id":17648,"turns_at_bat":12,"kl_base0":0.0,"kl_base0_tries":3,"kl_base1":null,"kl_base1_tries":0,"kl_base2":1.0,"kl_base2_tries":1,"kl_base3":0.0,"kl_base3_tries":2,"pct_kl_base0":null,"pct_kl_base1":null,"pct_kl_base2":null,"pct_kl_base3":null},"base_keys":["kl_base0","kl_base1","kl_base2","kl_base3"],"comps":[]}