{"player":{"id":177,"name":"Timo Kivipelto","born_year":null},"career":[{"year":1995,"age":null,"games":29,"turns_at_bat":127,"vyk":-0.19,"spark_index":86,"adv_plus":80,"runner_plus":91,"out_avoid_plus":96,"money_kl_plus":46,"teho_plus":42,"teho_plus_adj":40}],"line":{"player_id":177,"name":"Timo Kivipelto","born_year":null,"year":1995,"games":29,"team":"ViVe","turns_at_bat":127,"kunnarit":0,"lyodyt":2,"tuodut":7,"karkilyonnit":40,"karki_yritykset":107,"saatot":91,"saatto_yritykset":177,"etenemiset":130,"eteneminen_yritykset":236,"haavat":59,"palot":47,"season_id":11,"tehot":9,"kl_pct":0.37383177570093457,"saatto_pct":0.5141242937853108,"eten_pct":0.5508474576271186,"kunnari_rate":0.0,"lyoty_rate":0.015748031496062992,"tuotu_rate":0.029661016949152543,"haava_rate":0.4645669291338583,"palo_rate":0.3700787401574803,"tehot_per_turn":0.07086614173228346,"kl_per_turn":0.31496062992125984,"hr_rbi_per_turn":0.015748031496062992,"kl_base0":0.3898305084745763,"kl_base0_tries":59,"kl_base1":0.4,"kl_base1_tries":25,"kl_base2":0.4166666666666667,"kl_base2_tries":12,"kl_base3":0.18181818181818182,"kl_base3_tries":11,"adv1_pct":0.3898305084745763,"adv2_pct":0.4,"adv3_pct":0.4166666666666667,"adv_home_pct":0.18181818181818182,"money_kl_pct":0.18181818181818182,"money_kl_tries":11,"pos":"L","teho_plus":42,"adv_plus":80,"runner_plus":91,"out_avoid_plus":96,"adv1_plus":79,"adv2_plus":73,"adv3_plus":67,"adv_home_plus":46,"money_kl_plus":46,"spark_index":86,"run_value":1.2937557265303417,"raa":-6.9,"jyk":-2.3,"vyk":-0.19,"teho_plus_adj":40,"pct_kl_pct":14,"pct_saatto_pct":21,"pct_eten_pct":28,"pct_kunnari_rate":21,"pct_lyoty_rate":11,"pct_palo_rate":40,"pct_tehot_per_turn":9},"proj":null,"translation":null,"pitching":null,"career_json":[{"year":1995,"kl_pct":0.37383177570093457,"teho_plus":42}],"pct_stats":["kl_pct","saatto_pct","eten_pct","kunnari_rate","lyoty_rate","palo_rate","tehot_per_turn"],"base_kl":{"player_id":177,"turns_at_bat":127,"kl_base0":0.3898305084745763,"kl_base0_tries":59,"kl_base1":0.4,"kl_base1_tries":25,"kl_base2":0.4166666666666667,"kl_base2_tries":12,"kl_base3":0.18181818181818182,"kl_base3_tries":11,"pct_kl_base0":31,"pct_kl_base1":27,"pct_kl_base2":14,"pct_kl_base3":8},"base_keys":["kl_base0","kl_base1","kl_base2","kl_base3"],"comps":[]}