{"player":{"id":17754,"name":"Mirella Nygård","born_year":null},"career":[{"year":2025,"season_id":126,"team":"AA","age":null,"games":22,"turns_at_bat":131,"vyk":0.93,"spark_index":99,"adv_plus":92,"runner_plus":97,"out_avoid_plus":120,"money_kl_plus":124,"teho_plus":159,"teho_plus_adj":154},{"year":2026,"season_id":130,"team":"AA","age":null,"games":15,"turns_at_bat":81,"vyk":0.53,"spark_index":109,"adv_plus":113,"runner_plus":104,"out_avoid_plus":105,"money_kl_plus":110,"teho_plus":132,"teho_plus_adj":127}],"line":{"player_id":17754,"name":"Mirella Nygård","born_year":null,"year":2026,"games":15,"team":"AA","turns_at_bat":81,"kunnarit":0,"lyodyt":20,"tuodut":3,"karkilyonnit":50,"karki_yritykset":82,"saatot":145,"saatto_yritykset":199,"etenemiset":112,"eteneminen_yritykset":169,"haavat":33,"palot":24,"season_id":130,"tehot":23,"kl_pct":0.6097560975609756,"saatto_pct":0.7286432160804021,"eten_pct":0.6627218934911243,"kunnari_rate":0.0,"lyoty_rate":0.24691358024691357,"tuotu_rate":0.01775147928994083,"haava_rate":0.4074074074074074,"palo_rate":0.2962962962962963,"tehot_per_turn":0.2839506172839506,"kl_per_turn":0.6172839506172839,"hr_rbi_per_turn":0.24691358024691357,"kl_base0":0.375,"kl_base0_tries":8,"kl_base1":0.6666666666666666,"kl_base1_tries":6,"kl_base2":0.7666666666666667,"kl_base2_tries":30,"kl_base3":0.5263157894736842,"kl_base3_tries":38,"adv1_pct":0.375,"adv2_pct":0.6666666666666666,"adv3_pct":0.7666666666666667,"adv_home_pct":0.5263157894736842,"money_kl_pct":0.5263157894736842,"money_kl_tries":38,"pos":"L","teho_plus":132,"adv_plus":113,"runner_plus":104,"out_avoid_plus":105,"adv1_plus":65,"adv2_plus":115,"adv3_plus":120,"adv_home_plus":110,"money_kl_plus":110,"spark_index":109,"run_value":13.765882401683585,"raa":3.9,"jyk":8.0,"vyk":0.53,"teho_plus_adj":127,"pct_kl_pct":68,"pct_saatto_pct":84,"pct_eten_pct":68,"pct_kunnari_rate":35,"pct_lyoty_rate":87,"pct_palo_rate":58,"pct_tehot_per_turn":74},"proj":{"player_id":17754,"name":"Mirella Nygård","as_of":"2026-07-06","age":null,"stats":{"kl_pct":{"rate":0.5750835775301326,"effective_n":117.85458734634425,"observed":0.5781753912067252},"saatto_pct":{"rate":0.6783452396303723,"effective_n":246.10726335639353,"observed":0.6851182593871913},"eten_pct":{"rate":0.6437967303756859,"effective_n":208.11743740446838,"observed":0.6460675039355158},"kunnari_rate":{"rate":0.006362696271200823,"effective_n":138.60469688780722,"observed":0.007239752829448556},"lyoty_rate":{"rate":0.1848574224646199,"effective_n":117.38497082251466,"observed":0.24380942805545786},"haava_rate":{"rate":0.40792382618029316,"effective_n":91.46596967949364,"observed":0.44251899629859287},"palo_rate":{"rate":0.2977645288586459,"effective_n":102.31167544663097,"observed":0.27043959151390295}},"teho_plus_proj":179},"translation":{"wrc_plus":116,"tier":"solid starter","rows":[{"pesis_label":"Kärkilyönti-% (advance the lead runner)","pesis_value":0.6097560975609756,"percentile":68,"mlb_stat":"AVG","mlb_value":"0.280"},{"pesis_label":"Kärkilyönnit per turn (base hits)","pesis_value":0.6172839506172839,"percentile":69,"mlb_stat":"H / 600 PA","mlb_value":"161"},{"pesis_label":"Lyödyt per turn (runs batted home)","pesis_value":0.24691358024691357,"percentile":87,"mlb_stat":"RBI / 600 PA","mlb_value":"95"},{"pesis_label":"Tuodut per advance (runs scored)","pesis_value":0.01775147928994083,"percentile":13,"mlb_stat":"R / 600 PA","mlb_value":"56"},{"pesis_label":"Palot per turn (burned outs)","pesis_value":0.2962962962962963,"percentile":58,"mlb_stat":"K%","mlb_value":"21.1%"}]},"pitching":{"era":"4.69","tier":"swingman","games":15,"rows":[{"pesis":"Päästetyt juoksut / ottelu (LRA)","arvo":"9.87","pctile":22,"mlb":"ERA","kaannos":"4.69"},{"pesis":"LRA- (sarjaindeksi, 100 = ka.)","arvo":"132","pctile":null,"mlb":"ERA-","kaannos":"132"},{"pesis":"Estetyt juoksut (kausi)","arvo":"-36.0","pctile":null,"mlb":"Runs saved","kaannos":"-36.0"}]},"career_json":[{"year":2025,"kl_pct":0.5271317829457365,"teho_plus":159},{"year":2026,"kl_pct":0.6097560975609756,"teho_plus":132}],"pct_stats":["kl_pct","saatto_pct","eten_pct","kunnari_rate","lyoty_rate","palo_rate","tehot_per_turn"],"base_kl":{"player_id":17754,"turns_at_bat":81,"kl_base0":0.375,"kl_base0_tries":8,"kl_base1":0.6666666666666666,"kl_base1_tries":6,"kl_base2":0.7666666666666667,"kl_base2_tries":30,"kl_base3":0.5263157894736842,"kl_base3_tries":38,"pct_kl_base0":28,"pct_kl_base1":75,"pct_kl_base2":79,"pct_kl_base3":59},"base_keys":["kl_base0","kl_base1","kl_base2","kl_base3"],"comps":[]}