{"player":{"id":17754,"name":"Mirella Nygård","born_year":null},"career":[{"year":2025,"season_id":126,"team":"AA","age":null,"games":22,"turns_at_bat":131,"vyk":0.93,"spark_index":99,"adv_plus":92,"runner_plus":97,"out_avoid_plus":120,"money_kl_plus":124,"teho_plus":159,"teho_plus_adj":154},{"year":2026,"season_id":130,"team":"AA","age":null,"games":14,"turns_at_bat":78,"vyk":0.53,"spark_index":109,"adv_plus":114,"runner_plus":104,"out_avoid_plus":106,"money_kl_plus":114,"teho_plus":132,"teho_plus_adj":127}],"line":{"player_id":17754,"name":"Mirella Nygård","born_year":null,"year":2026,"games":14,"team":"AA","turns_at_bat":78,"kunnarit":0,"lyodyt":19,"tuodut":3,"karkilyonnit":49,"karki_yritykset":79,"saatot":138,"saatto_yritykset":189,"etenemiset":106,"eteneminen_yritykset":161,"haavat":32,"palot":23,"season_id":130,"tehot":22,"kl_pct":0.620253164556962,"saatto_pct":0.7301587301587301,"eten_pct":0.6583850931677019,"kunnari_rate":0.0,"lyoty_rate":0.24358974358974358,"tuotu_rate":0.018633540372670808,"haava_rate":0.41025641025641024,"palo_rate":0.2948717948717949,"tehot_per_turn":0.28205128205128205,"kl_per_turn":0.6282051282051282,"hr_rbi_per_turn":0.24358974358974358,"kl_base0":0.375,"kl_base0_tries":8,"kl_base1":0.6666666666666666,"kl_base1_tries":6,"kl_base2":0.7666666666666667,"kl_base2_tries":30,"kl_base3":0.5428571428571428,"kl_base3_tries":35,"adv1_pct":0.375,"adv2_pct":0.6666666666666666,"adv3_pct":0.7666666666666667,"adv_home_pct":0.5428571428571428,"money_kl_pct":0.5428571428571428,"money_kl_tries":35,"pos":"L","teho_plus":132,"adv_plus":114,"runner_plus":104,"out_avoid_plus":106,"adv1_plus":65,"adv2_plus":116,"adv3_plus":120,"adv_home_plus":114,"money_kl_plus":114,"spark_index":109,"run_value":12.994696547037995,"raa":3.7,"jyk":7.9,"vyk":0.53,"teho_plus_adj":127,"pct_kl_pct":70,"pct_saatto_pct":87,"pct_eten_pct":70,"pct_kunnari_rate":36,"pct_lyoty_rate":86,"pct_palo_rate":56,"pct_tehot_per_turn":76},"proj":{"player_id":17754,"name":"Mirella Nygård","as_of":"2026-07-04","age":null,"stats":{"kl_pct":{"rate":0.579182395262874,"effective_n":115.55588263923589,"observed":0.5845509764728478},"saatto_pct":{"rate":0.6775937085072146,"effective_n":238.04783728931136,"observed":0.6844905911500209},"eten_pct":{"rate":0.6403963089476233,"effective_n":201.76029157238224,"observed":0.6419299248377126},"kunnari_rate":{"rate":0.006447489383310868,"effective_n":136.15477135413835,"observed":0.007399591400216332},"lyoty_rate":{"rate":0.18253846184805883,"effective_n":115.08343568570773,"observed":0.24146869279851352},"haava_rate":{"rate":0.40962129520192375,"effective_n":89.37245996767116,"observed":0.44620249123690425},"palo_rate":{"rate":0.2969795694114504,"effective_n":100.12305794123375,"observed":0.26854753003197135}},"teho_plus_proj":178},"translation":{"wrc_plus":118,"tier":"solid starter","rows":[{"pesis_label":"Kärkilyönti-% (advance the lead runner)","pesis_value":0.620253164556962,"percentile":70,"mlb_stat":"AVG","mlb_value":"0.284"},{"pesis_label":"Kärkilyönnit per turn (base hits)","pesis_value":0.6282051282051282,"percentile":75,"mlb_stat":"H / 600 PA","mlb_value":"165"},{"pesis_label":"Lyödyt per turn (runs batted home)","pesis_value":0.24358974358974358,"percentile":86,"mlb_stat":"RBI / 600 PA","mlb_value":"94"},{"pesis_label":"Tuodut per advance (runs scored)","pesis_value":0.018633540372670808,"percentile":14,"mlb_stat":"R / 600 PA","mlb_value":"57"},{"pesis_label":"Palot per turn (burned outs)","pesis_value":0.2948717948717949,"percentile":56,"mlb_stat":"K%","mlb_value":"21.4%"}]},"pitching":{"era":"4.69","tier":"swingman","games":14,"rows":[{"pesis":"Päästetyt juoksut / ottelu (LRA)","arvo":"10.07","pctile":22,"mlb":"ERA","kaannos":"4.69"},{"pesis":"LRA- (sarjaindeksi, 100 = ka.)","arvo":"136","pctile":null,"mlb":"ERA-","kaannos":"136"},{"pesis":"Estetyt juoksut (kausi)","arvo":"-37.1","pctile":null,"mlb":"Runs saved","kaannos":"-37.1"}]},"career_json":[{"year":2025,"kl_pct":0.5271317829457365,"teho_plus":159},{"year":2026,"kl_pct":0.620253164556962,"teho_plus":132}],"pct_stats":["kl_pct","saatto_pct","eten_pct","kunnari_rate","lyoty_rate","palo_rate","tehot_per_turn"],"base_kl":{"player_id":17754,"turns_at_bat":78,"kl_base0":0.375,"kl_base0_tries":8,"kl_base1":0.6666666666666666,"kl_base1_tries":6,"kl_base2":0.7666666666666667,"kl_base2_tries":30,"kl_base3":0.5428571428571428,"kl_base3_tries":35,"pct_kl_base0":26,"pct_kl_base1":74,"pct_kl_base2":80,"pct_kl_base3":66},"base_keys":["kl_base0","kl_base1","kl_base2","kl_base3"],"comps":[]}