{"player":{"id":17754,"name":"Mirella Nygård","born_year":null},"career":[{"year":2025,"season_id":126,"team":"AA","age":null,"games":22,"turns_at_bat":131,"vyk":0.93,"spark_index":99,"adv_plus":92,"runner_plus":97,"out_avoid_plus":120,"money_kl_plus":124,"teho_plus":159,"teho_plus_adj":156},{"year":2026,"season_id":130,"team":"AA","age":null,"games":17,"turns_at_bat":91,"vyk":0.47,"spark_index":108,"adv_plus":111,"runner_plus":104,"out_avoid_plus":105,"money_kl_plus":107,"teho_plus":122,"teho_plus_adj":119}],"line":{"player_id":17754,"name":"Mirella Nygård","born_year":null,"year":2026,"games":17,"team":"AA","turns_at_bat":91,"kunnarit":0,"lyodyt":20,"tuodut":4,"karkilyonnit":54,"karki_yritykset":90,"saatot":154,"saatto_yritykset":216,"etenemiset":120,"eteneminen_yritykset":182,"haavat":35,"palot":27,"season_id":130,"tehot":24,"kl_pct":0.6,"saatto_pct":0.7129629629629629,"eten_pct":0.6593406593406593,"kunnari_rate":0.0,"lyoty_rate":0.21978021978021978,"tuotu_rate":0.02197802197802198,"haava_rate":0.38461538461538464,"palo_rate":0.2967032967032967,"tehot_per_turn":0.26373626373626374,"kl_per_turn":0.5934065934065934,"hr_rbi_per_turn":0.21978021978021978,"kl_base0":0.3333333333333333,"kl_base0_tries":9,"kl_base1":0.625,"kl_base1_tries":8,"kl_base2":0.7647058823529411,"kl_base2_tries":34,"kl_base3":0.5128205128205128,"kl_base3_tries":39,"adv1_pct":0.3333333333333333,"adv2_pct":0.625,"adv3_pct":0.7647058823529411,"adv_home_pct":0.5128205128205128,"money_kl_pct":0.5128205128205128,"money_kl_tries":39,"pos":"L","teho_plus":122,"adv_plus":111,"runner_plus":104,"out_avoid_plus":105,"adv1_plus":58,"adv2_plus":108,"adv3_plus":120,"adv_home_plus":107,"money_kl_plus":107,"spark_index":108,"run_value":14.85216681338803,"raa":2.8,"jyk":7.1,"vyk":0.47,"teho_plus_adj":119,"pct_kl_pct":63,"pct_saatto_pct":78,"pct_eten_pct":68,"pct_kunnari_rate":33,"pct_lyoty_rate":84,"pct_palo_rate":57,"pct_tehot_per_turn":72},"proj":{"player_id":17754,"name":"Mirella Nygård","as_of":"2026-07-13","age":null,"stats":{"kl_pct":{"rate":0.5717537603204936,"effective_n":123.30347679607908,"observed":0.573105387429449},"saatto_pct":{"rate":0.6698273780182384,"effective_n":256.0327901808068,"observed":0.6749639325307113},"eten_pct":{"rate":0.6425048292079288,"effective_n":215.14952208398506,"observed":0.6443282939430455},"kunnari_rate":{"rate":0.0063684069806374515,"effective_n":146.5862540758055,"observed":0.006750286858767917},"lyoty_rate":{"rate":0.17528774528397606,"effective_n":124.80790282661263,"observed":0.22453653400250875},"haava_rate":{"rate":0.3967882812427079,"effective_n":98.08988977149524,"observed":0.41819404218834055},"palo_rate":{"rate":0.29832097718105355,"effective_n":109.30276806027481,"observed":0.27311389465878955}},"teho_plus_proj":173},"translation":{"wrc_plus":115,"tier":"solid starter","rows":[{"pesis_label":"Kärkilyönti-% (advance the lead runner)","pesis_value":0.6,"percentile":63,"mlb_stat":"AVG","mlb_value":"0.317"},{"pesis_label":"Kärkilyönnit per turn (base hits)","pesis_value":0.5934065934065934,"percentile":66,"mlb_stat":"H / 600 PA","mlb_value":"159"},{"pesis_label":"Lyödyt per turn (runs batted home)","pesis_value":0.21978021978021978,"percentile":84,"mlb_stat":"RBI / 600 PA","mlb_value":"92"},{"pesis_label":"Tuodut per advance (runs scored)","pesis_value":0.02197802197802198,"percentile":19,"mlb_stat":"R / 600 PA","mlb_value":"60"},{"pesis_label":"Palot per turn (burned outs)","pesis_value":0.2967032967032967,"percentile":57,"mlb_stat":"K%","mlb_value":"21.2%"}]},"pitching":{"era":"4.61","tier":"swingman","games":17,"rows":[{"pesis":"Päästetyt juoksut / ottelu (LRA)","arvo":"9.29","pctile":25,"mlb":"ERA","kaannos":"4.61"},{"pesis":"LRA- (sarjaindeksi, 100 = ka.)","arvo":"123","pctile":null,"mlb":"ERA-","kaannos":"123"},{"pesis":"Estetyt juoksut (kausi)","arvo":"-29.1","pctile":null,"mlb":"Runs saved","kaannos":"-29.1"}]},"career_json":[{"year":2025,"kl_pct":0.5271317829457365,"teho_plus":159},{"year":2026,"kl_pct":0.6,"teho_plus":122}],"pct_stats":["kl_pct","saatto_pct","eten_pct","kunnari_rate","lyoty_rate","palo_rate","tehot_per_turn"],"base_kl":{"player_id":17754,"turns_at_bat":91,"kl_base0":0.3333333333333333,"kl_base0_tries":9,"kl_base1":0.625,"kl_base1_tries":8,"kl_base2":0.7647058823529411,"kl_base2_tries":34,"kl_base3":0.5128205128205128,"kl_base3_tries":39,"pct_kl_base0":23,"pct_kl_base1":66,"pct_kl_base2":80,"pct_kl_base3":60},"base_keys":["kl_base0","kl_base1","kl_base2","kl_base3"],"comps":[]}