{"player":{"id":17766,"name":"Saana Kälkäjä","born_year":null},"career":[{"year":2025,"season_id":126,"team":"Lippo Naiset","age":null,"games":16,"turns_at_bat":82,"vyk":0.5,"spark_index":96,"adv_plus":90,"runner_plus":93,"out_avoid_plus":115,"money_kl_plus":110,"teho_plus":149,"teho_plus_adj":150},{"year":2026,"season_id":130,"team":"TyTe","age":null,"games":12,"turns_at_bat":50,"vyk":0.02,"spark_index":89,"adv_plus":80,"runner_plus":82,"out_avoid_plus":123,"money_kl_plus":70,"teho_plus":56,"teho_plus_adj":55}],"line":{"player_id":17766,"name":"Saana Kälkäjä","born_year":null,"year":2026,"games":12,"team":"TyTe","turns_at_bat":50,"kunnarit":0,"lyodyt":5,"tuodut":1,"karkilyonnit":24,"karki_yritykset":48,"saatot":55,"saatto_yritykset":113,"etenemiset":39,"eteneminen_yritykset":75,"haavat":27,"palot":9,"season_id":130,"tehot":6,"kl_pct":0.5,"saatto_pct":0.48672566371681414,"eten_pct":0.52,"kunnari_rate":0.0,"lyoty_rate":0.1,"tuotu_rate":0.013333333333333334,"haava_rate":0.54,"palo_rate":0.18,"tehot_per_turn":0.12,"kl_per_turn":0.48,"hr_rbi_per_turn":0.1,"kl_base0":0.8,"kl_base0_tries":5,"kl_base1":0.42857142857142855,"kl_base1_tries":14,"kl_base2":0.6428571428571429,"kl_base2_tries":14,"kl_base3":0.3333333333333333,"kl_base3_tries":15,"adv1_pct":0.8,"adv2_pct":0.42857142857142855,"adv3_pct":0.6428571428571429,"adv_home_pct":0.3333333333333333,"money_kl_pct":0.3333333333333333,"money_kl_tries":15,"pos":"S","teho_plus":56,"adv_plus":80,"runner_plus":82,"out_avoid_plus":123,"adv1_plus":139,"adv2_plus":74,"adv3_plus":101,"adv_home_plus":70,"money_kl_plus":70,"spark_index":89,"run_value":3.8739780937939976,"raa":-2.2,"jyk":0.3,"vyk":0.02,"teho_plus_adj":55,"pct_kl_pct":25,"pct_saatto_pct":7,"pct_eten_pct":5,"pct_kunnari_rate":35,"pct_lyoty_rate":63,"pct_palo_rate":90,"pct_tehot_per_turn":18},"proj":{"player_id":17766,"name":"Saana Kälkäjä","as_of":"2026-07-05","age":null,"stats":{"kl_pct":{"rate":0.5331361784804414,"effective_n":70.94254824809228,"observed":0.5027952960180925},"saatto_pct":{"rate":0.5395558462094974,"effective_n":145.2456793974096,"observed":0.5128102218581078},"eten_pct":{"rate":0.5725884265501417,"effective_n":98.68105376906459,"observed":0.5412974390794794},"kunnari_rate":{"rate":0.005311825631432491,"effective_n":86.05690384582032,"observed":0.0052590661413752645},"lyoty_rate":{"rate":0.1307766389344653,"effective_n":72.4957823007352,"observed":0.16655274468138623},"haava_rate":{"rate":0.4313493867876194,"effective_n":55.596798266988806,"observed":0.530398918657869},"palo_rate":{"rate":0.272287727845293,"effective_n":62.72795166078102,"observed":0.1952279152050961}},"teho_plus_proj":143},"translation":{"wrc_plus":77,"tier":"bench bat","rows":[{"pesis_label":"Kärkilyönti-% (advance the lead runner)","pesis_value":0.5,"percentile":25,"mlb_stat":"AVG","mlb_value":"0.207"},{"pesis_label":"Kärkilyönnit per turn (base hits)","pesis_value":0.48,"percentile":28,"mlb_stat":"H / 600 PA","mlb_value":"137"},{"pesis_label":"Lyödyt per turn (runs batted home)","pesis_value":0.1,"percentile":63,"mlb_stat":"RBI / 600 PA","mlb_value":"79"},{"pesis_label":"Tuodut per advance (runs scored)","pesis_value":0.013333333333333334,"percentile":8,"mlb_stat":"R / 600 PA","mlb_value":"51"},{"pesis_label":"Palot per turn (burned outs)","pesis_value":0.18,"percentile":90,"mlb_stat":"K%","mlb_value":"15.2%"}]},"pitching":null,"career_json":[{"year":2025,"kl_pct":0.5119047619047619,"teho_plus":149},{"year":2026,"kl_pct":0.5,"teho_plus":56}],"pct_stats":["kl_pct","saatto_pct","eten_pct","kunnari_rate","lyoty_rate","palo_rate","tehot_per_turn"],"base_kl":{"player_id":17766,"turns_at_bat":50,"kl_base0":0.8,"kl_base0_tries":5,"kl_base1":0.42857142857142855,"kl_base1_tries":14,"kl_base2":0.6428571428571429,"kl_base2_tries":14,"kl_base3":0.3333333333333333,"kl_base3_tries":15,"pct_kl_base0":91,"pct_kl_base1":25,"pct_kl_base2":46,"pct_kl_base3":20},"base_keys":["kl_base0","kl_base1","kl_base2","kl_base3"],"comps":[]}