{"player":{"id":17784,"name":"Sofia Saarvo","born_year":null},"career":[{"year":2023,"season_id":175,"team":"Kirittäret","age":null,"games":13,"turns_at_bat":47,"vyk":-0.26,"spark_index":59,"adv_plus":54,"runner_plus":58,"out_avoid_plus":71,"money_kl_plus":34,"teho_plus":21,"teho_plus_adj":20},{"year":2026,"season_id":178,"team":"Kirittäret","age":null,"games":7,"turns_at_bat":33,"vyk":-0.1,"spark_index":74,"adv_plus":86,"runner_plus":67,"out_avoid_plus":57,"money_kl_plus":175,"teho_plus":20,"teho_plus_adj":20}],"line":{"player_id":17784,"name":"Sofia Saarvo","born_year":null,"year":2026,"games":7,"team":"Kirittäret","turns_at_bat":33,"kunnarit":0,"lyodyt":1,"tuodut":1,"karkilyonnit":17,"karki_yritykset":32,"saatot":29,"saatto_yritykset":51,"etenemiset":22,"eteneminen_yritykset":50,"haavat":8,"palot":20,"season_id":178,"tehot":2,"kl_pct":0.53125,"saatto_pct":0.5686274509803921,"eten_pct":0.44,"kunnari_rate":0.0,"lyoty_rate":0.030303030303030304,"tuotu_rate":0.02,"haava_rate":0.24242424242424243,"palo_rate":0.6060606060606061,"tehot_per_turn":0.06060606060606061,"kl_per_turn":0.5151515151515151,"hr_rbi_per_turn":0.030303030303030304,"kl_base0":0.4375,"kl_base0_tries":16,"kl_base1":0.5454545454545454,"kl_base1_tries":11,"kl_base2":0.75,"kl_base2_tries":4,"kl_base3":1.0,"kl_base3_tries":1,"adv1_pct":0.4375,"adv2_pct":0.5454545454545454,"adv3_pct":0.75,"adv_home_pct":1.0,"money_kl_pct":1.0,"money_kl_tries":1,"pos":"3V","teho_plus":20,"adv_plus":86,"runner_plus":67,"out_avoid_plus":57,"adv1_plus":78,"adv2_plus":92,"adv3_plus":108,"adv_home_plus":175,"money_kl_plus":175,"spark_index":74,"run_value":0.14079342697716934,"raa":-5.0,"jyk":-2.2,"vyk":-0.1,"teho_plus_adj":20,"pct_kl_pct":null,"pct_saatto_pct":null,"pct_eten_pct":null,"pct_kunnari_rate":null,"pct_lyoty_rate":null,"pct_palo_rate":null,"pct_tehot_per_turn":null},"proj":{"player_id":17784,"name":"Sofia Saarvo","as_of":"2026-07-09","age":null,"stats":{"kl_pct":{"rate":0.5779984234589368,"effective_n":30.256245304737494,"observed":0.5249707729836273},"saatto_pct":{"rate":0.6105847532608172,"effective_n":45.31025735888157,"observed":0.566589054102701},"eten_pct":{"rate":0.5546708148575809,"effective_n":44.49503730261146,"observed":0.43779631885874737},"kunnari_rate":{"rate":0.008039707620199996,"effective_n":35.89596483008043,"observed":0.0},"lyoty_rate":{"rate":0.10292346494885349,"effective_n":31.481277509885093,"observed":0.02925785549034088},"haava_rate":{"rate":0.34001028990717513,"effective_n":28.108516979299516,"observed":0.23450047739385504},"palo_rate":{"rate":0.39056315832509203,"effective_n":29.398031442421484,"observed":0.6145701106094167}},"teho_plus_proj":92},"translation":null,"pitching":null,"career_json":[{"year":2023,"kl_pct":0.2972972972972973,"teho_plus":21},{"year":2026,"kl_pct":0.53125,"teho_plus":20}],"pct_stats":["kl_pct","saatto_pct","eten_pct","kunnari_rate","lyoty_rate","palo_rate","tehot_per_turn"],"base_kl":{"player_id":17784,"turns_at_bat":33,"kl_base0":0.4375,"kl_base0_tries":16,"kl_base1":0.5454545454545454,"kl_base1_tries":11,"kl_base2":0.75,"kl_base2_tries":4,"kl_base3":1.0,"kl_base3_tries":1,"pct_kl_base0":null,"pct_kl_base1":null,"pct_kl_base2":null,"pct_kl_base3":null},"base_keys":["kl_base0","kl_base1","kl_base2","kl_base3"],"comps":[]}