{"player":{"id":17792,"name":"Martti  Kolkkinen","born_year":null},"career":[{"year":2024,"season_id":154,"team":"Manse PP","age":null,"games":16,"turns_at_bat":84,"vyk":-0.07,"spark_index":80,"adv_plus":78,"runner_plus":71,"out_avoid_plus":100,"money_kl_plus":97,"teho_plus":42,"teho_plus_adj":42}],"line":{"player_id":17792,"name":"Martti  Kolkkinen","born_year":null,"year":2024,"games":16,"team":"Manse PP","turns_at_bat":84,"kunnarit":0,"lyodyt":6,"tuodut":3,"karkilyonnit":35,"karki_yritykset":74,"saatot":70,"saatto_yritykset":147,"etenemiset":52,"eteneminen_yritykset":116,"haavat":39,"palot":25,"season_id":154,"tehot":9,"kl_pct":0.47297297297297297,"saatto_pct":0.47619047619047616,"eten_pct":0.4482758620689655,"kunnari_rate":0.0,"lyoty_rate":0.07142857142857142,"tuotu_rate":0.02586206896551724,"haava_rate":0.4642857142857143,"palo_rate":0.2976190476190476,"tehot_per_turn":0.10714285714285714,"kl_per_turn":0.4166666666666667,"hr_rbi_per_turn":0.07142857142857142,"kl_base0":0.3333333333333333,"kl_base0_tries":21,"kl_base1":0.47619047619047616,"kl_base1_tries":21,"kl_base2":0.5714285714285714,"kl_base2_tries":21,"kl_base3":0.5454545454545454,"kl_base3_tries":11,"adv1_pct":0.3333333333333333,"adv2_pct":0.47619047619047616,"adv3_pct":0.5714285714285714,"adv_home_pct":0.5454545454545454,"money_kl_pct":0.5454545454545454,"money_kl_tries":11,"pos":"2V","teho_plus":42,"adv_plus":78,"runner_plus":71,"out_avoid_plus":100,"adv1_plus":63,"adv2_plus":85,"adv3_plus":89,"adv_home_plus":97,"money_kl_plus":97,"spark_index":80,"run_value":3.334654052157835,"raa":-7.8,"jyk":-1.4,"vyk":-0.07,"teho_plus_adj":42,"pct_kl_pct":22,"pct_saatto_pct":11,"pct_eten_pct":6,"pct_kunnari_rate":24,"pct_lyoty_rate":48,"pct_palo_rate":45,"pct_tehot_per_turn":13},"proj":null,"translation":null,"pitching":null,"career_json":[{"year":2024,"kl_pct":0.47297297297297297,"teho_plus":42}],"pct_stats":["kl_pct","saatto_pct","eten_pct","kunnari_rate","lyoty_rate","palo_rate","tehot_per_turn"],"base_kl":{"player_id":17792,"turns_at_bat":84,"kl_base0":0.3333333333333333,"kl_base0_tries":21,"kl_base1":0.47619047619047616,"kl_base1_tries":21,"kl_base2":0.5714285714285714,"kl_base2_tries":21,"kl_base3":0.5454545454545454,"kl_base3_tries":11,"pct_kl_base0":18,"pct_kl_base1":39,"pct_kl_base2":36,"pct_kl_base3":47},"base_keys":["kl_base0","kl_base1","kl_base2","kl_base3"],"comps":[]}