{"player":{"id":1800,"name":"Timo Vesimäki","born_year":null},"career":[{"year":2005,"season_id":135,"team":"SMJ","age":null,"games":8,"turns_at_bat":39,"vyk":-0.06,"spark_index":76,"adv_plus":67,"runner_plus":62,"out_avoid_plus":122,"money_kl_plus":99,"teho_plus":56,"teho_plus_adj":52},{"year":2006,"season_id":136,"team":"SMJ","age":null,"games":15,"turns_at_bat":87,"vyk":0.5,"spark_index":96,"adv_plus":90,"runner_plus":92,"out_avoid_plus":115,"money_kl_plus":129,"teho_plus":106,"teho_plus_adj":106}],"line":{"player_id":1800,"name":"Timo Vesimäki","born_year":null,"year":2006,"games":15,"team":"SMJ","turns_at_bat":87,"kunnarit":3,"lyodyt":8,"tuodut":11,"karkilyonnit":45,"karki_yritykset":85,"saatot":82,"saatto_yritykset":148,"etenemiset":85,"eteneminen_yritykset":146,"haavat":43,"palot":18,"season_id":136,"tehot":22,"kl_pct":0.5294117647058824,"saatto_pct":0.5540540540540541,"eten_pct":0.5821917808219178,"kunnari_rate":0.034482758620689655,"lyoty_rate":0.09195402298850575,"tuotu_rate":0.07534246575342465,"haava_rate":0.4942528735632184,"palo_rate":0.20689655172413793,"tehot_per_turn":0.25287356321839083,"kl_per_turn":0.5172413793103449,"hr_rbi_per_turn":0.12643678160919541,"kl_base0":0.6086956521739131,"kl_base0_tries":23,"kl_base1":0.37037037037037035,"kl_base1_tries":27,"kl_base2":0.5263157894736842,"kl_base2_tries":19,"kl_base3":0.6875,"kl_base3_tries":16,"adv1_pct":0.6086956521739131,"adv2_pct":0.37037037037037035,"adv3_pct":0.5263157894736842,"adv_home_pct":0.6875,"money_kl_pct":0.6875,"money_kl_tries":16,"pos":"2K","teho_plus":106,"adv_plus":90,"runner_plus":92,"out_avoid_plus":115,"adv1_plus":108,"adv2_plus":68,"adv3_plus":85,"adv_home_plus":129,"money_kl_plus":129,"spark_index":96,"run_value":13.963157965113398,"raa":3.1,"jyk":9.3,"vyk":0.5,"teho_plus_adj":106,"pct_kl_pct":40,"pct_saatto_pct":27,"pct_eten_pct":32,"pct_kunnari_rate":93,"pct_lyoty_rate":58,"pct_palo_rate":85,"pct_tehot_per_turn":63},"proj":null,"translation":null,"pitching":null,"career_json":[{"year":2005,"kl_pct":0.4,"teho_plus":56},{"year":2006,"kl_pct":0.5294117647058824,"teho_plus":106}],"pct_stats":["kl_pct","saatto_pct","eten_pct","kunnari_rate","lyoty_rate","palo_rate","tehot_per_turn"],"base_kl":{"player_id":1800,"turns_at_bat":87,"kl_base0":0.6086956521739131,"kl_base0_tries":23,"kl_base1":0.37037037037037035,"kl_base1_tries":27,"kl_base2":0.5263157894736842,"kl_base2_tries":19,"kl_base3":0.6875,"kl_base3_tries":16,"pct_kl_base0":65,"pct_kl_base1":23,"pct_kl_base2":32,"pct_kl_base3":85},"base_keys":["kl_base0","kl_base1","kl_base2","kl_base3"],"comps":[]}