{"player":{"id":18021,"name":"Olivia Talja","born_year":null},"career":[{"year":2026,"season_id":178,"team":"Roihu","age":null,"games":10,"turns_at_bat":38,"vyk":-0.03,"spark_index":92,"adv_plus":95,"runner_plus":86,"out_avoid_plus":95,"money_kl_plus":58,"teho_plus":35,"teho_plus_adj":35}],"line":{"player_id":18021,"name":"Olivia Talja","born_year":null,"year":2026,"games":10,"team":"Roihu","turns_at_bat":38,"kunnarit":0,"lyodyt":2,"tuodut":2,"karkilyonnit":15,"karki_yritykset":28,"saatot":36,"saatto_yritykset":56,"etenemiset":34,"eteneminen_yritykset":60,"haavat":13,"palot":13,"season_id":178,"tehot":4,"kl_pct":0.5357142857142857,"saatto_pct":0.6428571428571429,"eten_pct":0.5666666666666667,"kunnari_rate":0.0,"lyoty_rate":0.05263157894736842,"tuotu_rate":0.03333333333333333,"haava_rate":0.34210526315789475,"palo_rate":0.34210526315789475,"tehot_per_turn":0.10526315789473684,"kl_per_turn":0.39473684210526316,"hr_rbi_per_turn":0.05263157894736842,"kl_base0":0.5714285714285714,"kl_base0_tries":7,"kl_base1":0.5,"kl_base1_tries":10,"kl_base2":0.8,"kl_base2_tries":5,"kl_base3":0.3333333333333333,"kl_base3_tries":6,"adv1_pct":0.5714285714285714,"adv2_pct":0.5,"adv3_pct":0.8,"adv_home_pct":0.3333333333333333,"money_kl_pct":0.3333333333333333,"money_kl_tries":6,"pos":"3V","teho_plus":35,"adv_plus":95,"runner_plus":86,"out_avoid_plus":95,"adv1_plus":102,"adv2_plus":84,"adv3_plus":116,"adv_home_plus":58,"money_kl_plus":58,"spark_index":92,"run_value":2.070777996530692,"raa":-3.8,"jyk":-0.6,"vyk":-0.03,"teho_plus_adj":35,"pct_kl_pct":null,"pct_saatto_pct":null,"pct_eten_pct":null,"pct_kunnari_rate":null,"pct_lyoty_rate":null,"pct_palo_rate":null,"pct_tehot_per_turn":null},"proj":{"player_id":18021,"name":"Olivia Talja","as_of":"2026-07-16","age":null,"stats":{"kl_pct":{"rate":0.5817929616713261,"effective_n":25.243494277457017,"observed":0.5272543430142033},"saatto_pct":{"rate":0.643769160623434,"effective_n":48.435744165443815,"observed":0.6300173298523749},"eten_pct":{"rate":0.6075764727789691,"effective_n":51.66566627990446,"observed":0.5581228927306576},"kunnari_rate":{"rate":0.008066741843281548,"effective_n":35.373507762207325,"observed":0.0},"lyoty_rate":{"rate":0.10802706482556884,"effective_n":34.159100270711,"observed":0.05208883785185095},"haava_rate":{"rate":0.3633733652171943,"effective_n":31.910019528162742,"observed":0.3436486256269869},"palo_rate":{"rate":0.3199641964314363,"effective_n":33.00573104655242,"observed":0.34836673275947344}},"teho_plus_proj":99},"translation":null,"pitching":null,"career_json":[{"year":2026,"kl_pct":0.5357142857142857,"teho_plus":35}],"pct_stats":["kl_pct","saatto_pct","eten_pct","kunnari_rate","lyoty_rate","palo_rate","tehot_per_turn"],"base_kl":{"player_id":18021,"turns_at_bat":38,"kl_base0":0.5714285714285714,"kl_base0_tries":7,"kl_base1":0.5,"kl_base1_tries":10,"kl_base2":0.8,"kl_base2_tries":5,"kl_base3":0.3333333333333333,"kl_base3_tries":6,"pct_kl_base0":null,"pct_kl_base1":null,"pct_kl_base2":null,"pct_kl_base3":null},"base_keys":["kl_base0","kl_base1","kl_base2","kl_base3"],"comps":[]}