{"player":{"id":18097,"name":"Enni Sipola","born_year":null},"career":[{"year":2025,"season_id":177,"team":"SiKi","age":null,"games":3,"turns_at_bat":12,"vyk":0.05,"spark_index":96,"adv_plus":87,"runner_plus":93,"out_avoid_plus":121,"money_kl_plus":136,"teho_plus":195,"teho_plus_adj":197},{"year":2026,"season_id":178,"team":"SiKi","age":null,"games":11,"turns_at_bat":64,"vyk":0.52,"spark_index":106,"adv_plus":107,"runner_plus":96,"out_avoid_plus":117,"money_kl_plus":138,"teho_plus":140,"teho_plus_adj":136}],"line":{"player_id":18097,"name":"Enni Sipola","born_year":null,"year":2026,"games":11,"team":"SiKi","turns_at_bat":64,"kunnarit":3,"lyodyt":16,"tuodut":8,"karkilyonnit":51,"karki_yritykset":73,"saatot":97,"saatto_yritykset":142,"etenemiset":75,"eteneminen_yritykset":118,"haavat":31,"palot":12,"season_id":178,"tehot":27,"kl_pct":0.6986301369863014,"saatto_pct":0.6830985915492958,"eten_pct":0.635593220338983,"kunnari_rate":0.046875,"lyoty_rate":0.25,"tuotu_rate":0.06779661016949153,"haava_rate":0.484375,"palo_rate":0.1875,"tehot_per_turn":0.421875,"kl_per_turn":0.796875,"hr_rbi_per_turn":0.296875,"kl_base0":0.5454545454545454,"kl_base0_tries":11,"kl_base1":0.7142857142857143,"kl_base1_tries":21,"kl_base2":0.6470588235294118,"kl_base2_tries":17,"kl_base3":0.7916666666666666,"kl_base3_tries":24,"adv1_pct":0.5454545454545454,"adv2_pct":0.7142857142857143,"adv3_pct":0.6470588235294118,"adv_home_pct":0.7916666666666666,"money_kl_pct":0.7916666666666666,"money_kl_tries":24,"pos":"3V","teho_plus":140,"adv_plus":107,"runner_plus":96,"out_avoid_plus":117,"adv1_plus":97,"adv2_plus":120,"adv3_plus":94,"adv_home_plus":138,"money_kl_plus":138,"spark_index":106,"run_value":16.368402842719302,"raa":6.4,"jyk":11.9,"vyk":0.52,"teho_plus_adj":136,"pct_kl_pct":81,"pct_saatto_pct":60,"pct_eten_pct":41,"pct_kunnari_rate":97,"pct_lyoty_rate":86,"pct_palo_rate":90,"pct_tehot_per_turn":81},"proj":{"player_id":18097,"name":"Enni Sipola","as_of":"2026-07-17","age":null,"stats":{"kl_pct":{"rate":0.6483700705862153,"effective_n":70.77216884122569,"observed":0.685360334835358},"saatto_pct":{"rate":0.6716449360904975,"effective_n":131.31696008384475,"observed":0.6750637698905061},"eten_pct":{"rate":0.639994605605653,"effective_n":107.47427136423948,"observed":0.6313027995582083},"kunnari_rate":{"rate":0.022609909909146863,"effective_n":65.78312757516156,"observed":0.044801484960467465},"lyoty_rate":{"rate":0.1901239420924731,"effective_n":62.242878113503764,"observed":0.26494295461787526},"haava_rate":{"rate":0.4094036604598597,"effective_n":56.906903937666065,"observed":0.47923020915257464},"palo_rate":{"rate":0.2571046977353627,"effective_n":59.34568041864583,"observed":0.18816432344457765}},"teho_plus_proj":134},"translation":{"wrc_plus":122,"tier":"solid starter","rows":[{"pesis_label":"Kärkilyönti-% (advance the lead runner)","pesis_value":0.6986301369863014,"percentile":81,"mlb_stat":"AVG","mlb_value":"0.416"},{"pesis_label":"Kärkilyönnit per turn (base hits)","pesis_value":0.796875,"percentile":93,"mlb_stat":"H / 600 PA","mlb_value":"182"},{"pesis_label":"Lyödyt per turn (runs batted home)","pesis_value":0.25,"percentile":86,"mlb_stat":"RBI / 600 PA","mlb_value":"94"},{"pesis_label":"Tuodut per advance (runs scored)","pesis_value":0.06779661016949153,"percentile":46,"mlb_stat":"R / 600 PA","mlb_value":"74"},{"pesis_label":"Palot per turn (burned outs)","pesis_value":0.1875,"percentile":90,"mlb_stat":"K%","mlb_value":"15.2%"}]},"pitching":null,"career_json":[{"year":2025,"kl_pct":0.5384615384615384,"teho_plus":195},{"year":2026,"kl_pct":0.6986301369863014,"teho_plus":140}],"pct_stats":["kl_pct","saatto_pct","eten_pct","kunnari_rate","lyoty_rate","palo_rate","tehot_per_turn"],"base_kl":{"player_id":18097,"turns_at_bat":64,"kl_base0":0.5454545454545454,"kl_base0_tries":11,"kl_base1":0.7142857142857143,"kl_base1_tries":21,"kl_base2":0.6470588235294118,"kl_base2_tries":17,"kl_base3":0.7916666666666666,"kl_base3_tries":24,"pct_kl_base0":49,"pct_kl_base1":78,"pct_kl_base2":42,"pct_kl_base3":92},"base_keys":["kl_base0","kl_base1","kl_base2","kl_base3"],"comps":[]}