{"player":{"id":18295,"name":"Leevi  Rajaniemi","born_year":null},"career":[{"year":2025,"season_id":155,"team":"SiKi","age":null,"games":3,"turns_at_bat":7,"vyk":-0.03,"spark_index":75,"adv_plus":84,"runner_plus":54,"out_avoid_plus":82,"money_kl_plus":180,"teho_plus":61,"teho_plus_adj":56},{"year":2026,"season_id":156,"team":"SiKi","age":null,"games":17,"turns_at_bat":133,"vyk":-0.43,"spark_index":77,"adv_plus":73,"runner_plus":82,"out_avoid_plus":79,"money_kl_plus":92,"teho_plus":51,"teho_plus_adj":49}],"line":{"player_id":18295,"name":"Leevi  Rajaniemi","born_year":null,"year":2026,"games":17,"team":"SiKi","turns_at_bat":133,"kunnarit":0,"lyodyt":3,"tuodut":13,"karkilyonnit":50,"karki_yritykset":114,"saatot":66,"saatto_yritykset":152,"etenemiset":118,"eteneminen_yritykset":233,"haavat":55,"palot":60,"season_id":156,"tehot":16,"kl_pct":0.43859649122807015,"saatto_pct":0.4342105263157895,"eten_pct":0.5064377682403434,"kunnari_rate":0.0,"lyoty_rate":0.022556390977443608,"tuotu_rate":0.055793991416309016,"haava_rate":0.41353383458646614,"palo_rate":0.45112781954887216,"tehot_per_turn":0.12030075187969924,"kl_per_turn":0.37593984962406013,"hr_rbi_per_turn":0.022556390977443608,"kl_base0":0.5194805194805194,"kl_base0_tries":77,"kl_base1":0.19047619047619047,"kl_base1_tries":21,"kl_base2":0.3,"kl_base2_tries":10,"kl_base3":0.5,"kl_base3_tries":6,"adv1_pct":0.5194805194805194,"adv2_pct":0.19047619047619047,"adv3_pct":0.3,"adv_home_pct":0.5,"money_kl_pct":0.5,"money_kl_tries":6,"pos":"3P","teho_plus":51,"adv_plus":73,"runner_plus":82,"out_avoid_plus":79,"adv1_plus":102,"adv2_plus":36,"adv3_plus":48,"adv_home_plus":92,"money_kl_plus":92,"spark_index":77,"run_value":-1.3444897771830395,"raa":-17.4,"jyk":-7.6,"vyk":-0.43,"teho_plus_adj":49,"pct_kl_pct":18,"pct_saatto_pct":7,"pct_eten_pct":14,"pct_kunnari_rate":28,"pct_lyoty_rate":21,"pct_palo_rate":9,"pct_tehot_per_turn":23},"proj":{"player_id":18295,"name":"Leevi  Rajaniemi","as_of":"2026-07-16","age":null,"stats":{"kl_pct":{"rate":0.4779668263597615,"effective_n":104.56873787192374,"observed":0.4371569807467411},"saatto_pct":{"rate":0.4738591360148932,"effective_n":135.4584276316999,"observed":0.4303450093423614},"eten_pct":{"rate":0.5276477380403147,"effective_n":206.458834822453,"observed":0.5054762527350447},"kunnari_rate":{"rate":0.004449889161735274,"effective_n":127.65644481769073,"observed":0.0},"lyoty_rate":{"rate":0.05581606161245469,"effective_n":122.67573222232163,"observed":0.024444097670045208},"haava_rate":{"rate":0.41495873246951176,"effective_n":114.15441557951806,"observed":0.4110014886952376},"palo_rate":{"rate":0.3926436870488568,"effective_n":118.21643787774207,"observed":0.45205827659100095}},"teho_plus_proj":94},"translation":{"wrc_plus":82,"tier":"bench bat","rows":[{"pesis_label":"Kärkilyönti-% (advance the lead runner)","pesis_value":0.43859649122807015,"percentile":18,"mlb_stat":"AVG","mlb_value":"0.156"},{"pesis_label":"Kärkilyönnit per turn (base hits)","pesis_value":0.37593984962406013,"percentile":16,"mlb_stat":"H / 600 PA","mlb_value":"128"},{"pesis_label":"Lyödyt per turn (runs batted home)","pesis_value":0.022556390977443608,"percentile":21,"mlb_stat":"RBI / 600 PA","mlb_value":"56"},{"pesis_label":"Tuodut per advance (runs scored)","pesis_value":0.055793991416309016,"percentile":50,"mlb_stat":"R / 600 PA","mlb_value":"76"},{"pesis_label":"Palot per turn (burned outs)","pesis_value":0.45112781954887216,"percentile":9,"mlb_stat":"K%","mlb_value":"29.6%"}]},"pitching":null,"career_json":[{"year":2025,"kl_pct":0.5,"teho_plus":61},{"year":2026,"kl_pct":0.43859649122807015,"teho_plus":51}],"pct_stats":["kl_pct","saatto_pct","eten_pct","kunnari_rate","lyoty_rate","palo_rate","tehot_per_turn"],"base_kl":{"player_id":18295,"turns_at_bat":133,"kl_base0":0.5194805194805194,"kl_base0_tries":77,"kl_base1":0.19047619047619047,"kl_base1_tries":21,"kl_base2":0.3,"kl_base2_tries":10,"kl_base3":0.5,"kl_base3_tries":6,"pct_kl_base0":55,"pct_kl_base1":4,"pct_kl_base2":8,"pct_kl_base3":44},"base_keys":["kl_base0","kl_base1","kl_base2","kl_base3"],"comps":[]}