{"player":{"id":18296,"name":"Topi Rajaniemi","born_year":null},"career":[{"year":2025,"season_id":155,"team":"SiKi","age":null,"games":2,"turns_at_bat":2,"vyk":-0.02,"spark_index":58,"adv_plus":84,"runner_plus":54,"out_avoid_plus":0,"money_kl_plus":null,"teho_plus":0,"teho_plus_adj":0},{"year":2026,"season_id":156,"team":"SiKi","age":null,"games":17,"turns_at_bat":105,"vyk":-0.23,"spark_index":71,"adv_plus":57,"runner_plus":61,"out_avoid_plus":122,"money_kl_plus":74,"teho_plus":16,"teho_plus_adj":15}],"line":{"player_id":18296,"name":"Topi Rajaniemi","born_year":null,"year":2026,"games":17,"team":"SiKi","turns_at_bat":105,"kunnarit":0,"lyodyt":2,"tuodut":2,"karkilyonnit":27,"karki_yritykset":94,"saatot":55,"saatto_yritykset":149,"etenemiset":58,"eteneminen_yritykset":153,"haavat":79,"palot":16,"season_id":156,"tehot":4,"kl_pct":0.2872340425531915,"saatto_pct":0.3691275167785235,"eten_pct":0.3790849673202614,"kunnari_rate":0.0,"lyoty_rate":0.01904761904761905,"tuotu_rate":0.013071895424836602,"haava_rate":0.7523809523809524,"palo_rate":0.1523809523809524,"tehot_per_turn":0.0380952380952381,"kl_per_turn":0.2571428571428571,"hr_rbi_per_turn":0.01904761904761905,"kl_base0":0.26,"kl_base0_tries":50,"kl_base1":0.28,"kl_base1_tries":25,"kl_base2":0.35714285714285715,"kl_base2_tries":14,"kl_base3":0.4,"kl_base3_tries":5,"adv1_pct":0.26,"adv2_pct":0.28,"adv3_pct":0.35714285714285715,"adv_home_pct":0.4,"money_kl_pct":0.4,"money_kl_tries":5,"pos":"3V","teho_plus":16,"adv_plus":57,"runner_plus":61,"out_avoid_plus":122,"adv1_plus":51,"adv2_plus":52,"adv3_plus":57,"adv_home_plus":74,"money_kl_plus":74,"spark_index":71,"run_value":1.2318468427830163,"raa":-11.7,"jyk":-4.0,"vyk":-0.23,"teho_plus_adj":15,"pct_kl_pct":2,"pct_saatto_pct":2,"pct_eten_pct":2,"pct_kunnari_rate":28,"pct_lyoty_rate":17,"pct_palo_rate":97,"pct_tehot_per_turn":3},"proj":{"player_id":18296,"name":"Topi Rajaniemi","as_of":"2026-07-16","age":null,"stats":{"kl_pct":{"rate":0.39966244853806915,"effective_n":85.41557977354731,"observed":0.29465355881077326},"saatto_pct":{"rate":0.4364739100874291,"effective_n":130.09842922908868,"observed":0.37962881592704634},"eten_pct":{"rate":0.4477075994161146,"effective_n":135.84559839276983,"observed":0.3845452102094006},"kunnari_rate":{"rate":0.005062471767343887,"effective_n":98.93439110226217,"observed":0.0},"lyoty_rate":{"rate":0.058091093021570374,"effective_n":95.40591931876597,"observed":0.019463355697889952},"haava_rate":{"rate":0.573121278560424,"effective_n":89.04803109112204,"observed":0.7457393377327276},"palo_rate":{"rate":0.22821238253842724,"effective_n":92.12440971759366,"observed":0.16183482176068287}},"teho_plus_proj":84},"translation":{"wrc_plus":53,"tier":"replacement level","rows":[{"pesis_label":"Kärkilyönti-% (advance the lead runner)","pesis_value":0.2872340425531915,"percentile":2,"mlb_stat":"AVG","mlb_value":"0.004"},{"pesis_label":"Kärkilyönnit per turn (base hits)","pesis_value":0.2571428571428571,"percentile":3,"mlb_stat":"H / 600 PA","mlb_value":"109"},{"pesis_label":"Lyödyt per turn (runs batted home)","pesis_value":0.01904761904761905,"percentile":17,"mlb_stat":"RBI / 600 PA","mlb_value":"53"},{"pesis_label":"Tuodut per advance (runs scored)","pesis_value":0.013071895424836602,"percentile":9,"mlb_stat":"R / 600 PA","mlb_value":"52"},{"pesis_label":"Palot per turn (burned outs)","pesis_value":0.1523809523809524,"percentile":97,"mlb_stat":"K%","mlb_value":"11.9%"}]},"pitching":null,"career_json":[{"year":2025,"kl_pct":0.5,"teho_plus":0},{"year":2026,"kl_pct":0.2872340425531915,"teho_plus":16}],"pct_stats":["kl_pct","saatto_pct","eten_pct","kunnari_rate","lyoty_rate","palo_rate","tehot_per_turn"],"base_kl":{"player_id":18296,"turns_at_bat":105,"kl_base0":0.26,"kl_base0_tries":50,"kl_base1":0.28,"kl_base1_tries":25,"kl_base2":0.35714285714285715,"kl_base2_tries":14,"kl_base3":0.4,"kl_base3_tries":5,"pct_kl_base0":10,"pct_kl_base1":12,"pct_kl_base2":11,"pct_kl_base3":27},"base_keys":["kl_base0","kl_base1","kl_base2","kl_base3"],"comps":[]}