{"player":{"id":18349,"name":"Valtti Hirvonen","born_year":null},"career":[{"year":2024,"season_id":154,"team":"JoMa Akatemia","age":null,"games":1,"turns_at_bat":7,"vyk":-0.05,"spark_index":34,"adv_plus":0,"runner_plus":45,"out_avoid_plus":102,"money_kl_plus":0,"teho_plus":56,"teho_plus_adj":56},{"year":2026,"season_id":156,"team":"JoMa","age":null,"games":10,"turns_at_bat":67,"vyk":-0.06,"spark_index":90,"adv_plus":92,"runner_plus":86,"out_avoid_plus":90,"money_kl_plus":0,"teho_plus":19,"teho_plus_adj":19}],"line":{"player_id":18349,"name":"Valtti Hirvonen","born_year":null,"year":2026,"games":10,"team":"JoMa","turns_at_bat":67,"kunnarit":0,"lyodyt":0,"tuodut":3,"karkilyonnit":30,"karki_yritykset":59,"saatot":43,"saatto_yritykset":74,"etenemiset":61,"eteneminen_yritykset":115,"haavat":29,"palot":25,"season_id":156,"tehot":3,"kl_pct":0.5084745762711864,"saatto_pct":0.581081081081081,"eten_pct":0.5304347826086957,"kunnari_rate":0.0,"lyoty_rate":0.0,"tuotu_rate":0.02608695652173913,"haava_rate":0.43283582089552236,"palo_rate":0.373134328358209,"tehot_per_turn":0.04477611940298507,"kl_per_turn":0.44776119402985076,"hr_rbi_per_turn":0.0,"kl_base0":0.5952380952380952,"kl_base0_tries":42,"kl_base1":0.4444444444444444,"kl_base1_tries":9,"kl_base2":0.16666666666666666,"kl_base2_tries":6,"kl_base3":0.0,"kl_base3_tries":2,"adv1_pct":0.5952380952380952,"adv2_pct":0.4444444444444444,"adv3_pct":0.16666666666666666,"adv_home_pct":0.0,"money_kl_pct":0.0,"money_kl_tries":2,"pos":"L","teho_plus":19,"adv_plus":92,"runner_plus":86,"out_avoid_plus":90,"adv1_plus":116,"adv2_plus":83,"adv3_plus":27,"adv_home_plus":0,"money_kl_plus":0,"spark_index":90,"run_value":2.1622819850443267,"raa":-5.9,"jyk":-1.0,"vyk":-0.06,"teho_plus_adj":19,"pct_kl_pct":37,"pct_saatto_pct":36,"pct_eten_pct":20,"pct_kunnari_rate":28,"pct_lyoty_rate":4,"pct_palo_rate":21,"pct_tehot_per_turn":5},"proj":{"player_id":18349,"name":"Valtti Hirvonen","as_of":"2026-07-23","age":null,"stats":{"kl_pct":{"rate":0.5258806214005106,"effective_n":54.709191348392,"observed":0.5004259160441756},"saatto_pct":{"rate":0.5931101022348286,"effective_n":66.19772003026728,"observed":0.5761258839034981},"eten_pct":{"rate":0.557313231156656,"effective_n":101.80342702135091,"observed":0.5269191230492424},"kunnari_rate":{"rate":0.0059706119350531545,"effective_n":64.57802007832564,"observed":0.0},"lyoty_rate":{"rate":0.058627914977231424,"effective_n":61.807253082639534,"observed":0.0},"haava_rate":{"rate":0.42681308484035557,"effective_n":57.580571740085716,"observed":0.43955520192176073},"palo_rate":{"rate":0.33289215644584125,"effective_n":59.550711830068025,"observed":0.37056859416503435}},"teho_plus_proj":99},"translation":{"wrc_plus":59,"tier":"replacement level","rows":[{"pesis_label":"Kärkilyönti-% (advance the lead runner)","pesis_value":0.5084745762711864,"percentile":37,"mlb_stat":"AVG","mlb_value":"0.225"},{"pesis_label":"Kärkilyönnit per turn (base hits)","pesis_value":0.44776119402985076,"percentile":32,"mlb_stat":"H / 600 PA","mlb_value":"140"},{"pesis_label":"Lyödyt per turn (runs batted home)","pesis_value":0.0,"percentile":4,"mlb_stat":"RBI / 600 PA","mlb_value":"37"},{"pesis_label":"Tuodut per advance (runs scored)","pesis_value":0.02608695652173913,"percentile":17,"mlb_stat":"R / 600 PA","mlb_value":"59"},{"pesis_label":"Palot per turn (burned outs)","pesis_value":0.373134328358209,"percentile":21,"mlb_stat":"K%","mlb_value":"26.6%"}]},"pitching":{"era":"4.64","tier":"swingman","games":3,"rows":[{"pesis":"Päästetyt juoksut / ottelu (LRA)","arvo":"12.33","pctile":24,"mlb":"ERA","kaannos":"4.64"},{"pesis":"LRA- (sarjaindeksi, 100 = ka.)","arvo":"145","pctile":null,"mlb":"ERA-","kaannos":"145"},{"pesis":"Estetyt juoksut (kausi)","arvo":"-11.4","pctile":null,"mlb":"Runs saved","kaannos":"-11.4"}]},"career_json":[{"year":2024,"kl_pct":0.0,"teho_plus":56},{"year":2026,"kl_pct":0.5084745762711864,"teho_plus":19}],"pct_stats":["kl_pct","saatto_pct","eten_pct","kunnari_rate","lyoty_rate","palo_rate","tehot_per_turn"],"base_kl":{"player_id":18349,"turns_at_bat":67,"kl_base0":0.5952380952380952,"kl_base0_tries":42,"kl_base1":0.4444444444444444,"kl_base1_tries":9,"kl_base2":0.16666666666666666,"kl_base2_tries":6,"kl_base3":0.0,"kl_base3_tries":2,"pct_kl_base0":71,"pct_kl_base1":34,"pct_kl_base2":4,"pct_kl_base3":3},"base_keys":["kl_base0","kl_base1","kl_base2","kl_base3"],"comps":[]}