{"player":{"id":18351,"name":"Daniel  Virkkala","born_year":null},"career":[{"year":2024,"season_id":154,"team":"JoMa Akatemia","age":null,"games":1,"turns_at_bat":6,"vyk":-0.08,"spark_index":9,"adv_plus":0,"runner_plus":0,"out_avoid_plus":47,"money_kl_plus":null,"teho_plus":0,"teho_plus_adj":0},{"year":2026,"season_id":156,"team":"JoMa","age":null,"games":13,"turns_at_bat":95,"vyk":0.46,"spark_index":104,"adv_plus":106,"runner_plus":101,"out_avoid_plus":103,"money_kl_plus":0,"teho_plus":72,"teho_plus_adj":72}],"line":{"player_id":18351,"name":"Daniel  Virkkala","born_year":null,"year":2026,"games":13,"team":"JoMa","turns_at_bat":95,"kunnarit":0,"lyodyt":0,"tuodut":16,"karkilyonnit":57,"karki_yritykset":96,"saatot":114,"saatto_yritykset":175,"etenemiset":115,"eteneminen_yritykset":183,"haavat":41,"palot":27,"season_id":156,"tehot":16,"kl_pct":0.59375,"saatto_pct":0.6514285714285715,"eten_pct":0.6284153005464481,"kunnari_rate":0.0,"lyoty_rate":0.0,"tuotu_rate":0.08743169398907104,"haava_rate":0.43157894736842106,"palo_rate":0.28421052631578947,"tehot_per_turn":0.16842105263157894,"kl_per_turn":0.6,"hr_rbi_per_turn":0.0,"kl_base0":0.5384615384615384,"kl_base0_tries":26,"kl_base1":0.6444444444444445,"kl_base1_tries":45,"kl_base2":0.6363636363636364,"kl_base2_tries":22,"kl_base3":0.0,"kl_base3_tries":3,"adv1_pct":0.5384615384615384,"adv2_pct":0.6444444444444445,"adv3_pct":0.6363636363636364,"adv_home_pct":0.0,"money_kl_pct":0.0,"money_kl_tries":3,"pos":"2P","teho_plus":72,"adv_plus":106,"runner_plus":101,"out_avoid_plus":103,"adv1_plus":105,"adv2_plus":121,"adv3_plus":102,"adv_home_plus":0,"money_kl_plus":0,"spark_index":104,"run_value":12.630369677787158,"raa":1.1,"jyk":8.1,"vyk":0.46,"teho_plus_adj":72,"pct_kl_pct":65,"pct_saatto_pct":62,"pct_eten_pct":55,"pct_kunnari_rate":28,"pct_lyoty_rate":4,"pct_palo_rate":54,"pct_tehot_per_turn":36},"proj":{"player_id":18351,"name":"Daniel  Virkkala","as_of":"2026-07-23","age":null,"stats":{"kl_pct":{"rate":0.5750161875530311,"effective_n":87.66746492365455,"observed":0.5927596870878837},"saatto_pct":{"rate":0.6454642215656574,"effective_n":154.45774643412562,"observed":0.6517432737051138},"eten_pct":{"rate":0.6270492558550765,"effective_n":160.90615500477716,"observed":0.6294890436202943},"kunnari_rate":{"rate":0.005246536787577565,"effective_n":90.05165392864198,"observed":0.0},"lyoty_rate":{"rate":0.04993449722856336,"effective_n":86.49538972684525,"observed":0.0},"haava_rate":{"rate":0.4234719113845572,"effective_n":80.68084026997191,"observed":0.428424525162618},"palo_rate":{"rate":0.2950122192853061,"effective_n":83.44123235074944,"observed":0.2855835919115328}},"teho_plus_proj":104},"translation":{"wrc_plus":91,"tier":"league-average regular","rows":[{"pesis_label":"Kärkilyönti-% (advance the lead runner)","pesis_value":0.59375,"percentile":65,"mlb_stat":"AVG","mlb_value":"0.311"},{"pesis_label":"Kärkilyönnit per turn (base hits)","pesis_value":0.6,"percentile":73,"mlb_stat":"H / 600 PA","mlb_value":"163"},{"pesis_label":"Lyödyt per turn (runs batted home)","pesis_value":0.0,"percentile":4,"mlb_stat":"RBI / 600 PA","mlb_value":"37"},{"pesis_label":"Tuodut per advance (runs scored)","pesis_value":0.08743169398907104,"percentile":79,"mlb_stat":"R / 600 PA","mlb_value":"91"},{"pesis_label":"Palot per turn (burned outs)","pesis_value":0.28421052631578947,"percentile":54,"mlb_stat":"K%","mlb_value":"21.6%"}]},"pitching":null,"career_json":[{"year":2024,"kl_pct":0.0,"teho_plus":0},{"year":2026,"kl_pct":0.59375,"teho_plus":72}],"pct_stats":["kl_pct","saatto_pct","eten_pct","kunnari_rate","lyoty_rate","palo_rate","tehot_per_turn"],"base_kl":{"player_id":18351,"turns_at_bat":95,"kl_base0":0.5384615384615384,"kl_base0_tries":26,"kl_base1":0.6444444444444445,"kl_base1_tries":45,"kl_base2":0.6363636363636364,"kl_base2_tries":22,"kl_base3":0.0,"kl_base3_tries":3,"pct_kl_base0":60,"pct_kl_base1":75,"pct_kl_base2":54,"pct_kl_base3":3},"base_keys":["kl_base0","kl_base1","kl_base2","kl_base3"],"comps":[]}