{"player":{"id":18368,"name":"Veeti  Laakkonen","born_year":null},"career":[{"year":2024,"season_id":154,"team":"JoMa Akatemia","age":null,"games":1,"turns_at_bat":6,"vyk":-0.05,"spark_index":41,"adv_plus":39,"runner_plus":40,"out_avoid_plus":47,"money_kl_plus":null,"teho_plus":0,"teho_plus_adj":0},{"year":2026,"season_id":156,"team":"JoMa","age":null,"games":8,"turns_at_bat":46,"vyk":0.1,"spark_index":84,"adv_plus":71,"runner_plus":85,"out_avoid_plus":113,"money_kl_plus":74,"teho_plus":84,"teho_plus_adj":84}],"line":{"player_id":18368,"name":"Veeti  Laakkonen","born_year":null,"year":2026,"games":8,"team":"JoMa","turns_at_bat":46,"kunnarit":0,"lyodyt":8,"tuodut":1,"karkilyonnit":19,"karki_yritykset":50,"saatot":51,"saatto_yritykset":115,"etenemiset":36,"eteneminen_yritykset":68,"haavat":22,"palot":10,"season_id":156,"tehot":9,"kl_pct":0.38,"saatto_pct":0.4434782608695652,"eten_pct":0.5294117647058824,"kunnari_rate":0.0,"lyoty_rate":0.17391304347826086,"tuotu_rate":0.014705882352941176,"haava_rate":0.4782608695652174,"palo_rate":0.21739130434782608,"tehot_per_turn":0.1956521739130435,"kl_per_turn":0.41304347826086957,"hr_rbi_per_turn":0.17391304347826086,"kl_base0":0.2222222222222222,"kl_base0_tries":9,"kl_base1":0.125,"kl_base1_tries":8,"kl_base2":0.6153846153846154,"kl_base2_tries":13,"kl_base3":0.4,"kl_base3_tries":20,"adv1_pct":0.2222222222222222,"adv2_pct":0.125,"adv3_pct":0.6153846153846154,"adv_home_pct":0.4,"money_kl_pct":0.4,"money_kl_tries":20,"pos":"2K","teho_plus":84,"adv_plus":71,"runner_plus":85,"out_avoid_plus":113,"adv1_plus":44,"adv2_plus":23,"adv3_plus":98,"adv_home_plus":74,"money_kl_plus":74,"spark_index":84,"run_value":3.957947742571149,"raa":-1.7,"jyk":1.7,"vyk":0.1,"teho_plus_adj":84,"pct_kl_pct":8,"pct_saatto_pct":7,"pct_eten_pct":20,"pct_kunnari_rate":28,"pct_lyoty_rate":81,"pct_palo_rate":78,"pct_tehot_per_turn":46},"proj":{"player_id":18368,"name":"Veeti  Laakkonen","as_of":"2026-06-25","age":null,"stats":{"kl_pct":{"rate":0.4715618061338275,"effective_n":47.69367382087962,"observed":0.3739506688754119},"saatto_pct":{"rate":0.49006629657071454,"effective_n":104.96308024349197,"observed":0.44003192269247976},"eten_pct":{"rate":0.566201290105601,"effective_n":62.224457930357545,"observed":0.5235227660724787},"kunnari_rate":{"rate":0.006702933233131992,"effective_n":45.35285901064286,"observed":0.0},"lyoty_rate":{"rate":0.1268738570909386,"effective_n":43.58552255521481,"observed":0.16856903999663228},"haava_rate":{"rate":0.43820188944905114,"effective_n":41.07748201877841,"observed":0.48395346175983706},"palo_rate":{"rate":0.275445583571752,"effective_n":42.22356230339689,"observed":0.22011303001576124}},"teho_plus_proj":130},"translation":{"wrc_plus":97,"tier":"league-average regular","rows":[{"pesis_label":"Kärkilyönti-% (advance the lead runner)","pesis_value":0.38,"percentile":8,"mlb_stat":"AVG","mlb_value":"0.097"},{"pesis_label":"Kärkilyönnit per turn (base hits)","pesis_value":0.41304347826086957,"percentile":24,"mlb_stat":"H / 600 PA","mlb_value":"134"},{"pesis_label":"Lyödyt per turn (runs batted home)","pesis_value":0.17391304347826086,"percentile":81,"mlb_stat":"RBI / 600 PA","mlb_value":"90"},{"pesis_label":"Tuodut per advance (runs scored)","pesis_value":0.014705882352941176,"percentile":10,"mlb_stat":"R / 600 PA","mlb_value":"53"},{"pesis_label":"Palot per turn (burned outs)","pesis_value":0.21739130434782608,"percentile":78,"mlb_stat":"K%","mlb_value":"18.0%"}]},"pitching":null,"career_json":[{"year":2024,"kl_pct":0.2222222222222222,"teho_plus":0},{"year":2026,"kl_pct":0.38,"teho_plus":84}],"pct_stats":["kl_pct","saatto_pct","eten_pct","kunnari_rate","lyoty_rate","palo_rate","tehot_per_turn"],"base_kl":{"player_id":18368,"turns_at_bat":46,"kl_base0":0.2222222222222222,"kl_base0_tries":9,"kl_base1":0.125,"kl_base1_tries":8,"kl_base2":0.6153846153846154,"kl_base2_tries":13,"kl_base3":0.4,"kl_base3_tries":20,"pct_kl_base0":7,"pct_kl_base1":2,"pct_kl_base2":49,"pct_kl_base3":27},"base_keys":["kl_base0","kl_base1","kl_base2","kl_base3"],"comps":[]}