{"player":{"id":18385,"name":"Matilda Rusila","born_year":null},"career":[{"year":2026,"season_id":178,"team":"Roihu","age":null,"games":7,"turns_at_bat":39,"vyk":-0.14,"spark_index":72,"adv_plus":62,"runner_plus":81,"out_avoid_plus":82,"money_kl_plus":null,"teho_plus":43,"teho_plus_adj":42}],"line":{"player_id":18385,"name":"Matilda Rusila","born_year":null,"year":2026,"games":7,"team":"Roihu","turns_at_bat":39,"kunnarit":0,"lyodyt":0,"tuodut":5,"karkilyonnit":13,"karki_yritykset":31,"saatot":19,"saatto_yritykset":49,"etenemiset":35,"eteneminen_yritykset":66,"haavat":14,"palot":17,"season_id":178,"tehot":5,"kl_pct":0.41935483870967744,"saatto_pct":0.3877551020408163,"eten_pct":0.5303030303030303,"kunnari_rate":0.0,"lyoty_rate":0.0,"tuotu_rate":0.07575757575757576,"haava_rate":0.358974358974359,"palo_rate":0.4358974358974359,"tehot_per_turn":0.1282051282051282,"kl_per_turn":0.3333333333333333,"hr_rbi_per_turn":0.0,"kl_base0":0.5555555555555556,"kl_base0_tries":18,"kl_base1":0.1111111111111111,"kl_base1_tries":9,"kl_base2":0.5,"kl_base2_tries":4,"kl_base3":null,"kl_base3_tries":0,"adv1_pct":0.5555555555555556,"adv2_pct":0.1111111111111111,"adv3_pct":0.5,"adv_home_pct":null,"money_kl_pct":null,"money_kl_tries":0,"pos":"S","teho_plus":43,"adv_plus":62,"runner_plus":81,"out_avoid_plus":82,"adv1_plus":99,"adv2_plus":19,"adv3_plus":72,"adv_home_plus":null,"money_kl_plus":null,"spark_index":72,"run_value":-0.4216579789345445,"raa":-6.5,"jyk":-3.1,"vyk":-0.14,"teho_plus_adj":42,"pct_kl_pct":null,"pct_saatto_pct":null,"pct_eten_pct":null,"pct_kunnari_rate":null,"pct_lyoty_rate":null,"pct_palo_rate":null,"pct_tehot_per_turn":null},"proj":{"player_id":18385,"name":"Matilda Rusila","as_of":"2026-07-09","age":null,"stats":{"kl_pct":{"rate":0.54639104560912,"effective_n":28.067432879055758,"observed":0.4216607118165973},"saatto_pct":{"rate":0.5186072466268242,"effective_n":42.74764649431238,"observed":0.38590855600644997},"eten_pct":{"rate":0.5872097617067005,"effective_n":56.24205546435337,"observed":0.5236738954010874},"kunnari_rate":{"rate":0.008024520917581981,"effective_n":36.19100370922843,"observed":0.0},"lyoty_rate":{"rate":0.0918518961965488,"effective_n":34.89109236922909,"observed":0.0},"haava_rate":{"rate":0.37150556413540553,"effective_n":32.48276524821496,"observed":0.3771640437908522},"palo_rate":{"rate":0.3420890911455711,"effective_n":33.65612966616771,"observed":0.4225332206122914}},"teho_plus_proj":92},"translation":null,"pitching":null,"career_json":[{"year":2026,"kl_pct":0.41935483870967744,"teho_plus":43}],"pct_stats":["kl_pct","saatto_pct","eten_pct","kunnari_rate","lyoty_rate","palo_rate","tehot_per_turn"],"base_kl":{"player_id":18385,"turns_at_bat":39,"kl_base0":0.5555555555555556,"kl_base0_tries":18,"kl_base1":0.1111111111111111,"kl_base1_tries":9,"kl_base2":0.5,"kl_base2_tries":4,"kl_base3":null,"kl_base3_tries":0,"pct_kl_base0":null,"pct_kl_base1":null,"pct_kl_base2":null,"pct_kl_base3":null},"base_keys":["kl_base0","kl_base1","kl_base2","kl_base3"],"comps":[]}