{"player":{"id":18433,"name":"Eelis Tuominiemi","born_year":null},"career":[{"year":2026,"season_id":156,"team":"SMJ","age":null,"games":2,"turns_at_bat":10,"vyk":0.07,"spark_index":113,"adv_plus":126,"runner_plus":119,"out_avoid_plus":72,"money_kl_plus":123,"teho_plus":171,"teho_plus_adj":170}],"line":{"player_id":18433,"name":"Eelis Tuominiemi","born_year":null,"year":2026,"games":2,"team":"SMJ","turns_at_bat":10,"kunnarit":0,"lyodyt":4,"tuodut":0,"karkilyonnit":5,"karki_yritykset":9,"saatot":22,"saatto_yritykset":27,"etenemiset":17,"eteneminen_yritykset":23,"haavat":1,"palot":5,"season_id":156,"tehot":4,"kl_pct":0.5555555555555556,"saatto_pct":0.8148148148148148,"eten_pct":0.7391304347826086,"kunnari_rate":0.0,"lyoty_rate":0.4,"tuotu_rate":0.0,"haava_rate":0.1,"palo_rate":0.5,"tehot_per_turn":0.4,"kl_per_turn":0.5,"hr_rbi_per_turn":0.4,"kl_base0":null,"kl_base0_tries":0,"kl_base1":0.0,"kl_base1_tries":1,"kl_base2":0.5,"kl_base2_tries":2,"kl_base3":0.6666666666666666,"kl_base3_tries":6,"adv1_pct":null,"adv2_pct":0.0,"adv3_pct":0.5,"adv_home_pct":0.6666666666666666,"money_kl_pct":0.6666666666666666,"money_kl_tries":6,"pos":null,"teho_plus":171,"adv_plus":126,"runner_plus":119,"out_avoid_plus":72,"adv1_plus":null,"adv2_plus":0,"adv3_plus":80,"adv_home_plus":123,"money_kl_plus":123,"spark_index":113,"run_value":1.6581832776176766,"raa":0.4,"jyk":1.2,"vyk":0.07,"teho_plus_adj":170,"pct_kl_pct":null,"pct_saatto_pct":null,"pct_eten_pct":null,"pct_kunnari_rate":null,"pct_lyoty_rate":null,"pct_palo_rate":null,"pct_tehot_per_turn":null},"proj":{"player_id":18433,"name":"Eelis Tuominiemi","as_of":"2026-07-12","age":null,"stats":{"kl_pct":{"rate":0.5496763820716714,"effective_n":8.866607107795668,"observed":0.5532223624224889},"saatto_pct":{"rate":0.6981179212702813,"effective_n":26.43326085553653,"observed":0.8142709378976478},"eten_pct":{"rate":0.6569042991049802,"effective_n":22.484548482033723,"observed":0.7404951449804039},"kunnari_rate":{"rate":0.008532924282385092,"effective_n":9.890895216759748,"observed":0.0},"lyoty_rate":{"rate":0.13655180574779974,"effective_n":9.837008884744584,"observed":0.4},"haava_rate":{"rate":0.390884210745856,"effective_n":9.730550652328859,"observed":0.09774473865342227},"palo_rate":{"rate":0.32574026603981265,"effective_n":9.783561867514052,"observed":0.4981965859175296}},"teho_plus_proj":146},"translation":null,"pitching":null,"career_json":[{"year":2026,"kl_pct":0.5555555555555556,"teho_plus":171}],"pct_stats":["kl_pct","saatto_pct","eten_pct","kunnari_rate","lyoty_rate","palo_rate","tehot_per_turn"],"base_kl":{"player_id":18433,"turns_at_bat":10,"kl_base0":null,"kl_base0_tries":0,"kl_base1":0.0,"kl_base1_tries":1,"kl_base2":0.5,"kl_base2_tries":2,"kl_base3":0.6666666666666666,"kl_base3_tries":6,"pct_kl_base0":null,"pct_kl_base1":null,"pct_kl_base2":null,"pct_kl_base3":null},"base_keys":["kl_base0","kl_base1","kl_base2","kl_base3"],"comps":[]}