{"player":{"id":18490,"name":"Pihla Joensuu","born_year":null},"career":[{"year":2025,"season_id":177,"team":"PirPi","age":null,"games":1,"turns_at_bat":6,"vyk":0.01,"spark_index":96,"adv_plus":97,"runner_plus":108,"out_avoid_plus":73,"money_kl_plus":0,"teho_plus":56,"teho_plus_adj":52},{"year":2026,"season_id":178,"team":"Pirkat","age":null,"games":8,"turns_at_bat":59,"vyk":0.25,"spark_index":111,"adv_plus":108,"runner_plus":111,"out_avoid_plus":118,"money_kl_plus":87,"teho_plus":124,"teho_plus_adj":124}],"line":{"player_id":18490,"name":"Pihla Joensuu","born_year":null,"year":2026,"games":8,"team":"Pirkat","turns_at_bat":59,"kunnarit":0,"lyodyt":3,"tuodut":19,"karkilyonnit":31,"karki_yritykset":43,"saatot":63,"saatto_yritykset":92,"etenemiset":96,"eteneminen_yritykset":131,"haavat":24,"palot":11,"season_id":178,"tehot":22,"kl_pct":0.7209302325581395,"saatto_pct":0.6847826086956522,"eten_pct":0.732824427480916,"kunnari_rate":0.0,"lyoty_rate":0.05084745762711865,"tuotu_rate":0.1450381679389313,"haava_rate":0.4067796610169492,"palo_rate":0.1864406779661017,"tehot_per_turn":0.3728813559322034,"kl_per_turn":0.5254237288135594,"hr_rbi_per_turn":0.05084745762711865,"kl_base0":0.9090909090909091,"kl_base0_tries":11,"kl_base1":0.5714285714285714,"kl_base1_tries":14,"kl_base2":0.8333333333333334,"kl_base2_tries":12,"kl_base3":0.5,"kl_base3_tries":6,"adv1_pct":0.9090909090909091,"adv2_pct":0.5714285714285714,"adv3_pct":0.8333333333333334,"adv_home_pct":0.5,"money_kl_pct":0.5,"money_kl_tries":6,"pos":"S","teho_plus":124,"adv_plus":108,"runner_plus":111,"out_avoid_plus":118,"adv1_plus":162,"adv2_plus":96,"adv3_plus":120,"adv_home_plus":87,"money_kl_plus":87,"spark_index":111,"run_value":9.959538522806668,"raa":0.8,"jyk":5.8,"vyk":0.25,"teho_plus_adj":124,"pct_kl_pct":87,"pct_saatto_pct":61,"pct_eten_pct":85,"pct_kunnari_rate":28,"pct_lyoty_rate":27,"pct_palo_rate":91,"pct_tehot_per_turn":74},"proj":{"player_id":18490,"name":"Pihla Joensuu","as_of":"2026-06-25","age":null,"stats":{"kl_pct":{"rate":0.649826986649597,"effective_n":41.758229635352514,"observed":0.7146117300246962},"saatto_pct":{"rate":0.6761315360301198,"effective_n":85.13582714078163,"observed":0.6835128569186193},"eten_pct":{"rate":0.7103499914482355,"effective_n":121.66045611576831,"observed":0.7315863393366753},"kunnari_rate":{"rate":0.007010884183135442,"effective_n":58.77316807169042,"observed":0.0},"lyoty_rate":{"rate":0.09833243826470997,"effective_n":56.43945692053672,"observed":0.0507350697639468},"haava_rate":{"rate":0.3836534400966526,"effective_n":52.66426178326256,"observed":0.4102101716462225},"palo_rate":{"rate":0.2615492803078558,"effective_n":54.43302119197227,"observed":0.1929191228593426}},"teho_plus_proj":106},"translation":{"wrc_plus":116,"tier":"solid starter","rows":[{"pesis_label":"Kärkilyönti-% (advance the lead runner)","pesis_value":0.7209302325581395,"percentile":87,"mlb_stat":"AVG","mlb_value":"0.438"},{"pesis_label":"Kärkilyönnit per turn (base hits)","pesis_value":0.5254237288135594,"percentile":39,"mlb_stat":"H / 600 PA","mlb_value":"144"},{"pesis_label":"Lyödyt per turn (runs batted home)","pesis_value":0.05084745762711865,"percentile":27,"mlb_stat":"RBI / 600 PA","mlb_value":"60"},{"pesis_label":"Tuodut per advance (runs scored)","pesis_value":0.1450381679389313,"percentile":94,"mlb_stat":"R / 600 PA","mlb_value":"104"},{"pesis_label":"Palot per turn (burned outs)","pesis_value":0.1864406779661017,"percentile":91,"mlb_stat":"K%","mlb_value":"14.8%"}]},"pitching":null,"career_json":[{"year":2025,"kl_pct":0.5714285714285714,"teho_plus":56},{"year":2026,"kl_pct":0.7209302325581395,"teho_plus":124}],"pct_stats":["kl_pct","saatto_pct","eten_pct","kunnari_rate","lyoty_rate","palo_rate","tehot_per_turn"],"base_kl":{"player_id":18490,"turns_at_bat":59,"kl_base0":0.9090909090909091,"kl_base0_tries":11,"kl_base1":0.5714285714285714,"kl_base1_tries":14,"kl_base2":0.8333333333333334,"kl_base2_tries":12,"kl_base3":0.5,"kl_base3_tries":6,"pct_kl_base0":98,"pct_kl_base1":48,"pct_kl_base2":85,"pct_kl_base3":36},"base_keys":["kl_base0","kl_base1","kl_base2","kl_base3"],"comps":[]}