{"player":{"id":19144,"name":"Aliisa Wiik","born_year":null},"career":[{"year":2022,"season_id":174,"team":"NaPa","age":null,"games":14,"turns_at_bat":74,"vyk":-0.01,"spark_index":89,"adv_plus":82,"runner_plus":95,"out_avoid_plus":98,"money_kl_plus":29,"teho_plus":46,"teho_plus_adj":45}],"line":{"player_id":19144,"name":"Aliisa Wiik","born_year":null,"year":2022,"games":14,"team":"NaPa","turns_at_bat":74,"kunnarit":0,"lyodyt":1,"tuodut":9,"karkilyonnit":29,"karki_yritykset":62,"saatot":66,"saatto_yritykset":118,"etenemiset":82,"eteneminen_yritykset":132,"haavat":27,"palot":23,"season_id":174,"tehot":10,"kl_pct":0.46774193548387094,"saatto_pct":0.559322033898305,"eten_pct":0.6212121212121212,"kunnari_rate":0.0,"lyoty_rate":0.013513513513513514,"tuotu_rate":0.06818181818181818,"haava_rate":0.36486486486486486,"palo_rate":0.3108108108108108,"tehot_per_turn":0.13513513513513514,"kl_per_turn":0.3918918918918919,"hr_rbi_per_turn":0.013513513513513514,"kl_base0":0.4090909090909091,"kl_base0_tries":22,"kl_base1":0.5789473684210527,"kl_base1_tries":19,"kl_base2":0.5333333333333333,"kl_base2_tries":15,"kl_base3":0.16666666666666666,"kl_base3_tries":6,"adv1_pct":0.4090909090909091,"adv2_pct":0.5789473684210527,"adv3_pct":0.5333333333333333,"adv_home_pct":0.16666666666666666,"money_kl_pct":0.16666666666666666,"money_kl_tries":6,"pos":"3V","teho_plus":46,"adv_plus":82,"runner_plus":95,"out_avoid_plus":98,"adv1_plus":71,"adv2_plus":95,"adv3_plus":77,"adv_home_plus":29,"money_kl_plus":29,"spark_index":89,"run_value":6.304966831521213,"raa":-6.1,"jyk":-0.2,"vyk":-0.01,"teho_plus_adj":45,"pct_kl_pct":7,"pct_saatto_pct":16,"pct_eten_pct":38,"pct_kunnari_rate":27,"pct_lyoty_rate":6,"pct_palo_rate":41,"pct_tehot_per_turn":10},"proj":null,"translation":null,"pitching":null,"career_json":[{"year":2022,"kl_pct":0.46774193548387094,"teho_plus":46}],"pct_stats":["kl_pct","saatto_pct","eten_pct","kunnari_rate","lyoty_rate","palo_rate","tehot_per_turn"],"base_kl":{"player_id":19144,"turns_at_bat":74,"kl_base0":0.4090909090909091,"kl_base0_tries":22,"kl_base1":0.5789473684210527,"kl_base1_tries":19,"kl_base2":0.5333333333333333,"kl_base2_tries":15,"kl_base3":0.16666666666666666,"kl_base3_tries":6,"pct_kl_base0":19,"pct_kl_base1":43,"pct_kl_base2":18,"pct_kl_base3":3},"base_keys":["kl_base0","kl_base1","kl_base2","kl_base3"],"comps":[]}