{"player":{"id":1938,"name":"Pasi Kanala","born_year":null},"career":[{"year":2001,"age":null,"games":19,"turns_at_bat":129,"vyk":0.4,"spark_index":105,"adv_plus":113,"runner_plus":96,"out_avoid_plus":100,"money_kl_plus":128,"teho_plus":85,"teho_plus_adj":92}],"line":{"player_id":1938,"name":"Pasi Kanala","born_year":null,"year":2001,"games":19,"team":"VePe","turns_at_bat":129,"kunnarit":0,"lyodyt":10,"tuodut":11,"karkilyonnit":75,"karki_yritykset":117,"saatot":167,"saatto_yritykset":249,"etenemiset":134,"eteneminen_yritykset":231,"haavat":58,"palot":39,"season_id":38,"tehot":21,"kl_pct":0.6410256410256411,"saatto_pct":0.6706827309236948,"eten_pct":0.5800865800865801,"kunnari_rate":0.0,"lyoty_rate":0.07751937984496124,"tuotu_rate":0.047619047619047616,"haava_rate":0.4496124031007752,"palo_rate":0.3023255813953488,"tehot_per_turn":0.16279069767441862,"kl_per_turn":0.5813953488372093,"hr_rbi_per_turn":0.07751937984496124,"kl_base0":0.55,"kl_base0_tries":20,"kl_base1":0.5581395348837209,"kl_base1_tries":43,"kl_base2":0.8108108108108109,"kl_base2_tries":37,"kl_base3":0.5882352941176471,"kl_base3_tries":17,"adv1_pct":0.55,"adv2_pct":0.5581395348837209,"adv3_pct":0.8108108108108109,"adv_home_pct":0.5882352941176471,"money_kl_pct":0.5882352941176471,"money_kl_tries":17,"pos":"3P","teho_plus":85,"adv_plus":113,"runner_plus":96,"out_avoid_plus":100,"adv1_plus":104,"adv2_plus":103,"adv3_plus":129,"adv_home_plus":128,"money_kl_plus":128,"spark_index":105,"run_value":14.402264659181027,"raa":-0.5,"jyk":6.0,"vyk":0.4,"teho_plus_adj":92,"pct_kl_pct":84,"pct_saatto_pct":76,"pct_eten_pct":41,"pct_kunnari_rate":24,"pct_lyoty_rate":66,"pct_palo_rate":44,"pct_tehot_per_turn":52},"proj":null,"translation":null,"career_json":[{"year":2001,"kl_pct":0.6410256410256411,"teho_plus":85}],"pct_stats":["kl_pct","saatto_pct","eten_pct","kunnari_rate","lyoty_rate","palo_rate","tehot_per_turn"],"base_kl":{"player_id":1938,"turns_at_bat":129,"kl_base0":0.55,"kl_base0_tries":20,"kl_base1":0.5581395348837209,"kl_base1_tries":43,"kl_base2":0.8108108108108109,"kl_base2_tries":37,"kl_base3":0.5882352941176471,"kl_base3_tries":17,"pct_kl_base0":68,"pct_kl_base1":59,"pct_kl_base2":95,"pct_kl_base3":86},"base_keys":["kl_base0","kl_base1","kl_base2","kl_base3"],"comps":[]}