{"player":{"id":1990,"name":"Niko Joukainen","born_year":null},"career":[{"year":2001,"season_id":131,"team":"SuPo","age":null,"games":17,"turns_at_bat":99,"vyk":-0.03,"spark_index":86,"adv_plus":80,"runner_plus":78,"out_avoid_plus":113,"money_kl_plus":120,"teho_plus":54,"teho_plus_adj":55}],"line":{"player_id":1990,"name":"Niko Joukainen","born_year":null,"year":2001,"games":17,"team":"SuPo","turns_at_bat":99,"kunnarit":1,"lyodyt":7,"tuodut":4,"karkilyonnit":27,"karki_yritykset":65,"saatot":71,"saatto_yritykset":137,"etenemiset":75,"eteneminen_yritykset":154,"haavat":57,"palot":22,"season_id":131,"tehot":12,"kl_pct":0.4153846153846154,"saatto_pct":0.5182481751824818,"eten_pct":0.487012987012987,"kunnari_rate":0.010101010101010102,"lyoty_rate":0.0707070707070707,"tuotu_rate":0.025974025974025976,"haava_rate":0.5757575757575758,"palo_rate":0.2222222222222222,"tehot_per_turn":0.12121212121212122,"kl_per_turn":0.2727272727272727,"hr_rbi_per_turn":0.08080808080808081,"kl_base0":0.38461538461538464,"kl_base0_tries":26,"kl_base1":0.3684210526315789,"kl_base1_tries":19,"kl_base2":0.2857142857142857,"kl_base2_tries":7,"kl_base3":0.6153846153846154,"kl_base3_tries":13,"adv1_pct":0.38461538461538464,"adv2_pct":0.3684210526315789,"adv3_pct":0.2857142857142857,"adv_home_pct":0.6153846153846154,"money_kl_pct":0.6153846153846154,"money_kl_tries":13,"pos":"3P","teho_plus":54,"adv_plus":80,"runner_plus":78,"out_avoid_plus":113,"adv1_plus":68,"adv2_plus":68,"adv3_plus":45,"adv_home_plus":120,"money_kl_plus":120,"spark_index":86,"run_value":4.592798606380363,"raa":-7.3,"jyk":-0.5,"vyk":-0.03,"teho_plus_adj":55,"pct_kl_pct":14,"pct_saatto_pct":20,"pct_eten_pct":9,"pct_kunnari_rate":69,"pct_lyoty_rate":50,"pct_palo_rate":79,"pct_tehot_per_turn":19},"proj":null,"translation":null,"pitching":null,"career_json":[{"year":2001,"kl_pct":0.4153846153846154,"teho_plus":54}],"pct_stats":["kl_pct","saatto_pct","eten_pct","kunnari_rate","lyoty_rate","palo_rate","tehot_per_turn"],"base_kl":{"player_id":1990,"turns_at_bat":99,"kl_base0":0.38461538461538464,"kl_base0_tries":26,"kl_base1":0.3684210526315789,"kl_base1_tries":19,"kl_base2":0.2857142857142857,"kl_base2_tries":7,"kl_base3":0.6153846153846154,"kl_base3_tries":13,"pct_kl_base0":19,"pct_kl_base1":24,"pct_kl_base2":5,"pct_kl_base3":76},"base_keys":["kl_base0","kl_base1","kl_base2","kl_base3"],"comps":[]}