{"player":{"id":20062,"name":"Amanda Nousiainen","born_year":null},"career":[{"year":2026,"season_id":178,"team":"SiKi","age":null,"games":2,"turns_at_bat":12,"vyk":-0.0,"spark_index":80,"adv_plus":80,"runner_plus":86,"out_avoid_plus":72,"money_kl_plus":null,"teho_plus":55,"teho_plus_adj":56}],"line":{"player_id":20062,"name":"Amanda Nousiainen","born_year":null,"year":2026,"games":2,"team":"SiKi","turns_at_bat":12,"kunnarit":0,"lyodyt":0,"tuodut":2,"karkilyonnit":7,"karki_yritykset":15,"saatot":10,"saatto_yritykset":18,"etenemiset":13,"eteneminen_yritykset":23,"haavat":4,"palot":6,"season_id":178,"tehot":2,"kl_pct":0.4666666666666667,"saatto_pct":0.5555555555555556,"eten_pct":0.5652173913043478,"kunnari_rate":0.0,"lyoty_rate":0.0,"tuotu_rate":0.08695652173913043,"haava_rate":0.3333333333333333,"palo_rate":0.5,"tehot_per_turn":0.16666666666666666,"kl_per_turn":0.5833333333333334,"hr_rbi_per_turn":0.0,"kl_base0":0.5,"kl_base0_tries":8,"kl_base1":0.42857142857142855,"kl_base1_tries":7,"kl_base2":null,"kl_base2_tries":0,"kl_base3":null,"kl_base3_tries":0,"adv1_pct":0.5,"adv2_pct":0.42857142857142855,"adv3_pct":null,"adv_home_pct":null,"money_kl_pct":null,"money_kl_tries":0,"pos":"3P","teho_plus":55,"adv_plus":80,"runner_plus":86,"out_avoid_plus":72,"adv1_plus":89,"adv2_plus":72,"adv3_plus":null,"adv_home_plus":null,"money_kl_plus":null,"spark_index":80,"run_value":0.7164527700750227,"raa":-1.2,"jyk":-0.1,"vyk":-0.0,"teho_plus_adj":56,"pct_kl_pct":null,"pct_saatto_pct":null,"pct_eten_pct":null,"pct_kunnari_rate":null,"pct_lyoty_rate":null,"pct_palo_rate":null,"pct_tehot_per_turn":null},"proj":{"player_id":20062,"name":"Amanda Nousiainen","as_of":"2026-07-05","age":null,"stats":{"kl_pct":{"rate":0.5773884250294712,"effective_n":14.8716281128333,"observed":0.4668802325162137},"saatto_pct":{"rate":0.6279949853573163,"effective_n":17.76959361278976,"observed":0.5551593571939373},"eten_pct":{"rate":0.6296220864876536,"effective_n":22.765434251510783,"observed":0.5659737171172494},"kunnari_rate":{"rate":0.009513260525851426,"effective_n":11.928239520479806,"observed":0.0},"lyoty_rate":{"rate":0.11478346897522414,"effective_n":11.892538382428542,"observed":0.0},"haava_rate":{"rate":0.3658027885511862,"effective_n":11.821492518731251,"observed":0.33333333333333326},"palo_rate":{"rate":0.33305438523028696,"effective_n":11.856956167673856,"observed":0.5}},"teho_plus_proj":104},"translation":null,"pitching":null,"career_json":[{"year":2026,"kl_pct":0.4666666666666667,"teho_plus":55}],"pct_stats":["kl_pct","saatto_pct","eten_pct","kunnari_rate","lyoty_rate","palo_rate","tehot_per_turn"],"base_kl":{"player_id":20062,"turns_at_bat":12,"kl_base0":0.5,"kl_base0_tries":8,"kl_base1":0.42857142857142855,"kl_base1_tries":7,"kl_base2":null,"kl_base2_tries":0,"kl_base3":null,"kl_base3_tries":0,"pct_kl_base0":null,"pct_kl_base1":null,"pct_kl_base2":null,"pct_kl_base3":null},"base_keys":["kl_base0","kl_base1","kl_base2","kl_base3"],"comps":[]}