{"player":{"id":20452,"name":"Joosua Rättö","born_year":null},"career":[{"player_id":20452,"name":"Joosua Rättö","born_year":null,"year":2026,"games":16,"team":"JoMa","turns_at_bat":78,"kunnarit":1,"lyodyt":17,"tuodut":1,"karkilyonnit":45,"karki_yritykset":98,"saatot":120,"saatto_yritykset":212,"etenemiset":81,"eteneminen_yritykset":125,"haavat":29,"palot":15,"season_id":1,"tehot":19,"kl_pct":0.45918367346938777,"saatto_pct":0.5660377358490566,"eten_pct":0.648,"kunnari_rate":0.01282051282051282,"lyoty_rate":0.21794871794871795,"tuotu_rate":0.008,"haava_rate":0.3717948717948718,"palo_rate":0.19230769230769232,"tehot_per_turn":0.24358974358974358,"kl_per_turn":0.5769230769230769,"hr_rbi_per_turn":0.23076923076923078,"kl_base0":null,"kl_base0_tries":0,"kl_base1":0.46153846153846156,"kl_base1_tries":13,"kl_base2":0.6,"kl_base2_tries":35,"kl_base3":0.36,"kl_base3_tries":50,"adv1_pct":null,"adv2_pct":0.46153846153846156,"adv3_pct":0.6,"adv_home_pct":0.36,"money_kl_pct":0.36,"money_kl_tries":50,"teho_plus":151,"adv_plus":94,"runner_plus":110,"out_avoid_plus":120,"adv1_plus":null,"adv2_plus":87,"adv3_plus":105,"adv_home_plus":80,"money_kl_plus":80,"spark_index":104,"teho_plus_adj":151}],"line":{"player_id":20452,"name":"Joosua Rättö","born_year":null,"year":2026,"games":16,"team":"JoMa","turns_at_bat":78,"kunnarit":1,"lyodyt":17,"tuodut":1,"karkilyonnit":45,"karki_yritykset":98,"saatot":120,"saatto_yritykset":212,"etenemiset":81,"eteneminen_yritykset":125,"haavat":29,"palot":15,"season_id":1,"tehot":19,"kl_pct":0.45918367346938777,"saatto_pct":0.5660377358490566,"eten_pct":0.648,"kunnari_rate":0.01282051282051282,"lyoty_rate":0.21794871794871795,"tuotu_rate":0.008,"haava_rate":0.3717948717948718,"palo_rate":0.19230769230769232,"tehot_per_turn":0.24358974358974358,"kl_per_turn":0.5769230769230769,"hr_rbi_per_turn":0.23076923076923078,"kl_base0":null,"kl_base0_tries":0,"kl_base1":0.46153846153846156,"kl_base1_tries":13,"kl_base2":0.6,"kl_base2_tries":35,"kl_base3":0.36,"kl_base3_tries":50,"adv1_pct":null,"adv2_pct":0.46153846153846156,"adv3_pct":0.6,"adv_home_pct":0.36,"money_kl_pct":0.36,"money_kl_tries":50,"teho_plus":151,"adv_plus":94,"runner_plus":110,"out_avoid_plus":120,"adv1_plus":null,"adv2_plus":87,"adv3_plus":105,"adv_home_plus":80,"money_kl_plus":80,"spark_index":104,"teho_plus_adj":151,"pct_kl_pct":31,"pct_saatto_pct":41,"pct_eten_pct":85,"pct_kunnari_rate":81,"pct_lyoty_rate":89,"pct_palo_rate":92,"pct_tehot_per_turn":82},"proj":{"player_id":20452,"name":"Joosua Rättö","as_of":"2026-07-02","age":null,"stats":{"kl_pct":{"rate":0.4871397450087577,"effective_n":90.57255273426814,"observed":0.46201793610729264},"saatto_pct":{"rate":0.5711838068664489,"effective_n":189.95042046978793,"observed":0.5673115793625867},"eten_pct":{"rate":0.6304081368349754,"effective_n":111.5392680641459,"observed":0.6494251884324886},"kunnari_rate":{"rate":0.009269722428910613,"effective_n":73.93870610200766,"observed":0.013309829249114872},"lyoty_rate":{"rate":0.14114250867152486,"effective_n":72.0221453319272,"observed":0.21768957112988196},"haava_rate":{"rate":0.4032227888217674,"effective_n":68.40160115413147,"observed":0.3648823094111619},"palo_rate":{"rate":0.2620294831779076,"effective_n":70.17743793392968,"observed":0.1909428211051506}},"teho_plus_proj":210},"career_json":[{"year":2026,"kl_pct":0.45918367346938777,"teho_plus":151}],"pct_stats":["kl_pct","saatto_pct","eten_pct","kunnari_rate","lyoty_rate","palo_rate","tehot_per_turn"],"base_kl":{"player_id":20452,"turns_at_bat":78,"kl_base0":null,"kl_base0_tries":0,"kl_base1":0.46153846153846156,"kl_base1_tries":13,"kl_base2":0.6,"kl_base2_tries":35,"kl_base3":0.36,"kl_base3_tries":50,"pct_kl_base0":null,"pct_kl_base1":38,"pct_kl_base2":49,"pct_kl_base3":36},"base_keys":["kl_base0","kl_base1","kl_base2","kl_base3"],"log":[{"player_id":20452,"season_id":1,"match_id":129036,"date":"2026-05-06","team":"JoMa","opponent":"AA","home":0,"turns_at_bat":5,"kunnarit":0,"lyodyt":1,"tuodut":0,"karkilyonnit":3,"karki_yritykset":9,"saatot":8,"saatto_yritykset":20,"etenemiset":6,"eteneminen_yritykset":10,"haavat":3,"palot":1,"stadium":"Saltex Areena, Alajärvi","tehot":1,"kl_pct":0.3333333333333333},{"player_id":20452,"season_id":1,"match_id":128907,"date":"2026-05-09","team":"JoMa","opponent":"ViVe","home":1,"turns_at_bat":3,"kunnarit":0,"lyodyt":1,"tuodut":0,"karkilyonnit":3,"karki_yritykset":3,"saatot":8,"saatto_yritykset":10,"etenemiset":5,"eteneminen_yritykset":8,"haavat":3,"palot":0,"stadium":"Ilosaarirock Stadion, Joensuu","tehot":1,"kl_pct":1.0},{"player_id":20452,"season_id":1,"match_id":128976,"date":"2026-05-12","team":"JoMa","opponent":"PattU","home":0,"turns_at_bat":3,"kunnarit":0,"lyodyt":1,"tuodut":0,"karkilyonnit":1,"karki_yritykset":4,"saatot":6,"saatto_yritykset":10,"etenemiset":5,"eteneminen_yritykset":6,"haavat":1,"palot":0,"stadium":"MiiluAreena, Raahe","tehot":1,"kl_pct":0.25},{"player_id":20452,"season_id":1,"match_id":129043,"date":"2026-05-15","team":"JoMa","opponent":"IPV","home":1,"turns_at_bat":5,"kunnarit":0,"lyodyt":1,"tuodut":0,"karkilyonnit":3,"karki_yritykset":5,"saatot":10,"saatto_yritykset":13,"etenemiset":7,"eteneminen_yritykset":11,"haavat":2,"palot":2,"stadium":"Ilosaarirock Stadion, Joensuu","tehot":1,"kl_pct":0.6},{"player_id":20452,"season_id":1,"match_id":129028,"date":"2026-05-20","team":"JoMa","opponent":"PattU","home":0,"turns_at_bat":5,"kunnarit":0,"lyodyt":1,"tuodut":0,"karkilyonnit":2,"karki_yritykset":6,"saatot":6,"saatto_yritykset":11,"etenemiset":5,"eteneminen_yritykset":7,"haavat":0,"palot":2,"stadium":"MiiluAreena, Raahe","tehot":1,"kl_pct":0.3333333333333333},{"player_id":20452,"season_id":1,"match_id":128872,"date":"2026-05-22","team":"JoMa","opponent":"Manse","home":1,"turns_at_bat":4,"kunnarit":0,"lyodyt":1,"tuodut":0,"karkilyonnit":2,"karki_yritykset":5,"saatot":6,"saatto_yritykset":10,"etenemiset":4,"eteneminen_yritykset":6,"haavat":1,"palot":1,"stadium":"Ilosaarirock Stadion, Joensuu","tehot":1,"kl_pct":0.4},{"player_id":20452,"season_id":1,"match_id":128979,"date":"2026-05-24","team":"JoMa","opponent":"KeKi","home":1,"turns_at_bat":2,"kunnarit":0,"lyodyt":0,"tuodut":0,"karkilyonnit":0,"karki_yritykset":2,"saatot":0,"saatto_yritykset":3,"etenemiset":0,"eteneminen_yritykset":1,"haavat":0,"palot":1,"stadium":"Ilosaarirock Stadion, Joensuu","tehot":0,"kl_pct":0.0},{"player_id":20452,"season_id":1,"match_id":128882,"date":"2026-05-29","team":"JoMa","opponent":"KPL","home":1,"turns_at_bat":4,"kunnarit":0,"lyodyt":0,"tuodut":0,"karkilyonnit":1,"karki_yritykset":3,"saatot":3,"saatto_yritykset":8,"etenemiset":2,"eteneminen_yritykset":5,"haavat":2,"palot":1,"stadium":"Ilosaarirock Stadion, Joensuu","tehot":0,"kl_pct":0.3333333333333333},{"player_id":20452,"season_id":1,"match_id":129061,"date":"2026-05-31","team":"JoMa","opponent":"KPL","home":0,"turns_at_bat":6,"kunnarit":0,"lyodyt":0,"tuodut":0,"karkilyonnit":0,"karki_yritykset":5,"saatot":6,"saatto_yritykset":16,"etenemiset":6,"eteneminen_yritykset":9,"haavat":2,"palot":1,"stadium":"KSS Energia Areena, Kouvola","tehot":0,"kl_pct":0.0},{"player_id":20452,"season_id":1,"match_id":128909,"date":"2026-06-02","team":"JoMa","opponent":"AA","home":1,"turns_at_bat":5,"kunnarit":0,"lyodyt":1,"tuodut":0,"karkilyonnit":3,"karki_yritykset":7,"saatot":8,"saatto_yritykset":12,"etenemiset":5,"eteneminen_yritykset":8,"haavat":3,"palot":0,"stadium":"Ilosaarirock Stadion, Joensuu","tehot":1,"kl_pct":0.42857142857142855},{"player_id":20452,"season_id":1,"match_id":128891,"date":"2026-06-06","team":"JoMa","opponent":"KoU","home":0,"turns_at_bat":4,"kunnarit":0,"lyodyt":3,"tuodut":0,"karkilyonnit":3,"karki_yritykset":6,"saatot":6,"saatto_yritykset":13,"etenemiset":3,"eteneminen_yritykset":6,"haavat":3,"palot":0,"stadium":"Sähkökoje Areena, Koskenkorva (Ilmajoki)","tehot":3,"kl_pct":0.5},{"player_id":20452,"season_id":1,"match_id":129019,"date":"2026-06-18","team":"JoMa","opponent":"KoU","home":1,"turns_at_bat":8,"kunnarit":0,"lyodyt":2,"tuodut":0,