{"player":{"id":2049,"name":"Timo Hautaniemi","born_year":null},"career":[{"year":2001,"season_id":131,"team":"KylKai","age":null,"games":16,"turns_at_bat":120,"vyk":1.29,"spark_index":110,"adv_plus":114,"runner_plus":108,"out_avoid_plus":104,"money_kl_plus":148,"teho_plus":190,"teho_plus_adj":189}],"line":{"player_id":2049,"name":"Timo Hautaniemi","born_year":null,"year":2001,"games":16,"team":"KylKai","turns_at_bat":120,"kunnarit":5,"lyodyt":17,"tuodut":29,"karkilyonnit":95,"karki_yritykset":139,"saatot":177,"saatto_yritykset":255,"etenemiset":170,"eteneminen_yritykset":251,"haavat":47,"palot":34,"season_id":131,"tehot":51,"kl_pct":0.6834532374100719,"saatto_pct":0.6941176470588235,"eten_pct":0.6772908366533864,"kunnari_rate":0.041666666666666664,"lyoty_rate":0.14166666666666666,"tuotu_rate":0.11553784860557768,"haava_rate":0.39166666666666666,"palo_rate":0.2833333333333333,"tehot_per_turn":0.425,"kl_per_turn":0.7916666666666666,"hr_rbi_per_turn":0.18333333333333332,"kl_base0":0.6296296296296297,"kl_base0_tries":27,"kl_base1":0.6551724137931034,"kl_base1_tries":58,"kl_base2":0.72,"kl_base2_tries":25,"kl_base3":0.7586206896551724,"kl_base3_tries":29,"adv1_pct":0.6296296296296297,"adv2_pct":0.6551724137931034,"adv3_pct":0.72,"adv_home_pct":0.7586206896551724,"money_kl_pct":0.7586206896551724,"money_kl_tries":29,"pos":"3V","teho_plus":190,"adv_plus":114,"runner_plus":108,"out_avoid_plus":104,"adv1_plus":112,"adv2_plus":120,"adv3_plus":113,"adv_home_plus":148,"money_kl_plus":148,"spark_index":110,"run_value":28.4991544963706,"raa":14.1,"jyk":22.4,"vyk":1.29,"teho_plus_adj":189,"pct_kl_pct":88,"pct_saatto_pct":79,"pct_eten_pct":77,"pct_kunnari_rate":98,"pct_lyoty_rate":78,"pct_palo_rate":58,"pct_tehot_per_turn":94},"proj":null,"translation":null,"pitching":null,"career_json":[{"year":2001,"kl_pct":0.6834532374100719,"teho_plus":190}],"pct_stats":["kl_pct","saatto_pct","eten_pct","kunnari_rate","lyoty_rate","palo_rate","tehot_per_turn"],"base_kl":{"player_id":2049,"turns_at_bat":120,"kl_base0":0.6296296296296297,"kl_base0_tries":27,"kl_base1":0.6551724137931034,"kl_base1_tries":58,"kl_base2":0.72,"kl_base2_tries":25,"kl_base3":0.7586206896551724,"kl_base3_tries":29,"pct_kl_base0":71,"pct_kl_base1":77,"pct_kl_base2":75,"pct_kl_base3":93},"base_keys":["kl_base0","kl_base1","kl_base2","kl_base3"],"comps":[]}