{"player":{"id":20519,"name":"Henri Enberg","born_year":null},"career":[{"year":2026,"season_id":156,"team":"SuPo","age":null,"games":15,"turns_at_bat":109,"vyk":0.27,"spark_index":92,"adv_plus":88,"runner_plus":88,"out_avoid_plus":110,"money_kl_plus":92,"teho_plus":82,"teho_plus_adj":84}],"line":{"player_id":20519,"name":"Henri Enberg","born_year":null,"year":2026,"games":15,"team":"SuPo","turns_at_bat":109,"kunnarit":1,"lyodyt":13,"tuodut":7,"karkilyonnit":45,"karki_yritykset":92,"saatot":116,"saatto_yritykset":216,"etenemiset":103,"eteneminen_yritykset":188,"haavat":59,"palot":26,"season_id":156,"tehot":21,"kl_pct":0.4891304347826087,"saatto_pct":0.5370370370370371,"eten_pct":0.5478723404255319,"kunnari_rate":0.009174311926605505,"lyoty_rate":0.11926605504587157,"tuotu_rate":0.03723404255319149,"haava_rate":0.5412844036697247,"palo_rate":0.23853211009174313,"tehot_per_turn":0.1926605504587156,"kl_per_turn":0.41284403669724773,"hr_rbi_per_turn":0.12844036697247707,"kl_base0":0.4166666666666667,"kl_base0_tries":24,"kl_base1":0.29411764705882354,"kl_base1_tries":17,"kl_base2":0.6956521739130435,"kl_base2_tries":23,"kl_base3":0.5,"kl_base3_tries":28,"adv1_pct":0.4166666666666667,"adv2_pct":0.29411764705882354,"adv3_pct":0.6956521739130435,"adv_home_pct":0.5,"money_kl_pct":0.5,"money_kl_tries":28,"pos":"3K","teho_plus":82,"adv_plus":88,"runner_plus":88,"out_avoid_plus":110,"adv1_plus":82,"adv2_plus":55,"adv3_plus":111,"adv_home_plus":92,"money_kl_plus":92,"spark_index":92,"run_value":10.180605610158112,"raa":-3.3,"jyk":4.7,"vyk":0.27,"teho_plus_adj":84,"pct_kl_pct":32,"pct_saatto_pct":24,"pct_eten_pct":25,"pct_kunnari_rate":57,"pct_lyoty_rate":70,"pct_palo_rate":72,"pct_tehot_per_turn":45},"proj":{"player_id":20519,"name":"Henri Enberg","as_of":"2026-07-17","age":null,"stats":{"kl_pct":{"rate":0.5173858202238867,"effective_n":83.36750121558973,"observed":0.4945232794436912},"saatto_pct":{"rate":0.5557480774393098,"effective_n":191.28945156085064,"observed":0.5420280801046143},"eten_pct":{"rate":0.5674164818964478,"effective_n":167.0827414211298,"observed":0.5518859225363637},"kunnari_rate":{"rate":0.009437017996301852,"effective_n":102.1474002610961,"observed":0.009672882889963486},"lyoty_rate":{"rate":0.11217780938973129,"effective_n":98.96761663051126,"observed":0.1186609656051506},"haava_rate":{"rate":0.4762312921282889,"effective_n":93.05753993982258,"observed":0.5372935086937115},"palo_rate":{"rate":0.2706668137883921,"effective_n":95.9404012505386,"observed":0.24233006441367605}},"teho_plus_proj":125},"translation":{"wrc_plus":97,"tier":"league-average regular","rows":[{"pesis_label":"Kärkilyönti-% (advance the lead runner)","pesis_value":0.4891304347826087,"percentile":32,"mlb_stat":"AVG","mlb_value":"0.206"},{"pesis_label":"Kärkilyönnit per turn (base hits)","pesis_value":0.41284403669724773,"percentile":24,"mlb_stat":"H / 600 PA","mlb_value":"134"},{"pesis_label":"Lyödyt per turn (runs batted home)","pesis_value":0.11926605504587157,"percentile":70,"mlb_stat":"RBI / 600 PA","mlb_value":"82"},{"pesis_label":"Tuodut per advance (runs scored)","pesis_value":0.03723404255319149,"percentile":30,"mlb_stat":"R / 600 PA","mlb_value":"67"},{"pesis_label":"Palot per turn (burned outs)","pesis_value":0.23853211009174313,"percentile":72,"mlb_stat":"K%","mlb_value":"19.0%"}]},"pitching":null,"career_json":[{"year":2026,"kl_pct":0.4891304347826087,"teho_plus":82}],"pct_stats":["kl_pct","saatto_pct","eten_pct","kunnari_rate","lyoty_rate","palo_rate","tehot_per_turn"],"base_kl":{"player_id":20519,"turns_at_bat":109,"kl_base0":0.4166666666666667,"kl_base0_tries":24,"kl_base1":0.29411764705882354,"kl_base1_tries":17,"kl_base2":0.6956521739130435,"kl_base2_tries":23,"kl_base3":0.5,"kl_base3_tries":28,"pct_kl_base0":32,"pct_kl_base1":14,"pct_kl_base2":69,"pct_kl_base3":43},"base_keys":["kl_base0","kl_base1","kl_base2","kl_base3"],"comps":[]}