{"player":{"id":20540,"name":"Jesse Salomäki","born_year":null},"career":[{"year":2026,"season_id":156,"team":"NJ 2","age":null,"games":5,"turns_at_bat":26,"vyk":-0.01,"spark_index":85,"adv_plus":81,"runner_plus":78,"out_avoid_plus":105,"money_kl_plus":92,"teho_plus":66,"teho_plus_adj":76}],"line":{"player_id":20540,"name":"Jesse Salomäki","born_year":null,"year":2026,"games":5,"team":"NJ 2","turns_at_bat":26,"kunnarit":0,"lyodyt":3,"tuodut":1,"karkilyonnit":10,"karki_yritykset":19,"saatot":19,"saatto_yritykset":41,"etenemiset":17,"eteneminen_yritykset":35,"haavat":11,"palot":7,"season_id":156,"tehot":4,"kl_pct":0.5263157894736842,"saatto_pct":0.4634146341463415,"eten_pct":0.4857142857142857,"kunnari_rate":0.0,"lyoty_rate":0.11538461538461539,"tuotu_rate":0.02857142857142857,"haava_rate":0.4230769230769231,"palo_rate":0.2692307692307692,"tehot_per_turn":0.15384615384615385,"kl_per_turn":0.38461538461538464,"hr_rbi_per_turn":0.11538461538461539,"kl_base0":0.6666666666666666,"kl_base0_tries":6,"kl_base1":0.0,"kl_base1_tries":2,"kl_base2":0.6,"kl_base2_tries":5,"kl_base3":0.5,"kl_base3_tries":6,"adv1_pct":0.6666666666666666,"adv2_pct":0.0,"adv3_pct":0.6,"adv_home_pct":0.5,"money_kl_pct":0.5,"money_kl_tries":6,"pos":"2K","teho_plus":66,"adv_plus":81,"runner_plus":78,"out_avoid_plus":105,"adv1_plus":131,"adv2_plus":0,"adv3_plus":96,"adv_home_plus":92,"money_kl_plus":92,"spark_index":85,"run_value":1.0932912585006598,"raa":-2.1,"jyk":-0.2,"vyk":-0.01,"teho_plus_adj":76,"pct_kl_pct":null,"pct_saatto_pct":null,"pct_eten_pct":null,"pct_kunnari_rate":null,"pct_lyoty_rate":null,"pct_palo_rate":null,"pct_tehot_per_turn":null},"proj":{"player_id":20540,"name":"Jesse Salomäki","as_of":"2026-07-16","age":null,"stats":{"kl_pct":{"rate":0.5438983305670406,"effective_n":18.46762408767245,"observed":0.5268283342210772},"saatto_pct":{"rate":0.5445744013604766,"effective_n":39.23867865331297,"observed":0.4662986307653267},"eten_pct":{"rate":0.5663231886415049,"effective_n":33.614927630189854,"observed":0.48750245978014023},"kunnari_rate":{"rate":0.007625752431250935,"effective_n":25.342926333895207,"observed":0.0},"lyoty_rate":{"rate":0.1066218541139651,"effective_n":25.026674702683884,"observed":0.11449929285339533},"haava_rate":{"rate":0.4225243833967398,"effective_n":24.417434780327053,"observed":0.435286116416585},"palo_rate":{"rate":0.2950588556713852,"effective_n":24.718261642453758,"observed":0.26401800961168637}},"teho_plus_proj":121},"translation":null,"pitching":null,"career_json":[{"year":2026,"kl_pct":0.5263157894736842,"teho_plus":66}],"pct_stats":["kl_pct","saatto_pct","eten_pct","kunnari_rate","lyoty_rate","palo_rate","tehot_per_turn"],"base_kl":{"player_id":20540,"turns_at_bat":26,"kl_base0":0.6666666666666666,"kl_base0_tries":6,"kl_base1":0.0,"kl_base1_tries":2,"kl_base2":0.6,"kl_base2_tries":5,"kl_base3":0.5,"kl_base3_tries":6,"pct_kl_base0":null,"pct_kl_base1":null,"pct_kl_base2":null,"pct_kl_base3":null},"base_keys":["kl_base0","kl_base1","kl_base2","kl_base3"],"comps":[]}