{"player":{"id":2136,"name":"Erna Alitalo","born_year":null},"career":[{"year":2001,"season_id":157,"team":"KK-V","age":null,"games":16,"turns_at_bat":111,"vyk":0.45,"spark_index":111,"adv_plus":114,"runner_plus":112,"out_avoid_plus":102,"money_kl_plus":99,"teho_plus":118,"teho_plus_adj":116},{"year":2003,"season_id":159,"team":"KK-V","age":null,"games":11,"turns_at_bat":73,"vyk":0.05,"spark_index":98,"adv_plus":107,"runner_plus":105,"out_avoid_plus":67,"money_kl_plus":24,"teho_plus":57,"teho_plus_adj":57}],"line":{"player_id":2136,"name":"Erna Alitalo","born_year":null,"year":2003,"games":11,"team":"KK-V","turns_at_bat":73,"kunnarit":0,"lyodyt":1,"tuodut":12,"karkilyonnit":49,"karki_yritykset":71,"saatot":77,"saatto_yritykset":108,"etenemiset":119,"eteneminen_yritykset":169,"haavat":10,"palot":40,"season_id":159,"tehot":13,"kl_pct":0.6901408450704225,"saatto_pct":0.7129629629629629,"eten_pct":0.7041420118343196,"kunnari_rate":0.0,"lyoty_rate":0.0136986301369863,"tuotu_rate":0.07100591715976332,"haava_rate":0.136986301369863,"palo_rate":0.547945205479452,"tehot_per_turn":0.1780821917808219,"kl_per_turn":0.6712328767123288,"hr_rbi_per_turn":0.0136986301369863,"kl_base0":0.8157894736842105,"kl_base0_tries":38,"kl_base1":0.6153846153846154,"kl_base1_tries":13,"kl_base2":0.6923076923076923,"kl_base2_tries":13,"kl_base3":0.14285714285714285,"kl_base3_tries":7,"adv1_pct":0.8157894736842105,"adv2_pct":0.6153846153846154,"adv3_pct":0.6923076923076923,"adv_home_pct":0.14285714285714285,"money_kl_pct":0.14285714285714285,"money_kl_tries":7,"pos":"1V","teho_plus":57,"adv_plus":107,"runner_plus":105,"out_avoid_plus":67,"adv1_plus":135,"adv2_plus":98,"adv3_plus":99,"adv_home_plus":24,"money_kl_plus":24,"spark_index":98,"run_value":5.526833699286893,"raa":-5.0,"jyk":1.2,"vyk":0.05,"teho_plus_adj":57,"pct_kl_pct":74,"pct_saatto_pct":72,"pct_eten_pct":72,"pct_kunnari_rate":29,"pct_lyoty_rate":6,"pct_palo_rate":2,"pct_tehot_per_turn":23},"proj":null,"translation":null,"pitching":null,"career_json":[{"year":2001,"kl_pct":0.7,"teho_plus":118},{"year":2003,"kl_pct":0.6901408450704225,"teho_plus":57}],"pct_stats":["kl_pct","saatto_pct","eten_pct","kunnari_rate","lyoty_rate","palo_rate","tehot_per_turn"],"base_kl":{"player_id":2136,"turns_at_bat":73,"kl_base0":0.8157894736842105,"kl_base0_tries":38,"kl_base1":0.6153846153846154,"kl_base1_tries":13,"kl_base2":0.6923076923076923,"kl_base2_tries":13,"kl_base3":0.14285714285714285,"kl_base3_tries":7,"pct_kl_base0":90,"pct_kl_base1":49,"pct_kl_base2":49,"pct_kl_base3":4},"base_keys":["kl_base0","kl_base1","kl_base2","kl_base3"],"comps":[]}