{"player":{"id":21533,"name":"Mable Nakari","born_year":null},"career":[{"year":2026,"season_id":178,"team":"Roihu","age":null,"games":11,"turns_at_bat":63,"vyk":-0.09,"spark_index":87,"adv_plus":101,"runner_plus":87,"out_avoid_plus":53,"money_kl_plus":87,"teho_plus":26,"teho_plus_adj":26}],"line":{"player_id":21533,"name":"Mable Nakari","born_year":null,"year":2026,"games":11,"team":"Roihu","turns_at_bat":63,"kunnarit":0,"lyodyt":2,"tuodut":3,"karkilyonnit":34,"karki_yritykset":51,"saatot":48,"saatto_yritykset":75,"etenemiset":66,"eteneminen_yritykset":115,"haavat":9,"palot":40,"season_id":178,"tehot":5,"kl_pct":0.6666666666666666,"saatto_pct":0.64,"eten_pct":0.5739130434782609,"kunnari_rate":0.0,"lyoty_rate":0.031746031746031744,"tuotu_rate":0.02608695652173913,"haava_rate":0.14285714285714285,"palo_rate":0.6349206349206349,"tehot_per_turn":0.07936507936507936,"kl_per_turn":0.5396825396825397,"hr_rbi_per_turn":0.031746031746031744,"kl_base0":0.7407407407407407,"kl_base0_tries":27,"kl_base1":0.5,"kl_base1_tries":10,"kl_base2":0.7,"kl_base2_tries":10,"kl_base3":0.5,"kl_base3_tries":4,"adv1_pct":0.7407407407407407,"adv2_pct":0.5,"adv3_pct":0.7,"adv_home_pct":0.5,"money_kl_pct":0.5,"money_kl_tries":4,"pos":"2K","teho_plus":26,"adv_plus":101,"runner_plus":87,"out_avoid_plus":53,"adv1_plus":132,"adv2_plus":84,"adv3_plus":101,"adv_home_plus":87,"money_kl_plus":87,"spark_index":87,"run_value":2.3521996718486955,"raa":-7.5,"jyk":-2.1,"vyk":-0.09,"teho_plus_adj":26,"pct_kl_pct":72,"pct_saatto_pct":41,"pct_eten_pct":19,"pct_kunnari_rate":28,"pct_lyoty_rate":16,"pct_palo_rate":0,"pct_tehot_per_turn":5},"proj":{"player_id":21533,"name":"Mable Nakari","as_of":"2026-07-16","age":null,"stats":{"kl_pct":{"rate":0.6335210107714346,"effective_n":46.31777828105168,"observed":0.6707533320536656},"saatto_pct":{"rate":0.652749748833365,"effective_n":65.18980077922484,"observed":0.64808538461812},"eten_pct":{"rate":0.6070683863646826,"effective_n":102.0677061176725,"observed":0.5818236946568496},"kunnari_rate":{"rate":0.007021279043740581,"effective_n":58.752005931759136,"observed":0.0},"lyoty_rate":{"rate":0.08958156882657609,"effective_n":56.78404565550797,"observed":0.030036342992177993},"haava_rate":{"rate":0.2899428226410142,"effective_n":53.132396289945135,"observed":0.13994330126669677},"palo_rate":{"rate":0.44199993154610095,"effective_n":54.912589687178105,"observed":0.6367660244020756}},"teho_plus_proj":93},"translation":{"wrc_plus":59,"tier":"replacement level","rows":[{"pesis_label":"Kärkilyönti-% (advance the lead runner)","pesis_value":0.6666666666666666,"percentile":72,"mlb_stat":"AVG","mlb_value":"0.384"},{"pesis_label":"Kärkilyönnit per turn (base hits)","pesis_value":0.5396825396825397,"percentile":43,"mlb_stat":"H / 600 PA","mlb_value":"146"},{"pesis_label":"Lyödyt per turn (runs batted home)","pesis_value":0.031746031746031744,"percentile":16,"mlb_stat":"RBI / 600 PA","mlb_value":"52"},{"pesis_label":"Tuodut per advance (runs scored)","pesis_value":0.02608695652173913,"percentile":9,"mlb_stat":"R / 600 PA","mlb_value":"52"},{"pesis_label":"Palot per turn (burned outs)","pesis_value":0.6349206349206349,"percentile":0,"mlb_stat":"K%","mlb_value":"35.0%"}]},"pitching":null,"career_json":[{"year":2026,"kl_pct":0.6666666666666666,"teho_plus":26}],"pct_stats":["kl_pct","saatto_pct","eten_pct","kunnari_rate","lyoty_rate","palo_rate","tehot_per_turn"],"base_kl":{"player_id":21533,"turns_at_bat":63,"kl_base0":0.7407407407407407,"kl_base0_tries":27,"kl_base1":0.5,"kl_base1_tries":10,"kl_base2":0.7,"kl_base2_tries":10,"kl_base3":0.5,"kl_base3_tries":4,"pct_kl_base0":86,"pct_kl_base1":32,"pct_kl_base2":54,"pct_kl_base3":37},"base_keys":["kl_base0","kl_base1","kl_base2","kl_base3"],"comps":[]}