{"player":{"id":2213,"name":"Anne Aitamurto","born_year":null},"career":[{"year":2001,"season_id":157,"team":"Seuraton","age":null,"games":14,"turns_at_bat":79,"vyk":-0.01,"spark_index":95,"adv_plus":99,"runner_plus":91,"out_avoid_plus":89,"money_kl_plus":96,"teho_plus":58,"teho_plus_adj":58}],"line":{"player_id":2213,"name":"Anne Aitamurto","born_year":null,"year":2001,"games":14,"team":"Seuraton","turns_at_bat":79,"kunnarit":0,"lyodyt":4,"tuodut":10,"karkilyonnit":36,"karki_yritykset":56,"saatot":88,"saatto_yritykset":135,"etenemiset":83,"eteneminen_yritykset":137,"haavat":22,"palot":32,"season_id":157,"tehot":14,"kl_pct":0.6428571428571429,"saatto_pct":0.6518518518518519,"eten_pct":0.6058394160583942,"kunnari_rate":0.0,"lyoty_rate":0.05063291139240506,"tuotu_rate":0.072992700729927,"haava_rate":0.27848101265822783,"palo_rate":0.4050632911392405,"tehot_per_turn":0.17721518987341772,"kl_per_turn":0.45569620253164556,"hr_rbi_per_turn":0.05063291139240506,"kl_base0":0.7692307692307693,"kl_base0_tries":13,"kl_base1":0.5217391304347826,"kl_base1_tries":23,"kl_base2":0.7692307692307693,"kl_base2_tries":13,"kl_base3":0.5714285714285714,"kl_base3_tries":7,"adv1_pct":0.7692307692307693,"adv2_pct":0.5217391304347826,"adv3_pct":0.7692307692307693,"adv_home_pct":0.5714285714285714,"money_kl_pct":0.5714285714285714,"money_kl_tries":7,"pos":"L","teho_plus":58,"adv_plus":99,"runner_plus":91,"out_avoid_plus":89,"adv1_plus":123,"adv2_plus":83,"adv3_plus":111,"adv_home_plus":96,"money_kl_plus":96,"spark_index":95,"run_value":10.848318819100914,"raa":-5.8,"jyk":-0.2,"vyk":-0.01,"teho_plus_adj":58,"pct_kl_pct":54,"pct_saatto_pct":46,"pct_eten_pct":27,"pct_kunnari_rate":26,"pct_lyoty_rate":22,"pct_palo_rate":19,"pct_tehot_per_turn":19},"proj":null,"translation":null,"pitching":null,"career_json":[{"year":2001,"kl_pct":0.6428571428571429,"teho_plus":58}],"pct_stats":["kl_pct","saatto_pct","eten_pct","kunnari_rate","lyoty_rate","palo_rate","tehot_per_turn"],"base_kl":{"player_id":2213,"turns_at_bat":79,"kl_base0":0.7692307692307693,"kl_base0_tries":13,"kl_base1":0.5217391304347826,"kl_base1_tries":23,"kl_base2":0.7692307692307693,"kl_base2_tries":13,"kl_base3":0.5714285714285714,"kl_base3_tries":7,"pct_kl_base0":85,"pct_kl_base1":28,"pct_kl_base2":73,"pct_kl_base3":43},"base_keys":["kl_base0","kl_base1","kl_base2","kl_base3"],"comps":[]}