{"player":{"id":2233,"name":"Sini Männistö","born_year":null},"career":[{"year":2001,"season_id":157,"team":"APV","age":null,"games":15,"turns_at_bat":95,"vyk":0.79,"spark_index":110,"adv_plus":108,"runner_plus":111,"out_avoid_plus":116,"money_kl_plus":114,"teho_plus":190,"teho_plus_adj":193}],"line":{"player_id":2233,"name":"Sini Männistö","born_year":null,"year":2001,"games":15,"team":"APV","turns_at_bat":95,"kunnarit":4,"lyodyt":28,"tuodut":23,"karkilyonnit":71,"karki_yritykset":105,"saatot":172,"saatto_yritykset":239,"etenemiset":148,"eteneminen_yritykset":200,"haavat":31,"palot":21,"season_id":157,"tehot":55,"kl_pct":0.6761904761904762,"saatto_pct":0.7196652719665272,"eten_pct":0.74,"kunnari_rate":0.042105263157894736,"lyoty_rate":0.29473684210526313,"tuotu_rate":0.115,"haava_rate":0.3263157894736842,"palo_rate":0.22105263157894736,"tehot_per_turn":0.5789473684210527,"kl_per_turn":0.7473684210526316,"hr_rbi_per_turn":0.3368421052631579,"kl_base0":0.5,"kl_base0_tries":10,"kl_base1":0.6428571428571429,"kl_base1_tries":14,"kl_base2":0.7352941176470589,"kl_base2_tries":34,"kl_base3":0.6808510638297872,"kl_base3_tries":47,"adv1_pct":0.5,"adv2_pct":0.6428571428571429,"adv3_pct":0.7352941176470589,"adv_home_pct":0.6808510638297872,"money_kl_pct":0.6808510638297872,"money_kl_tries":47,"pos":"3V","teho_plus":190,"adv_plus":108,"runner_plus":111,"out_avoid_plus":116,"adv1_plus":80,"adv2_plus":102,"adv3_plus":106,"adv_home_plus":114,"money_kl_plus":114,"spark_index":110,"run_value":31.466064713158328,"raa":11.4,"jyk":18.1,"vyk":0.79,"teho_plus_adj":193,"pct_kl_pct":65,"pct_saatto_pct":77,"pct_eten_pct":89,"pct_kunnari_rate":96,"pct_lyoty_rate":91,"pct_palo_rate":90,"pct_tehot_per_turn":94},"proj":null,"translation":null,"pitching":null,"career_json":[{"year":2001,"kl_pct":0.6761904761904762,"teho_plus":190}],"pct_stats":["kl_pct","saatto_pct","eten_pct","kunnari_rate","lyoty_rate","palo_rate","tehot_per_turn"],"base_kl":{"player_id":2233,"turns_at_bat":95,"kl_base0":0.5,"kl_base0_tries":10,"kl_base1":0.6428571428571429,"kl_base1_tries":14,"kl_base2":0.7352941176470589,"kl_base2_tries":34,"kl_base3":0.6808510638297872,"kl_base3_tries":47,"pct_kl_base0":25,"pct_kl_base1":56,"pct_kl_base2":62,"pct_kl_base3":74},"base_keys":["kl_base0","kl_base1","kl_base2","kl_base3"],"comps":[]}