{"player":{"id":2245,"name":"Katri Kukkonen","born_year":null},"career":[{"year":2001,"season_id":157,"team":"YK","age":null,"games":14,"turns_at_bat":89,"vyk":-0.1,"spark_index":87,"adv_plus":80,"runner_plus":82,"out_avoid_plus":112,"money_kl_plus":101,"teho_plus":59,"teho_plus_adj":60},{"year":2002,"season_id":158,"team":"YK","age":null,"games":14,"turns_at_bat":95,"vyk":-0.03,"spark_index":92,"adv_plus":85,"runner_plus":88,"out_avoid_plus":116,"money_kl_plus":48,"teho_plus":44,"teho_plus_adj":44}],"line":{"player_id":2245,"name":"Katri Kukkonen","born_year":null,"year":2002,"games":14,"team":"YK","turns_at_bat":95,"kunnarit":0,"lyodyt":5,"tuodut":8,"karkilyonnit":35,"karki_yritykset":68,"saatot":89,"saatto_yritykset":154,"etenemiset":90,"eteneminen_yritykset":154,"haavat":43,"palot":21,"season_id":158,"tehot":13,"kl_pct":0.5147058823529411,"saatto_pct":0.577922077922078,"eten_pct":0.5844155844155844,"kunnari_rate":0.0,"lyoty_rate":0.05263157894736842,"tuotu_rate":0.05194805194805195,"haava_rate":0.45263157894736844,"palo_rate":0.22105263157894736,"tehot_per_turn":0.1368421052631579,"kl_per_turn":0.3684210526315789,"hr_rbi_per_turn":0.05263157894736842,"kl_base0":0.7058823529411765,"kl_base0_tries":17,"kl_base1":0.5263157894736842,"kl_base1_tries":19,"kl_base2":0.5333333333333333,"kl_base2_tries":15,"kl_base3":0.29411764705882354,"kl_base3_tries":17,"adv1_pct":0.7058823529411765,"adv2_pct":0.5263157894736842,"adv3_pct":0.5333333333333333,"adv_home_pct":0.29411764705882354,"money_kl_pct":0.29411764705882354,"money_kl_tries":17,"pos":"3P","teho_plus":44,"adv_plus":85,"runner_plus":88,"out_avoid_plus":116,"adv1_plus":114,"adv2_plus":82,"adv3_plus":76,"adv_home_plus":48,"money_kl_plus":48,"spark_index":92,"run_value":11.216804936609426,"raa":-7.2,"jyk":-0.6,"vyk":-0.03,"teho_plus_adj":44,"pct_kl_pct":9,"pct_saatto_pct":17,"pct_eten_pct":17,"pct_kunnari_rate":24,"pct_lyoty_rate":24,"pct_palo_rate":92,"pct_tehot_per_turn":9},"proj":null,"translation":null,"pitching":null,"career_json":[{"year":2001,"kl_pct":0.4852941176470588,"teho_plus":59},{"year":2002,"kl_pct":0.5147058823529411,"teho_plus":44}],"pct_stats":["kl_pct","saatto_pct","eten_pct","kunnari_rate","lyoty_rate","palo_rate","tehot_per_turn"],"base_kl":{"player_id":2245,"turns_at_bat":95,"kl_base0":0.7058823529411765,"kl_base0_tries":17,"kl_base1":0.5263157894736842,"kl_base1_tries":19,"kl_base2":0.5333333333333333,"kl_base2_tries":15,"kl_base3":0.29411764705882354,"kl_base3_tries":17,"pct_kl_base0":74,"pct_kl_base1":27,"pct_kl_base2":14,"pct_kl_base3":7},"base_keys":["kl_base0","kl_base1","kl_base2","kl_base3"],"comps":[]}