{"player":{"id":2298,"name":"Jukka-Pekka Karttunen","born_year":null},"career":[{"year":2002,"season_id":33,"team":"Mäntyharju","age":null,"games":22,"turns_at_bat":137,"vyk":0.41,"spark_index":108,"adv_plus":118,"runner_plus":104,"out_avoid_plus":91,"money_kl_plus":107,"teho_plus":87,"teho_plus_adj":85},{"year":2004,"season_id":41,"team":"Lohi","age":null,"games":22,"turns_at_bat":126,"vyk":0.17,"spark_index":94,"adv_plus":84,"runner_plus":95,"out_avoid_plus":116,"money_kl_plus":78,"teho_plus":76,"teho_plus_adj":81}],"line":{"player_id":2298,"name":"Jukka-Pekka Karttunen","born_year":null,"year":2004,"games":22,"team":"Lohi","turns_at_bat":126,"kunnarit":0,"lyodyt":6,"tuodut":9,"karkilyonnit":43,"karki_yritykset":112,"saatot":111,"saatto_yritykset":215,"etenemiset":130,"eteneminen_yritykset":234,"haavat":80,"palot":24,"season_id":41,"tehot":15,"kl_pct":0.38392857142857145,"saatto_pct":0.5162790697674419,"eten_pct":0.5555555555555556,"kunnari_rate":0.0,"lyoty_rate":0.047619047619047616,"tuotu_rate":0.038461538461538464,"haava_rate":0.6349206349206349,"palo_rate":0.19047619047619047,"tehot_per_turn":0.11904761904761904,"kl_per_turn":0.3412698412698413,"hr_rbi_per_turn":0.047619047619047616,"kl_base0":0.4418604651162791,"kl_base0_tries":43,"kl_base1":0.30303030303030304,"kl_base1_tries":33,"kl_base2":0.4444444444444444,"kl_base2_tries":18,"kl_base3":0.3333333333333333,"kl_base3_tries":18,"adv1_pct":0.4418604651162791,"adv2_pct":0.30303030303030304,"adv3_pct":0.4444444444444444,"adv_home_pct":0.3333333333333333,"money_kl_pct":0.3333333333333333,"money_kl_tries":18,"pos":"2V","teho_plus":76,"adv_plus":84,"runner_plus":95,"out_avoid_plus":116,"adv1_plus":86,"adv2_plus":62,"adv3_plus":74,"adv_home_plus":78,"money_kl_plus":78,"spark_index":94,"run_value":2.2213834916642132,"raa":0.6,"jyk":2.2,"vyk":0.17,"teho_plus_adj":81,"pct_kl_pct":18,"pct_saatto_pct":36,"pct_eten_pct":45,"pct_kunnari_rate":32,"pct_lyoty_rate":56,"pct_palo_rate":80,"pct_tehot_per_turn":41},"proj":null,"translation":null,"pitching":null,"career_json":[{"year":2002,"kl_pct":0.626984126984127,"teho_plus":87},{"year":2004,"kl_pct":0.38392857142857145,"teho_plus":76}],"pct_stats":["kl_pct","saatto_pct","eten_pct","kunnari_rate","lyoty_rate","palo_rate","tehot_per_turn"],"base_kl":{"player_id":2298,"turns_at_bat":126,"kl_base0":0.4418604651162791,"kl_base0_tries":43,"kl_base1":0.30303030303030304,"kl_base1_tries":33,"kl_base2":0.4444444444444444,"kl_base2_tries":18,"kl_base3":0.3333333333333333,"kl_base3_tries":18,"pct_kl_base0":38,"pct_kl_base1":23,"pct_kl_base2":23,"pct_kl_base3":29},"base_keys":["kl_base0","kl_base1","kl_base2","kl_base3"],"comps":[]}