{"player":{"id":2395,"name":"Pekka Kurikka","born_year":null},"career":[{"year":2002,"season_id":33,"team":"KiimU","age":null,"games":21,"turns_at_bat":144,"vyk":0.17,"spark_index":99,"adv_plus":95,"runner_plus":99,"out_avoid_plus":107,"money_kl_plus":76,"teho_plus":82,"teho_plus_adj":83},{"year":2003,"season_id":37,"team":"KiimU","age":null,"games":20,"turns_at_bat":142,"vyk":0.15,"spark_index":91,"adv_plus":82,"runner_plus":86,"out_avoid_plus":119,"money_kl_plus":93,"teho_plus":67,"teho_plus_adj":67}],"line":{"player_id":2395,"name":"Pekka Kurikka","born_year":null,"year":2003,"games":20,"team":"KiimU","turns_at_bat":142,"kunnarit":0,"lyodyt":15,"tuodut":2,"karkilyonnit":56,"karki_yritykset":141,"saatot":143,"saatto_yritykset":279,"etenemiset":118,"eteneminen_yritykset":227,"haavat":86,"palot":23,"season_id":37,"tehot":17,"kl_pct":0.3971631205673759,"saatto_pct":0.5125448028673835,"eten_pct":0.5198237885462555,"kunnari_rate":0.0,"lyoty_rate":0.1056338028169014,"tuotu_rate":0.00881057268722467,"haava_rate":0.6056338028169014,"palo_rate":0.1619718309859155,"tehot_per_turn":0.11971830985915492,"kl_per_turn":0.39436619718309857,"hr_rbi_per_turn":0.1056338028169014,"kl_base0":0.2857142857142857,"kl_base0_tries":42,"kl_base1":0.4583333333333333,"kl_base1_tries":24,"kl_base2":0.47368421052631576,"kl_base2_tries":38,"kl_base3":0.40540540540540543,"kl_base3_tries":37,"adv1_pct":0.2857142857142857,"adv2_pct":0.4583333333333333,"adv3_pct":0.47368421052631576,"adv_home_pct":0.40540540540540543,"money_kl_pct":0.40540540540540543,"money_kl_tries":37,"pos":"1V","teho_plus":67,"adv_plus":82,"runner_plus":86,"out_avoid_plus":119,"adv1_plus":54,"adv2_plus":85,"adv3_plus":76,"adv_home_plus":93,"money_kl_plus":93,"spark_index":91,"run_value":3.389173179456466,"raa":-6.3,"jyk":2.1,"vyk":0.15,"teho_plus_adj":67,"pct_kl_pct":17,"pct_saatto_pct":23,"pct_eten_pct":18,"pct_kunnari_rate":26,"pct_lyoty_rate":75,"pct_palo_rate":88,"pct_tehot_per_turn":32},"proj":null,"translation":null,"pitching":null,"career_json":[{"year":2002,"kl_pct":0.4344262295081967,"teho_plus":82},{"year":2003,"kl_pct":0.3971631205673759,"teho_plus":67}],"pct_stats":["kl_pct","saatto_pct","eten_pct","kunnari_rate","lyoty_rate","palo_rate","tehot_per_turn"],"base_kl":{"player_id":2395,"turns_at_bat":142,"kl_base0":0.2857142857142857,"kl_base0_tries":42,"kl_base1":0.4583333333333333,"kl_base1_tries":24,"kl_base2":0.47368421052631576,"kl_base2_tries":38,"kl_base3":0.40540540540540543,"kl_base3_tries":37,"pct_kl_base0":11,"pct_kl_base1":38,"pct_kl_base2":25,"pct_kl_base3":44},"base_keys":["kl_base0","kl_base1","kl_base2","kl_base3"],"comps":[]}