{"player":{"id":24033,"name":"Aaro Ala-Hiiro","born_year":null},"career":[{"year":2026,"season_id":156,"team":"KePe","age":null,"games":14,"turns_at_bat":99,"vyk":0.25,"spark_index":103,"adv_plus":105,"runner_plus":104,"out_avoid_plus":97,"money_kl_plus":37,"teho_plus":73,"teho_plus_adj":71}],"line":{"player_id":24033,"name":"Aaro Ala-Hiiro","born_year":null,"year":2026,"games":14,"team":"KePe","turns_at_bat":99,"kunnarit":0,"lyodyt":1,"tuodut":16,"karkilyonnit":44,"karki_yritykset":77,"saatot":100,"saatto_yritykset":152,"etenemiset":126,"eteneminen_yritykset":196,"haavat":38,"palot":32,"season_id":156,"tehot":17,"kl_pct":0.5714285714285714,"saatto_pct":0.6578947368421053,"eten_pct":0.6428571428571429,"kunnari_rate":0.0,"lyoty_rate":0.010101010101010102,"tuotu_rate":0.08163265306122448,"haava_rate":0.3838383838383838,"palo_rate":0.32323232323232326,"tehot_per_turn":0.1717171717171717,"kl_per_turn":0.4444444444444444,"hr_rbi_per_turn":0.010101010101010102,"kl_base0":0.6774193548387096,"kl_base0_tries":31,"kl_base1":0.5,"kl_base1_tries":26,"kl_base2":0.6,"kl_base2_tries":15,"kl_base3":0.2,"kl_base3_tries":5,"adv1_pct":0.6774193548387096,"adv2_pct":0.5,"adv3_pct":0.6,"adv_home_pct":0.2,"money_kl_pct":0.2,"money_kl_tries":5,"pos":"2K","teho_plus":73,"adv_plus":105,"runner_plus":104,"out_avoid_plus":97,"adv1_plus":133,"adv2_plus":94,"adv3_plus":96,"adv_home_plus":37,"money_kl_plus":37,"spark_index":103,"run_value":9.338457920050956,"raa":-2.9,"jyk":4.4,"vyk":0.25,"teho_plus_adj":71,"pct_kl_pct":57,"pct_saatto_pct":64,"pct_eten_pct":63,"pct_kunnari_rate":28,"pct_lyoty_rate":11,"pct_palo_rate":39,"pct_tehot_per_turn":39},"proj":{"player_id":24033,"name":"Aaro Ala-Hiiro","as_of":"2026-07-16","age":null,"stats":{"kl_pct":{"rate":0.5552787516081418,"effective_n":70.03988011244446,"observed":0.5605269471530333},"saatto_pct":{"rate":0.6438513919086253,"effective_n":133.6087365664971,"observed":0.6505847974951279},"eten_pct":{"rate":0.6335463479387856,"effective_n":170.7057513656449,"observed":0.6377149530545339},"kunnari_rate":{"rate":0.005214122696963444,"effective_n":92.56676113534839,"observed":0.0},"lyoty_rate":{"rate":0.054967732540333054,"effective_n":89.56595612775288,"observed":0.011031578680092288},"haava_rate":{"rate":0.40852777199016954,"effective_n":83.9608530860574,"observed":0.39556872837676327},"palo_rate":{"rate":0.31266840916541744,"effective_n":86.69953905100226,"observed":0.3200673934280495}},"teho_plus_proj":107},"translation":{"wrc_plus":93,"tier":"league-average regular","rows":[{"pesis_label":"Kärkilyönti-% (advance the lead runner)","pesis_value":0.5714285714285714,"percentile":57,"mlb_stat":"AVG","mlb_value":"0.288"},{"pesis_label":"Kärkilyönnit per turn (base hits)","pesis_value":0.4444444444444444,"percentile":32,"mlb_stat":"H / 600 PA","mlb_value":"140"},{"pesis_label":"Lyödyt per turn (runs batted home)","pesis_value":0.010101010101010102,"percentile":11,"mlb_stat":"RBI / 600 PA","mlb_value":"47"},{"pesis_label":"Tuodut per advance (runs scored)","pesis_value":0.08163265306122448,"percentile":75,"mlb_stat":"R / 600 PA","mlb_value":"88"},{"pesis_label":"Palot per turn (burned outs)","pesis_value":0.32323232323232326,"percentile":39,"mlb_stat":"K%","mlb_value":"23.7%"}]},"pitching":null,"career_json":[{"year":2026,"kl_pct":0.5714285714285714,"teho_plus":73}],"pct_stats":["kl_pct","saatto_pct","eten_pct","kunnari_rate","lyoty_rate","palo_rate","tehot_per_turn"],"base_kl":{"player_id":24033,"turns_at_bat":99,"kl_base0":0.6774193548387096,"kl_base0_tries":31,"kl_base1":0.5,"kl_base1_tries":26,"kl_base2":0.6,"kl_base2_tries":15,"kl_base3":0.2,"kl_base3_tries":5,"pct_kl_base0":87,"pct_kl_base1":46,"pct_kl_base2":45,"pct_kl_base3":9},"base_keys":["kl_base0","kl_base1","kl_base2","kl_base3"],"comps":[]}