{"player":{"id":2436,"name":"Heidi Bergbacka","born_year":null},"career":[{"year":2003,"age":null,"games":10,"turns_at_bat":47,"vyk":-0.11,"spark_index":65,"adv_plus":58,"runner_plus":60,"out_avoid_plus":90,"money_kl_plus":67,"teho_plus":29,"teho_plus_adj":28},{"year":2004,"age":null,"games":15,"turns_at_bat":82,"vyk":-0.77,"spark_index":76,"adv_plus":73,"runner_plus":78,"out_avoid_plus":83,"money_kl_plus":64,"teho_plus":26,"teho_plus_adj":26}],"line":{"player_id":2436,"name":"Heidi Bergbacka","born_year":null,"year":2004,"games":15,"team":"NeNu-Pesis","turns_at_bat":82,"kunnarit":0,"lyodyt":2,"tuodut":3,"karkilyonnit":25,"karki_yritykset":70,"saatot":64,"saatto_yritykset":130,"etenemiset":70,"eteneminen_yritykset":142,"haavat":37,"palot":35,"season_id":51,"tehot":5,"kl_pct":0.35714285714285715,"saatto_pct":0.49230769230769234,"eten_pct":0.49295774647887325,"kunnari_rate":0.0,"lyoty_rate":0.024390243902439025,"tuotu_rate":0.02112676056338028,"haava_rate":0.45121951219512196,"palo_rate":0.4268292682926829,"tehot_per_turn":0.06097560975609756,"kl_per_turn":0.3048780487804878,"hr_rbi_per_turn":0.024390243902439025,"kl_base0":0.4090909090909091,"kl_base0_tries":22,"kl_base1":0.2727272727272727,"kl_base1_tries":33,"kl_base2":0.5555555555555556,"kl_base2_tries":9,"kl_base3":0.3333333333333333,"kl_base3_tries":6,"adv1_pct":0.4090909090909091,"adv2_pct":0.2727272727272727,"adv3_pct":0.5555555555555556,"adv_home_pct":0.3333333333333333,"money_kl_pct":0.3333333333333333,"money_kl_tries":6,"pos":"1V","teho_plus":26,"adv_plus":73,"runner_plus":78,"out_avoid_plus":83,"adv1_plus":75,"adv2_plus":47,"adv3_plus":85,"adv_home_plus":64,"money_kl_plus":64,"spark_index":76,"run_value":-14.47368971760153,"raa":-12.1,"jyk":-14.5,"vyk":-0.77,"teho_plus_adj":26,"pct_kl_pct":6,"pct_saatto_pct":14,"pct_eten_pct":10,"pct_kunnari_rate":28,"pct_lyoty_rate":20,"pct_palo_rate":12,"pct_tehot_per_turn":4},"proj":null,"translation":null,"career_json":[{"year":2003,"kl_pct":0.2972972972972973,"teho_plus":29},{"year":2004,"kl_pct":0.35714285714285715,"teho_plus":26}],"pct_stats":["kl_pct","saatto_pct","eten_pct","kunnari_rate","lyoty_rate","palo_rate","tehot_per_turn"],"base_kl":{"player_id":2436,"turns_at_bat":82,"kl_base0":0.4090909090909091,"kl_base0_tries":22,"kl_base1":0.2727272727272727,"kl_base1_tries":33,"kl_base2":0.5555555555555556,"kl_base2_tries":9,"kl_base3":0.3333333333333333,"kl_base3_tries":6,"pct_kl_base0":23,"pct_kl_base1":7,"pct_kl_base2":34,"pct_kl_base3":19},"base_keys":["kl_base0","kl_base1","kl_base2","kl_base3"],"comps":[]}