{"player":{"id":2441,"name":"Marianna Päärni","born_year":null},"career":[{"year":2001,"season_id":157,"team":"HP","age":null,"games":10,"turns_at_bat":46,"vyk":0.09,"spark_index":93,"adv_plus":93,"runner_plus":99,"out_avoid_plus":84,"money_kl_plus":73,"teho_plus":86,"teho_plus_adj":84},{"year":2002,"season_id":158,"team":"HP","age":null,"games":11,"turns_at_bat":51,"vyk":0.21,"spark_index":108,"adv_plus":107,"runner_plus":106,"out_avoid_plus":111,"money_kl_plus":104,"teho_plus":94,"teho_plus_adj":91}],"line":{"player_id":2441,"name":"Marianna Päärni","born_year":null,"year":2002,"games":11,"team":"HP","turns_at_bat":51,"kunnarit":0,"lyodyt":7,"tuodut":8,"karkilyonnit":33,"karki_yritykset":52,"saatot":76,"saatto_yritykset":103,"etenemiset":77,"eteneminen_yritykset":109,"haavat":19,"palot":13,"season_id":158,"tehot":15,"kl_pct":0.6346153846153846,"saatto_pct":0.7378640776699029,"eten_pct":0.7064220183486238,"kunnari_rate":0.0,"lyoty_rate":0.13725490196078433,"tuotu_rate":0.07339449541284404,"haava_rate":0.37254901960784315,"palo_rate":0.2549019607843137,"tehot_per_turn":0.29411764705882354,"kl_per_turn":0.6470588235294118,"hr_rbi_per_turn":0.13725490196078433,"kl_base0":0.6153846153846154,"kl_base0_tries":13,"kl_base1":0.6666666666666666,"kl_base1_tries":18,"kl_base2":0.6,"kl_base2_tries":10,"kl_base3":0.6363636363636364,"kl_base3_tries":11,"adv1_pct":0.6153846153846154,"adv2_pct":0.6666666666666666,"adv3_pct":0.6,"adv_home_pct":0.6363636363636364,"money_kl_pct":0.6363636363636364,"money_kl_tries":11,"pos":"2V","teho_plus":94,"adv_plus":107,"runner_plus":106,"out_avoid_plus":111,"adv1_plus":100,"adv2_plus":104,"adv3_plus":86,"adv_home_plus":104,"money_kl_plus":104,"spark_index":108,"run_value":11.172588735385004,"raa":1.3,"jyk":4.9,"vyk":0.21,"teho_plus_adj":91,"pct_kl_pct":49,"pct_saatto_pct":83,"pct_eten_pct":73,"pct_kunnari_rate":24,"pct_lyoty_rate":63,"pct_palo_rate":79,"pct_tehot_per_turn":52},"proj":null,"translation":null,"pitching":null,"career_json":[{"year":2001,"kl_pct":0.5384615384615384,"teho_plus":86},{"year":2002,"kl_pct":0.6346153846153846,"teho_plus":94}],"pct_stats":["kl_pct","saatto_pct","eten_pct","kunnari_rate","lyoty_rate","palo_rate","tehot_per_turn"],"base_kl":{"player_id":2441,"turns_at_bat":51,"kl_base0":0.6153846153846154,"kl_base0_tries":13,"kl_base1":0.6666666666666666,"kl_base1_tries":18,"kl_base2":0.6,"kl_base2_tries":10,"kl_base3":0.6363636363636364,"kl_base3_tries":11,"pct_kl_base0":50,"pct_kl_base1":58,"pct_kl_base2":28,"pct_kl_base3":61},"base_keys":["kl_base0","kl_base1","kl_base2","kl_base3"],"comps":[]}