{"player":{"id":2530,"name":"Henna Pikkarainen","born_year":null},"career":[{"year":2001,"season_id":157,"team":"ToPo","age":null,"games":9,"turns_at_bat":46,"vyk":0.26,"spark_index":97,"adv_plus":98,"runner_plus":87,"out_avoid_plus":110,"money_kl_plus":108,"teho_plus":93,"teho_plus_adj":93}],"line":{"player_id":2530,"name":"Henna Pikkarainen","born_year":null,"year":2001,"games":9,"team":"ToPo","turns_at_bat":46,"kunnarit":2,"lyodyt":7,"tuodut":4,"karkilyonnit":42,"karki_yritykset":58,"saatot":60,"saatto_yritykset":101,"etenemiset":42,"eteneminen_yritykset":73,"haavat":19,"palot":12,"season_id":157,"tehot":13,"kl_pct":0.7241379310344828,"saatto_pct":0.594059405940594,"eten_pct":0.5753424657534246,"kunnari_rate":0.043478260869565216,"lyoty_rate":0.15217391304347827,"tuotu_rate":0.0547945205479452,"haava_rate":0.41304347826086957,"palo_rate":0.2608695652173913,"tehot_per_turn":0.2826086956521739,"kl_per_turn":0.9130434782608695,"hr_rbi_per_turn":0.1956521739130435,"kl_base0":0.625,"kl_base0_tries":16,"kl_base1":0.9090909090909091,"kl_base1_tries":11,"kl_base2":0.7647058823529411,"kl_base2_tries":17,"kl_base3":0.6428571428571429,"kl_base3_tries":14,"adv1_pct":0.625,"adv2_pct":0.9090909090909091,"adv3_pct":0.7647058823529411,"adv_home_pct":0.6428571428571429,"money_kl_pct":0.6428571428571429,"money_kl_tries":14,"pos":"S","teho_plus":93,"adv_plus":98,"runner_plus":87,"out_avoid_plus":110,"adv1_plus":100,"adv2_plus":144,"adv3_plus":110,"adv_home_plus":108,"money_kl_plus":108,"spark_index":97,"run_value":12.448367417453877,"raa":2.8,"jyk":6.0,"vyk":0.26,"teho_plus_adj":93,"pct_kl_pct":83,"pct_saatto_pct":25,"pct_eten_pct":16,"pct_kunnari_rate":96,"pct_lyoty_rate":70,"pct_palo_rate":80,"pct_tehot_per_turn":53},"proj":null,"translation":null,"pitching":null,"career_json":[{"year":2001,"kl_pct":0.7241379310344828,"teho_plus":93}],"pct_stats":["kl_pct","saatto_pct","eten_pct","kunnari_rate","lyoty_rate","palo_rate","tehot_per_turn"],"base_kl":{"player_id":2530,"turns_at_bat":46,"kl_base0":0.625,"kl_base0_tries":16,"kl_base1":0.9090909090909091,"kl_base1_tries":11,"kl_base2":0.7647058823529411,"kl_base2_tries":17,"kl_base3":0.6428571428571429,"kl_base3_tries":14,"pct_kl_base0":51,"pct_kl_base1":99,"pct_kl_base2":71,"pct_kl_base3":60},"base_keys":["kl_base0","kl_base1","kl_base2","kl_base3"],"comps":[]}