{"player":{"id":25404,"name":"Tea Koskelo","born_year":null},"career":[{"year":2026,"season_id":178,"team":"PuPe","age":null,"games":12,"turns_at_bat":48,"vyk":0.07,"spark_index":86,"adv_plus":75,"runner_plus":97,"out_avoid_plus":99,"money_kl_plus":53,"teho_plus":55,"teho_plus_adj":55}],"line":{"player_id":25404,"name":"Tea Koskelo","born_year":null,"year":2026,"games":12,"team":"PuPe","turns_at_bat":48,"kunnarit":0,"lyodyt":7,"tuodut":1,"karkilyonnit":19,"karki_yritykset":50,"saatot":62,"saatto_yritykset":119,"etenemiset":51,"eteneminen_yritykset":80,"haavat":14,"palot":15,"season_id":178,"tehot":8,"kl_pct":0.38,"saatto_pct":0.5210084033613446,"eten_pct":0.6375,"kunnari_rate":0.0,"lyoty_rate":0.14583333333333334,"tuotu_rate":0.0125,"haava_rate":0.2916666666666667,"palo_rate":0.3125,"tehot_per_turn":0.16666666666666666,"kl_per_turn":0.3958333333333333,"hr_rbi_per_turn":0.14583333333333334,"kl_base0":0.0,"kl_base0_tries":5,"kl_base1":0.2727272727272727,"kl_base1_tries":11,"kl_base2":0.8181818181818182,"kl_base2_tries":11,"kl_base3":0.30434782608695654,"kl_base3_tries":23,"adv1_pct":0.0,"adv2_pct":0.2727272727272727,"adv3_pct":0.8181818181818182,"adv_home_pct":0.30434782608695654,"money_kl_pct":0.30434782608695654,"money_kl_tries":23,"pos":"3V","teho_plus":55,"adv_plus":75,"runner_plus":97,"out_avoid_plus":99,"adv1_plus":0,"adv2_plus":46,"adv3_plus":118,"adv_home_plus":53,"money_kl_plus":53,"spark_index":86,"run_value":5.002278195292613,"raa":-2.6,"jyk":1.5,"vyk":0.07,"teho_plus_adj":55,"pct_kl_pct":3,"pct_saatto_pct":10,"pct_eten_pct":42,"pct_kunnari_rate":28,"pct_lyoty_rate":68,"pct_palo_rate":45,"pct_tehot_per_turn":21},"proj":{"player_id":25404,"name":"Tea Koskelo","as_of":"2026-07-16","age":null,"stats":{"kl_pct":{"rate":0.5058796192756341,"effective_n":45.402716997567566,"observed":0.3754124800215594},"saatto_pct":{"rate":0.5583124719865354,"effective_n":104.41391460896129,"observed":0.5192614874483733},"eten_pct":{"rate":0.6468282176749128,"effective_n":71.21945020520086,"observed":0.6386267771533829},"kunnari_rate":{"rate":0.007576203112968874,"effective_n":45.31206692098534,"observed":0.0},"lyoty_rate":{"rate":0.13540947853211346,"effective_n":44.05932585026986,"observed":0.1420769491798688},"haava_rate":{"rate":0.34632773803236544,"effective_n":41.72123487192446,"observed":0.2901829394451583},"palo_rate":{"rate":0.30887166399351473,"effective_n":42.86333354854551,"observed":0.30996206745463317}},"teho_plus_proj":112},"translation":{"wrc_plus":80,"tier":"bench bat","rows":[{"pesis_label":"Kärkilyönti-% (advance the lead runner)","pesis_value":0.38,"percentile":3,"mlb_stat":"AVG","mlb_value":"0.097"},{"pesis_label":"Kärkilyönnit per turn (base hits)","pesis_value":0.3958333333333333,"percentile":12,"mlb_stat":"H / 600 PA","mlb_value":"124"},{"pesis_label":"Lyödyt per turn (runs batted home)","pesis_value":0.14583333333333334,"percentile":68,"mlb_stat":"RBI / 600 PA","mlb_value":"81"},{"pesis_label":"Tuodut per advance (runs scored)","pesis_value":0.0125,"percentile":2,"mlb_stat":"R / 600 PA","mlb_value":"39"},{"pesis_label":"Palot per turn (burned outs)","pesis_value":0.3125,"percentile":45,"mlb_stat":"K%","mlb_value":"22.9%"}]},"pitching":null,"career_json":[{"year":2026,"kl_pct":0.38,"teho_plus":55}],"pct_stats":["kl_pct","saatto_pct","eten_pct","kunnari_rate","lyoty_rate","palo_rate","tehot_per_turn"],"base_kl":{"player_id":25404,"turns_at_bat":48,"kl_base0":0.0,"kl_base0_tries":5,"kl_base1":0.2727272727272727,"kl_base1_tries":11,"kl_base2":0.8181818181818182,"kl_base2_tries":11,"kl_base3":0.30434782608695654,"kl_base3_tries":23,"pct_kl_base0":1,"pct_kl_base1":4,"pct_kl_base2":82,"pct_kl_base3":11},"base_keys":["kl_base0","kl_base1","kl_base2","kl_base3"],"comps":[]}