{"player":{"id":25523,"name":"Kati Tahvanainen","born_year":null},"career":[{"year":2019,"season_id":171,"team":"ViU","age":null,"games":16,"turns_at_bat":108,"vyk":0.56,"spark_index":101,"adv_plus":104,"runner_plus":96,"out_avoid_plus":103,"money_kl_plus":123,"teho_plus":115,"teho_plus_adj":113}],"line":{"player_id":25523,"name":"Kati Tahvanainen","born_year":null,"year":2019,"games":16,"team":"ViU","turns_at_bat":108,"kunnarit":2,"lyodyt":21,"tuodut":14,"karkilyonnit":80,"karki_yritykset":116,"saatot":168,"saatto_yritykset":256,"etenemiset":135,"eteneminen_yritykset":215,"haavat":49,"palot":31,"season_id":171,"tehot":37,"kl_pct":0.6896551724137931,"saatto_pct":0.65625,"eten_pct":0.627906976744186,"kunnari_rate":0.018518518518518517,"lyoty_rate":0.19444444444444445,"tuotu_rate":0.06511627906976744,"haava_rate":0.4537037037037037,"palo_rate":0.28703703703703703,"tehot_per_turn":0.3425925925925926,"kl_per_turn":0.7407407407407407,"hr_rbi_per_turn":0.21296296296296297,"kl_base0":0.8333333333333334,"kl_base0_tries":12,"kl_base1":0.5,"kl_base1_tries":28,"kl_base2":0.7674418604651163,"kl_base2_tries":43,"kl_base3":0.696969696969697,"kl_base3_tries":33,"adv1_pct":0.8333333333333334,"adv2_pct":0.5,"adv3_pct":0.7674418604651163,"adv_home_pct":0.696969696969697,"money_kl_pct":0.696969696969697,"money_kl_tries":33,"pos":"L","teho_plus":115,"adv_plus":104,"runner_plus":96,"out_avoid_plus":103,"adv1_plus":144,"adv2_plus":83,"adv3_plus":110,"adv_home_plus":123,"money_kl_plus":123,"spark_index":101,"run_value":24.080174677173332,"raa":4.2,"jyk":13.2,"vyk":0.56,"teho_plus_adj":113,"pct_kl_pct":77,"pct_saatto_pct":53,"pct_eten_pct":40,"pct_kunnari_rate":73,"pct_lyoty_rate":80,"pct_palo_rate":59,"pct_tehot_per_turn":70},"proj":null,"translation":null,"pitching":null,"career_json":[{"year":2019,"kl_pct":0.6896551724137931,"teho_plus":115}],"pct_stats":["kl_pct","saatto_pct","eten_pct","kunnari_rate","lyoty_rate","palo_rate","tehot_per_turn"],"base_kl":{"player_id":25523,"turns_at_bat":108,"kl_base0":0.8333333333333334,"kl_base0_tries":12,"kl_base1":0.5,"kl_base1_tries":28,"kl_base2":0.7674418604651163,"kl_base2_tries":43,"kl_base3":0.696969696969697,"kl_base3_tries":33,"pct_kl_base0":92,"pct_kl_base1":29,"pct_kl_base2":74,"pct_kl_base3":82},"base_keys":["kl_base0","kl_base1","kl_base2","kl_base3"],"comps":[]}