{"player":{"id":25742,"name":"Venne Nehvonen","born_year":null},"career":[{"year":2025,"season_id":155,"team":"IiU","age":null,"games":1,"turns_at_bat":5,"vyk":-0.0,"spark_index":51,"adv_plus":28,"runner_plus":27,"out_avoid_plus":144,"money_kl_plus":null,"teho_plus":0,"teho_plus_adj":0},{"year":2026,"season_id":156,"team":"IiU","age":null,"games":9,"turns_at_bat":50,"vyk":-0.23,"spark_index":64,"adv_plus":56,"runner_plus":61,"out_avoid_plus":89,"money_kl_plus":0,"teho_plus":17,"teho_plus_adj":17}],"line":{"player_id":25742,"name":"Venne Nehvonen","born_year":null,"year":2026,"games":9,"team":"IiU","turns_at_bat":50,"kunnarit":0,"lyodyt":0,"tuodut":2,"karkilyonnit":14,"karki_yritykset":45,"saatot":23,"saatto_yritykset":66,"etenemiset":25,"eteneminen_yritykset":66,"haavat":22,"palot":19,"season_id":156,"tehot":2,"kl_pct":0.3111111111111111,"saatto_pct":0.3484848484848485,"eten_pct":0.3787878787878788,"kunnari_rate":0.0,"lyoty_rate":0.0,"tuotu_rate":0.030303030303030304,"haava_rate":0.44,"palo_rate":0.38,"tehot_per_turn":0.04,"kl_per_turn":0.28,"hr_rbi_per_turn":0.0,"kl_base0":0.43478260869565216,"kl_base0_tries":23,"kl_base1":0.09090909090909091,"kl_base1_tries":11,"kl_base2":0.3333333333333333,"kl_base2_tries":9,"kl_base3":0.0,"kl_base3_tries":2,"adv1_pct":0.43478260869565216,"adv2_pct":0.09090909090909091,"adv3_pct":0.3333333333333333,"adv_home_pct":0.0,"money_kl_pct":0.0,"money_kl_tries":2,"pos":"S","teho_plus":17,"adv_plus":56,"runner_plus":61,"out_avoid_plus":89,"adv1_plus":85,"adv2_plus":17,"adv3_plus":53,"adv_home_plus":0,"money_kl_plus":0,"spark_index":64,"run_value":-1.6254804368614157,"raa":-7.8,"jyk":-4.1,"vyk":-0.23,"teho_plus_adj":17,"pct_kl_pct":4,"pct_saatto_pct":1,"pct_eten_pct":2,"pct_kunnari_rate":28,"pct_lyoty_rate":5,"pct_palo_rate":20,"pct_tehot_per_turn":3},"proj":{"player_id":25742,"name":"Venne Nehvonen","as_of":"2026-07-12","age":null,"stats":{"kl_pct":{"rate":0.44890422553401316,"effective_n":42.733513599124564,"observed":0.3081507964080716},"saatto_pct":{"rate":0.44914120914706757,"effective_n":60.99366514439835,"observed":0.33619889815540616},"eten_pct":{"rate":0.48416186627760976,"effective_n":60.35474230299969,"observed":0.37219685811465575},"kunnari_rate":{"rate":0.006534235920795456,"effective_n":49.6218482605538,"observed":0.0},"lyoty_rate":{"rate":0.06531357558148633,"effective_n":47.57841165653643,"observed":0.0},"haava_rate":{"rate":0.4278132605670644,"effective_n":44.2440524108448,"observed":0.44681008511025344},"palo_rate":{"rate":0.3305435319053728,"effective_n":45.810125738045926,"observed":0.3757627560580767}},"teho_plus_proj":93},"translation":{"wrc_plus":53,"tier":"replacement level","rows":[{"pesis_label":"Kärkilyönti-% (advance the lead runner)","pesis_value":0.3111111111111111,"percentile":4,"mlb_stat":"AVG","mlb_value":"0.028"},{"pesis_label":"Kärkilyönnit per turn (base hits)","pesis_value":0.28,"percentile":5,"mlb_stat":"H / 600 PA","mlb_value":"114"},{"pesis_label":"Lyödyt per turn (runs batted home)","pesis_value":0.0,"percentile":5,"mlb_stat":"RBI / 600 PA","mlb_value":"39"},{"pesis_label":"Tuodut per advance (runs scored)","pesis_value":0.030303030303030304,"percentile":21,"mlb_stat":"R / 600 PA","mlb_value":"61"},{"pesis_label":"Palot per turn (burned outs)","pesis_value":0.38,"percentile":20,"mlb_stat":"K%","mlb_value":"26.8%"}]},"pitching":null,"career_json":[{"year":2025,"kl_pct":0.3333333333333333,"teho_plus":0},{"year":2026,"kl_pct":0.3111111111111111,"teho_plus":17}],"pct_stats":["kl_pct","saatto_pct","eten_pct","kunnari_rate","lyoty_rate","palo_rate","tehot_per_turn"],"base_kl":{"player_id":25742,"turns_at_bat":50,"kl_base0":0.43478260869565216,"kl_base0_tries":23,"kl_base1":0.09090909090909091,"kl_base1_tries":11,"kl_base2":0.3333333333333333,"kl_base2_tries":9,"kl_base3":0.0,"kl_base3_tries":2,"pct_kl_base0":36,"pct_kl_base1":1,"pct_kl_base2":9,"pct_kl_base3":3},"base_keys":["kl_base0","kl_base1","kl_base2","kl_base3"],"comps":[]}