{"player":{"id":25854,"name":"Jenni Nättinen","born_year":null},"career":[{"year":2023,"season_id":175,"team":"OsVa","age":null,"games":14,"turns_at_bat":102,"vyk":0.77,"spark_index":115,"adv_plus":120,"runner_plus":114,"out_avoid_plus":105,"money_kl_plus":118,"teho_plus":170,"teho_plus_adj":168},{"year":2024,"season_id":176,"team":"OsVa","age":null,"games":14,"turns_at_bat":91,"vyk":0.77,"spark_index":106,"adv_plus":111,"runner_plus":107,"out_avoid_plus":92,"money_kl_plus":119,"teho_plus":206,"teho_plus_adj":207}],"line":{"player_id":25854,"name":"Jenni Nättinen","born_year":null,"year":2024,"games":14,"team":"OsVa","turns_at_bat":91,"kunnarit":3,"lyodyt":35,"tuodut":19,"karkilyonnit":78,"karki_yritykset":113,"saatot":177,"saatto_yritykset":242,"etenemiset":144,"eteneminen_yritykset":203,"haavat":26,"palot":33,"season_id":176,"tehot":57,"kl_pct":0.6902654867256637,"saatto_pct":0.731404958677686,"eten_pct":0.7093596059113301,"kunnari_rate":0.03296703296703297,"lyoty_rate":0.38461538461538464,"tuotu_rate":0.09359605911330049,"haava_rate":0.2857142857142857,"palo_rate":0.3626373626373626,"tehot_per_turn":0.6263736263736264,"kl_per_turn":0.8571428571428571,"hr_rbi_per_turn":0.4175824175824176,"kl_base0":0.5555555555555556,"kl_base0_tries":9,"kl_base1":0.6666666666666666,"kl_base1_tries":18,"kl_base2":0.7419354838709677,"kl_base2_tries":31,"kl_base3":0.6909090909090909,"kl_base3_tries":55,"adv1_pct":0.5555555555555556,"adv2_pct":0.6666666666666666,"adv3_pct":0.7419354838709677,"adv_home_pct":0.6909090909090909,"money_kl_pct":0.6909090909090909,"money_kl_tries":55,"pos":"2P","teho_plus":206,"adv_plus":111,"runner_plus":107,"out_avoid_plus":92,"adv1_plus":95,"adv2_plus":112,"adv3_plus":108,"adv_home_plus":119,"money_kl_plus":119,"spark_index":106,"run_value":21.57477861796202,"raa":10.4,"jyk":18.3,"vyk":0.77,"teho_plus_adj":207,"pct_kl_pct":77,"pct_saatto_pct":78,"pct_eten_pct":77,"pct_kunnari_rate":89,"pct_lyoty_rate":96,"pct_palo_rate":24,"pct_tehot_per_turn":97},"proj":null,"translation":null,"pitching":null,"career_json":[{"year":2023,"kl_pct":0.7477477477477478,"teho_plus":170},{"year":2024,"kl_pct":0.6902654867256637,"teho_plus":206}],"pct_stats":["kl_pct","saatto_pct","eten_pct","kunnari_rate","lyoty_rate","palo_rate","tehot_per_turn"],"base_kl":{"player_id":25854,"turns_at_bat":91,"kl_base0":0.5555555555555556,"kl_base0_tries":9,"kl_base1":0.6666666666666666,"kl_base1_tries":18,"kl_base2":0.7419354838709677,"kl_base2_tries":31,"kl_base3":0.6909090909090909,"kl_base3_tries":55,"pct_kl_base0":51,"pct_kl_base1":72,"pct_kl_base2":61,"pct_kl_base3":78},"base_keys":["kl_base0","kl_base1","kl_base2","kl_base3"],"comps":[]}