{"player":{"id":27213,"name":"Onni Piiponniemi","born_year":null},"career":[{"year":2024,"season_id":154,"team":"HP-K","age":null,"games":18,"turns_at_bat":141,"vyk":0.8,"spark_index":109,"adv_plus":113,"runner_plus":108,"out_avoid_plus":99,"money_kl_plus":103,"teho_plus":119,"teho_plus_adj":120},{"year":2025,"season_id":155,"team":"HP-K","age":null,"games":15,"turns_at_bat":111,"vyk":0.61,"spark_index":106,"adv_plus":117,"runner_plus":98,"out_avoid_plus":89,"money_kl_plus":152,"teho_plus":123,"teho_plus_adj":119}],"line":{"player_id":27213,"name":"Onni Piiponniemi","born_year":null,"year":2025,"games":15,"team":"HP-K","turns_at_bat":111,"kunnarit":3,"lyodyt":8,"tuodut":21,"karkilyonnit":66,"karki_yritykset":96,"saatot":131,"saatto_yritykset":187,"etenemiset":129,"eteneminen_yritykset":213,"haavat":42,"palot":42,"season_id":155,"tehot":32,"kl_pct":0.6875,"saatto_pct":0.7005347593582888,"eten_pct":0.6056338028169014,"kunnari_rate":0.02702702702702703,"lyoty_rate":0.07207207207207207,"tuotu_rate":0.09859154929577464,"haava_rate":0.3783783783783784,"palo_rate":0.3783783783783784,"tehot_per_turn":0.2882882882882883,"kl_per_turn":0.5945945945945946,"hr_rbi_per_turn":0.0990990990990991,"kl_base0":0.5652173913043478,"kl_base0_tries":23,"kl_base1":0.6521739130434783,"kl_base1_tries":46,"kl_base2":0.8571428571428571,"kl_base2_tries":14,"kl_base3":0.8461538461538461,"kl_base3_tries":13,"adv1_pct":0.5652173913043478,"adv2_pct":0.6521739130434783,"adv3_pct":0.8571428571428571,"adv_home_pct":0.8461538461538461,"money_kl_pct":0.8461538461538461,"money_kl_tries":13,"pos":"3P","teho_plus":123,"adv_plus":117,"runner_plus":98,"out_avoid_plus":89,"adv1_plus":109,"adv2_plus":122,"adv3_plus":137,"adv_home_plus":152,"money_kl_plus":152,"spark_index":106,"run_value":14.757370855781794,"raa":1.8,"jyk":10.8,"vyk":0.61,"teho_plus_adj":119,"pct_kl_pct":91,"pct_saatto_pct":83,"pct_eten_pct":50,"pct_kunnari_rate":90,"pct_lyoty_rate":50,"pct_palo_rate":23,"pct_tehot_per_turn":73},"proj":null,"translation":null,"pitching":null,"career_json":[{"year":2024,"kl_pct":0.6538461538461539,"teho_plus":119},{"year":2025,"kl_pct":0.6875,"teho_plus":123}],"pct_stats":["kl_pct","saatto_pct","eten_pct","kunnari_rate","lyoty_rate","palo_rate","tehot_per_turn"],"base_kl":{"player_id":27213,"turns_at_bat":111,"kl_base0":0.5652173913043478,"kl_base0_tries":23,"kl_base1":0.6521739130434783,"kl_base1_tries":46,"kl_base2":0.8571428571428571,"kl_base2_tries":14,"kl_base3":0.8461538461538461,"kl_base3_tries":13,"pct_kl_base0":66,"pct_kl_base1":78,"pct_kl_base2":92,"pct_kl_base3":92},"base_keys":["kl_base0","kl_base1","kl_base2","kl_base3"],"comps":[]}