{"player":{"id":28298,"name":"Jenni Mikkonen","born_year":null},"career":[{"year":2026,"season_id":178,"team":"Espoon Pesis 2","age":null,"games":7,"turns_at_bat":45,"vyk":0.24,"spark_index":104,"adv_plus":107,"runner_plus":111,"out_avoid_plus":87,"money_kl_plus":175,"teho_plus":140,"teho_plus_adj":142}],"line":{"player_id":28298,"name":"Jenni Mikkonen","born_year":null,"year":2026,"games":7,"team":"Espoon Pesis 2","turns_at_bat":45,"kunnarit":2,"lyodyt":1,"tuodut":16,"karkilyonnit":28,"karki_yritykset":41,"saatot":31,"saatto_yritykset":45,"etenemiset":80,"eteneminen_yritykset":109,"haavat":11,"palot":18,"season_id":178,"tehot":19,"kl_pct":0.6829268292682927,"saatto_pct":0.6888888888888889,"eten_pct":0.7339449541284404,"kunnari_rate":0.044444444444444446,"lyoty_rate":0.022222222222222223,"tuotu_rate":0.14678899082568808,"haava_rate":0.24444444444444444,"palo_rate":0.4,"tehot_per_turn":0.4222222222222222,"kl_per_turn":0.6222222222222222,"hr_rbi_per_turn":0.06666666666666667,"kl_base0":0.65625,"kl_base0_tries":32,"kl_base1":0.5,"kl_base1_tries":4,"kl_base2":1.0,"kl_base2_tries":2,"kl_base3":1.0,"kl_base3_tries":3,"adv1_pct":0.65625,"adv2_pct":0.5,"adv3_pct":1.0,"adv_home_pct":1.0,"money_kl_pct":1.0,"money_kl_tries":3,"pos":"2K","teho_plus":140,"adv_plus":107,"runner_plus":111,"out_avoid_plus":87,"adv1_plus":117,"adv2_plus":84,"adv3_plus":145,"adv_home_plus":175,"money_kl_plus":175,"spark_index":104,"run_value":8.646464170619547,"raa":1.6,"jyk":5.5,"vyk":0.24,"teho_plus_adj":142,"pct_kl_pct":76,"pct_saatto_pct":63,"pct_eten_pct":86,"pct_kunnari_rate":97,"pct_lyoty_rate":12,"pct_palo_rate":13,"pct_tehot_per_turn":81},"proj":{"player_id":28298,"name":"Jenni Mikkonen","as_of":"2026-07-04","age":null,"stats":{"kl_pct":{"rate":0.6333256287670034,"effective_n":38.867541253880326,"observed":0.6774553746278356},"saatto_pct":{"rate":0.6727155943165568,"effective_n":41.75311994400256,"observed":0.6844938085278771},"eten_pct":{"rate":0.7061162470041813,"effective_n":99.72349890775435,"observed":0.7299013786343107},"kunnari_rate":{"rate":0.019344835639749675,"effective_n":43.03730695969021,"observed":0.044161032930334534},"lyoty_rate":{"rate":0.0945312267023114,"effective_n":42.11828901321414,"observed":0.023529611392549124},"haava_rate":{"rate":0.33556431283506927,"effective_n":40.39504414941533,"observed":0.25114004407799917},"palo_rate":{"rate":0.3405957739869349,"effective_n":41.23815974534682,"observed":0.40335251908672165}},"teho_plus_proj":108},"translation":{"wrc_plus":122,"tier":"solid starter","rows":[{"pesis_label":"Kärkilyönti-% (advance the lead runner)","pesis_value":0.6829268292682927,"percentile":76,"mlb_stat":"AVG","mlb_value":"0.400"},{"pesis_label":"Kärkilyönnit per turn (base hits)","pesis_value":0.6222222222222222,"percentile":62,"mlb_stat":"H / 600 PA","mlb_value":"157"},{"pesis_label":"Lyödyt per turn (runs batted home)","pesis_value":0.022222222222222223,"percentile":12,"mlb_stat":"RBI / 600 PA","mlb_value":"49"},{"pesis_label":"Tuodut per advance (runs scored)","pesis_value":0.14678899082568808,"percentile":94,"mlb_stat":"R / 600 PA","mlb_value":"104"},{"pesis_label":"Palot per turn (burned outs)","pesis_value":0.4,"percentile":13,"mlb_stat":"K%","mlb_value":"28.4%"}]},"pitching":null,"career_json":[{"year":2026,"kl_pct":0.6829268292682927,"teho_plus":140}],"pct_stats":["kl_pct","saatto_pct","eten_pct","kunnari_rate","lyoty_rate","palo_rate","tehot_per_turn"],"base_kl":{"player_id":28298,"turns_at_bat":45,"kl_base0":0.65625,"kl_base0_tries":32,"kl_base1":0.5,"kl_base1_tries":4,"kl_base2":1.0,"kl_base2_tries":2,"kl_base3":1.0,"kl_base3_tries":3,"pct_kl_base0":72,"pct_kl_base1":32,"pct_kl_base2":99,"pct_kl_base3":99},"base_keys":["kl_base0","kl_base1","kl_base2","kl_base3"],"comps":[]}