{"player":{"id":28515,"name":"Seela Moilanen","born_year":null},"career":[{"year":2026,"season_id":178,"team":"PattU Naiset","age":null,"games":7,"turns_at_bat":39,"vyk":0.22,"spark_index":97,"adv_plus":100,"runner_plus":99,"out_avoid_plus":85,"money_kl_plus":100,"teho_plus":128,"teho_plus_adj":127}],"line":{"player_id":28515,"name":"Seela Moilanen","born_year":null,"year":2026,"games":7,"team":"PattU Naiset","turns_at_bat":39,"kunnarit":1,"lyodyt":11,"tuodut":3,"karkilyonnit":25,"karki_yritykset":42,"saatot":71,"saatto_yritykset":107,"etenemiset":52,"eteneminen_yritykset":80,"haavat":12,"palot":16,"season_id":178,"tehot":15,"kl_pct":0.5952380952380952,"saatto_pct":0.6635514018691588,"eten_pct":0.65,"kunnari_rate":0.02564102564102564,"lyoty_rate":0.28205128205128205,"tuotu_rate":0.0375,"haava_rate":0.3076923076923077,"palo_rate":0.41025641025641024,"tehot_per_turn":0.38461538461538464,"kl_per_turn":0.6410256410256411,"hr_rbi_per_turn":0.3076923076923077,"kl_base0":0.0,"kl_base0_tries":1,"kl_base1":0.5,"kl_base1_tries":4,"kl_base2":0.6875,"kl_base2_tries":16,"kl_base3":0.5714285714285714,"kl_base3_tries":21,"adv1_pct":0.0,"adv2_pct":0.5,"adv3_pct":0.6875,"adv_home_pct":0.5714285714285714,"money_kl_pct":0.5714285714285714,"money_kl_tries":21,"pos":"3V","teho_plus":128,"adv_plus":100,"runner_plus":99,"out_avoid_plus":85,"adv1_plus":0,"adv2_plus":84,"adv3_plus":99,"adv_home_plus":100,"money_kl_plus":100,"spark_index":97,"run_value":7.904464415533143,"raa":1.7,"jyk":5.0,"vyk":0.22,"teho_plus_adj":127,"pct_kl_pct":null,"pct_saatto_pct":null,"pct_eten_pct":null,"pct_kunnari_rate":null,"pct_lyoty_rate":null,"pct_palo_rate":null,"pct_tehot_per_turn":null},"proj":{"player_id":28515,"name":"Seela Moilanen","as_of":"2026-07-12","age":null,"stats":{"kl_pct":{"rate":0.6012467365543467,"effective_n":40.28364285131895,"observed":0.5962438234599159},"saatto_pct":{"rate":0.6630180601839846,"effective_n":101.1194892316012,"observed":0.6641133719164316},"eten_pct":{"rate":0.6537446594754743,"effective_n":75.56021385893189,"observed":0.6505911480885054},"kunnari_rate":{"rate":0.014138001476498168,"effective_n":37.777355235914364,"observed":0.0258943136478561},"lyoty_rate":{"rate":0.18093630592132767,"effective_n":37.18744543834003,"observed":0.2867760700301525},"haava_rate":{"rate":0.35409499464601896,"effective_n":36.048511077715794,"observed":0.31066172596113617},"palo_rate":{"rate":0.3405445130177069,"effective_n":36.61128958752268,"observed":0.41103004571173274}},"teho_plus_proj":130},"translation":null,"pitching":null,"career_json":[{"year":2026,"kl_pct":0.5952380952380952,"teho_plus":128}],"pct_stats":["kl_pct","saatto_pct","eten_pct","kunnari_rate","lyoty_rate","palo_rate","tehot_per_turn"],"base_kl":{"player_id":28515,"turns_at_bat":39,"kl_base0":0.0,"kl_base0_tries":1,"kl_base1":0.5,"kl_base1_tries":4,"kl_base2":0.6875,"kl_base2_tries":16,"kl_base3":0.5714285714285714,"kl_base3_tries":21,"pct_kl_base0":null,"pct_kl_base1":null,"pct_kl_base2":null,"pct_kl_base3":null},"base_keys":["kl_base0","kl_base1","kl_base2","kl_base3"],"comps":[]}