{"player":{"id":288,"name":"Toni Maczulskij","born_year":null},"career":[{"year":1999,"season_id":19,"team":"KPL","age":null,"games":26,"turns_at_bat":152,"vyk":-1.74,"spark_index":83,"adv_plus":80,"runner_plus":86,"out_avoid_plus":84,"money_kl_plus":0,"teho_plus":31,"teho_plus_adj":31},{"year":2002,"season_id":33,"team":"Mäntyharju","age":null,"games":19,"turns_at_bat":137,"vyk":0.6,"spark_index":104,"adv_plus":113,"runner_plus":104,"out_avoid_plus":83,"money_kl_plus":48,"teho_plus":67,"teho_plus_adj":64}],"line":{"player_id":288,"name":"Toni Maczulskij","born_year":null,"year":2002,"games":19,"team":"Mäntyharju","turns_at_bat":137,"kunnarit":2,"lyodyt":0,"tuodut":15,"karkilyonnit":82,"karki_yritykset":128,"saatot":135,"saatto_yritykset":206,"etenemiset":166,"eteneminen_yritykset":267,"haavat":44,"palot":57,"season_id":33,"tehot":17,"kl_pct":0.640625,"saatto_pct":0.6553398058252428,"eten_pct":0.6217228464419475,"kunnari_rate":0.014598540145985401,"lyoty_rate":0.0,"tuotu_rate":0.056179775280898875,"haava_rate":0.32116788321167883,"palo_rate":0.41605839416058393,"tehot_per_turn":0.12408759124087591,"kl_per_turn":0.5985401459854015,"hr_rbi_per_turn":0.014598540145985401,"kl_base0":0.6865671641791045,"kl_base0_tries":67,"kl_base1":0.6666666666666666,"kl_base1_tries":33,"kl_base2":0.631578947368421,"kl_base2_tries":19,"kl_base3":0.2222222222222222,"kl_base3_tries":9,"adv1_pct":0.6865671641791045,"adv2_pct":0.6666666666666666,"adv3_pct":0.631578947368421,"adv_home_pct":0.2222222222222222,"money_kl_pct":0.2222222222222222,"money_kl_tries":9,"pos":"2K","teho_plus":67,"adv_plus":113,"runner_plus":104,"out_avoid_plus":83,"adv1_plus":133,"adv2_plus":127,"adv3_plus":103,"adv_home_plus":48,"money_kl_plus":48,"spark_index":104,"run_value":23.244819434379966,"raa":3.0,"jyk":9.1,"vyk":0.6,"teho_plus_adj":64,"pct_kl_pct":84,"pct_saatto_pct":76,"pct_eten_pct":65,"pct_kunnari_rate":84,"pct_lyoty_rate":3,"pct_palo_rate":13,"pct_tehot_per_turn":29},"proj":null,"translation":null,"pitching":null,"career_json":[{"year":1999,"kl_pct":0.45185185185185184,"teho_plus":31},{"year":2002,"kl_pct":0.640625,"teho_plus":67}],"pct_stats":["kl_pct","saatto_pct","eten_pct","kunnari_rate","lyoty_rate","palo_rate","tehot_per_turn"],"base_kl":{"player_id":288,"turns_at_bat":137,"kl_base0":0.6865671641791045,"kl_base0_tries":67,"kl_base1":0.6666666666666666,"kl_base1_tries":33,"kl_base2":0.631578947368421,"kl_base2_tries":19,"kl_base3":0.2222222222222222,"kl_base3_tries":9,"pct_kl_base0":92,"pct_kl_base1":85,"pct_kl_base2":56,"pct_kl_base3":7},"base_keys":["kl_base0","kl_base1","kl_base2","kl_base3"],"comps":[]}