{"player":{"id":2917,"name":"Jyrki Jokinen","born_year":null},"career":[{"year":2002,"age":null,"games":22,"turns_at_bat":133,"vyk":0.8,"spark_index":98,"adv_plus":90,"runner_plus":107,"out_avoid_plus":105,"money_kl_plus":86,"teho_plus":158,"teho_plus_adj":164}],"line":{"player_id":2917,"name":"Jyrki Jokinen","born_year":null,"year":2002,"games":22,"team":"Lohi","turns_at_bat":133,"kunnarit":0,"lyodyt":37,"tuodut":2,"karkilyonnit":63,"karki_yritykset":152,"saatot":199,"saatto_yritykset":354,"etenemiset":147,"eteneminen_yritykset":230,"haavat":49,"palot":34,"season_id":42,"tehot":39,"kl_pct":0.4144736842105263,"saatto_pct":0.5621468926553672,"eten_pct":0.6391304347826087,"kunnari_rate":0.0,"lyoty_rate":0.2781954887218045,"tuotu_rate":0.008695652173913044,"haava_rate":0.3684210526315789,"palo_rate":0.2556390977443609,"tehot_per_turn":0.2932330827067669,"kl_per_turn":0.47368421052631576,"hr_rbi_per_turn":0.2781954887218045,"kl_base0":0.38461538461538464,"kl_base0_tries":13,"kl_base1":0.4444444444444444,"kl_base1_tries":9,"kl_base2":0.4473684210526316,"kl_base2_tries":38,"kl_base3":0.40217391304347827,"kl_base3_tries":92,"adv1_pct":0.38461538461538464,"adv2_pct":0.4444444444444444,"adv3_pct":0.4473684210526316,"adv_home_pct":0.40217391304347827,"money_kl_pct":0.40217391304347827,"money_kl_tries":92,"pos":"2P","teho_plus":158,"adv_plus":90,"runner_plus":107,"out_avoid_plus":105,"adv1_plus":74,"adv2_plus":85,"adv3_plus":73,"adv_home_plus":86,"money_kl_plus":86,"spark_index":98,"run_value":21.58695400919273,"raa":6.8,"jyk":12.2,"vyk":0.8,"teho_plus_adj":164,"pct_kl_pct":19,"pct_saatto_pct":42,"pct_eten_pct":74,"pct_kunnari_rate":24,"pct_lyoty_rate":94,"pct_palo_rate":62,"pct_tehot_per_turn":91},"proj":null,"translation":null,"pitching":null,"career_json":[{"year":2002,"kl_pct":0.4144736842105263,"teho_plus":158}],"pct_stats":["kl_pct","saatto_pct","eten_pct","kunnari_rate","lyoty_rate","palo_rate","tehot_per_turn"],"base_kl":{"player_id":2917,"turns_at_bat":133,"kl_base0":0.38461538461538464,"kl_base0_tries":13,"kl_base1":0.4444444444444444,"kl_base1_tries":9,"kl_base2":0.4473684210526316,"kl_base2_tries":38,"kl_base3":0.40217391304347827,"kl_base3_tries":92,"pct_kl_base0":26,"pct_kl_base1":38,"pct_kl_base2":18,"pct_kl_base3":35},"base_keys":["kl_base0","kl_base1","kl_base2","kl_base3"],"comps":[]}