{"player":{"id":3052,"name":"Tuomas Telkkä","born_year":null},"career":[{"year":2002,"season_id":132,"team":"IPV","age":null,"games":16,"turns_at_bat":121,"vyk":0.44,"spark_index":104,"adv_plus":101,"runner_plus":107,"out_avoid_plus":107,"money_kl_plus":58,"teho_plus":84,"teho_plus_adj":82}],"line":{"player_id":3052,"name":"Tuomas Telkkä","born_year":null,"year":2002,"games":16,"team":"IPV","turns_at_bat":121,"kunnarit":0,"lyodyt":5,"tuodut":16,"karkilyonnit":52,"karki_yritykset":105,"saatot":143,"saatto_yritykset":223,"etenemiset":163,"eteneminen_yritykset":249,"haavat":55,"palot":31,"season_id":132,"tehot":21,"kl_pct":0.49523809523809526,"saatto_pct":0.6412556053811659,"eten_pct":0.6546184738955824,"kunnari_rate":0.0,"lyoty_rate":0.04132231404958678,"tuotu_rate":0.0642570281124498,"haava_rate":0.45454545454545453,"palo_rate":0.256198347107438,"tehot_per_turn":0.17355371900826447,"kl_per_turn":0.4297520661157025,"hr_rbi_per_turn":0.04132231404958678,"kl_base0":0.5833333333333334,"kl_base0_tries":24,"kl_base1":0.4444444444444444,"kl_base1_tries":36,"kl_base2":0.6071428571428571,"kl_base2_tries":28,"kl_base3":0.29411764705882354,"kl_base3_tries":17,"adv1_pct":0.5833333333333334,"adv2_pct":0.4444444444444444,"adv3_pct":0.6071428571428571,"adv_home_pct":0.29411764705882354,"money_kl_pct":0.29411764705882354,"money_kl_tries":17,"pos":"S","teho_plus":84,"adv_plus":101,"runner_plus":107,"out_avoid_plus":107,"adv1_plus":108,"adv2_plus":83,"adv3_plus":100,"adv_home_plus":58,"money_kl_plus":58,"spark_index":104,"run_value":14.021696238816208,"raa":-0.1,"jyk":7.2,"vyk":0.44,"teho_plus_adj":82,"pct_kl_pct":36,"pct_saatto_pct":63,"pct_eten_pct":74,"pct_kunnari_rate":27,"pct_lyoty_rate":38,"pct_palo_rate":65,"pct_tehot_per_turn":46},"proj":null,"translation":null,"pitching":null,"career_json":[{"year":2002,"kl_pct":0.49523809523809526,"teho_plus":84}],"pct_stats":["kl_pct","saatto_pct","eten_pct","kunnari_rate","lyoty_rate","palo_rate","tehot_per_turn"],"base_kl":{"player_id":3052,"turns_at_bat":121,"kl_base0":0.5833333333333334,"kl_base0_tries":24,"kl_base1":0.4444444444444444,"kl_base1_tries":36,"kl_base2":0.6071428571428571,"kl_base2_tries":28,"kl_base3":0.29411764705882354,"kl_base3_tries":17,"pct_kl_base0":66,"pct_kl_base1":35,"pct_kl_base2":54,"pct_kl_base3":16},"base_keys":["kl_base0","kl_base1","kl_base2","kl_base3"],"comps":[]}