{"player":{"id":307,"name":"Janne Mielikäinen","born_year":null},"career":[{"year":1997,"season_id":15,"team":"JuPa","age":null,"games":5,"turns_at_bat":10,"vyk":-0.03,"spark_index":95,"adv_plus":104,"runner_plus":85,"out_avoid_plus":89,"money_kl_plus":0,"teho_plus":0,"teho_plus_adj":0},{"year":2001,"season_id":131,"team":"PuMu","age":null,"games":13,"turns_at_bat":86,"vyk":0.58,"spark_index":103,"adv_plus":100,"runner_plus":100,"out_avoid_plus":115,"money_kl_plus":103,"teho_plus":130,"teho_plus_adj":129}],"line":{"player_id":307,"name":"Janne Mielikäinen","born_year":null,"year":2001,"games":13,"team":"PuMu","turns_at_bat":86,"kunnarit":1,"lyodyt":17,"tuodut":7,"karkilyonnit":50,"karki_yritykset":88,"saatot":133,"saatto_yritykset":215,"etenemiset":101,"eteneminen_yritykset":161,"haavat":42,"palot":18,"season_id":131,"tehot":25,"kl_pct":0.5681818181818182,"saatto_pct":0.6186046511627907,"eten_pct":0.6273291925465838,"kunnari_rate":0.011627906976744186,"lyoty_rate":0.19767441860465115,"tuotu_rate":0.043478260869565216,"haava_rate":0.4883720930232558,"palo_rate":0.20930232558139536,"tehot_per_turn":0.29069767441860467,"kl_per_turn":0.5813953488372093,"hr_rbi_per_turn":0.20930232558139536,"kl_base0":0.36363636363636365,"kl_base0_tries":11,"kl_base1":0.5789473684210527,"kl_base1_tries":19,"kl_base2":0.7083333333333334,"kl_base2_tries":24,"kl_base3":0.5294117647058824,"kl_base3_tries":34,"adv1_pct":0.36363636363636365,"adv2_pct":0.5789473684210527,"adv3_pct":0.7083333333333334,"adv_home_pct":0.5294117647058824,"money_kl_pct":0.5294117647058824,"money_kl_tries":34,"pos":"3V","teho_plus":130,"adv_plus":100,"runner_plus":100,"out_avoid_plus":115,"adv1_plus":65,"adv2_plus":106,"adv3_plus":112,"adv_home_plus":103,"money_kl_plus":103,"spark_index":103,"run_value":14.439944843425803,"raa":4.1,"jyk":10.1,"vyk":0.58,"teho_plus_adj":129,"pct_kl_pct":54,"pct_saatto_pct":50,"pct_eten_pct":54,"pct_kunnari_rate":73,"pct_lyoty_rate":87,"pct_palo_rate":82,"pct_tehot_per_turn":76},"proj":null,"translation":null,"pitching":null,"career_json":[{"year":1997,"kl_pct":0.6,"teho_plus":0},{"year":2001,"kl_pct":0.5681818181818182,"teho_plus":130}],"pct_stats":["kl_pct","saatto_pct","eten_pct","kunnari_rate","lyoty_rate","palo_rate","tehot_per_turn"],"base_kl":{"player_id":307,"turns_at_bat":86,"kl_base0":0.36363636363636365,"kl_base0_tries":11,"kl_base1":0.5789473684210527,"kl_base1_tries":19,"kl_base2":0.7083333333333334,"kl_base2_tries":24,"kl_base3":0.5294117647058824,"kl_base3_tries":34,"pct_kl_base0":16,"pct_kl_base1":63,"pct_kl_base2":72,"pct_kl_base3":56},"base_keys":["kl_base0","kl_base1","kl_base2","kl_base3"],"comps":[]}