{"player":{"id":30868,"name":"Niklas Huttunen","born_year":null},"career":[{"year":2020,"season_id":150,"team":"SiiPe","age":null,"games":4,"turns_at_bat":0,"vyk":0.0,"spark_index":null,"adv_plus":null,"runner_plus":null,"out_avoid_plus":null,"money_kl_plus":null,"teho_plus":null,"teho_plus_adj":null},{"year":2026,"season_id":156,"team":"SiiPe","age":null,"games":11,"turns_at_bat":75,"vyk":0.13,"spark_index":97,"adv_plus":98,"runner_plus":91,"out_avoid_plus":104,"money_kl_plus":105,"teho_plus":57,"teho_plus_adj":57}],"line":{"player_id":30868,"name":"Niklas Huttunen","born_year":null,"year":2026,"games":11,"team":"SiiPe","turns_at_bat":75,"kunnarit":0,"lyodyt":8,"tuodut":2,"karkilyonnit":32,"karki_yritykset":60,"saatot":79,"saatto_yritykset":129,"etenemiset":69,"eteneminen_yritykset":122,"haavat":32,"palot":21,"season_id":156,"tehot":10,"kl_pct":0.5333333333333333,"saatto_pct":0.6124031007751938,"eten_pct":0.5655737704918032,"kunnari_rate":0.0,"lyoty_rate":0.10666666666666667,"tuotu_rate":0.01639344262295082,"haava_rate":0.4266666666666667,"palo_rate":0.28,"tehot_per_turn":0.13333333333333333,"kl_per_turn":0.4266666666666667,"hr_rbi_per_turn":0.10666666666666667,"kl_base0":0.5625,"kl_base0_tries":16,"kl_base1":0.4,"kl_base1_tries":15,"kl_base2":0.6,"kl_base2_tries":15,"kl_base3":0.5714285714285714,"kl_base3_tries":14,"adv1_pct":0.5625,"adv2_pct":0.4,"adv3_pct":0.6,"adv_home_pct":0.5714285714285714,"money_kl_pct":0.5714285714285714,"money_kl_tries":14,"pos":"2K","teho_plus":57,"adv_plus":98,"runner_plus":91,"out_avoid_plus":104,"adv1_plus":110,"adv2_plus":75,"adv3_plus":96,"adv_home_plus":105,"money_kl_plus":105,"spark_index":97,"run_value":5.8823164605575045,"raa":-3.2,"jyk":2.3,"vyk":0.13,"teho_plus_adj":57,"pct_kl_pct":43,"pct_saatto_pct":47,"pct_eten_pct":31,"pct_kunnari_rate":28,"pct_lyoty_rate":66,"pct_palo_rate":56,"pct_tehot_per_turn":26},"proj":{"player_id":30868,"name":"Niklas Huttunen","as_of":"2026-07-13","age":null,"stats":{"kl_pct":{"rate":0.5431020255663592,"effective_n":56.56505245790304,"observed":0.5367496563826983},"saatto_pct":{"rate":0.6170610277016162,"effective_n":119.45336757319953,"observed":0.6156690241546509},"eten_pct":{"rate":0.5850643246825944,"effective_n":113.04437885237742,"observed":0.569966982314745},"kunnari_rate":{"rate":0.005736619477647224,"effective_n":72.1068207368909,"observed":0.0},"lyoty_rate":{"rate":0.10482338337081427,"effective_n":70.7274137108758,"observed":0.10584147648356072},"haava_rate":{"rate":0.41968039577235444,"effective_n":68.09522019474191,"observed":0.4199804091927955},"palo_rate":{"rate":0.2929653043476103,"effective_n":69.39071094450671,"observed":0.2792676570757811}},"teho_plus_proj":122},"translation":{"wrc_plus":84,"tier":"bench bat","rows":[{"pesis_label":"Kärkilyönti-% (advance the lead runner)","pesis_value":0.5333333333333333,"percentile":43,"mlb_stat":"AVG","mlb_value":"0.250"},{"pesis_label":"Kärkilyönnit per turn (base hits)","pesis_value":0.4266666666666667,"percentile":26,"mlb_stat":"H / 600 PA","mlb_value":"136"},{"pesis_label":"Lyödyt per turn (runs batted home)","pesis_value":0.10666666666666667,"percentile":66,"mlb_stat":"RBI / 600 PA","mlb_value":"80"},{"pesis_label":"Tuodut per advance (runs scored)","pesis_value":0.01639344262295082,"percentile":11,"mlb_stat":"R / 600 PA","mlb_value":"54"},{"pesis_label":"Palot per turn (burned outs)","pesis_value":0.28,"percentile":56,"mlb_stat":"K%","mlb_value":"21.4%"}]},"pitching":null,"career_json":[{"year":2020,"kl_pct":null,"teho_plus":null},{"year":2026,"kl_pct":0.5333333333333333,"teho_plus":57}],"pct_stats":["kl_pct","saatto_pct","eten_pct","kunnari_rate","lyoty_rate","palo_rate","tehot_per_turn"],"base_kl":{"player_id":30868,"turns_at_bat":75,"kl_base0":0.5625,"kl_base0_tries":16,"kl_base1":0.4,"kl_base1_tries":15,"kl_base2":0.6,"kl_base2_tries":15,"kl_base3":0.5714285714285714,"kl_base3_tries":14,"pct_kl_base0":67,"pct_kl_base1":25,"pct_kl_base2":44,"pct_kl_base3":58},"base_keys":["kl_base0","kl_base1","kl_base2","kl_base3"],"comps":[]}