{"player":{"id":3134,"name":"Ulla Lindholm","born_year":null},"career":[{"year":2002,"season_id":158,"team":"VJJ","age":null,"games":14,"turns_at_bat":78,"vyk":0.07,"spark_index":95,"adv_plus":93,"runner_plus":96,"out_avoid_plus":99,"money_kl_plus":109,"teho_plus":61,"teho_plus_adj":56}],"line":{"player_id":3134,"name":"Ulla Lindholm","born_year":null,"year":2002,"games":14,"team":"VJJ","turns_at_bat":78,"kunnarit":1,"lyodyt":5,"tuodut":9,"karkilyonnit":37,"karki_yritykset":67,"saatot":82,"saatto_yritykset":128,"etenemiset":92,"eteneminen_yritykset":144,"haavat":26,"palot":26,"season_id":158,"tehot":15,"kl_pct":0.5522388059701493,"saatto_pct":0.640625,"eten_pct":0.6388888888888888,"kunnari_rate":0.01282051282051282,"lyoty_rate":0.0641025641025641,"tuotu_rate":0.0625,"haava_rate":0.3333333333333333,"palo_rate":0.3333333333333333,"tehot_per_turn":0.19230769230769232,"kl_per_turn":0.47435897435897434,"hr_rbi_per_turn":0.07692307692307693,"kl_base0":0.48484848484848486,"kl_base0_tries":33,"kl_base1":0.42857142857142855,"kl_base1_tries":7,"kl_base2":0.6666666666666666,"kl_base2_tries":18,"kl_base3":0.6666666666666666,"kl_base3_tries":9,"adv1_pct":0.48484848484848486,"adv2_pct":0.42857142857142855,"adv3_pct":0.6666666666666666,"adv_home_pct":0.6666666666666666,"money_kl_pct":0.6666666666666666,"money_kl_tries":9,"pos":"2K","teho_plus":61,"adv_plus":93,"runner_plus":96,"out_avoid_plus":99,"adv1_plus":79,"adv2_plus":67,"adv3_plus":95,"adv_home_plus":109,"money_kl_plus":109,"spark_index":95,"run_value":11.273667925836222,"raa":-3.8,"jyk":1.6,"vyk":0.07,"teho_plus_adj":56,"pct_kl_pct":19,"pct_saatto_pct":43,"pct_eten_pct":38,"pct_kunnari_rate":59,"pct_lyoty_rate":28,"pct_palo_rate":43,"pct_tehot_per_turn":23},"proj":null,"translation":null,"pitching":null,"career_json":[{"year":2002,"kl_pct":0.5522388059701493,"teho_plus":61}],"pct_stats":["kl_pct","saatto_pct","eten_pct","kunnari_rate","lyoty_rate","palo_rate","tehot_per_turn"],"base_kl":{"player_id":3134,"turns_at_bat":78,"kl_base0":0.48484848484848486,"kl_base0_tries":33,"kl_base1":0.42857142857142855,"kl_base1_tries":7,"kl_base2":0.6666666666666666,"kl_base2_tries":18,"kl_base3":0.6666666666666666,"kl_base3_tries":9,"pct_kl_base0":19,"pct_kl_base1":11,"pct_kl_base2":44,"pct_kl_base3":69},"base_keys":["kl_base0","kl_base1","kl_base2","kl_base3"],"comps":[]}