{"player":{"id":3135,"name":"Nette Nyberg","born_year":null},"career":[{"year":2002,"season_id":158,"team":"VJJ","age":null,"games":13,"turns_at_bat":76,"vyk":0.08,"spark_index":90,"adv_plus":94,"runner_plus":90,"out_avoid_plus":82,"money_kl_plus":88,"teho_plus":63,"teho_plus_adj":58}],"line":{"player_id":3135,"name":"Nette Nyberg","born_year":null,"year":2002,"games":13,"team":"VJJ","turns_at_bat":76,"kunnarit":1,"lyodyt":6,"tuodut":8,"karkilyonnit":43,"karki_yritykset":71,"saatot":92,"saatto_yritykset":147,"etenemiset":85,"eteneminen_yritykset":141,"haavat":22,"palot":34,"season_id":158,"tehot":15,"kl_pct":0.6056338028169014,"saatto_pct":0.6258503401360545,"eten_pct":0.6028368794326241,"kunnari_rate":0.013157894736842105,"lyoty_rate":0.07894736842105263,"tuotu_rate":0.05673758865248227,"haava_rate":0.2894736842105263,"palo_rate":0.4473684210526316,"tehot_per_turn":0.19736842105263158,"kl_per_turn":0.5657894736842105,"hr_rbi_per_turn":0.09210526315789473,"kl_base0":0.631578947368421,"kl_base0_tries":19,"kl_base1":0.5238095238095238,"kl_base1_tries":21,"kl_base2":0.7222222222222222,"kl_base2_tries":18,"kl_base3":0.5384615384615384,"kl_base3_tries":13,"adv1_pct":0.631578947368421,"adv2_pct":0.5238095238095238,"adv3_pct":0.7222222222222222,"adv_home_pct":0.5384615384615384,"money_kl_pct":0.5384615384615384,"money_kl_tries":13,"pos":"S","teho_plus":63,"adv_plus":94,"runner_plus":90,"out_avoid_plus":82,"adv1_plus":102,"adv2_plus":82,"adv3_plus":103,"adv_home_plus":88,"money_kl_plus":88,"spark_index":90,"run_value":11.242470352513678,"raa":-3.5,"jyk":1.8,"vyk":0.08,"teho_plus_adj":58,"pct_kl_pct":39,"pct_saatto_pct":35,"pct_eten_pct":22,"pct_kunnari_rate":60,"pct_lyoty_rate":37,"pct_palo_rate":9,"pct_tehot_per_turn":24},"proj":null,"translation":null,"pitching":null,"career_json":[{"year":2002,"kl_pct":0.6056338028169014,"teho_plus":63}],"pct_stats":["kl_pct","saatto_pct","eten_pct","kunnari_rate","lyoty_rate","palo_rate","tehot_per_turn"],"base_kl":{"player_id":3135,"turns_at_bat":76,"kl_base0":0.631578947368421,"kl_base0_tries":19,"kl_base1":0.5238095238095238,"kl_base1_tries":21,"kl_base2":0.7222222222222222,"kl_base2_tries":18,"kl_base3":0.5384615384615384,"kl_base3_tries":13,"pct_kl_base0":55,"pct_kl_base1":26,"pct_kl_base2":59,"pct_kl_base3":36},"base_keys":["kl_base0","kl_base1","kl_base2","kl_base3"],"comps":[]}