{"player":{"id":3139,"name":"Aki Metsäranta","born_year":null},"career":[{"year":2002,"season_id":132,"team":"HP","age":null,"games":17,"turns_at_bat":127,"vyk":0.39,"spark_index":102,"adv_plus":114,"runner_plus":94,"out_avoid_plus":84,"money_kl_plus":88,"teho_plus":53,"teho_plus_adj":53}],"line":{"player_id":3139,"name":"Aki Metsäranta","born_year":null,"year":2002,"games":17,"team":"HP","turns_at_bat":127,"kunnarit":0,"lyodyt":4,"tuodut":10,"karkilyonnit":75,"karki_yritykset":117,"saatot":165,"saatto_yritykset":241,"etenemiset":132,"eteneminen_yritykset":231,"haavat":46,"palot":53,"season_id":132,"tehot":14,"kl_pct":0.6410256410256411,"saatto_pct":0.6846473029045643,"eten_pct":0.5714285714285714,"kunnari_rate":0.0,"lyoty_rate":0.031496062992125984,"tuotu_rate":0.04329004329004329,"haava_rate":0.36220472440944884,"palo_rate":0.41732283464566927,"tehot_per_turn":0.11023622047244094,"kl_per_turn":0.5905511811023622,"hr_rbi_per_turn":0.031496062992125984,"kl_base0":0.38095238095238093,"kl_base0_tries":21,"kl_base1":0.6774193548387096,"kl_base1_tries":62,"kl_base2":0.84,"kl_base2_tries":25,"kl_base3":0.4444444444444444,"kl_base3_tries":9,"adv1_pct":0.38095238095238093,"adv2_pct":0.6774193548387096,"adv3_pct":0.84,"adv_home_pct":0.4444444444444444,"money_kl_pct":0.4444444444444444,"money_kl_tries":9,"pos":"S","teho_plus":53,"adv_plus":114,"runner_plus":94,"out_avoid_plus":84,"adv1_plus":70,"adv2_plus":127,"adv3_plus":138,"adv_home_plus":88,"money_kl_plus":88,"spark_index":102,"run_value":13.615971711121077,"raa":-1.2,"jyk":6.4,"vyk":0.39,"teho_plus_adj":53,"pct_kl_pct":83,"pct_saatto_pct":80,"pct_eten_pct":37,"pct_kunnari_rate":27,"pct_lyoty_rate":28,"pct_palo_rate":14,"pct_tehot_per_turn":21},"proj":null,"translation":null,"pitching":null,"career_json":[{"year":2002,"kl_pct":0.6410256410256411,"teho_plus":53}],"pct_stats":["kl_pct","saatto_pct","eten_pct","kunnari_rate","lyoty_rate","palo_rate","tehot_per_turn"],"base_kl":{"player_id":3139,"turns_at_bat":127,"kl_base0":0.38095238095238093,"kl_base0_tries":21,"kl_base1":0.6774193548387096,"kl_base1_tries":62,"kl_base2":0.84,"kl_base2_tries":25,"kl_base3":0.4444444444444444,"kl_base3_tries":9,"pct_kl_base0":20,"pct_kl_base1":84,"pct_kl_base2":98,"pct_kl_base3":38},"base_keys":["kl_base0","kl_base1","kl_base2","kl_base3"],"comps":[]}