{"player":{"id":32168,"name":"Hanne Kettunen","born_year":null},"career":[{"year":2026,"season_id":178,"team":"Larun Pesis","age":null,"games":5,"turns_at_bat":29,"vyk":0.11,"spark_index":99,"adv_plus":114,"runner_plus":98,"out_avoid_plus":65,"money_kl_plus":175,"teho_plus":80,"teho_plus_adj":80}],"line":{"player_id":32168,"name":"Hanne Kettunen","born_year":null,"year":2026,"games":5,"team":"Larun Pesis","turns_at_bat":29,"kunnarit":1,"lyodyt":2,"tuodut":4,"karkilyonnit":20,"karki_yritykset":26,"saatot":32,"saatto_yritykset":45,"etenemiset":35,"eteneminen_yritykset":54,"haavat":3,"palot":16,"season_id":178,"tehot":7,"kl_pct":0.7692307692307693,"saatto_pct":0.7111111111111111,"eten_pct":0.6481481481481481,"kunnari_rate":0.034482758620689655,"lyoty_rate":0.06896551724137931,"tuotu_rate":0.07407407407407407,"haava_rate":0.10344827586206896,"palo_rate":0.5517241379310345,"tehot_per_turn":0.2413793103448276,"kl_per_turn":0.6896551724137931,"hr_rbi_per_turn":0.10344827586206896,"kl_base0":0.6363636363636364,"kl_base0_tries":11,"kl_base1":0.875,"kl_base1_tries":8,"kl_base2":0.75,"kl_base2_tries":4,"kl_base3":1.0,"kl_base3_tries":3,"adv1_pct":0.6363636363636364,"adv2_pct":0.875,"adv3_pct":0.75,"adv_home_pct":1.0,"money_kl_pct":1.0,"money_kl_tries":3,"pos":"S","teho_plus":80,"adv_plus":114,"runner_plus":98,"out_avoid_plus":65,"adv1_plus":113,"adv2_plus":147,"adv3_plus":108,"adv_home_plus":175,"money_kl_plus":175,"spark_index":99,"run_value":4.684848610375879,"raa":0.1,"jyk":2.6,"vyk":0.11,"teho_plus_adj":80,"pct_kl_pct":null,"pct_saatto_pct":null,"pct_eten_pct":null,"pct_kunnari_rate":null,"pct_lyoty_rate":null,"pct_palo_rate":null,"pct_tehot_per_turn":null},"proj":{"player_id":32168,"name":"Hanne Kettunen","as_of":"2026-07-12","age":null,"stats":{"kl_pct":{"rate":0.6511117414298143,"effective_n":22.515508557307022,"observed":0.7745805156067954},"saatto_pct":{"rate":0.6856808805336101,"effective_n":36.9867883687711,"observed":0.7130738048382164},"eten_pct":{"rate":0.6546765057347399,"effective_n":44.35790511184086,"observed":0.6502519999951507},"kunnari_rate":{"rate":0.014948326855829381,"effective_n":26.205762350106557,"observed":0.03550607679749757},"lyoty_rate":{"rate":0.11706746381428074,"effective_n":24.920554073222114,"observed":0.06962280348058103},"haava_rate":{"rate":0.3197376894035918,"effective_n":22.55402378024992,"observed":0.0984757369765261},"palo_rate":{"rate":0.36469041738350444,"effective_n":23.704563646535764,"observed":0.5549638801741349}},"teho_plus_proj":109},"translation":null,"pitching":null,"career_json":[{"year":2026,"kl_pct":0.7692307692307693,"teho_plus":80}],"pct_stats":["kl_pct","saatto_pct","eten_pct","kunnari_rate","lyoty_rate","palo_rate","tehot_per_turn"],"base_kl":{"player_id":32168,"turns_at_bat":29,"kl_base0":0.6363636363636364,"kl_base0_tries":11,"kl_base1":0.875,"kl_base1_tries":8,"kl_base2":0.75,"kl_base2_tries":4,"kl_base3":1.0,"kl_base3_tries":3,"pct_kl_base0":null,"pct_kl_base1":null,"pct_kl_base2":null,"pct_kl_base3":null},"base_keys":["kl_base0","kl_base1","kl_base2","kl_base3"],"comps":[]}