{"player":{"id":3393,"name":"Joona Mäkelä","born_year":null},"career":[{"player_id":3393,"name":"Joona Mäkelä","born_year":null,"year":2026,"games":10,"team":"PuMu","turns_at_bat":56,"kunnarit":1,"lyodyt":1,"tuodut":10,"karkilyonnit":25,"karki_yritykset":47,"saatot":48,"saatto_yritykset":82,"etenemiset":59,"eteneminen_yritykset":97,"haavat":22,"palot":16,"season_id":3,"tehot":12,"kl_pct":0.5319148936170213,"saatto_pct":0.5853658536585366,"eten_pct":0.6082474226804123,"kunnari_rate":0.017857142857142856,"lyoty_rate":0.017857142857142856,"tuotu_rate":0.10309278350515463,"haava_rate":0.39285714285714285,"palo_rate":0.2857142857142857,"tehot_per_turn":0.21428571428571427,"kl_per_turn":0.44642857142857145,"hr_rbi_per_turn":0.03571428571428571,"kl_base0":0.42857142857142855,"kl_base0_tries":21,"kl_base1":0.6,"kl_base1_tries":20,"kl_base2":0.5,"kl_base2_tries":4,"kl_base3":1.0,"kl_base3_tries":2,"adv1_pct":0.42857142857142855,"adv2_pct":0.6,"adv3_pct":0.5,"adv_home_pct":1.0,"money_kl_pct":1.0,"money_kl_tries":2,"teho_plus":127,"adv_plus":100,"runner_plus":103,"out_avoid_plus":106,"adv1_plus":90,"adv2_plus":109,"adv3_plus":87,"adv_home_plus":221,"money_kl_plus":221,"spark_index":102,"teho_plus_adj":123}],"line":{"player_id":3393,"name":"Joona Mäkelä","born_year":null,"year":2026,"games":10,"team":"PuMu","turns_at_bat":56,"kunnarit":1,"lyodyt":1,"tuodut":10,"karkilyonnit":25,"karki_yritykset":47,"saatot":48,"saatto_yritykset":82,"etenemiset":59,"eteneminen_yritykset":97,"haavat":22,"palot":16,"season_id":3,"tehot":12,"kl_pct":0.5319148936170213,"saatto_pct":0.5853658536585366,"eten_pct":0.6082474226804123,"kunnari_rate":0.017857142857142856,"lyoty_rate":0.017857142857142856,"tuotu_rate":0.10309278350515463,"haava_rate":0.39285714285714285,"palo_rate":0.2857142857142857,"tehot_per_turn":0.21428571428571427,"kl_per_turn":0.44642857142857145,"hr_rbi_per_turn":0.03571428571428571,"kl_base0":0.42857142857142855,"kl_base0_tries":21,"kl_base1":0.6,"kl_base1_tries":20,"kl_base2":0.5,"kl_base2_tries":4,"kl_base3":1.0,"kl_base3_tries":2,"adv1_pct":0.42857142857142855,"adv2_pct":0.6,"adv3_pct":0.5,"adv_home_pct":1.0,"money_kl_pct":1.0,"money_kl_tries":2,"teho_plus":127,"adv_plus":100,"runner_plus":103,"out_avoid_plus":106,"adv1_plus":90,"adv2_plus":109,"adv3_plus":87,"adv_home_plus":221,"money_kl_plus":221,"spark_index":102,"teho_plus_adj":123,"pct_kl_pct":52,"pct_saatto_pct":43,"pct_eten_pct":62,"pct_kunnari_rate":88,"pct_lyoty_rate":38,"pct_palo_rate":59,"pct_tehot_per_turn":76},"proj":{"player_id":3393,"name":"Joona Mäkelä","as_of":"2026-07-02","age":null,"stats":{"kl_pct":{"rate":0.5239452361355629,"effective_n":44.962144313056534,"observed":0.5379480149721795},"saatto_pct":{"rate":0.5915310608429726,"effective_n":77.55068352311753,"observed":0.5912178098179868},"eten_pct":{"rate":0.6054347527865885,"effective_n":91.74524774312697,"observed":0.61366318661575},"kunnari_rate":{"rate":0.010057297076675527,"effective_n":54.23331007250282,"observed":0.018218689564013367},"lyoty_rate":{"rate":0.05308629574995927,"effective_n":53.37732209352521,"observed":0.018399845153203705},"haava_rate":{"rate":0.41017291905809194,"effective_n":51.71803507226825,"observed":0.385018207312587},"palo_rate":{"rate":0.31254218370719455,"effective_n":52.539028946341034,"observed":0.2880452957599995}},"teho_plus_proj":145},"career_json":[{"year":2026,"kl_pct":0.5319148936170213,"teho_plus":127}],"pct_stats":["kl_pct","saatto_pct","eten_pct","kunnari_rate","lyoty_rate","palo_rate","tehot_per_turn"],"base_kl":{"player_id":3393,"turns_at_bat":56,"kl_base0":0.42857142857142855,"kl_base0_tries":21,"kl_base1":0.6,"kl_base1_tries":20,"kl_base2":0.5,"kl_base2_tries":4,"kl_base3":1.0,"kl_base3_tries":2,"pct_kl_base0":51,"pct_kl_base1":63,"pct_kl_base2":34,"pct_kl_base3":95},"base_keys":["kl_base0","kl_base1","kl_base2","kl_base3"],"comps":[]}