{"player":{"id":3462,"name":"Iiro Nokkala","born_year":null},"career":[{"player_id":3462,"name":"Iiro Nokkala","born_year":null,"year":2026,"games":14,"team":"Jkl Kiri","turns_at_bat":95,"kunnarit":1,"lyodyt":8,"tuodut":11,"karkilyonnit":62,"karki_yritykset":110,"saatot":154,"saatto_yritykset":240,"etenemiset":123,"eteneminen_yritykset":192,"haavat":39,"palot":30,"season_id":3,"tehot":20,"kl_pct":0.5636363636363636,"saatto_pct":0.6416666666666667,"eten_pct":0.640625,"kunnari_rate":0.010526315789473684,"lyoty_rate":0.08421052631578947,"tuotu_rate":0.057291666666666664,"haava_rate":0.4105263157894737,"palo_rate":0.3157894736842105,"tehot_per_turn":0.21052631578947367,"kl_per_turn":0.6526315789473685,"hr_rbi_per_turn":0.09473684210526316,"kl_base0":0.5,"kl_base0_tries":10,"kl_base1":0.6842105263157895,"kl_base1_tries":38,"kl_base2":0.5945945945945946,"kl_base2_tries":37,"kl_base3":0.36,"kl_base3_tries":25,"adv1_pct":0.5,"adv2_pct":0.6842105263157895,"adv3_pct":0.5945945945945946,"adv_home_pct":0.36,"money_kl_pct":0.36,"money_kl_tries":25,"teho_plus":125,"adv_plus":109,"runner_plus":109,"out_avoid_plus":102,"adv1_plus":105,"adv2_plus":124,"adv3_plus":103,"adv_home_plus":80,"money_kl_plus":80,"spark_index":108,"teho_plus_adj":130}],"line":{"player_id":3462,"name":"Iiro Nokkala","born_year":null,"year":2026,"games":14,"team":"Jkl Kiri","turns_at_bat":95,"kunnarit":1,"lyodyt":8,"tuodut":11,"karkilyonnit":62,"karki_yritykset":110,"saatot":154,"saatto_yritykset":240,"etenemiset":123,"eteneminen_yritykset":192,"haavat":39,"palot":30,"season_id":3,"tehot":20,"kl_pct":0.5636363636363636,"saatto_pct":0.6416666666666667,"eten_pct":0.640625,"kunnari_rate":0.010526315789473684,"lyoty_rate":0.08421052631578947,"tuotu_rate":0.057291666666666664,"haava_rate":0.4105263157894737,"palo_rate":0.3157894736842105,"tehot_per_turn":0.21052631578947367,"kl_per_turn":0.6526315789473685,"hr_rbi_per_turn":0.09473684210526316,"kl_base0":0.5,"kl_base0_tries":10,"kl_base1":0.6842105263157895,"kl_base1_tries":38,"kl_base2":0.5945945945945946,"kl_base2_tries":37,"kl_base3":0.36,"kl_base3_tries":25,"adv1_pct":0.5,"adv2_pct":0.6842105263157895,"adv3_pct":0.5945945945945946,"adv_home_pct":0.36,"money_kl_pct":0.36,"money_kl_tries":25,"teho_plus":125,"adv_plus":109,"runner_plus":109,"out_avoid_plus":102,"adv1_plus":105,"adv2_plus":124,"adv3_plus":103,"adv_home_plus":80,"money_kl_plus":80,"spark_index":108,"teho_plus_adj":130,"pct_kl_pct":70,"pct_saatto_pct":75,"pct_eten_pct":83,"pct_kunnari_rate":65,"pct_lyoty_rate":70,"pct_palo_rate":51,"pct_tehot_per_turn":74},"proj":{"player_id":3462,"name":"Iiro Nokkala","as_of":"2026-07-02","age":null,"stats":{"kl_pct":{"rate":0.5473152620109395,"effective_n":100.44993940916534,"observed":0.567542218117724},"saatto_pct":{"rate":0.6393678244596993,"effective_n":213.29997996317277,"observed":0.6482247297153552},"eten_pct":{"rate":0.63271149851437,"effective_n":171.6702153787532,"observed":0.6450535170870668},"kunnari_rate":{"rate":0.008415382320244686,"effective_n":89.40894337889526,"observed":0.011162194320658701},"lyoty_rate":{"rate":0.08049622196163388,"effective_n":86.76961169034828,"observed":0.08442990616858721},"haava_rate":{"rate":0.414501158571855,"effective_n":81.78274756249822,"observed":0.40388610418954657},"palo_rate":{"rate":0.3232888103332613,"effective_n":84.22886219651546,"observed":0.3182155781450995}},"teho_plus_proj":165},"career_json":[{"year":2026,"kl_pct":0.5636363636363636,"teho_plus":125}],"pct_stats":["kl_pct","saatto_pct","eten_pct","kunnari_rate","lyoty_rate","palo_rate","tehot_per_turn"],"base_kl":{"player_id":3462,"turns_at_bat":95,"kl_base0":0.5,"kl_base0_tries":10,"kl_base1":0.6842105263157895,"kl_base1_tries":38,"kl_base2":0.5945945945945946,"kl_base2_tries":37,"kl_base3":0.36,"kl_base3_tries":25,"pct_kl_base0":66,"pct_kl_base1":83,"pct_kl_base2":52,"pct_kl_base3":41},"base_keys":["kl_base0","kl_base1","kl_base2","kl_base3"],"comps":[]}