{"player":{"id":35750,"name":"Teemu Tähtinen","born_year":null},"career":[{"year":2025,"season_id":155,"team":"NaPe","age":null,"games":1,"turns_at_bat":3,"vyk":0.19,"spark_index":140,"adv_plus":133,"runner_plus":150,"out_avoid_plus":144,"money_kl_plus":150,"teho_plus":1139,"teho_plus_adj":1043},{"year":2026,"season_id":156,"team":"NaPe","age":null,"games":15,"turns_at_bat":66,"vyk":0.34,"spark_index":92,"adv_plus":81,"runner_plus":98,"out_avoid_plus":109,"money_kl_plus":70,"teho_plus":117,"teho_plus_adj":117}],"line":{"player_id":35750,"name":"Teemu Tähtinen","born_year":null,"year":2026,"games":15,"team":"NaPe","turns_at_bat":66,"kunnarit":1,"lyodyt":15,"tuodut":2,"karkilyonnit":35,"karki_yritykset":78,"saatot":84,"saatto_yritykset":168,"etenemiset":55,"eteneminen_yritykset":91,"haavat":20,"palot":16,"season_id":156,"tehot":18,"kl_pct":0.44871794871794873,"saatto_pct":0.5,"eten_pct":0.6043956043956044,"kunnari_rate":0.015151515151515152,"lyoty_rate":0.22727272727272727,"tuotu_rate":0.02197802197802198,"haava_rate":0.30303030303030304,"palo_rate":0.24242424242424243,"tehot_per_turn":0.2727272727272727,"kl_per_turn":0.5303030303030303,"hr_rbi_per_turn":0.24242424242424243,"kl_base0":0.25,"kl_base0_tries":4,"kl_base1":0.4,"kl_base1_tries":5,"kl_base2":0.5925925925925926,"kl_base2_tries":27,"kl_base3":0.38095238095238093,"kl_base3_tries":42,"adv1_pct":0.25,"adv2_pct":0.4,"adv3_pct":0.5925925925925926,"adv_home_pct":0.38095238095238093,"money_kl_pct":0.38095238095238093,"money_kl_tries":42,"pos":null,"teho_plus":117,"adv_plus":81,"runner_plus":98,"out_avoid_plus":109,"adv1_plus":49,"adv2_plus":75,"adv3_plus":95,"adv_home_plus":70,"money_kl_plus":70,"spark_index":92,"run_value":9.102235521186067,"raa":1.1,"jyk":6.0,"vyk":0.34,"teho_plus_adj":117,"pct_kl_pct":20,"pct_saatto_pct":16,"pct_eten_pct":43,"pct_kunnari_rate":75,"pct_lyoty_rate":88,"pct_palo_rate":70,"pct_tehot_per_turn":68},"proj":{"player_id":35750,"name":"Teemu Tähtinen","as_of":"2026-07-16","age":null,"stats":{"kl_pct":{"rate":0.4999327502487659,"effective_n":72.80775423295503,"observed":0.45942224904961854},"saatto_pct":{"rate":0.5295818629486377,"effective_n":151.83863922545063,"observed":0.5054414588974956},"eten_pct":{"rate":0.6157888584082737,"effective_n":82.91199310894204,"observed":0.6137331485209564},"kunnari_rate":{"rate":0.01396480749736793,"effective_n":63.66723084700418,"observed":0.022976243402829756},"lyoty_rate":{"rate":0.1629264183892213,"effective_n":61.437647764461055,"observed":0.23975634378529792},"haava_rate":{"rate":0.37217650853017786,"effective_n":57.55698109820173,"observed":0.28999778487159605},"palo_rate":{"rate":0.27987352862651527,"effective_n":59.41483740997022,"observed":0.24624840016976954}},"teho_plus_proj":155},"translation":{"wrc_plus":112,"tier":"solid starter","rows":[{"pesis_label":"Kärkilyönti-% (advance the lead runner)","pesis_value":0.44871794871794873,"percentile":20,"mlb_stat":"AVG","mlb_value":"0.166"},{"pesis_label":"Kärkilyönnit per turn (base hits)","pesis_value":0.5303030303030303,"percentile":52,"mlb_stat":"H / 600 PA","mlb_value":"151"},{"pesis_label":"Lyödyt per turn (runs batted home)","pesis_value":0.22727272727272727,"percentile":88,"mlb_stat":"RBI / 600 PA","mlb_value":"95"},{"pesis_label":"Tuodut per advance (runs scored)","pesis_value":0.02197802197802198,"percentile":14,"mlb_stat":"R / 600 PA","mlb_value":"57"},{"pesis_label":"Palot per turn (burned outs)","pesis_value":0.24242424242424243,"percentile":70,"mlb_stat":"K%","mlb_value":"19.3%"}]},"pitching":null,"career_json":[{"year":2025,"kl_pct":0.8333333333333334,"teho_plus":1139},{"year":2026,"kl_pct":0.44871794871794873,"teho_plus":117}],"pct_stats":["kl_pct","saatto_pct","eten_pct","kunnari_rate","lyoty_rate","palo_rate","tehot_per_turn"],"base_kl":{"player_id":35750,"turns_at_bat":66,"kl_base0":0.25,"kl_base0_tries":4,"kl_base1":0.4,"kl_base1_tries":5,"kl_base2":0.5925925925925926,"kl_base2_tries":27,"kl_base3":0.38095238095238093,"kl_base3_tries":42,"pct_kl_base0":9,"pct_kl_base1":25,"pct_kl_base2":42,"pct_kl_base3":24},"base_keys":["kl_base0","kl_base1","kl_base2","kl_base3"],"comps":[]}