{"player":{"id":3648,"name":"Miia Mäkelä","born_year":null},"career":[{"year":2003,"season_id":159,"team":"KaMa","age":null,"games":13,"turns_at_bat":73,"vyk":0.01,"spark_index":87,"adv_plus":80,"runner_plus":84,"out_avoid_plus":108,"money_kl_plus":77,"teho_plus":39,"teho_plus_adj":38}],"line":{"player_id":3648,"name":"Miia Mäkelä","born_year":null,"year":2003,"games":13,"team":"KaMa","turns_at_bat":73,"kunnarit":0,"lyodyt":6,"tuodut":3,"karkilyonnit":31,"karki_yritykset":69,"saatot":74,"saatto_yritykset":130,"etenemiset":60,"eteneminen_yritykset":107,"haavat":27,"palot":20,"season_id":159,"tehot":9,"kl_pct":0.4492753623188406,"saatto_pct":0.5692307692307692,"eten_pct":0.5607476635514018,"kunnari_rate":0.0,"lyoty_rate":0.0821917808219178,"tuotu_rate":0.028037383177570093,"haava_rate":0.3698630136986301,"palo_rate":0.273972602739726,"tehot_per_turn":0.1232876712328767,"kl_per_turn":0.4246575342465753,"hr_rbi_per_turn":0.0821917808219178,"kl_base0":0.22727272727272727,"kl_base0_tries":22,"kl_base1":0.7647058823529411,"kl_base1_tries":17,"kl_base2":0.4117647058823529,"kl_base2_tries":17,"kl_base3":0.46153846153846156,"kl_base3_tries":13,"adv1_pct":0.22727272727272727,"adv2_pct":0.7647058823529411,"adv3_pct":0.4117647058823529,"adv_home_pct":0.46153846153846156,"money_kl_pct":0.46153846153846156,"money_kl_tries":13,"pos":"2V","teho_plus":39,"adv_plus":80,"runner_plus":84,"out_avoid_plus":108,"adv1_plus":38,"adv2_plus":122,"adv3_plus":59,"adv_home_plus":77,"money_kl_plus":77,"spark_index":87,"run_value":4.625369203375932,"raa":-5.9,"jyk":0.3,"vyk":0.01,"teho_plus_adj":38,"pct_kl_pct":6,"pct_saatto_pct":16,"pct_eten_pct":12,"pct_kunnari_rate":29,"pct_lyoty_rate":42,"pct_palo_rate":73,"pct_tehot_per_turn":9},"proj":null,"translation":null,"pitching":null,"career_json":[{"year":2003,"kl_pct":0.4492753623188406,"teho_plus":39}],"pct_stats":["kl_pct","saatto_pct","eten_pct","kunnari_rate","lyoty_rate","palo_rate","tehot_per_turn"],"base_kl":{"player_id":3648,"turns_at_bat":73,"kl_base0":0.22727272727272727,"kl_base0_tries":22,"kl_base1":0.7647058823529411,"kl_base1_tries":17,"kl_base2":0.4117647058823529,"kl_base2_tries":17,"kl_base3":0.46153846153846156,"kl_base3_tries":13,"pct_kl_base0":4,"pct_kl_base1":85,"pct_kl_base2":6,"pct_kl_base3":27},"base_keys":["kl_base0","kl_base1","kl_base2","kl_base3"],"comps":[]}