{"player":{"id":36924,"name":"Laura Aunio","born_year":null},"career":[{"year":2026,"season_id":178,"team":"RuoPi","age":null,"games":12,"turns_at_bat":79,"vyk":0.3,"spark_index":106,"adv_plus":111,"runner_plus":102,"out_avoid_plus":99,"money_kl_plus":54,"teho_plus":71,"teho_plus_adj":72}],"line":{"player_id":36924,"name":"Laura Aunio","born_year":null,"year":2026,"games":12,"team":"RuoPi","turns_at_bat":79,"kunnarit":0,"lyodyt":4,"tuodut":13,"karkilyonnit":47,"karki_yritykset":71,"saatot":108,"saatto_yritykset":147,"etenemiset":97,"eteneminen_yritykset":145,"haavat":23,"palot":25,"season_id":178,"tehot":17,"kl_pct":0.6619718309859155,"saatto_pct":0.7346938775510204,"eten_pct":0.6689655172413793,"kunnari_rate":0.0,"lyoty_rate":0.05063291139240506,"tuotu_rate":0.0896551724137931,"haava_rate":0.2911392405063291,"palo_rate":0.31645569620253167,"tehot_per_turn":0.21518987341772153,"kl_per_turn":0.5949367088607594,"hr_rbi_per_turn":0.05063291139240506,"kl_base0":0.5833333333333334,"kl_base0_tries":12,"kl_base1":0.7741935483870968,"kl_base1_tries":31,"kl_base2":0.8,"kl_base2_tries":15,"kl_base3":0.3076923076923077,"kl_base3_tries":13,"adv1_pct":0.5833333333333334,"adv2_pct":0.7741935483870968,"adv3_pct":0.8,"adv_home_pct":0.3076923076923077,"money_kl_pct":0.3076923076923077,"money_kl_tries":13,"pos":"1V","teho_plus":71,"adv_plus":111,"runner_plus":102,"out_avoid_plus":99,"adv1_plus":104,"adv2_plus":130,"adv3_plus":116,"adv_home_plus":54,"money_kl_plus":54,"spark_index":106,"run_value":12.35800638098119,"raa":-0.0,"jyk":6.8,"vyk":0.3,"teho_plus_adj":72,"pct_kl_pct":71,"pct_saatto_pct":79,"pct_eten_pct":59,"pct_kunnari_rate":28,"pct_lyoty_rate":27,"pct_palo_rate":43,"pct_tehot_per_turn":31},"proj":{"player_id":36924,"name":"Laura Aunio","as_of":"2026-07-16","age":null,"stats":{"kl_pct":{"rate":0.6352163185296914,"effective_n":64.44299542515321,"observed":0.6635551140106639},"saatto_pct":{"rate":0.7216220417139739,"effective_n":130.06215685793032,"observed":0.7404655147154857},"eten_pct":{"rate":0.669250828568195,"effective_n":128.26880664430024,"observed":0.6734019105797849},"kunnari_rate":{"rate":0.006459001956465379,"effective_n":74.31294830603754,"observed":0.0},"lyoty_rate":{"rate":0.09313287793886178,"effective_n":72.1212311151559,"observed":0.05018971064295166},"haava_rate":{"rate":0.33644664223473086,"effective_n":68.01679309152601,"observed":0.2876432232154914},"palo_rate":{"rate":0.30908030845053247,"effective_n":70.02406638615302,"observed":0.3099591590729761}},"teho_plus_proj":100},"translation":{"wrc_plus":88,"tier":"bench bat","rows":[{"pesis_label":"Kärkilyönti-% (advance the lead runner)","pesis_value":0.6619718309859155,"percentile":71,"mlb_stat":"AVG","mlb_value":"0.379"},{"pesis_label":"Kärkilyönnit per turn (base hits)","pesis_value":0.5949367088607594,"percentile":57,"mlb_stat":"H / 600 PA","mlb_value":"154"},{"pesis_label":"Lyödyt per turn (runs batted home)","pesis_value":0.05063291139240506,"percentile":27,"mlb_stat":"RBI / 600 PA","mlb_value":"60"},{"pesis_label":"Tuodut per advance (runs scored)","pesis_value":0.0896551724137931,"percentile":64,"mlb_stat":"R / 600 PA","mlb_value":"82"},{"pesis_label":"Palot per turn (burned outs)","pesis_value":0.31645569620253167,"percentile":43,"mlb_stat":"K%","mlb_value":"23.2%"}]},"pitching":null,"career_json":[{"year":2026,"kl_pct":0.6619718309859155,"teho_plus":71}],"pct_stats":["kl_pct","saatto_pct","eten_pct","kunnari_rate","lyoty_rate","palo_rate","tehot_per_turn"],"base_kl":{"player_id":36924,"turns_at_bat":79,"kl_base0":0.5833333333333334,"kl_base0_tries":12,"kl_base1":0.7741935483870968,"kl_base1_tries":31,"kl_base2":0.8,"kl_base2_tries":15,"kl_base3":0.3076923076923077,"kl_base3_tries":13,"pct_kl_base0":57,"pct_kl_base1":88,"pct_kl_base2":78,"pct_kl_base3":11},"base_keys":["kl_base0","kl_base1","kl_base2","kl_base3"],"comps":[]}