{"player":{"id":3732,"name":"Mira Talonen","born_year":null},"career":[{"year":2008,"season_id":58,"team":"VäVi","age":null,"games":12,"turns_at_bat":83,"vyk":0.14,"spark_index":104,"adv_plus":110,"runner_plus":106,"out_avoid_plus":88,"money_kl_plus":89,"teho_plus":81,"teho_plus_adj":82},{"year":2009,"season_id":62,"team":"VäVi","age":null,"games":14,"turns_at_bat":93,"vyk":0.65,"spark_index":113,"adv_plus":122,"runner_plus":109,"out_avoid_plus":96,"money_kl_plus":80,"teho_plus":58,"teho_plus_adj":61}],"line":{"player_id":3732,"name":"Mira Talonen","born_year":null,"year":2009,"games":14,"team":"VäVi","turns_at_bat":93,"kunnarit":0,"lyodyt":3,"tuodut":11,"karkilyonnit":54,"karki_yritykset":81,"saatot":149,"saatto_yritykset":185,"etenemiset":138,"eteneminen_yritykset":195,"haavat":25,"palot":32,"season_id":62,"tehot":14,"kl_pct":0.6666666666666666,"saatto_pct":0.8054054054054054,"eten_pct":0.7076923076923077,"kunnari_rate":0.0,"lyoty_rate":0.03225806451612903,"tuotu_rate":0.05641025641025641,"haava_rate":0.26881720430107525,"palo_rate":0.34408602150537637,"tehot_per_turn":0.15053763440860216,"kl_per_turn":0.5806451612903226,"hr_rbi_per_turn":0.03225806451612903,"kl_base0":0.4166666666666667,"kl_base0_tries":12,"kl_base1":0.6363636363636364,"kl_base1_tries":33,"kl_base2":0.8620689655172413,"kl_base2_tries":29,"kl_base3":0.42857142857142855,"kl_base3_tries":7,"adv1_pct":0.4166666666666667,"adv2_pct":0.6363636363636364,"adv3_pct":0.8620689655172413,"adv_home_pct":0.42857142857142855,"money_kl_pct":0.42857142857142855,"money_kl_tries":7,"pos":"2V","teho_plus":58,"adv_plus":122,"runner_plus":109,"out_avoid_plus":96,"adv1_plus":75,"adv2_plus":109,"adv3_plus":129,"adv_home_plus":80,"money_kl_plus":80,"spark_index":113,"run_value":19.570996438499158,"raa":2.8,"jyk":12.9,"vyk":0.65,"teho_plus_adj":61,"pct_kl_pct":79,"pct_saatto_pct":98,"pct_eten_pct":84,"pct_kunnari_rate":33,"pct_lyoty_rate":21,"pct_palo_rate":34,"pct_tehot_per_turn":21},"proj":null,"translation":null,"pitching":null,"career_json":[{"year":2008,"kl_pct":0.6617647058823529,"teho_plus":81},{"year":2009,"kl_pct":0.6666666666666666,"teho_plus":58}],"pct_stats":["kl_pct","saatto_pct","eten_pct","kunnari_rate","lyoty_rate","palo_rate","tehot_per_turn"],"base_kl":{"player_id":3732,"turns_at_bat":93,"kl_base0":0.4166666666666667,"kl_base0_tries":12,"kl_base1":0.6363636363636364,"kl_base1_tries":33,"kl_base2":0.8620689655172413,"kl_base2_tries":29,"kl_base3":0.42857142857142855,"kl_base3_tries":7,"pct_kl_base0":27,"pct_kl_base1":64,"pct_kl_base2":94,"pct_kl_base3":33},"base_keys":["kl_base0","kl_base1","kl_base2","kl_base3"],"comps":[]}