{"player":{"id":395,"name":"Eero Pitkänen","born_year":null},"career":[{"year":1999,"age":null,"games":26,"turns_at_bat":122,"vyk":-0.17,"spark_index":80,"adv_plus":72,"runner_plus":70,"out_avoid_plus":117,"money_kl_plus":73,"teho_plus":24,"teho_plus_adj":25}],"line":{"player_id":395,"name":"Eero Pitkänen","born_year":null,"year":1999,"games":26,"team":"KPL","turns_at_bat":122,"kunnarit":0,"lyodyt":4,"tuodut":1,"karkilyonnit":40,"karki_yritykset":107,"saatot":88,"saatto_yritykset":204,"etenemiset":78,"eteneminen_yritykset":187,"haavat":86,"palot":23,"season_id":29,"tehot":5,"kl_pct":0.37383177570093457,"saatto_pct":0.43137254901960786,"eten_pct":0.41711229946524064,"kunnari_rate":0.0,"lyoty_rate":0.03278688524590164,"tuotu_rate":0.0053475935828877,"haava_rate":0.7049180327868853,"palo_rate":0.1885245901639344,"tehot_per_turn":0.040983606557377046,"kl_per_turn":0.32786885245901637,"hr_rbi_per_turn":0.03278688524590164,"kl_base0":0.425,"kl_base0_tries":40,"kl_base1":0.3783783783783784,"kl_base1_tries":37,"kl_base2":0.29411764705882354,"kl_base2_tries":17,"kl_base3":0.3076923076923077,"kl_base3_tries":13,"adv1_pct":0.425,"adv2_pct":0.3783783783783784,"adv3_pct":0.29411764705882354,"adv_home_pct":0.3076923076923077,"money_kl_pct":0.3076923076923077,"money_kl_tries":13,"pos":"3P","teho_plus":24,"adv_plus":72,"runner_plus":70,"out_avoid_plus":117,"adv1_plus":77,"adv2_plus":71,"adv3_plus":48,"adv_home_plus":73,"money_kl_plus":73,"spark_index":80,"run_value":-2.2086842654880137,"raa":-4.1,"jyk":-2.2,"vyk":-0.17,"teho_plus_adj":25,"pct_kl_pct":7,"pct_saatto_pct":7,"pct_eten_pct":1,"pct_kunnari_rate":22,"pct_lyoty_rate":42,"pct_palo_rate":81,"pct_tehot_per_turn":3},"proj":null,"career_json":[{"year":1999,"kl_pct":0.37383177570093457,"teho_plus":24}],"pct_stats":["kl_pct","saatto_pct","eten_pct","kunnari_rate","lyoty_rate","palo_rate","tehot_per_turn"],"base_kl":{"player_id":395,"turns_at_bat":122,"kl_base0":0.425,"kl_base0_tries":40,"kl_base1":0.3783783783783784,"kl_base1_tries":37,"kl_base2":0.29411764705882354,"kl_base2_tries":17,"kl_base3":0.3076923076923077,"kl_base3_tries":13,"pct_kl_base0":26,"pct_kl_base1":35,"pct_kl_base2":6,"pct_kl_base3":22},"base_keys":["kl_base0","kl_base1","kl_base2","kl_base3"],"comps":[]}