{"player":{"id":4122,"name":"Mikko Niiranen","born_year":null},"career":[{"year":2004,"season_id":134,"team":"VuVe","age":null,"games":15,"turns_at_bat":101,"vyk":-0.1,"spark_index":81,"adv_plus":75,"runner_plus":77,"out_avoid_plus":103,"money_kl_plus":67,"teho_plus":31,"teho_plus_adj":31},{"year":2005,"season_id":135,"team":"VuVe","age":null,"games":18,"turns_at_bat":109,"vyk":-0.07,"spark_index":84,"adv_plus":78,"runner_plus":75,"out_avoid_plus":112,"money_kl_plus":58,"teho_plus":32,"teho_plus_adj":32}],"line":{"player_id":4122,"name":"Mikko Niiranen","born_year":null,"year":2005,"games":18,"team":"VuVe","turns_at_bat":109,"kunnarit":0,"lyodyt":5,"tuodut":3,"karkilyonnit":40,"karki_yritykset":91,"saatot":82,"saatto_yritykset":169,"etenemiset":75,"eteneminen_yritykset":159,"haavat":60,"palot":24,"season_id":135,"tehot":8,"kl_pct":0.43956043956043955,"saatto_pct":0.48520710059171596,"eten_pct":0.4716981132075472,"kunnari_rate":0.0,"lyoty_rate":0.045871559633027525,"tuotu_rate":0.018867924528301886,"haava_rate":0.5504587155963303,"palo_rate":0.22018348623853212,"tehot_per_turn":0.07339449541284404,"kl_per_turn":0.3669724770642202,"hr_rbi_per_turn":0.045871559633027525,"kl_base0":0.6129032258064516,"kl_base0_tries":31,"kl_base1":0.38461538461538464,"kl_base1_tries":26,"kl_base2":0.35294117647058826,"kl_base2_tries":17,"kl_base3":0.29411764705882354,"kl_base3_tries":17,"adv1_pct":0.6129032258064516,"adv2_pct":0.38461538461538464,"adv3_pct":0.35294117647058826,"adv_home_pct":0.29411764705882354,"money_kl_pct":0.29411764705882354,"money_kl_tries":17,"pos":"2V","teho_plus":32,"adv_plus":78,"runner_plus":75,"out_avoid_plus":112,"adv1_plus":108,"adv2_plus":71,"adv3_plus":57,"adv_home_plus":58,"money_kl_plus":58,"spark_index":84,"run_value":4.354212638311407,"raa":-9.6,"jyk":-1.2,"vyk":-0.07,"teho_plus_adj":32,"pct_kl_pct":17,"pct_saatto_pct":13,"pct_eten_pct":8,"pct_kunnari_rate":28,"pct_lyoty_rate":34,"pct_palo_rate":80,"pct_tehot_per_turn":8},"proj":null,"translation":null,"pitching":null,"career_json":[{"year":2004,"kl_pct":0.43023255813953487,"teho_plus":31},{"year":2005,"kl_pct":0.43956043956043955,"teho_plus":32}],"pct_stats":["kl_pct","saatto_pct","eten_pct","kunnari_rate","lyoty_rate","palo_rate","tehot_per_turn"],"base_kl":{"player_id":4122,"turns_at_bat":109,"kl_base0":0.6129032258064516,"kl_base0_tries":31,"kl_base1":0.38461538461538464,"kl_base1_tries":26,"kl_base2":0.35294117647058826,"kl_base2_tries":17,"kl_base3":0.29411764705882354,"kl_base3_tries":17,"pct_kl_base0":64,"pct_kl_base1":24,"pct_kl_base2":11,"pct_kl_base3":13},"base_keys":["kl_base0","kl_base1","kl_base2","kl_base3"],"comps":[]}