{"player":{"id":4137,"name":"Ville Peltonen","born_year":null},"career":[{"year":2007,"age":null,"games":18,"turns_at_bat":124,"vyk":0.41,"spark_index":103,"adv_plus":102,"runner_plus":104,"out_avoid_plus":105,"money_kl_plus":102,"teho_plus":85,"teho_plus_adj":84},{"year":2008,"age":null,"games":21,"turns_at_bat":157,"vyk":0.06,"spark_index":102,"adv_plus":114,"runner_plus":96,"out_avoid_plus":80,"money_kl_plus":158,"teho_plus":64,"teho_plus_adj":64}],"line":{"player_id":4137,"name":"Ville Peltonen","born_year":null,"year":2008,"games":21,"team":"Manse","turns_at_bat":157,"kunnarit":0,"lyodyt":4,"tuodut":12,"karkilyonnit":82,"karki_yritykset":142,"saatot":198,"saatto_yritykset":296,"etenemiset":166,"eteneminen_yritykset":294,"haavat":59,"palot":69,"season_id":66,"tehot":16,"kl_pct":0.5774647887323944,"saatto_pct":0.668918918918919,"eten_pct":0.564625850340136,"kunnari_rate":0.0,"lyoty_rate":0.025477707006369428,"tuotu_rate":0.04081632653061224,"haava_rate":0.37579617834394907,"palo_rate":0.4394904458598726,"tehot_per_turn":0.10191082802547771,"kl_per_turn":0.5222929936305732,"hr_rbi_per_turn":0.025477707006369428,"kl_base0":0.25,"kl_base0_tries":20,"kl_base1":0.6888888888888889,"kl_base1_tries":90,"kl_base2":0.4230769230769231,"kl_base2_tries":26,"kl_base3":0.6666666666666666,"kl_base3_tries":6,"adv1_pct":0.25,"adv2_pct":0.6888888888888889,"adv3_pct":0.4230769230769231,"adv_home_pct":0.6666666666666666,"money_kl_pct":0.6666666666666666,"money_kl_tries":6,"pos":"3V","teho_plus":64,"adv_plus":114,"runner_plus":96,"out_avoid_plus":80,"adv1_plus":47,"adv2_plus":139,"adv3_plus":73,"adv_home_plus":158,"money_kl_plus":158,"spark_index":102,"run_value":1.9368118911670518,"raa":-5.9,"jyk":0.8,"vyk":0.06,"teho_plus_adj":64,"pct_kl_pct":73,"pct_saatto_pct":78,"pct_eten_pct":39,"pct_kunnari_rate":28,"pct_lyoty_rate":36,"pct_palo_rate":11,"pct_tehot_per_turn":26},"proj":null,"translation":null,"career_json":[{"year":2007,"kl_pct":0.4827586206896552,"teho_plus":85},{"year":2008,"kl_pct":0.5774647887323944,"teho_plus":64}],"pct_stats":["kl_pct","saatto_pct","eten_pct","kunnari_rate","lyoty_rate","palo_rate","tehot_per_turn"],"base_kl":{"player_id":4137,"turns_at_bat":157,"kl_base0":0.25,"kl_base0_tries":20,"kl_base1":0.6888888888888889,"kl_base1_tries":90,"kl_base2":0.4230769230769231,"kl_base2_tries":26,"kl_base3":0.6666666666666666,"kl_base3_tries":6,"pct_kl_base0":8,"pct_kl_base1":88,"pct_kl_base2":23,"pct_kl_base3":90},"base_keys":["kl_base0","kl_base1","kl_base2","kl_base3"],"comps":[]}