{"player":{"id":4214,"name":"Maiju Mäntylä","born_year":null},"career":[{"player_id":4214,"name":"Maiju Mäntylä","born_year":null,"year":2026,"games":14,"team":"Jussittaret","turns_at_bat":91,"kunnarit":0,"lyodyt":5,"tuodut":9,"karkilyonnit":50,"karki_yritykset":86,"saatot":100,"saatto_yritykset":158,"etenemiset":100,"eteneminen_yritykset":171,"haavat":39,"palot":32,"season_id":2,"tehot":14,"kl_pct":0.5813953488372093,"saatto_pct":0.6329113924050633,"eten_pct":0.5847953216374269,"kunnari_rate":0.0,"lyoty_rate":0.054945054945054944,"tuotu_rate":0.05263157894736842,"haava_rate":0.42857142857142855,"palo_rate":0.3516483516483517,"tehot_per_turn":0.15384615384615385,"kl_per_turn":0.5494505494505495,"hr_rbi_per_turn":0.054945054945054944,"kl_base0":0.4482758620689655,"kl_base0_tries":29,"kl_base1":0.6756756756756757,"kl_base1_tries":37,"kl_base2":0.5,"kl_base2_tries":14,"kl_base3":0.8333333333333334,"kl_base3_tries":6,"adv1_pct":0.4482758620689655,"adv2_pct":0.6756756756756757,"adv3_pct":0.5,"adv_home_pct":0.8333333333333334,"money_kl_pct":0.8333333333333334,"money_kl_tries":6,"pos":"3K","teho_plus":89,"adv_plus":107,"runner_plus":98,"out_avoid_plus":99,"adv1_plus":90,"adv2_plus":121,"adv3_plus":83,"adv_home_plus":186,"money_kl_plus":186,"spark_index":103,"run_value":8.281446248963007,"raa":-0.6,"jyk":4.3,"vyk":0.37,"teho_plus_adj":90}],"line":{"player_id":4214,"name":"Maiju Mäntylä","born_year":null,"year":2026,"games":14,"team":"Jussittaret","turns_at_bat":91,"kunnarit":0,"lyodyt":5,"tuodut":9,"karkilyonnit":50,"karki_yritykset":86,"saatot":100,"saatto_yritykset":158,"etenemiset":100,"eteneminen_yritykset":171,"haavat":39,"palot":32,"season_id":2,"tehot":14,"kl_pct":0.5813953488372093,"saatto_pct":0.6329113924050633,"eten_pct":0.5847953216374269,"kunnari_rate":0.0,"lyoty_rate":0.054945054945054944,"tuotu_rate":0.05263157894736842,"haava_rate":0.42857142857142855,"palo_rate":0.3516483516483517,"tehot_per_turn":0.15384615384615385,"kl_per_turn":0.5494505494505495,"hr_rbi_per_turn":0.054945054945054944,"kl_base0":0.4482758620689655,"kl_base0_tries":29,"kl_base1":0.6756756756756757,"kl_base1_tries":37,"kl_base2":0.5,"kl_base2_tries":14,"kl_base3":0.8333333333333334,"kl_base3_tries":6,"adv1_pct":0.4482758620689655,"adv2_pct":0.6756756756756757,"adv3_pct":0.5,"adv_home_pct":0.8333333333333334,"money_kl_pct":0.8333333333333334,"money_kl_tries":6,"pos":"3K","teho_plus":89,"adv_plus":107,"runner_plus":98,"out_avoid_plus":99,"adv1_plus":90,"adv2_plus":121,"adv3_plus":83,"adv_home_plus":186,"money_kl_plus":186,"spark_index":103,"run_value":8.281446248963007,"raa":-0.6,"jyk":4.3,"vyk":0.37,"teho_plus_adj":90,"pct_kl_pct":73,"pct_saatto_pct":64,"pct_eten_pct":52,"pct_kunnari_rate":35,"pct_lyoty_rate":66,"pct_palo_rate":39,"pct_tehot_per_turn":53},"proj":{"player_id":4214,"name":"Maiju Mäntylä","as_of":"2026-07-01","age":null,"stats":{"kl_pct":{"rate":0.5576903290610894,"effective_n":78.88831514854145,"observed":0.5806706574577312},"saatto_pct":{"rate":0.6246038084714384,"effective_n":140.44998298602607,"observed":0.6320675373597135},"eten_pct":{"rate":0.5872248276312377,"effective_n":152.23664370224134,"observed":0.584193492958994},"kunnari_rate":{"rate":0.003226213790160223,"effective_n":85.80212005698037,"observed":0.0},"lyoty_rate":{"rate":0.06590835717952769,"effective_n":83.34038068481604,"observed":0.0539324072424523},"haava_rate":{"rate":0.4130316670372304,"effective_n":78.67421054887126,"observed":0.42708738545574837},"palo_rate":{"rate":0.34887255196587214,"effective_n":80.96550533368843,"observed":0.3544465523722249}},"teho_plus_proj":142},"career_json":[{"year":2026,"kl_pct":0.5813953488372093,"teho_plus":89}],"pct_stats":["kl_pct","saatto_pct","eten_pct","kunnari_rate","lyoty_rate","palo_rate","tehot_per_turn"],"base_kl":{"player_id":4214,"turns_at_bat":91,"kl_base0":0.4482758620689655,"kl_base0_tries":29,"kl_base1":0.6756756756756757,"kl_base1_tries":37,"kl_base2":0.5,"kl_base2_tries":14,"kl_base3":0.8333333333333334,"kl_base3_tries":6,"pct_kl_base0":58,"pct_kl_base1":83,"pct_kl_base2":39,"pct_kl_base3":91},"base_keys":["kl_base0","kl_base1","kl_base2","kl_base3"],"comps":[]}