{"player":{"id":4440,"name":"Reetta Kankare","born_year":null},"career":[{"year":2005,"season_id":161,"team":"PuMu","age":null,"games":7,"turns_at_bat":31,"vyk":0.03,"spark_index":94,"adv_plus":82,"runner_plus":113,"out_avoid_plus":95,"money_kl_plus":84,"teho_plus":101,"teho_plus_adj":102},{"year":2026,"season_id":178,"team":"Larun Pesis","age":null,"games":10,"turns_at_bat":54,"vyk":-0.03,"spark_index":88,"adv_plus":88,"runner_plus":87,"out_avoid_plus":88,"money_kl_plus":87,"teho_plus":25,"teho_plus_adj":24}],"line":{"player_id":4440,"name":"Reetta Kankare","born_year":null,"year":2026,"games":10,"team":"Larun Pesis","turns_at_bat":54,"kunnarit":0,"lyodyt":1,"tuodut":3,"karkilyonnit":22,"karki_yritykset":47,"saatot":56,"saatto_yritykset":91,"etenemiset":53,"eteneminen_yritykset":92,"haavat":18,"palot":21,"season_id":178,"tehot":4,"kl_pct":0.46808510638297873,"saatto_pct":0.6153846153846154,"eten_pct":0.5760869565217391,"kunnari_rate":0.0,"lyoty_rate":0.018518518518518517,"tuotu_rate":0.03260869565217391,"haava_rate":0.3333333333333333,"palo_rate":0.3888888888888889,"tehot_per_turn":0.07407407407407407,"kl_per_turn":0.4074074074074074,"hr_rbi_per_turn":0.018518518518518517,"kl_base0":0.5714285714285714,"kl_base0_tries":14,"kl_base1":0.2777777777777778,"kl_base1_tries":18,"kl_base2":0.6153846153846154,"kl_base2_tries":13,"kl_base3":0.5,"kl_base3_tries":2,"adv1_pct":0.5714285714285714,"adv2_pct":0.2777777777777778,"adv3_pct":0.6153846153846154,"adv_home_pct":0.5,"money_kl_pct":0.5,"money_kl_tries":2,"pos":"S","teho_plus":25,"adv_plus":88,"runner_plus":87,"out_avoid_plus":88,"adv1_plus":102,"adv2_plus":47,"adv3_plus":89,"adv_home_plus":87,"money_kl_plus":87,"spark_index":88,"run_value":3.1469232690509523,"raa":-5.3,"jyk":-0.7,"vyk":-0.03,"teho_plus_adj":24,"pct_kl_pct":12,"pct_saatto_pct":33,"pct_eten_pct":20,"pct_kunnari_rate":28,"pct_lyoty_rate":9,"pct_palo_rate":15,"pct_tehot_per_turn":4},"proj":{"player_id":4440,"name":"Reetta Kankare","as_of":"2026-07-14","age":null,"stats":{"kl_pct":{"rate":0.5518757276286541,"effective_n":42.4306367424951,"observed":0.47706660784590627},"saatto_pct":{"rate":0.6345385525383512,"effective_n":79.45061871765783,"observed":0.6215428472509784},"eten_pct":{"rate":0.607511164172877,"effective_n":80.03438431509073,"observed":0.5755932715606266},"kunnari_rate":{"rate":0.007364140479856835,"effective_n":50.429626744389836,"observed":0.0},"lyoty_rate":{"rate":0.0883753330940882,"effective_n":48.77217051745202,"observed":0.0170699627558417},"haava_rate":{"rate":0.3605127213649268,"effective_n":45.69104015857341,"observed":0.3405340967286089},"palo_rate":{"rate":0.33514028051099487,"effective_n":47.194012901873606,"observed":0.3806193217535605}},"teho_plus_proj":92},"translation":{"wrc_plus":56,"tier":"replacement level","rows":[{"pesis_label":"Kärkilyönti-% (advance the lead runner)","pesis_value":0.46808510638297873,"percentile":12,"mlb_stat":"AVG","mlb_value":"0.185"},{"pesis_label":"Kärkilyönnit per turn (base hits)","pesis_value":0.4074074074074074,"percentile":15,"mlb_stat":"H / 600 PA","mlb_value":"127"},{"pesis_label":"Lyödyt per turn (runs batted home)","pesis_value":0.018518518518518517,"percentile":9,"mlb_stat":"RBI / 600 PA","mlb_value":"45"},{"pesis_label":"Tuodut per advance (runs scored)","pesis_value":0.03260869565217391,"percentile":16,"mlb_stat":"R / 600 PA","mlb_value":"58"},{"pesis_label":"Palot per turn (burned outs)","pesis_value":0.3888888888888889,"percentile":15,"mlb_stat":"K%","mlb_value":"27.9%"}]},"pitching":null,"career_json":[{"year":2005,"kl_pct":0.5238095238095238,"teho_plus":101},{"year":2026,"kl_pct":0.46808510638297873,"teho_plus":25}],"pct_stats":["kl_pct","saatto_pct","eten_pct","kunnari_rate","lyoty_rate","palo_rate","tehot_per_turn"],"base_kl":{"player_id":4440,"turns_at_bat":54,"kl_base0":0.5714285714285714,"kl_base0_tries":14,"kl_base1":0.2777777777777778,"kl_base1_tries":18,"kl_base2":0.6153846153846154,"kl_base2_tries":13,"kl_base3":0.5,"kl_base3_tries":2,"pct_kl_base0":55,"pct_kl_base1":5,"pct_kl_base2":34,"pct_kl_base3":37},"base_keys":["kl_base0","kl_base1","kl_base2","kl_base3"],"comps":[]}