{"player":{"id":4542,"name":"Tuomas Jussila","born_year":null},"career":[{"player_id":4542,"name":"Tuomas Jussila","born_year":null,"year":2026,"games":17,"team":"KeKi","turns_at_bat":126,"kunnarit":0,"lyodyt":1,"tuodut":17,"karkilyonnit":77,"karki_yritykset":124,"saatot":183,"saatto_yritykset":255,"etenemiset":164,"eteneminen_yritykset":261,"haavat":61,"palot":36,"season_id":1,"tehot":18,"kl_pct":0.6209677419354839,"saatto_pct":0.7176470588235294,"eten_pct":0.6283524904214559,"kunnari_rate":0.0,"lyoty_rate":0.007936507936507936,"tuotu_rate":0.06513409961685823,"haava_rate":0.48412698412698413,"palo_rate":0.2857142857142857,"tehot_per_turn":0.14285714285714285,"kl_per_turn":0.6111111111111112,"hr_rbi_per_turn":0.007936507936507936,"kl_base0":0.6451612903225806,"kl_base0_tries":31,"kl_base1":0.5777777777777777,"kl_base1_tries":45,"kl_base2":0.6666666666666666,"kl_base2_tries":45,"kl_base3":0.3333333333333333,"kl_base3_tries":3,"adv1_pct":0.6451612903225806,"adv2_pct":0.5777777777777777,"adv3_pct":0.6666666666666666,"adv_home_pct":0.3333333333333333,"money_kl_pct":0.3333333333333333,"money_kl_tries":3,"teho_plus":89,"adv_plus":121,"runner_plus":107,"out_avoid_plus":106,"adv1_plus":121,"adv2_plus":109,"adv3_plus":117,"adv_home_plus":74,"money_kl_plus":74,"spark_index":114,"teho_plus_adj":89}],"line":{"player_id":4542,"name":"Tuomas Jussila","born_year":null,"year":2026,"games":17,"team":"KeKi","turns_at_bat":126,"kunnarit":0,"lyodyt":1,"tuodut":17,"karkilyonnit":77,"karki_yritykset":124,"saatot":183,"saatto_yritykset":255,"etenemiset":164,"eteneminen_yritykset":261,"haavat":61,"palot":36,"season_id":1,"tehot":18,"kl_pct":0.6209677419354839,"saatto_pct":0.7176470588235294,"eten_pct":0.6283524904214559,"kunnari_rate":0.0,"lyoty_rate":0.007936507936507936,"tuotu_rate":0.06513409961685823,"haava_rate":0.48412698412698413,"palo_rate":0.2857142857142857,"tehot_per_turn":0.14285714285714285,"kl_per_turn":0.6111111111111112,"hr_rbi_per_turn":0.007936507936507936,"kl_base0":0.6451612903225806,"kl_base0_tries":31,"kl_base1":0.5777777777777777,"kl_base1_tries":45,"kl_base2":0.6666666666666666,"kl_base2_tries":45,"kl_base3":0.3333333333333333,"kl_base3_tries":3,"adv1_pct":0.6451612903225806,"adv2_pct":0.5777777777777777,"adv3_pct":0.6666666666666666,"adv_home_pct":0.3333333333333333,"money_kl_pct":0.3333333333333333,"money_kl_tries":3,"teho_plus":89,"adv_plus":121,"runner_plus":107,"out_avoid_plus":106,"adv1_plus":121,"adv2_plus":109,"adv3_plus":117,"adv_home_plus":74,"money_kl_plus":74,"spark_index":114,"teho_plus_adj":89,"pct_kl_pct":82,"pct_saatto_pct":94,"pct_eten_pct":77,"pct_kunnari_rate":29,"pct_lyoty_rate":22,"pct_palo_rate":59,"pct_tehot_per_turn":52},"proj":{"player_id":4542,"name":"Tuomas Jussila","as_of":"2026-07-02","age":null,"stats":{"kl_pct":{"rate":0.5889593205967241,"effective_n":113.84504377230127,"observed":0.6226351667006419},"saatto_pct":{"rate":0.6996493446811762,"effective_n":228.42387144184056,"observed":0.7189253084510001},"eten_pct":{"rate":0.6201155373907601,"effective_n":233.15268553608496,"observed":0.6270059493112581},"kunnari_rate":{"rate":0.003401836436570612,"effective_n":119.17858363869787,"observed":0.0},"lyoty_rate":{"rate":0.03391954509984637,"effective_n":115.95257821291358,"observed":0.007488451666125211},"haava_rate":{"rate":0.4585802315462401,"effective_n":109.84553477456768,"observed":0.4851010555171324},"palo_rate":{"rate":0.30177136874660304,"effective_n":112.84312187676953,"observed":0.28573734788690563}},"teho_plus_proj":138},"career_json":[{"year":2026,"kl_pct":0.6209677419354839,"teho_plus":89}],"pct_stats":["kl_pct","saatto_pct","eten_pct","kunnari_rate","lyoty_rate","palo_rate","tehot_per_turn"],"base_kl":{"player_id":4542,"turns_at_bat":126,"kl_base0":0.6451612903225806,"kl_base0_tries":31,"kl_base1":0.5777777777777777,"kl_base1_tries":45,"kl_base2":0.6666666666666666,"kl_base2_tries":45,"kl_base3":0.3333333333333333,"kl_base3_tries":3,"pct_kl_base0":81,"pct_kl_base1":65,"pct_kl_base2":71,"pct_kl_base3":31},"base_keys":["kl_base0","kl_base1","kl_base2","kl_base3"],"comps":[]}