{"player":{"id":4581,"name":"Marjo Takala","born_year":null},"career":[{"year":2005,"season_id":161,"team":"ViVe","age":null,"games":13,"turns_at_bat":70,"vyk":0.41,"spark_index":105,"adv_plus":106,"runner_plus":106,"out_avoid_plus":101,"money_kl_plus":89,"teho_plus":99,"teho_plus_adj":98},{"year":2006,"season_id":162,"team":"AA","age":null,"games":11,"turns_at_bat":58,"vyk":0.01,"spark_index":82,"adv_plus":86,"runner_plus":74,"out_avoid_plus":83,"money_kl_plus":57,"teho_plus":43,"teho_plus_adj":42}],"line":{"player_id":4581,"name":"Marjo Takala","born_year":null,"year":2006,"games":11,"team":"AA","turns_at_bat":58,"kunnarit":1,"lyodyt":7,"tuodut":1,"karkilyonnit":37,"karki_yritykset":62,"saatot":72,"saatto_yritykset":125,"etenemiset":48,"eteneminen_yritykset":94,"haavat":21,"palot":25,"season_id":162,"tehot":9,"kl_pct":0.5967741935483871,"saatto_pct":0.576,"eten_pct":0.5106382978723404,"kunnari_rate":0.017241379310344827,"lyoty_rate":0.1206896551724138,"tuotu_rate":0.010638297872340425,"haava_rate":0.3620689655172414,"palo_rate":0.43103448275862066,"tehot_per_turn":0.15517241379310345,"kl_per_turn":0.6379310344827587,"hr_rbi_per_turn":0.13793103448275862,"kl_base0":0.3333333333333333,"kl_base0_tries":9,"kl_base1":0.8666666666666667,"kl_base1_tries":15,"kl_base2":0.8125,"kl_base2_tries":16,"kl_base3":0.36363636363636365,"kl_base3_tries":22,"adv1_pct":0.3333333333333333,"adv2_pct":0.8666666666666667,"adv3_pct":0.8125,"adv_home_pct":0.36363636363636365,"money_kl_pct":0.36363636363636365,"money_kl_tries":22,"pos":"3K","teho_plus":43,"adv_plus":86,"runner_plus":74,"out_avoid_plus":83,"adv1_plus":56,"adv2_plus":137,"adv3_plus":114,"adv_home_plus":57,"money_kl_plus":57,"spark_index":82,"run_value":6.165941658068886,"raa":-4.8,"jyk":0.4,"vyk":0.01,"teho_plus_adj":42,"pct_kl_pct":33,"pct_saatto_pct":12,"pct_eten_pct":3,"pct_kunnari_rate":67,"pct_lyoty_rate":50,"pct_palo_rate":10,"pct_tehot_per_turn":10},"proj":null,"translation":null,"pitching":null,"career_json":[{"year":2005,"kl_pct":0.6666666666666666,"teho_plus":99},{"year":2006,"kl_pct":0.5967741935483871,"teho_plus":43}],"pct_stats":["kl_pct","saatto_pct","eten_pct","kunnari_rate","lyoty_rate","palo_rate","tehot_per_turn"],"base_kl":{"player_id":4581,"turns_at_bat":58,"kl_base0":0.3333333333333333,"kl_base0_tries":9,"kl_base1":0.8666666666666667,"kl_base1_tries":15,"kl_base2":0.8125,"kl_base2_tries":16,"kl_base3":0.36363636363636365,"kl_base3_tries":22,"pct_kl_base0":11,"pct_kl_base1":96,"pct_kl_base2":81,"pct_kl_base3":12},"base_keys":["kl_base0","kl_base1","kl_base2","kl_base3"],"comps":[]}