{"player":{"id":4607,"name":"Juho Toivola","born_year":null},"career":[{"player_id":4607,"name":"Juho Toivola","born_year":null,"year":2026,"games":17,"team":"JoMa","turns_at_bat":108,"kunnarit":4,"lyodyt":39,"tuodut":6,"karkilyonnit":75,"karki_yritykset":149,"saatot":219,"saatto_yritykset":348,"etenemiset":156,"eteneminen_yritykset":211,"haavat":35,"palot":20,"season_id":1,"tehot":49,"kl_pct":0.5033557046979866,"saatto_pct":0.6293103448275862,"eten_pct":0.7393364928909952,"kunnari_rate":0.037037037037037035,"lyoty_rate":0.3611111111111111,"tuotu_rate":0.02843601895734597,"haava_rate":0.32407407407407407,"palo_rate":0.18518518518518517,"tehot_per_turn":0.4537037037037037,"kl_per_turn":0.6944444444444444,"hr_rbi_per_turn":0.39814814814814814,"kl_base0":null,"kl_base0_tries":0,"kl_base1":0.3157894736842105,"kl_base1_tries":19,"kl_base2":0.6842105263157895,"kl_base2_tries":38,"kl_base3":0.4673913043478261,"kl_base3_tries":92,"adv1_pct":null,"adv2_pct":0.3157894736842105,"adv3_pct":0.6842105263157895,"adv_home_pct":0.4673913043478261,"money_kl_pct":0.4673913043478261,"money_kl_tries":92,"pos":null,"teho_plus":281,"adv_plus":104,"runner_plus":126,"out_avoid_plus":121,"adv1_plus":null,"adv2_plus":60,"adv3_plus":120,"adv_home_plus":104,"money_kl_plus":104,"spark_index":114,"run_value":25.62874845812031,"raa":17.8,"jyk":22.3,"vyk":1.99,"teho_plus_adj":280}],"line":{"player_id":4607,"name":"Juho Toivola","born_year":null,"year":2026,"games":17,"team":"JoMa","turns_at_bat":108,"kunnarit":4,"lyodyt":39,"tuodut":6,"karkilyonnit":75,"karki_yritykset":149,"saatot":219,"saatto_yritykset":348,"etenemiset":156,"eteneminen_yritykset":211,"haavat":35,"palot":20,"season_id":1,"tehot":49,"kl_pct":0.5033557046979866,"saatto_pct":0.6293103448275862,"eten_pct":0.7393364928909952,"kunnari_rate":0.037037037037037035,"lyoty_rate":0.3611111111111111,"tuotu_rate":0.02843601895734597,"haava_rate":0.32407407407407407,"palo_rate":0.18518518518518517,"tehot_per_turn":0.4537037037037037,"kl_per_turn":0.6944444444444444,"hr_rbi_per_turn":0.39814814814814814,"kl_base0":null,"kl_base0_tries":0,"kl_base1":0.3157894736842105,"kl_base1_tries":19,"kl_base2":0.6842105263157895,"kl_base2_tries":38,"kl_base3":0.4673913043478261,"kl_base3_tries":92,"adv1_pct":null,"adv2_pct":0.3157894736842105,"adv3_pct":0.6842105263157895,"adv_home_pct":0.4673913043478261,"money_kl_pct":0.4673913043478261,"money_kl_tries":92,"pos":null,"teho_plus":281,"adv_plus":104,"runner_plus":126,"out_avoid_plus":121,"adv1_plus":null,"adv2_plus":60,"adv3_plus":120,"adv_home_plus":104,"money_kl_plus":104,"spark_index":114,"run_value":25.62874845812031,"raa":17.8,"jyk":22.3,"vyk":1.99,"teho_plus_adj":280,"pct_kl_pct":43,"pct_saatto_pct":70,"pct_eten_pct":100,"pct_kunnari_rate":98,"pct_lyoty_rate":95,"pct_palo_rate":93,"pct_tehot_per_turn":98},"proj":{"player_id":4607,"name":"Juho Toivola","as_of":"2026-06-30","age":null,"stats":{"kl_pct":{"rate":0.5119936959553265,"effective_n":136.9559815605949,"observed":0.5062684308316041},"saatto_pct":{"rate":0.6260746216829459,"effective_n":309.86123502460345,"observed":0.6307867353167493},"eten_pct":{"rate":0.7076297197876761,"effective_n":187.65452817887868,"observed":0.739508658290334},"kunnari_rate":{"rate":0.02095326014210443,"effective_n":101.99551290853142,"observed":0.03762796227246451},"lyoty_rate":{"rate":0.23270914240728546,"effective_n":99.15292331270344,"observed":0.36219008887902593},"haava_rate":{"rate":0.3753363287060656,"effective_n":93.76654242707653,"observed":0.31762708559857916},"palo_rate":{"rate":0.24990213527985836,"effective_n":96.41124413886655,"observed":0.1880953647044036}},"teho_plus_proj":289},"career_json":[{"year":2026,"kl_pct":0.5033557046979866,"teho_plus":281}],"pct_stats":["kl_pct","saatto_pct","eten_pct","kunnari_rate","lyoty_rate","palo_rate","tehot_per_turn"],"base_kl":{"player_id":4607,"turns_at_bat":108,"kl_base0":null,"kl_base0_tries":0,"kl_base1":0.3157894736842105,"kl_base1_tries":19,"kl_base2":0.6842105263157895,"kl_base2_tries":38,"kl_base3":0.4673913043478261,"kl_base3_tries":92,"pct_kl_base0":null,"pct_kl_base1":16,"pct_kl_base2":74,"pct_kl_base3":55},"base_keys":["kl_base0","kl_base1","kl_base2","kl_base3"],"comps":[]}