{"player":{"id":4708,"name":"Marjo Haapala","born_year":null},"career":[{"year":2005,"season_id":161,"team":"ViVe","age":null,"games":10,"turns_at_bat":47,"vyk":0.23,"spark_index":96,"adv_plus":97,"runner_plus":94,"out_avoid_plus":98,"money_kl_plus":106,"teho_plus":100,"teho_plus_adj":100}],"line":{"player_id":4708,"name":"Marjo Haapala","born_year":null,"year":2005,"games":10,"team":"ViVe","turns_at_bat":47,"kunnarit":1,"lyodyt":11,"tuodut":3,"karkilyonnit":32,"karki_yritykset":53,"saatot":72,"saatto_yritykset":110,"etenemiset":50,"eteneminen_yritykset":79,"haavat":13,"palot":16,"season_id":161,"tehot":15,"kl_pct":0.6037735849056604,"saatto_pct":0.6545454545454545,"eten_pct":0.6329113924050633,"kunnari_rate":0.02127659574468085,"lyoty_rate":0.23404255319148937,"tuotu_rate":0.0379746835443038,"haava_rate":0.2765957446808511,"palo_rate":0.3404255319148936,"tehot_per_turn":0.3191489361702128,"kl_per_turn":0.6808510638297872,"hr_rbi_per_turn":0.2553191489361702,"kl_base0":0.42857142857142855,"kl_base0_tries":7,"kl_base1":0.6666666666666666,"kl_base1_tries":12,"kl_base2":0.6,"kl_base2_tries":15,"kl_base3":0.631578947368421,"kl_base3_tries":19,"adv1_pct":0.42857142857142855,"adv2_pct":0.6666666666666666,"adv3_pct":0.6,"adv_home_pct":0.631578947368421,"money_kl_pct":0.631578947368421,"money_kl_tries":19,"pos":"3V","teho_plus":100,"adv_plus":97,"runner_plus":94,"out_avoid_plus":98,"adv1_plus":70,"adv2_plus":106,"adv3_plus":86,"adv_home_plus":106,"money_kl_plus":106,"spark_index":96,"run_value":8.271409171245885,"raa":0.7,"jyk":5.6,"vyk":0.23,"teho_plus_adj":100,"pct_kl_pct":43,"pct_saatto_pct":47,"pct_eten_pct":34,"pct_kunnari_rate":79,"pct_lyoty_rate":82,"pct_palo_rate":35,"pct_tehot_per_turn":58},"proj":null,"translation":null,"pitching":null,"career_json":[{"year":2005,"kl_pct":0.6037735849056604,"teho_plus":100}],"pct_stats":["kl_pct","saatto_pct","eten_pct","kunnari_rate","lyoty_rate","palo_rate","tehot_per_turn"],"base_kl":{"player_id":4708,"turns_at_bat":47,"kl_base0":0.42857142857142855,"kl_base0_tries":7,"kl_base1":0.6666666666666666,"kl_base1_tries":12,"kl_base2":0.6,"kl_base2_tries":15,"kl_base3":0.631578947368421,"kl_base3_tries":19,"pct_kl_base0":19,"pct_kl_base1":61,"pct_kl_base2":31,"pct_kl_base3":61},"base_keys":["kl_base0","kl_base1","kl_base2","kl_base3"],"comps":[]}