{"player":{"id":4874,"name":"Roosa Aho","born_year":null},"career":[{"year":2011,"age":null,"games":9,"turns_at_bat":56,"vyk":0.35,"spark_index":122,"adv_plus":122,"runner_plus":123,"out_avoid_plus":120,"money_kl_plus":73,"teho_plus":149,"teho_plus_adj":149},{"year":2021,"age":null,"games":16,"turns_at_bat":119,"vyk":0.79,"spark_index":103,"adv_plus":106,"runner_plus":101,"out_avoid_plus":97,"money_kl_plus":117,"teho_plus":158,"teho_plus_adj":156}],"line":{"player_id":4874,"name":"Roosa Aho","born_year":null,"year":2021,"games":16,"team":"JaJa","turns_at_bat":119,"kunnarit":1,"lyodyt":34,"tuodut":8,"karkilyonnit":82,"karki_yritykset":135,"saatot":221,"saatto_yritykset":329,"etenemiset":157,"eteneminen_yritykset":246,"haavat":49,"palot":40,"season_id":118,"tehot":43,"kl_pct":0.6074074074074074,"saatto_pct":0.6717325227963525,"eten_pct":0.6382113821138211,"kunnari_rate":0.008403361344537815,"lyoty_rate":0.2857142857142857,"tuotu_rate":0.032520325203252036,"haava_rate":0.4117647058823529,"palo_rate":0.33613445378151263,"tehot_per_turn":0.36134453781512604,"kl_per_turn":0.6890756302521008,"hr_rbi_per_turn":0.29411764705882354,"kl_base0":0.3333333333333333,"kl_base0_tries":3,"kl_base1":0.5217391304347826,"kl_base1_tries":23,"kl_base2":0.6666666666666666,"kl_base2_tries":51,"kl_base3":0.603448275862069,"kl_base3_tries":58,"adv1_pct":0.3333333333333333,"adv2_pct":0.5217391304347826,"adv3_pct":0.6666666666666666,"adv_home_pct":0.603448275862069,"money_kl_pct":0.603448275862069,"money_kl_tries":58,"pos":"2V","teho_plus":158,"adv_plus":106,"runner_plus":101,"out_avoid_plus":97,"adv1_plus":60,"adv2_plus":87,"adv3_plus":101,"adv_home_plus":117,"money_kl_plus":117,"spark_index":103,"run_value":22.430910459053997,"raa":7.5,"jyk":13.3,"vyk":0.79,"teho_plus_adj":156,"pct_kl_pct":63,"pct_saatto_pct":68,"pct_eten_pct":56,"pct_kunnari_rate":59,"pct_lyoty_rate":90,"pct_palo_rate":39,"pct_tehot_per_turn":86},"proj":null,"career_json":[{"year":2011,"kl_pct":0.7555555555555555,"teho_plus":149},{"year":2021,"kl_pct":0.6074074074074074,"teho_plus":158}],"pct_stats":["kl_pct","saatto_pct","eten_pct","kunnari_rate","lyoty_rate","palo_rate","tehot_per_turn"],"base_kl":{"player_id":4874,"turns_at_bat":119,"kl_base0":0.3333333333333333,"kl_base0_tries":3,"kl_base1":0.5217391304347826,"kl_base1_tries":23,"kl_base2":0.6666666666666666,"kl_base2_tries":51,"kl_base3":0.603448275862069,"kl_base3_tries":58,"pct_kl_base0":20,"pct_kl_base1":35,"pct_kl_base2":54,"pct_kl_base3":66},"base_keys":["kl_base0","kl_base1","kl_base2","kl_base3"],"comps":[]}