{"player":{"id":4999,"name":"Niko-Pekka Borodavkin","born_year":null},"career":[{"year":2006,"season_id":136,"team":"RePe","age":null,"games":12,"turns_at_bat":67,"vyk":0.14,"spark_index":87,"adv_plus":87,"runner_plus":81,"out_avoid_plus":95,"money_kl_plus":111,"teho_plus":75,"teho_plus_adj":74}],"line":{"player_id":4999,"name":"Niko-Pekka Borodavkin","born_year":null,"year":2006,"games":12,"team":"RePe","turns_at_bat":67,"kunnarit":1,"lyodyt":9,"tuodut":2,"karkilyonnit":34,"karki_yritykset":72,"saatot":72,"saatto_yritykset":129,"etenemiset":59,"eteneminen_yritykset":115,"haavat":33,"palot":23,"season_id":136,"tehot":12,"kl_pct":0.4722222222222222,"saatto_pct":0.5581395348837209,"eten_pct":0.5130434782608696,"kunnari_rate":0.014925373134328358,"lyoty_rate":0.13432835820895522,"tuotu_rate":0.017391304347826087,"haava_rate":0.4925373134328358,"palo_rate":0.34328358208955223,"tehot_per_turn":0.1791044776119403,"kl_per_turn":0.5074626865671642,"hr_rbi_per_turn":0.14925373134328357,"kl_base0":0.43478260869565216,"kl_base0_tries":23,"kl_base1":0.4,"kl_base1_tries":15,"kl_base2":0.47058823529411764,"kl_base2_tries":17,"kl_base3":0.5882352941176471,"kl_base3_tries":17,"adv1_pct":0.43478260869565216,"adv2_pct":0.4,"adv3_pct":0.47058823529411764,"adv_home_pct":0.5882352941176471,"money_kl_pct":0.5882352941176471,"money_kl_tries":17,"pos":"2K","teho_plus":75,"adv_plus":87,"runner_plus":81,"out_avoid_plus":95,"adv1_plus":77,"adv2_plus":74,"adv3_plus":76,"adv_home_plus":111,"money_kl_plus":111,"spark_index":87,"run_value":6.242058974065673,"raa":-2.1,"jyk":2.7,"vyk":0.14,"teho_plus_adj":74,"pct_kl_pct":24,"pct_saatto_pct":29,"pct_eten_pct":14,"pct_kunnari_rate":74,"pct_lyoty_rate":74,"pct_palo_rate":34,"pct_tehot_per_turn":35},"proj":null,"translation":null,"pitching":null,"career_json":[{"year":2006,"kl_pct":0.4722222222222222,"teho_plus":75}],"pct_stats":["kl_pct","saatto_pct","eten_pct","kunnari_rate","lyoty_rate","palo_rate","tehot_per_turn"],"base_kl":{"player_id":4999,"turns_at_bat":67,"kl_base0":0.43478260869565216,"kl_base0_tries":23,"kl_base1":0.4,"kl_base1_tries":15,"kl_base2":0.47058823529411764,"kl_base2_tries":17,"kl_base3":0.5882352941176471,"kl_base3_tries":17,"pct_kl_base0":25,"pct_kl_base1":27,"pct_kl_base2":21,"pct_kl_base3":64},"base_keys":["kl_base0","kl_base1","kl_base2","kl_base3"],"comps":[]}