{"player":{"id":5136,"name":"Kimmo Pekkinen","born_year":null},"career":[{"year":2006,"season_id":136,"team":"IiU","age":null,"games":18,"turns_at_bat":109,"vyk":-0.4,"spark_index":74,"adv_plus":77,"runner_plus":71,"out_avoid_plus":70,"money_kl_plus":81,"teho_plus":19,"teho_plus_adj":20},{"year":2007,"season_id":137,"team":"Lippo","age":null,"games":13,"turns_at_bat":70,"vyk":-0.25,"spark_index":73,"adv_plus":75,"runner_plus":61,"out_avoid_plus":84,"money_kl_plus":61,"teho_plus":16,"teho_plus_adj":16}],"line":{"player_id":5136,"name":"Kimmo Pekkinen","born_year":null,"year":2007,"games":13,"team":"Lippo","turns_at_bat":70,"kunnarit":0,"lyodyt":2,"tuodut":1,"karkilyonnit":24,"karki_yritykset":57,"saatot":49,"saatto_yritykset":99,"etenemiset":40,"eteneminen_yritykset":102,"haavat":33,"palot":29,"season_id":137,"tehot":3,"kl_pct":0.42105263157894735,"saatto_pct":0.494949494949495,"eten_pct":0.39215686274509803,"kunnari_rate":0.0,"lyoty_rate":0.02857142857142857,"tuotu_rate":0.00980392156862745,"haava_rate":0.4714285714285714,"palo_rate":0.4142857142857143,"tehot_per_turn":0.04285714285714286,"kl_per_turn":0.34285714285714286,"hr_rbi_per_turn":0.02857142857142857,"kl_base0":0.4166666666666667,"kl_base0_tries":24,"kl_base1":0.3333333333333333,"kl_base1_tries":18,"kl_base2":0.6666666666666666,"kl_base2_tries":9,"kl_base3":0.3333333333333333,"kl_base3_tries":6,"adv1_pct":0.4166666666666667,"adv2_pct":0.3333333333333333,"adv3_pct":0.6666666666666666,"adv_home_pct":0.3333333333333333,"money_kl_pct":0.3333333333333333,"money_kl_tries":6,"pos":"2V","teho_plus":16,"adv_plus":75,"runner_plus":61,"out_avoid_plus":84,"adv1_plus":72,"adv2_plus":60,"adv3_plus":105,"adv_home_plus":61,"money_kl_plus":61,"spark_index":73,"run_value":-0.4729056169501016,"raa":-10.7,"jyk":-5.2,"vyk":-0.25,"teho_plus_adj":16,"pct_kl_pct":10,"pct_saatto_pct":14,"pct_eten_pct":1,"pct_kunnari_rate":24,"pct_lyoty_rate":15,"pct_palo_rate":11,"pct_tehot_per_turn":2},"proj":null,"translation":null,"pitching":null,"career_json":[{"year":2006,"kl_pct":0.4186046511627907,"teho_plus":19},{"year":2007,"kl_pct":0.42105263157894735,"teho_plus":16}],"pct_stats":["kl_pct","saatto_pct","eten_pct","kunnari_rate","lyoty_rate","palo_rate","tehot_per_turn"],"base_kl":{"player_id":5136,"turns_at_bat":70,"kl_base0":0.4166666666666667,"kl_base0_tries":24,"kl_base1":0.3333333333333333,"kl_base1_tries":18,"kl_base2":0.6666666666666666,"kl_base2_tries":9,"kl_base3":0.3333333333333333,"kl_base3_tries":6,"pct_kl_base0":21,"pct_kl_base1":14,"pct_kl_base2":62,"pct_kl_base3":15},"base_keys":["kl_base0","kl_base1","kl_base2","kl_base3"],"comps":[]}