{"player":{"id":5163,"name":"Jenni Mäkinen","born_year":null},"career":[{"year":2006,"season_id":162,"team":"LMV","age":null,"games":14,"turns_at_bat":98,"vyk":0.25,"spark_index":95,"adv_plus":93,"runner_plus":92,"out_avoid_plus":106,"money_kl_plus":90,"teho_plus":87,"teho_plus_adj":82}],"line":{"player_id":5163,"name":"Jenni Mäkinen","born_year":null,"year":2006,"games":14,"team":"LMV","turns_at_bat":98,"kunnarit":2,"lyodyt":17,"tuodut":12,"karkilyonnit":58,"karki_yritykset":96,"saatot":130,"saatto_yritykset":205,"etenemiset":113,"eteneminen_yritykset":178,"haavat":38,"palot":27,"season_id":162,"tehot":31,"kl_pct":0.6041666666666666,"saatto_pct":0.6341463414634146,"eten_pct":0.6348314606741573,"kunnari_rate":0.02040816326530612,"lyoty_rate":0.17346938775510204,"tuotu_rate":0.06741573033707865,"haava_rate":0.3877551020408163,"palo_rate":0.2755102040816326,"tehot_per_turn":0.3163265306122449,"kl_per_turn":0.5918367346938775,"hr_rbi_per_turn":0.19387755102040816,"kl_base0":0.5,"kl_base0_tries":16,"kl_base1":0.47368421052631576,"kl_base1_tries":19,"kl_base2":0.7857142857142857,"kl_base2_tries":28,"kl_base3":0.5757575757575758,"kl_base3_tries":33,"adv1_pct":0.5,"adv2_pct":0.47368421052631576,"adv3_pct":0.7857142857142857,"adv_home_pct":0.5757575757575758,"money_kl_pct":0.5757575757575758,"money_kl_tries":33,"pos":"3V","teho_plus":87,"adv_plus":93,"runner_plus":92,"out_avoid_plus":106,"adv1_plus":84,"adv2_plus":75,"adv3_plus":110,"adv_home_plus":90,"money_kl_plus":90,"spark_index":95,"run_value":16.753012715020635,"raa":-1.8,"jyk":7.0,"vyk":0.25,"teho_plus_adj":82,"pct_kl_pct":36,"pct_saatto_pct":31,"pct_eten_pct":27,"pct_kunnari_rate":71,"pct_lyoty_rate":65,"pct_palo_rate":65,"pct_tehot_per_turn":46},"proj":null,"translation":null,"pitching":null,"career_json":[{"year":2006,"kl_pct":0.6041666666666666,"teho_plus":87}],"pct_stats":["kl_pct","saatto_pct","eten_pct","kunnari_rate","lyoty_rate","palo_rate","tehot_per_turn"],"base_kl":{"player_id":5163,"turns_at_bat":98,"kl_base0":0.5,"kl_base0_tries":16,"kl_base1":0.47368421052631576,"kl_base1_tries":19,"kl_base2":0.7857142857142857,"kl_base2_tries":28,"kl_base3":0.5757575757575758,"kl_base3_tries":33,"pct_kl_base0":34,"pct_kl_base1":19,"pct_kl_base2":73,"pct_kl_base3":41},"base_keys":["kl_base0","kl_base1","kl_base2","kl_base3"],"comps":[]}