{"player":{"id":532,"name":"Jyrki Vainio","born_year":null},"career":[{"year":1990,"age":null,"games":25,"turns_at_bat":89,"vyk":-0.92,"spark_index":89,"adv_plus":84,"runner_plus":88,"out_avoid_plus":104,"money_kl_plus":59,"teho_plus":48,"teho_plus_adj":48},{"year":1991,"age":null,"games":22,"turns_at_bat":159,"vyk":0.29,"spark_index":97,"adv_plus":97,"runner_plus":97,"out_avoid_plus":99,"money_kl_plus":93,"teho_plus":80,"teho_plus_adj":80}],"line":{"player_id":532,"name":"Jyrki Vainio","born_year":null,"year":1991,"games":22,"team":"KPL","turns_at_bat":159,"kunnarit":1,"lyodyt":9,"tuodut":12,"karkilyonnit":87,"karki_yritykset":183,"saatot":201,"saatto_yritykset":331,"etenemiset":193,"eteneminen_yritykset":323,"haavat":72,"palot":58,"season_id":3,"tehot":22,"kl_pct":0.47540983606557374,"saatto_pct":0.6072507552870091,"eten_pct":0.5975232198142415,"kunnari_rate":0.006289308176100629,"lyoty_rate":0.05660377358490566,"tuotu_rate":0.03715170278637771,"haava_rate":0.4528301886792453,"palo_rate":0.36477987421383645,"tehot_per_turn":0.13836477987421383,"kl_per_turn":0.5471698113207547,"hr_rbi_per_turn":0.06289308176100629,"kl_base0":0.49019607843137253,"kl_base0_tries":51,"kl_base1":0.4918032786885246,"kl_base1_tries":61,"kl_base2":0.5,"kl_base2_tries":44,"kl_base3":0.37037037037037035,"kl_base3_tries":27,"adv1_pct":0.49019607843137253,"adv2_pct":0.4918032786885246,"adv3_pct":0.5,"adv_home_pct":0.37037037037037035,"money_kl_pct":0.37037037037037035,"money_kl_tries":27,"pos":"2K","teho_plus":80,"adv_plus":97,"runner_plus":97,"out_avoid_plus":99,"adv1_plus":97,"adv2_plus":90,"adv3_plus":88,"adv_home_plus":93,"money_kl_plus":93,"spark_index":97,"run_value":7.029343267481115,"raa":-1.7,"jyk":3.8,"vyk":0.29,"teho_plus_adj":80,"pct_kl_pct":41,"pct_saatto_pct":48,"pct_eten_pct":44,"pct_kunnari_rate":59,"pct_lyoty_rate":49,"pct_palo_rate":46,"pct_tehot_per_turn":39},"proj":null,"translation":null,"pitching":null,"career_json":[{"year":1990,"kl_pct":0.40476190476190477,"teho_plus":48},{"year":1991,"kl_pct":0.47540983606557374,"teho_plus":80}],"pct_stats":["kl_pct","saatto_pct","eten_pct","kunnari_rate","lyoty_rate","palo_rate","tehot_per_turn"],"base_kl":{"player_id":532,"turns_at_bat":159,"kl_base0":0.49019607843137253,"kl_base0_tries":51,"kl_base1":0.4918032786885246,"kl_base1_tries":61,"kl_base2":0.5,"kl_base2_tries":44,"kl_base3":0.37037037037037035,"kl_base3_tries":27,"pct_kl_base0":56,"pct_kl_base1":41,"pct_kl_base2":32,"pct_kl_base3":47},"base_keys":["kl_base0","kl_base1","kl_base2","kl_base3"],"comps":[]}