{"player":{"id":5389,"name":"Sasu Toikka","born_year":null},"career":[{"player_id":5389,"name":"Sasu Toikka","born_year":null,"year":2026,"games":15,"team":"HP","turns_at_bat":107,"kunnarit":1,"lyodyt":26,"tuodut":10,"karkilyonnit":67,"karki_yritykset":117,"saatot":228,"saatto_yritykset":301,"etenemiset":186,"eteneminen_yritykset":264,"haavat":53,"palot":25,"season_id":3,"tehot":37,"kl_pct":0.5726495726495726,"saatto_pct":0.7574750830564784,"eten_pct":0.7045454545454546,"kunnari_rate":0.009345794392523364,"lyoty_rate":0.24299065420560748,"tuotu_rate":0.03787878787878788,"haava_rate":0.4953271028037383,"palo_rate":0.2336448598130841,"tehot_per_turn":0.34579439252336447,"kl_per_turn":0.6261682242990654,"hr_rbi_per_turn":0.2523364485981308,"kl_base0":0.2727272727272727,"kl_base0_tries":11,"kl_base1":0.43478260869565216,"kl_base1_tries":23,"kl_base2":0.7105263157894737,"kl_base2_tries":38,"kl_base3":0.6,"kl_base3_tries":45,"adv1_pct":0.2727272727272727,"adv2_pct":0.43478260869565216,"adv3_pct":0.7105263157894737,"adv_home_pct":0.6,"money_kl_pct":0.6,"money_kl_tries":45,"pos":"1V","teho_plus":205,"adv_plus":125,"runner_plus":119,"out_avoid_plus":114,"adv1_plus":57,"adv2_plus":79,"adv3_plus":124,"adv_home_plus":133,"money_kl_plus":133,"spark_index":121,"run_value":22.268020226052542,"raa":10.8,"jyk":17.0,"vyk":1.45,"teho_plus_adj":204}],"line":{"player_id":5389,"name":"Sasu Toikka","born_year":null,"year":2026,"games":15,"team":"HP","turns_at_bat":107,"kunnarit":1,"lyodyt":26,"tuodut":10,"karkilyonnit":67,"karki_yritykset":117,"saatot":228,"saatto_yritykset":301,"etenemiset":186,"eteneminen_yritykset":264,"haavat":53,"palot":25,"season_id":3,"tehot":37,"kl_pct":0.5726495726495726,"saatto_pct":0.7574750830564784,"eten_pct":0.7045454545454546,"kunnari_rate":0.009345794392523364,"lyoty_rate":0.24299065420560748,"tuotu_rate":0.03787878787878788,"haava_rate":0.4953271028037383,"palo_rate":0.2336448598130841,"tehot_per_turn":0.34579439252336447,"kl_per_turn":0.6261682242990654,"hr_rbi_per_turn":0.2523364485981308,"kl_base0":0.2727272727272727,"kl_base0_tries":11,"kl_base1":0.43478260869565216,"kl_base1_tries":23,"kl_base2":0.7105263157894737,"kl_base2_tries":38,"kl_base3":0.6,"kl_base3_tries":45,"adv1_pct":0.2727272727272727,"adv2_pct":0.43478260869565216,"adv3_pct":0.7105263157894737,"adv_home_pct":0.6,"money_kl_pct":0.6,"money_kl_tries":45,"pos":"1V","teho_plus":205,"adv_plus":125,"runner_plus":119,"out_avoid_plus":114,"adv1_plus":57,"adv2_plus":79,"adv3_plus":124,"adv_home_plus":133,"money_kl_plus":133,"spark_index":121,"run_value":22.268020226052542,"raa":10.8,"jyk":17.0,"vyk":1.45,"teho_plus_adj":204,"pct_kl_pct":77,"pct_saatto_pct":100,"pct_eten_pct":96,"pct_kunnari_rate":64,"pct_lyoty_rate":89,"pct_palo_rate":80,"pct_tehot_per_turn":93},"proj":{"player_id":5389,"name":"Sasu Toikka","as_of":"2026-07-02","age":null,"stats":{"kl_pct":{"rate":0.5522580469887873,"effective_n":107.8524860992369,"observed":0.5738464562896807},"saatto_pct":{"rate":0.7366106743102503,"effective_n":270.2820686257943,"observed":0.7579916402654503},"eten_pct":{"rate":0.6836407310996324,"effective_n":237.31947936001805,"observed":0.7032986986142556},"kunnari_rate":{"rate":0.007711833675534525,"effective_n":101.45854486929699,"observed":0.00930030235956587},"lyoty_rate":{"rate":0.16708845365866584,"effective_n":98.82682656814116,"observed":0.24063834936335668},"haava_rate":{"rate":0.4597957063676958,"effective_n":93.82429580771361,"observed":0.498818929885165},"palo_rate":{"rate":0.2765254686308698,"effective_n":96.28317207530426,"observed":0.2332325460857049}},"teho_plus_proj":225},"career_json":[{"year":2026,"kl_pct":0.5726495726495726,"teho_plus":205}],"pct_stats":["kl_pct","saatto_pct","eten_pct","kunnari_rate","lyoty_rate","palo_rate","tehot_per_turn"],"base_kl":{"player_id":5389,"turns_at_bat":107,"kl_base0":0.2727272727272727,"kl_base0_tries":11,"kl_base1":0.43478260869565216,"kl_base1_tries":23,"kl_base2":0.7105263157894737,"kl_base2_tries":38,"kl_base3":0.6,"kl_base3_tries":45,"pct_kl_base0":16,"pct_kl_base1":28,"pct_kl_base2":79,"pct_kl_base3":77},"base_keys":["kl_base0","kl_base1","kl_base2","kl_base3"],"comps":[]}