{"player":{"id":5435,"name":"Juha Leskinen","born_year":null},"career":[{"player_id":5435,"name":"Juha Leskinen","born_year":null,"year":2026,"games":15,"team":"HP","turns_at_bat":71,"kunnarit":0,"lyodyt":27,"tuodut":1,"karkilyonnit":37,"karki_yritykset":90,"saatot":94,"saatto_yritykset":198,"etenemiset":59,"eteneminen_yritykset":100,"haavat":24,"palot":17,"season_id":3,"tehot":28,"kl_pct":0.4111111111111111,"saatto_pct":0.47474747474747475,"eten_pct":0.59,"kunnari_rate":0.0,"lyoty_rate":0.38028169014084506,"tuotu_rate":0.01,"haava_rate":0.3380281690140845,"palo_rate":0.23943661971830985,"tehot_per_turn":0.39436619718309857,"kl_per_turn":0.5211267605633803,"hr_rbi_per_turn":0.38028169014084506,"kl_base0":0.0,"kl_base0_tries":1,"kl_base1":0.0,"kl_base1_tries":2,"kl_base2":0.43478260869565216,"kl_base2_tries":23,"kl_base3":0.421875,"kl_base3_tries":64,"adv1_pct":0.0,"adv2_pct":0.0,"adv3_pct":0.43478260869565216,"adv_home_pct":0.421875,"money_kl_pct":0.421875,"money_kl_tries":64,"teho_plus":234,"adv_plus":80,"runner_plus":100,"out_avoid_plus":113,"adv1_plus":0,"adv2_plus":0,"adv3_plus":76,"adv_home_plus":93,"money_kl_plus":93,"spark_index":93,"teho_plus_adj":239}],"line":{"player_id":5435,"name":"Juha Leskinen","born_year":null,"year":2026,"games":15,"team":"HP","turns_at_bat":71,"kunnarit":0,"lyodyt":27,"tuodut":1,"karkilyonnit":37,"karki_yritykset":90,"saatot":94,"saatto_yritykset":198,"etenemiset":59,"eteneminen_yritykset":100,"haavat":24,"palot":17,"season_id":3,"tehot":28,"kl_pct":0.4111111111111111,"saatto_pct":0.47474747474747475,"eten_pct":0.59,"kunnari_rate":0.0,"lyoty_rate":0.38028169014084506,"tuotu_rate":0.01,"haava_rate":0.3380281690140845,"palo_rate":0.23943661971830985,"tehot_per_turn":0.39436619718309857,"kl_per_turn":0.5211267605633803,"hr_rbi_per_turn":0.38028169014084506,"kl_base0":0.0,"kl_base0_tries":1,"kl_base1":0.0,"kl_base1_tries":2,"kl_base2":0.43478260869565216,"kl_base2_tries":23,"kl_base3":0.421875,"kl_base3_tries":64,"adv1_pct":0.0,"adv2_pct":0.0,"adv3_pct":0.43478260869565216,"adv_home_pct":0.421875,"money_kl_pct":0.421875,"money_kl_tries":64,"teho_plus":234,"adv_plus":80,"runner_plus":100,"out_avoid_plus":113,"adv1_plus":0,"adv2_plus":0,"adv3_plus":76,"adv_home_plus":93,"money_kl_plus":93,"spark_index":93,"teho_plus_adj":239,"pct_kl_pct":13,"pct_saatto_pct":11,"pct_eten_pct":51,"pct_kunnari_rate":31,"pct_lyoty_rate":96,"pct_palo_rate":76,"pct_tehot_per_turn":96},"proj":{"player_id":5435,"name":"Juha Leskinen","as_of":"2026-07-02","age":null,"stats":{"kl_pct":{"rate":0.45095719273224655,"effective_n":82.97027502215327,"observed":0.40576404807457195},"saatto_pct":{"rate":0.4873859352282917,"effective_n":176.5111139879598,"observed":0.4636474988147352},"eten_pct":{"rate":0.5833779550502487,"effective_n":87.75899465597563,"observed":0.579413459012133},"kunnari_rate":{"rate":0.004077660705441836,"effective_n":67.42518689501026,"observed":0.0},"lyoty_rate":{"rate":0.2098996454669934,"effective_n":65.7281544954223,"observed":0.37259397658994203},"haava_rate":{"rate":0.38928017335832854,"effective_n":62.50369212246305,"observed":0.3350397482067916},"palo_rate":{"rate":0.28934901240739114,"effective_n":64.0883696809386,"observed":0.24031521072727324}},"teho_plus_proj":230},"career_json":[{"year":2026,"kl_pct":0.4111111111111111,"teho_plus":234}],"pct_stats":["kl_pct","saatto_pct","eten_pct","kunnari_rate","lyoty_rate","palo_rate","tehot_per_turn"],"base_kl":{"player_id":5435,"turns_at_bat":71,"kl_base0":0.0,"kl_base0_tries":1,"kl_base1":0.0,"kl_base1_tries":2,"kl_base2":0.43478260869565216,"kl_base2_tries":23,"kl_base3":0.421875,"kl_base3_tries":64,"pct_kl_base0":5,"pct_kl_base1":3,"pct_kl_base2":22,"pct_kl_base3":49},"base_keys":["kl_base0","kl_base1","kl_base2","kl_base3"],"log":[{"player_id":5435,"season_id":3,"match_id":129568,"date":"2026-05-09","team":"HP","opponent":"PuPe","home":1,"turns_at_bat":5,"kunnarit":0,"lyodyt":8,"tuodut":0,"karkilyonnit":9,"karki_yritykset":9,"saatot":24,"saatto_yritykset":25,"etenemiset":16,"eteneminen_yritykset":20,"haavat":2,"palot":2,"stadium":"Vallikenttä, Hamina","tehot":8,"kl_pct":1.0},{"player_id":5435,"season_id":3,"match_id":129574,"date":"2026-05-15","team":"HP","opponent":"SiKi","home":1,"turns_at_bat":5,"kunnarit":0,"lyodyt":2,"tuodut":0,"karkilyonnit":4,"karki_yritykset":9,"saatot":11,"saatto_yritykset":21,"etenemiset":7,"eteneminen_yritykset":11,"haavat":4,"palot":0,"stadium":"Vallikenttä, Hamina","tehot":2,"kl_pct":0.4444444444444444},{"player_id":5435,"season_id":3,"match_id":129584,"date":"2026-05-22","team":"HP","opponent":"SiiPe","home":1,"turns_at_bat":5,"kunnarit":0,"lyodyt":3,"tuodut":1,"karkilyonnit":3,"karki_yritykset":7,"saatot":10,"saatto_yritykset":15,"etenemiset":8,"eteneminen_yritykset":10,"haavat":1,"palot":1,"stadium":"Vallikenttä, Hamina","tehot":4,"kl_pct":0.42857142857142855},{"player_id":5435,"season_id":3,"match_id":129590,"date":"2026-05-24","team":"HP","opponent":"Jkl Kiri","home":0,"turns_at_bat":4,"kunnarit":0,"lyodyt":2,"tuodut":0,"karkilyonnit":3,"karki_yritykset":6,"saatot":8,"saatto_yritykset":13,"etenemiset":5,"eteneminen_yritykset":7,"haavat":1,"palot":1,"stadium":"Hippoksen pesäpallostadion, Jyväskylä","tehot":2,"kl_pct":0.5},{"player_id":5435,"season_id":3,"match_id":129592,"date":"2026-05-27","team":"HP","opponent":"PuPe","home":0,"turns_at_bat":5,"kunnarit":0,"lyodyt":1,"tuodut":0,"karkilyonnit":1,"karki_yritykset":5,"saatot":4,"saatto_yritykset":13,"etenemiset":3,"eteneminen_yritykset":5,"haavat":2,"palot":0,"stadium":"Osuma Areena, Kuopio","tehot":1,"kl_pct":0.2},{"player_id":5435,"season_id":3,"match_id":129596,"date":"2026-05-29","team":"HP","opponent":"Jkl Kiri","home":1,"turns_at_bat":5,"kunnarit":0,"lyodyt":0,"tuodut":0,"karkilyonnit":0,"karki_yritykset":4,"saatot":0,"saatto_yritykset":7,"etenemiset":0,"eteneminen_yritykset":2,"haavat":0,"palot":2,"stadium":"Vallikenttä, Hamina","tehot":0,"kl_pct":0.0},{"player_id":5435,"season_id":3,"match_id":129602,"date":"2026-06-03","team":"HP","opponent":"PuMu","home":0,"turns_at_bat":4,"kunnarit":0,"lyodyt":0,"tuodut":0,"karkilyonnit":0,"karki_yritykset":3,"saatot":2,"saatto_yritykset":8,"etenemiset":2,"eteneminen_yritykset":4,"haavat":1,"palot":1,"stadium":"Good Guy Stadion, Meilahti (Helsinki)","tehot":0,"kl_pct":0.0},{"player_id":5435,"season_id":3,"match_id":129608,"date":"2026-06-06","team":"HP","opponent":"Ura","home":1,"turns_at_bat":5,"kunnarit":0,"lyodyt":0,"tuodut":0,"karkilyonnit":1,"karki_yritykset":8,"saatot":4,"saatto_yritykset":16,"etenemiset":3,"eteneminen_yritykset":6,"haavat":2,"palot":1,"stadium":"Vallikenttä, Hamina","tehot":0,"kl_pct":0.125},{"player_id":5435,"season_id":3,"match_id":129611,"date":"2026-06-10","team":"HP","opponent":"SMJ","home":0,"turns_at_bat":4,"kunnarit":0,"lyodyt":1,"tuodut":0,"karkilyonnit":1,"karki_yritykset":5,"saatot":5,"saatto_yritykset":12,"etenemiset":4,"eteneminen_yritykset":7,"haavat":2,"palot":1,"stadium":"Unico Areena, Seinäjoki","tehot":1,"kl_pct":0.2},{"player_id":5435,"season_id":3,"match_id":129613,"date":"2026-06-11","team":"HP","opponent":"NJ","home":0,"turns_at_bat":5,"kunnarit":0,"lyodyt":2,"tuodut":0,"karkilyonnit":4,"karki_yritykset":5,"saatot":8,"saatto_yritykset":13,"etenemiset":4,"eteneminen_yritykset":8,"haavat":3,"palot":1,"stadium":"Hehku Areena, Nurmo (Seinäjoki)","tehot":2,"kl_pct":0.8},{"player_id":5435,"season_id":3,"match_id":129618,"date":"2026-06-14","team":"HP","opponent":"UPV","home":1,"turns_at_bat":3,"kunnarit":0,"lyodyt":1,"tuodut":0,"karkilyonnit":2,"karki_yritykset":3,"saatot":3,"saatto_yritykset":6,"etenemiset":1,"eteneminen_yritykset":3,"haavat":0,"palot":2,"stadium":"Vallikenttä, Hamina","tehot":1,"kl_pct":0.6666666666666666},{"player_id":5435,"season_id":3,"match_id":129621,"date":"2026-06-17","team":"HP","opponent":"PuMu","home":1,"turns_at_bat":3,"kunnarit":0,"lyodyt":1,"tuodut":0,"karkilyonnit":1,"karki_yritykset":2,"saatot":3,"saatto_yritykset":6,"etenemiset":2,"eteneminen_yritykset":3,"haavat":0,"palot":1,