{"player":{"id":5547,"name":"Jari Tiittanen","born_year":null},"career":[{"year":2007,"season_id":137,"team":"ToPo","age":null,"games":17,"turns_at_bat":102,"vyk":0.09,"spark_index":89,"adv_plus":84,"runner_plus":87,"out_avoid_plus":104,"money_kl_plus":85,"teho_plus":67,"teho_plus_adj":67}],"line":{"player_id":5547,"name":"Jari Tiittanen","born_year":null,"year":2007,"games":17,"team":"ToPo","turns_at_bat":102,"kunnarit":1,"lyodyt":6,"tuodut":11,"karkilyonnit":49,"karki_yritykset":98,"saatot":81,"saatto_yritykset":152,"etenemiset":104,"eteneminen_yritykset":186,"haavat":54,"palot":28,"season_id":137,"tehot":18,"kl_pct":0.5,"saatto_pct":0.5328947368421053,"eten_pct":0.5591397849462365,"kunnari_rate":0.00980392156862745,"lyoty_rate":0.058823529411764705,"tuotu_rate":0.05913978494623656,"haava_rate":0.5294117647058824,"palo_rate":0.27450980392156865,"tehot_per_turn":0.17647058823529413,"kl_per_turn":0.4803921568627451,"hr_rbi_per_turn":0.06862745098039216,"kl_base0":0.46938775510204084,"kl_base0_tries":49,"kl_base1":0.47368421052631576,"kl_base1_tries":19,"kl_base2":0.6666666666666666,"kl_base2_tries":15,"kl_base3":0.4666666666666667,"kl_base3_tries":15,"adv1_pct":0.46938775510204084,"adv2_pct":0.47368421052631576,"adv3_pct":0.6666666666666666,"adv_home_pct":0.4666666666666667,"money_kl_pct":0.4666666666666667,"money_kl_tries":15,"pos":"3K","teho_plus":67,"adv_plus":84,"runner_plus":87,"out_avoid_plus":104,"adv1_plus":81,"adv2_plus":85,"adv3_plus":105,"adv_home_plus":85,"money_kl_plus":85,"spark_index":89,"run_value":8.788132098718862,"raa":-6.1,"jyk":1.9,"vyk":0.09,"teho_plus_adj":67,"pct_kl_pct":27,"pct_saatto_pct":19,"pct_eten_pct":21,"pct_kunnari_rate":56,"pct_lyoty_rate":36,"pct_palo_rate":59,"pct_tehot_per_turn":29},"proj":null,"translation":null,"pitching":null,"career_json":[{"year":2007,"kl_pct":0.5,"teho_plus":67}],"pct_stats":["kl_pct","saatto_pct","eten_pct","kunnari_rate","lyoty_rate","palo_rate","tehot_per_turn"],"base_kl":{"player_id":5547,"turns_at_bat":102,"kl_base0":0.46938775510204084,"kl_base0_tries":49,"kl_base1":0.47368421052631576,"kl_base1_tries":19,"kl_base2":0.6666666666666666,"kl_base2_tries":15,"kl_base3":0.4666666666666667,"kl_base3_tries":15,"pct_kl_base0":32,"pct_kl_base1":36,"pct_kl_base2":62,"pct_kl_base3":34},"base_keys":["kl_base0","kl_base1","kl_base2","kl_base3"],"comps":[]}