{"player":{"id":555,"name":"Nea Forsell","born_year":null},"career":[{"player_id":555,"name":"Nea Forsell","born_year":null,"year":2026,"games":13,"team":"Puhti","turns_at_bat":78,"kunnarit":1,"lyodyt":46,"tuodut":1,"karkilyonnit":61,"karki_yritykset":108,"saatot":144,"saatto_yritykset":243,"etenemiset":88,"eteneminen_yritykset":137,"haavat":31,"palot":18,"season_id":4,"tehot":48,"kl_pct":0.5648148148148148,"saatto_pct":0.5925925925925926,"eten_pct":0.6423357664233577,"kunnari_rate":0.01282051282051282,"lyoty_rate":0.5897435897435898,"tuotu_rate":0.0072992700729927005,"haava_rate":0.3974358974358974,"palo_rate":0.23076923076923078,"tehot_per_turn":0.6153846153846154,"kl_per_turn":0.782051282051282,"hr_rbi_per_turn":0.6025641025641025,"kl_base0":0.0,"kl_base0_tries":2,"kl_base1":0.0,"kl_base1_tries":3,"kl_base2":0.5833333333333334,"kl_base2_tries":24,"kl_base3":0.5949367088607594,"kl_base3_tries":79,"adv1_pct":0.0,"adv2_pct":0.0,"adv3_pct":0.5833333333333334,"adv_home_pct":0.5949367088607594,"money_kl_pct":0.5949367088607594,"money_kl_tries":79,"teho_plus":290,"adv_plus":95,"runner_plus":101,"out_avoid_plus":115,"adv1_plus":0,"adv2_plus":0,"adv3_plus":92,"adv_home_plus":126,"money_kl_plus":126,"spark_index":101,"teho_plus_adj":275}],"line":{"player_id":555,"name":"Nea Forsell","born_year":null,"year":2026,"games":13,"team":"Puhti","turns_at_bat":78,"kunnarit":1,"lyodyt":46,"tuodut":1,"karkilyonnit":61,"karki_yritykset":108,"saatot":144,"saatto_yritykset":243,"etenemiset":88,"eteneminen_yritykset":137,"haavat":31,"palot":18,"season_id":4,"tehot":48,"kl_pct":0.5648148148148148,"saatto_pct":0.5925925925925926,"eten_pct":0.6423357664233577,"kunnari_rate":0.01282051282051282,"lyoty_rate":0.5897435897435898,"tuotu_rate":0.0072992700729927005,"haava_rate":0.3974358974358974,"palo_rate":0.23076923076923078,"tehot_per_turn":0.6153846153846154,"kl_per_turn":0.782051282051282,"hr_rbi_per_turn":0.6025641025641025,"kl_base0":0.0,"kl_base0_tries":2,"kl_base1":0.0,"kl_base1_tries":3,"kl_base2":0.5833333333333334,"kl_base2_tries":24,"kl_base3":0.5949367088607594,"kl_base3_tries":79,"adv1_pct":0.0,"adv2_pct":0.0,"adv3_pct":0.5833333333333334,"adv_home_pct":0.5949367088607594,"money_kl_pct":0.5949367088607594,"money_kl_tries":79,"teho_plus":290,"adv_plus":95,"runner_plus":101,"out_avoid_plus":115,"adv1_plus":0,"adv2_plus":0,"adv3_plus":92,"adv_home_plus":126,"money_kl_plus":126,"spark_index":101,"teho_plus_adj":275,"pct_kl_pct":46,"pct_saatto_pct":29,"pct_eten_pct":58,"pct_kunnari_rate":81,"pct_lyoty_rate":99,"pct_palo_rate":77,"pct_tehot_per_turn":99},"proj":{"player_id":555,"name":"Nea Forsell","as_of":"2026-06-27","age":null,"stats":{"kl_pct":{"rate":0.5672089074407632,"effective_n":100.61136236885186,"observed":0.5665962575914315},"saatto_pct":{"rate":0.6022349064432876,"effective_n":220.25901965529695,"observed":0.5961136068455634},"eten_pct":{"rate":0.6416829918053996,"effective_n":124.32988768310099,"observed":0.6449435172286784},"kunnari_rate":{"rate":0.008217714281535565,"effective_n":74.36264545683238,"observed":0.012893966442720114},"lyoty_rate":{"rate":0.33176688063206705,"effective_n":72.62713370022452,"observed":0.5904237298063992},"haava_rate":{"rate":0.381697630526695,"effective_n":69.31343927789199,"observed":0.3891639473477918},"palo_rate":{"rate":0.2855030241352767,"effective_n":70.94464470189658,"observed":0.23140980077818765}},"teho_plus_proj":251},"career_json":[{"year":2026,"kl_pct":0.5648148148148148,"teho_plus":290}],"pct_stats":["kl_pct","saatto_pct","eten_pct","kunnari_rate","lyoty_rate","palo_rate","tehot_per_turn"],"base_kl":{"player_id":555,"turns_at_bat":78,"kl_base0":0.0,"kl_base0_tries":2,"kl_base1":0.0,"kl_base1_tries":3,"kl_base2":0.5833333333333334,"kl_base2_tries":24,"kl_base3":0.5949367088607594,"kl_base3_tries":79,"pct_kl_base0":5,"pct_kl_base1":2,"pct_kl_base2":32,"pct_kl_base3":71},"base_keys":["kl_base0","kl_base1","kl_base2","kl_base3"],"log":[{"player_id":555,"season_id":4,"match_id":129418,"date":"2026-05-14","team":"Puhti","opponent":"Jana","home":1,"turns_at_bat":7,"kunnarit":0,"lyodyt":3,"tuodut":0,"karkilyonnit":3,"karki_yritykset":6,"saatot":13,"saatto_yritykset":20,"etenemiset":11,"eteneminen_yritykset":16,"haavat":4,"palot":1,"stadium":"Kuusankosken pesäpallokenttä, Kouvola","tehot":3,"kl_pct":0.5},{"player_id":555,"season_id":4,"match_id":129306,"date":"2026-05-16","team":"Puhti","opponent":"KPK","home":1,"turns_at_bat":5,"kunnarit":0,"lyodyt":4,"tuodut":0,"karkilyonnit":4,"karki_yritykset":9,"saatot":4,"saatto_yritykset":17,"etenemiset":0,"eteneminen_yritykset":4,"haavat":4,"palot":0,"stadium":"Kuusankosken pesäpallokenttä, Kouvola","tehot":4,"kl_pct":0.4444444444444444},{"player_id":555,"season_id":4,"match_id":129407,"date":"2026-05-21","team":"Puhti","opponent":"Tarmo","home":1,"turns_at_bat":5,"kunnarit":0,"lyodyt":2,"tuodut":0,"karkilyonnit":3,"karki_yritykset":7,"saatot":8,"saatto_yritykset":17,"etenemiset":5,"eteneminen_yritykset":9,"haavat":2,"palot":2,"stadium":"Kuusankosken pesäpallokenttä, Kouvola","tehot":2,"kl_pct":0.42857142857142855},{"player_id":555,"season_id":4,"match_id":129268,"date":"2026-05-23","team":"Puhti","opponent":"PesäKuula","home":0,"turns_at_bat":8,"kunnarit":0,"lyodyt":1,"tuodut":0,"karkilyonnit":2,"karki_yritykset":9,"saatot":11,"saatto_yritykset":22,"etenemiset":9,"eteneminen_yritykset":13,"haavat":2,"palot":2,"stadium":"Suvannon pesäpallokenttä, Ylivieska","tehot":1,"kl_pct":0.2222222222222222},{"player_id":555,"season_id":4,"match_id":129272,"date":"2026-05-24","team":"Puhti","opponent":"HP-K","home":0,"turns_at_bat":6,"kunnarit":0,"lyodyt":4,"tuodut":0,"karkilyonnit":4,"karki_yritykset":7,"saatot":11,"saatto_yritykset":20,"etenemiset":7,"eteneminen_yritykset":11,"haavat":3,"palot":1,"stadium":"Ronkaalan pesäpallokenttä, Haapajärvi","tehot":4,"kl_pct":0.5714285714285714},{"player_id":555,"season_id":4,"match_id":129397,"date":"2026-05-28","team":"Puhti","opponent":"ViU","home":1,"turns_at_bat":5,"kunnarit":0,"lyodyt":4,"tuodut":0,"karkilyonnit":5,"karki_yritykset":8,"saatot":11,"saatto_yritykset":16,"etenemiset":6,"eteneminen_yritykset":9,"haavat":2,"palot":1,"stadium":"Kuusankosken pesäpallokenttä, Kouvola","tehot":4,"kl_pct":0.625},{"player_id":555,"season_id":4,"match_id":129390,"date":"2026-06-02","team":"Puhti","opponent":"Jana","home":0,"turns_at_bat":5,"kunnarit":0,"lyodyt":3,"tuodut":0,"karkilyonnit":4,"karki_yritykset":10,"saatot":6,"saatto_yritykset":18,"etenemiset":2,"eteneminen_yritykset":6,"haavat":4,"palot":0,"stadium":"Kansanpuiston kenttä, Turenki (Janakkala)","tehot":3,"kl_pct":0.4},{"player_id":555,"season_id":4,"match_id":129396,"date":"2026-06-06","team":"Puhti","opponent":"Pesäkarhut-Akatemia","home":1,"turns_at_bat":5,"kunnarit":1,"lyodyt":6,"tuodut":1,"karkilyonnit":11,"karki_yritykset":11,"saatot":21,"saatto_yritykset":24,"etenemiset":12,"eteneminen_yritykset":16,"haavat":2,"palot":2,"stadium":"Kuusankosken pesäpallokenttä, Kouvola","tehot":8,"kl_pct":1.0},{"player_id":555,"season_id":4,"match_id":129425,"date":"2026-06-07","team":"Puhti","opponent":"ViU","home":0,"turns_at_bat":5,"kunnarit":0,"lyodyt":2,"tuodut":0,"karkilyonnit":3,"karki_yritykset":4,"saatot":4,"saatto_yritykset":9,"etenemiset":1,"eteneminen_yritykset":5,"haavat":2,"palot":2,"stadium":"Viinijärven pesäpallokenttä, Liperi","tehot":2,"kl_pct":0.75},{"player_id":555,"season_id":4,"match_id":129395,"date":"2026-06-10","team":"Puhti","opponent":"HP","home":1,"turns_at_bat":7,"kunnarit":0,"lyodyt":7,"tuodut":0,"karkilyonnit":9,"karki_yritykset":12,"saatot":22,"saatto_yritykset":29,"etenemiset":13,"eteneminen_yritykset":18,"haavat":2,"palot":3,"stadium":"Kuusankosken pesäpallokenttä, Kouvola","tehot":7,"kl_pct":0.75},{"player_id":555,"season_id":4,"match_id":129398,"date":"2026-06-17","team":"Puhti","opponent":"MyVe","home":1,"turns_at_bat":6,"kunnarit":0,"lyodyt":5,"tuodut":0,"karkilyonnit":6,"karki_yritykset":8,"saatot":15,"saatto_yritykset":19,"etenemiset":10,"eteneminen_yritykset":13,