{"player":{"id":5567,"name":"Riikka Hurme","born_year":null},"career":[{"year":2008,"age":null,"games":13,"turns_at_bat":78,"vyk":-0.08,"spark_index":94,"adv_plus":95,"runner_plus":85,"out_avoid_plus":103,"money_kl_plus":71,"teho_plus":27,"teho_plus_adj":27},{"year":2009,"age":null,"games":14,"turns_at_bat":82,"vyk":-0.18,"spark_index":76,"adv_plus":65,"runner_plus":61,"out_avoid_plus":124,"money_kl_plus":53,"teho_plus":9,"teho_plus_adj":9}],"line":{"player_id":5567,"name":"Riikka Hurme","born_year":null,"year":2009,"games":14,"team":"PöU","turns_at_bat":82,"kunnarit":0,"lyodyt":2,"tuodut":0,"karkilyonnit":27,"karki_yritykset":68,"saatot":51,"saatto_yritykset":123,"etenemiset":43,"eteneminen_yritykset":109,"haavat":53,"palot":13,"season_id":71,"tehot":2,"kl_pct":0.39705882352941174,"saatto_pct":0.4146341463414634,"eten_pct":0.3944954128440367,"kunnari_rate":0.0,"lyoty_rate":0.024390243902439025,"tuotu_rate":0.0,"haava_rate":0.6463414634146342,"palo_rate":0.15853658536585366,"tehot_per_turn":0.024390243902439025,"kl_per_turn":0.32926829268292684,"hr_rbi_per_turn":0.024390243902439025,"kl_base0":0.4230769230769231,"kl_base0_tries":26,"kl_base1":0.30434782608695654,"kl_base1_tries":23,"kl_base2":0.5833333333333334,"kl_base2_tries":12,"kl_base3":0.2857142857142857,"kl_base3_tries":7,"adv1_pct":0.4230769230769231,"adv2_pct":0.30434782608695654,"adv3_pct":0.5833333333333334,"adv_home_pct":0.2857142857142857,"money_kl_pct":0.2857142857142857,"money_kl_tries":7,"pos":"1V","teho_plus":9,"adv_plus":65,"runner_plus":61,"out_avoid_plus":124,"adv1_plus":77,"adv2_plus":52,"adv3_plus":87,"adv_home_plus":53,"money_kl_plus":53,"spark_index":76,"run_value":2.4563482378809356,"raa":-10.4,"jyk":-3.6,"vyk":-0.18,"teho_plus_adj":9,"pct_kl_pct":6,"pct_saatto_pct":1,"pct_eten_pct":0,"pct_kunnari_rate":33,"pct_lyoty_rate":15,"pct_palo_rate":97,"pct_tehot_per_turn":0},"proj":null,"translation":null,"career_json":[{"year":2008,"kl_pct":0.5333333333333333,"teho_plus":27},{"year":2009,"kl_pct":0.39705882352941174,"teho_plus":9}],"pct_stats":["kl_pct","saatto_pct","eten_pct","kunnari_rate","lyoty_rate","palo_rate","tehot_per_turn"],"base_kl":{"player_id":5567,"turns_at_bat":82,"kl_base0":0.4230769230769231,"kl_base0_tries":26,"kl_base1":0.30434782608695654,"kl_base1_tries":23,"kl_base2":0.5833333333333334,"kl_base2_tries":12,"kl_base3":0.2857142857142857,"kl_base3_tries":7,"pct_kl_base0":29,"pct_kl_base1":7,"pct_kl_base2":34,"pct_kl_base3":11},"base_keys":["kl_base0","kl_base1","kl_base2","kl_base3"],"comps":[]}