{"player":{"id":5573,"name":"Elina Leppäkoski","born_year":null},"career":[{"year":2008,"season_id":58,"team":"PöU","age":null,"games":12,"turns_at_bat":67,"vyk":0.18,"spark_index":99,"adv_plus":102,"runner_plus":96,"out_avoid_plus":98,"money_kl_plus":110,"teho_plus":74,"teho_plus_adj":74}],"line":{"player_id":5573,"name":"Elina Leppäkoski","born_year":null,"year":2008,"games":12,"team":"PöU","turns_at_bat":67,"kunnarit":1,"lyodyt":7,"tuodut":6,"karkilyonnit":33,"karki_yritykset":56,"saatot":84,"saatto_yritykset":124,"etenemiset":80,"eteneminen_yritykset":127,"haavat":25,"palot":22,"season_id":58,"tehot":14,"kl_pct":0.5892857142857143,"saatto_pct":0.6774193548387096,"eten_pct":0.6299212598425197,"kunnari_rate":0.014925373134328358,"lyoty_rate":0.1044776119402985,"tuotu_rate":0.047244094488188976,"haava_rate":0.373134328358209,"palo_rate":0.3283582089552239,"tehot_per_turn":0.208955223880597,"kl_per_turn":0.4925373134328358,"hr_rbi_per_turn":0.11940298507462686,"kl_base0":0.7777777777777778,"kl_base0_tries":9,"kl_base1":0.4117647058823529,"kl_base1_tries":17,"kl_base2":0.6470588235294118,"kl_base2_tries":17,"kl_base3":0.6153846153846154,"kl_base3_tries":13,"adv1_pct":0.7777777777777778,"adv2_pct":0.4117647058823529,"adv3_pct":0.6470588235294118,"adv_home_pct":0.6153846153846154,"money_kl_pct":0.6153846153846154,"money_kl_tries":13,"pos":"2V","teho_plus":74,"adv_plus":102,"runner_plus":96,"out_avoid_plus":98,"adv1_plus":131,"adv2_plus":69,"adv3_plus":97,"adv_home_plus":110,"money_kl_plus":110,"spark_index":99,"run_value":7.136381073506733,"raa":-1.2,"jyk":4.0,"vyk":0.18,"teho_plus_adj":74,"pct_kl_pct":43,"pct_saatto_pct":61,"pct_eten_pct":40,"pct_kunnari_rate":76,"pct_lyoty_rate":54,"pct_palo_rate":41,"pct_tehot_per_turn":32},"proj":null,"translation":null,"pitching":null,"career_json":[{"year":2008,"kl_pct":0.5892857142857143,"teho_plus":74}],"pct_stats":["kl_pct","saatto_pct","eten_pct","kunnari_rate","lyoty_rate","palo_rate","tehot_per_turn"],"base_kl":{"player_id":5573,"turns_at_bat":67,"kl_base0":0.7777777777777778,"kl_base0_tries":9,"kl_base1":0.4117647058823529,"kl_base1_tries":17,"kl_base2":0.6470588235294118,"kl_base2_tries":17,"kl_base3":0.6153846153846154,"kl_base3_tries":13,"pct_kl_base0":86,"pct_kl_base1":16,"pct_kl_base2":50,"pct_kl_base3":68},"base_keys":["kl_base0","kl_base1","kl_base2","kl_base3"],"comps":[]}