{"player":{"id":5600,"name":"Juha Holm","born_year":null},"career":[{"year":2007,"season_id":137,"team":"ViPa","age":null,"games":19,"turns_at_bat":114,"vyk":-0.02,"spark_index":89,"adv_plus":86,"runner_plus":81,"out_avoid_plus":109,"money_kl_plus":70,"teho_plus":34,"teho_plus_adj":33}],"line":{"player_id":5600,"name":"Juha Holm","born_year":null,"year":2007,"games":19,"team":"ViPa","turns_at_bat":114,"kunnarit":0,"lyodyt":5,"tuodut":5,"karkilyonnit":51,"karki_yritykset":97,"saatot":99,"saatto_yritykset":184,"etenemiset":99,"eteneminen_yritykset":191,"haavat":64,"palot":28,"season_id":137,"tehot":10,"kl_pct":0.5257731958762887,"saatto_pct":0.5380434782608695,"eten_pct":0.518324607329843,"kunnari_rate":0.0,"lyoty_rate":0.043859649122807015,"tuotu_rate":0.02617801047120419,"haava_rate":0.5614035087719298,"palo_rate":0.24561403508771928,"tehot_per_turn":0.08771929824561403,"kl_per_turn":0.4473684210526316,"hr_rbi_per_turn":0.043859649122807015,"kl_base0":0.6,"kl_base0_tries":35,"kl_base1":0.4838709677419355,"kl_base1_tries":31,"kl_base2":0.5555555555555556,"kl_base2_tries":18,"kl_base3":0.38461538461538464,"kl_base3_tries":13,"adv1_pct":0.6,"adv2_pct":0.4838709677419355,"adv3_pct":0.5555555555555556,"adv_home_pct":0.38461538461538464,"money_kl_pct":0.38461538461538464,"money_kl_tries":13,"pos":"S","teho_plus":34,"adv_plus":86,"runner_plus":81,"out_avoid_plus":109,"adv1_plus":104,"adv2_plus":87,"adv3_plus":87,"adv_home_plus":70,"money_kl_plus":70,"spark_index":89,"run_value":7.293095360713987,"raa":-9.4,"jyk":-0.4,"vyk":-0.02,"teho_plus_adj":33,"pct_kl_pct":35,"pct_saatto_pct":20,"pct_eten_pct":13,"pct_kunnari_rate":24,"pct_lyoty_rate":26,"pct_palo_rate":71,"pct_tehot_per_turn":8},"proj":null,"translation":null,"pitching":null,"career_json":[{"year":2007,"kl_pct":0.5257731958762887,"teho_plus":34}],"pct_stats":["kl_pct","saatto_pct","eten_pct","kunnari_rate","lyoty_rate","palo_rate","tehot_per_turn"],"base_kl":{"player_id":5600,"turns_at_bat":114,"kl_base0":0.6,"kl_base0_tries":35,"kl_base1":0.4838709677419355,"kl_base1_tries":31,"kl_base2":0.5555555555555556,"kl_base2_tries":18,"kl_base3":0.38461538461538464,"kl_base3_tries":13,"pct_kl_base0":58,"pct_kl_base1":38,"pct_kl_base2":36,"pct_kl_base3":19},"base_keys":["kl_base0","kl_base1","kl_base2","kl_base3"],"comps":[]}