{"player":{"id":5602,"name":"Ossi Meriläinen","born_year":null},"career":[{"player_id":5602,"name":"Ossi Meriläinen","born_year":null,"year":2026,"games":17,"team":"KeKi","turns_at_bat":78,"kunnarit":0,"lyodyt":24,"tuodut":1,"karkilyonnit":45,"karki_yritykset":105,"saatot":114,"saatto_yritykset":218,"etenemiset":71,"eteneminen_yritykset":107,"haavat":25,"palot":11,"season_id":1,"tehot":25,"kl_pct":0.42857142857142855,"saatto_pct":0.5229357798165137,"eten_pct":0.6635514018691588,"kunnari_rate":0.0,"lyoty_rate":0.3076923076923077,"tuotu_rate":0.009345794392523364,"haava_rate":0.32051282051282054,"palo_rate":0.14102564102564102,"tehot_per_turn":0.32051282051282054,"kl_per_turn":0.5769230769230769,"hr_rbi_per_turn":0.3076923076923077,"kl_base0":0.0,"kl_base0_tries":2,"kl_base1":0.45454545454545453,"kl_base1_tries":11,"kl_base2":0.42105263157894735,"kl_base2_tries":38,"kl_base3":0.4444444444444444,"kl_base3_tries":54,"adv1_pct":0.0,"adv2_pct":0.45454545454545453,"adv3_pct":0.42105263157894735,"adv_home_pct":0.4444444444444444,"money_kl_pct":0.4444444444444444,"money_kl_tries":54,"teho_plus":199,"adv_plus":87,"runner_plus":113,"out_avoid_plus":127,"adv1_plus":0,"adv2_plus":86,"adv3_plus":74,"adv_home_plus":99,"money_kl_plus":99,"spark_index":103,"run_value":12.154813157390773,"raa":6.5,"jyk":9.8,"vyk":0.87,"teho_plus_adj":200}],"line":{"player_id":5602,"name":"Ossi Meriläinen","born_year":null,"year":2026,"games":17,"team":"KeKi","turns_at_bat":78,"kunnarit":0,"lyodyt":24,"tuodut":1,"karkilyonnit":45,"karki_yritykset":105,"saatot":114,"saatto_yritykset":218,"etenemiset":71,"eteneminen_yritykset":107,"haavat":25,"palot":11,"season_id":1,"tehot":25,"kl_pct":0.42857142857142855,"saatto_pct":0.5229357798165137,"eten_pct":0.6635514018691588,"kunnari_rate":0.0,"lyoty_rate":0.3076923076923077,"tuotu_rate":0.009345794392523364,"haava_rate":0.32051282051282054,"palo_rate":0.14102564102564102,"tehot_per_turn":0.32051282051282054,"kl_per_turn":0.5769230769230769,"hr_rbi_per_turn":0.3076923076923077,"kl_base0":0.0,"kl_base0_tries":2,"kl_base1":0.45454545454545453,"kl_base1_tries":11,"kl_base2":0.42105263157894735,"kl_base2_tries":38,"kl_base3":0.4444444444444444,"kl_base3_tries":54,"adv1_pct":0.0,"adv2_pct":0.45454545454545453,"adv3_pct":0.42105263157894735,"adv_home_pct":0.4444444444444444,"money_kl_pct":0.4444444444444444,"money_kl_tries":54,"teho_plus":199,"adv_plus":87,"runner_plus":113,"out_avoid_plus":127,"adv1_plus":0,"adv2_plus":86,"adv3_plus":74,"adv_home_plus":99,"money_kl_plus":99,"spark_index":103,"run_value":12.154813157390773,"raa":6.5,"jyk":9.8,"vyk":0.87,"teho_plus_adj":200,"pct_kl_pct":21,"pct_saatto_pct":25,"pct_eten_pct":92,"pct_kunnari_rate":29,"pct_lyoty_rate":92,"pct_palo_rate":98,"pct_tehot_per_turn":91},"proj":{"player_id":5602,"name":"Ossi Meriläinen","as_of":"2026-07-02","age":null,"stats":{"kl_pct":{"rate":0.4643307752497631,"effective_n":95.93573253658363,"observed":0.4263482170235225},"saatto_pct":{"rate":0.5334369464554519,"effective_n":195.04966244431284,"observed":0.5219249774993702},"eten_pct":{"rate":0.635776694178428,"effective_n":97.14194686041844,"observed":0.6603754999500568},"kunnari_rate":{"rate":0.004196900664674468,"effective_n":73.86840091736704,"observed":0.0},"lyoty_rate":{"rate":0.18250963619627272,"effective_n":71.91517075213864,"observed":0.3051882555587299},"haava_rate":{"rate":0.3870849181156915,"effective_n":68.21890073245736,"observed":0.32498574609994496},"palo_rate":{"rate":0.24159236027451694,"effective_n":70.03295823118555,"observed":0.14701332470176437}},"teho_plus_proj":234},"career_json":[{"year":2026,"kl_pct":0.42857142857142855,"teho_plus":199}],"pct_stats":["kl_pct","saatto_pct","eten_pct","kunnari_rate","lyoty_rate","palo_rate","tehot_per_turn"],"base_kl":{"player_id":5602,"turns_at_bat":78,"kl_base0":0.0,"kl_base0_tries":2,"kl_base1":0.45454545454545453,"kl_base1_tries":11,"kl_base2":0.42105263157894735,"kl_base2_tries":38,"kl_base3":0.4444444444444444,"kl_base3_tries":54,"pct_kl_base0":3,"pct_kl_base1":36,"pct_kl_base2":18,"pct_kl_base3":50},"base_keys":["kl_base0","kl_base1","kl_base2","kl_base3"],"comps":[]}