{"player":{"id":5602,"name":"Ossi Meriläinen","born_year":null},"career":[{"player_id":5602,"name":"Ossi Meriläinen","born_year":null,"year":2026,"games":17,"team":"KeKi","turns_at_bat":78,"kunnarit":0,"lyodyt":24,"tuodut":1,"karkilyonnit":45,"karki_yritykset":105,"saatot":114,"saatto_yritykset":218,"etenemiset":71,"eteneminen_yritykset":107,"haavat":25,"palot":11,"season_id":1,"tehot":25,"kl_pct":0.42857142857142855,"saatto_pct":0.5229357798165137,"eten_pct":0.6635514018691588,"kunnari_rate":0.0,"lyoty_rate":0.3076923076923077,"tuotu_rate":0.009345794392523364,"haava_rate":0.32051282051282054,"palo_rate":0.14102564102564102,"tehot_per_turn":0.32051282051282054,"kl_per_turn":0.5769230769230769,"hr_rbi_per_turn":0.3076923076923077,"kl_base0":0.0,"kl_base0_tries":2,"kl_base1":0.45454545454545453,"kl_base1_tries":11,"kl_base2":0.42105263157894735,"kl_base2_tries":38,"kl_base3":0.4444444444444444,"kl_base3_tries":54,"adv1_pct":0.0,"adv2_pct":0.45454545454545453,"adv3_pct":0.42105263157894735,"adv_home_pct":0.4444444444444444,"money_kl_pct":0.4444444444444444,"money_kl_tries":54,"teho_plus":199,"adv_plus":87,"runner_plus":113,"out_avoid_plus":127,"adv1_plus":0,"adv2_plus":86,"adv3_plus":74,"adv_home_plus":99,"money_kl_plus":99,"spark_index":103,"teho_plus_adj":200}],"line":{"player_id":5602,"name":"Ossi Meriläinen","born_year":null,"year":2026,"games":17,"team":"KeKi","turns_at_bat":78,"kunnarit":0,"lyodyt":24,"tuodut":1,"karkilyonnit":45,"karki_yritykset":105,"saatot":114,"saatto_yritykset":218,"etenemiset":71,"eteneminen_yritykset":107,"haavat":25,"palot":11,"season_id":1,"tehot":25,"kl_pct":0.42857142857142855,"saatto_pct":0.5229357798165137,"eten_pct":0.6635514018691588,"kunnari_rate":0.0,"lyoty_rate":0.3076923076923077,"tuotu_rate":0.009345794392523364,"haava_rate":0.32051282051282054,"palo_rate":0.14102564102564102,"tehot_per_turn":0.32051282051282054,"kl_per_turn":0.5769230769230769,"hr_rbi_per_turn":0.3076923076923077,"kl_base0":0.0,"kl_base0_tries":2,"kl_base1":0.45454545454545453,"kl_base1_tries":11,"kl_base2":0.42105263157894735,"kl_base2_tries":38,"kl_base3":0.4444444444444444,"kl_base3_tries":54,"adv1_pct":0.0,"adv2_pct":0.45454545454545453,"adv3_pct":0.42105263157894735,"adv_home_pct":0.4444444444444444,"money_kl_pct":0.4444444444444444,"money_kl_tries":54,"teho_plus":199,"adv_plus":87,"runner_plus":113,"out_avoid_plus":127,"adv1_plus":0,"adv2_plus":86,"adv3_plus":74,"adv_home_plus":99,"money_kl_plus":99,"spark_index":103,"teho_plus_adj":200,"pct_kl_pct":21,"pct_saatto_pct":25,"pct_eten_pct":92,"pct_kunnari_rate":29,"pct_lyoty_rate":92,"pct_palo_rate":98,"pct_tehot_per_turn":91},"proj":{"player_id":5602,"name":"Ossi Meriläinen","as_of":"2026-07-02","age":null,"stats":{"kl_pct":{"rate":0.4643307752497631,"effective_n":95.93573253658363,"observed":0.4263482170235225},"saatto_pct":{"rate":0.5334369464554519,"effective_n":195.04966244431284,"observed":0.5219249774993702},"eten_pct":{"rate":0.635776694178428,"effective_n":97.14194686041844,"observed":0.6603754999500568},"kunnari_rate":{"rate":0.004196900664674468,"effective_n":73.86840091736704,"observed":0.0},"lyoty_rate":{"rate":0.18250963619627272,"effective_n":71.91517075213864,"observed":0.3051882555587299},"haava_rate":{"rate":0.3870849181156915,"effective_n":68.21890073245736,"observed":0.32498574609994496},"palo_rate":{"rate":0.24159236027451694,"effective_n":70.03295823118555,"observed":0.14701332470176437}},"teho_plus_proj":234},"career_json":[{"year":2026,"kl_pct":0.42857142857142855,"teho_plus":199}],"pct_stats":["kl_pct","saatto_pct","eten_pct","kunnari_rate","lyoty_rate","palo_rate","tehot_per_turn"],"base_kl":{"player_id":5602,"turns_at_bat":78,"kl_base0":0.0,"kl_base0_tries":2,"kl_base1":0.45454545454545453,"kl_base1_tries":11,"kl_base2":0.42105263157894735,"kl_base2_tries":38,"kl_base3":0.4444444444444444,"kl_base3_tries":54,"pct_kl_base0":3,"pct_kl_base1":36,"pct_kl_base2":18,"pct_kl_base3":50},"base_keys":["kl_base0","kl_base1","kl_base2","kl_base3"],"log":[{"player_id":5602,"season_id":1,"match_id":128924,"date":"2026-05-09","team":"KeKi","opponent":"IPV","home":0,"turns_at_bat":4,"kunnarit":0,"lyodyt":1,"tuodut":0,"karkilyonnit":2,"karki_yritykset":4,"saatot":6,"saatto_yritykset":10,"etenemiset":4,"eteneminen_yritykset":6,"haavat":1,"palot":1,"stadium":"Tornator Stadion, Imatra","tehot":1,"kl_pct":0.5},{"player_id":5602,"season_id":1,"match_id":128955,"date":"2026-05-10","team":"KeKi","opponent":"KPL","home":0,"turns_at_bat":4,"kunnarit":0,"lyodyt":0,"tuodut":0,"karkilyonnit":2,"karki_yritykset":7,"saatot":6,"saatto_yritykset":14,"etenemiset":4,"eteneminen_yritykset":5,"haavat":1,"palot":0,"stadium":"KSS Energia Areena, Kouvola","tehot":0,"kl_pct":0.2857142857142857},{"player_id":5602,"season_id":1,"match_id":129047,"date":"2026-05-13","team":"KeKi","opponent":"KiPa","home":1,"turns_at_bat":5,"kunnarit":0,"lyodyt":3,"tuodut":0,"karkilyonnit":4,"karki_yritykset":11,"saatot":4,"saatto_yritykset":14,"etenemiset":0,"eteneminen_yritykset":2,"haavat":2,"palot":0,"stadium":"Autofix1.com Areena, Kempele","tehot":3,"kl_pct":0.36363636363636365},{"player_id":5602,"season_id":1,"match_id":128934,"date":"2026-05-16","team":"KeKi","opponent":"KiPa","home":0,"turns_at_bat":5,"kunnarit":0,"lyodyt":5,"tuodut":0,"karkilyonnit":7,"karki_yritykset":9,"saatot":17,"saatto_yritykset":19,"etenemiset":10,"eteneminen_yritykset":12,"haavat":2,"palot":0,"stadium":"Rantakenttä, Kitee","tehot":5,"kl_pct":0.7777777777777778},{"player_id":5602,"season_id":1,"match_id":129052,"date":"2026-05-20","team":"KeKi","opponent":"ViVe","home":0,"turns_at_bat":5,"kunnarit":0,"lyodyt":2,"tuodut":0,"karkilyonnit":5,"karki_yritykset":9,"saatot":13,"saatto_yritykset":20,"etenemiset":8,"eteneminen_yritykset":9,"haavat":1,"palot":0,"stadium":"Saarikenttä, Vimpeli","tehot":2,"kl_pct":0.5555555555555556},{"player_id":5602,"season_id":1,"match_id":128979,"date":"2026-05-24","team":"KeKi","opponent":"JoMa","home":0,"turns_at_bat":4,"kunnarit":0,"lyodyt":1,"tuodut":0,"karkilyonnit":5,"karki_yritykset":7,"saatot":8,"saatto_yritykset":13,"etenemiset":3,"eteneminen_yritykset":5,"haavat":1,"palot":1,"stadium":"Ilosaarirock Stadion, Joensuu","tehot":1,"kl_pct":0.7142857142857143},{"player_id":5602,"season_id":1,"match_id":128919,"date":"2026-05-29","team":"KeKi","opponent":"ViVe","home":1,"turns_at_bat":7,"kunnarit":0,"lyodyt":1,"tuodut":0,"karkilyonnit":1,"karki_yritykset":7,"saatot":1,"saatto_yritykset":10,"etenemiset":0,"eteneminen_yritykset":1,"haavat":1,"palot":0,"stadium":"Autofix1.com Areena, Kempele","tehot":1,"kl_pct":0.14285714285714285},{"player_id":5602,"season_id":1,"match_id":128933,"date":"2026-06-02","team":"KeKi","opponent":"Tahko","home":0,"turns_at_bat":3,"kunnarit":0,"lyodyt":1,"tuodut":0,"karkilyonnit":2,"karki_yritykset":4,"saatot":4,"saatto_yritykset":8,"etenemiset":2,"eteneminen_yritykset":3,"haavat":1,"palot":0,"stadium":"Pihkalan pesäpallostadion, Hyvinkää","tehot":1,"kl_pct":0.5},{"player_id":5602,"season_id":1,"match_id":128945,"date":"2026-06-03","team":"KeKi","opponent":"Manse","home":0,"turns_at_bat":3,"kunnarit":0,"lyodyt":1,"tuodut":0,"karkilyonnit":1,"karki_yritykset":3,"saatot":4,"saatto_yritykset":6,"etenemiset":3,"eteneminen_yritykset":3,"haavat":0,"palot":0,"stadium":"Kaupin pesäpallostadion, Tampere","tehot":1,"kl_pct":0.3333333333333333},{"player_id":5602,"season_id":1,"match_id":128928,"date":"2026-06-10","team":"KeKi","opponent":"AA","home":0,"turns_at_bat":4,"kunnarit":0,"lyodyt":0,"tuodut":0,"karkilyonnit":1,"karki_yritykset":6,"saatot":1,"saatto_yritykset":9,"etenemiset":0,"eteneminen_yritykset":2,"haavat":1,"palot":1,"stadium":"Saltex Areena, Alajärvi","tehot":0,"kl_pct":0.16666666666666666},{"player_id":5602,"season_id":1,"match_id":128906,"date":"2026-06-12","team":"KeKi","opponent":"SoJy","home":1,"turns_at_bat":5,"kunnarit":0,"lyodyt":0,"tuodut":0,"karkilyonnit":3,"karki_yritykset":6,"saatot":7,"saatto_yritykset":12,"etenemiset":4,"eteneminen_yritykset":6,"haavat":1,"palot":1,