{"player":{"id":5638,"name":"Kirsi Korkeakoski","born_year":null},"career":[{"year":2007,"season_id":163,"team":"HP-K","age":null,"games":3,"turns_at_bat":9,"vyk":-0.05,"spark_index":63,"adv_plus":52,"runner_plus":80,"out_avoid_plus":65,"money_kl_plus":0,"teho_plus":0,"teho_plus_adj":0},{"year":2013,"season_id":165,"team":"HP-K","age":null,"games":12,"turns_at_bat":59,"vyk":-0.12,"spark_index":74,"adv_plus":77,"runner_plus":62,"out_avoid_plus":84,"money_kl_plus":66,"teho_plus":28,"teho_plus_adj":28}],"line":{"player_id":5638,"name":"Kirsi Korkeakoski","born_year":null,"year":2013,"games":12,"team":"HP-K","turns_at_bat":59,"kunnarit":0,"lyodyt":5,"tuodut":0,"karkilyonnit":29,"karki_yritykset":56,"saatot":46,"saatto_yritykset":95,"etenemiset":32,"eteneminen_yritykset":78,"haavat":21,"palot":25,"season_id":165,"tehot":5,"kl_pct":0.5178571428571429,"saatto_pct":0.4842105263157895,"eten_pct":0.41025641025641024,"kunnari_rate":0.0,"lyoty_rate":0.0847457627118644,"tuotu_rate":0.0,"haava_rate":0.3559322033898305,"palo_rate":0.423728813559322,"tehot_per_turn":0.0847457627118644,"kl_per_turn":0.4915254237288136,"hr_rbi_per_turn":0.0847457627118644,"kl_base0":0.5294117647058824,"kl_base0_tries":17,"kl_base1":0.5384615384615384,"kl_base1_tries":13,"kl_base2":0.6153846153846154,"kl_base2_tries":13,"kl_base3":0.38461538461538464,"kl_base3_tries":13,"adv1_pct":0.5294117647058824,"adv2_pct":0.5384615384615384,"adv3_pct":0.6153846153846154,"adv_home_pct":0.38461538461538464,"money_kl_pct":0.38461538461538464,"money_kl_tries":13,"pos":"3V","teho_plus":28,"adv_plus":77,"runner_plus":62,"out_avoid_plus":84,"adv1_plus":91,"adv2_plus":88,"adv3_plus":90,"adv_home_plus":66,"money_kl_plus":66,"spark_index":74,"run_value":2.8413407563281496,"raa":-8.0,"jyk":-2.9,"vyk":-0.12,"teho_plus_adj":28,"pct_kl_pct":19,"pct_saatto_pct":4,"pct_eten_pct":0,"pct_kunnari_rate":26,"pct_lyoty_rate":44,"pct_palo_rate":14,"pct_tehot_per_turn":3},"proj":null,"translation":null,"pitching":null,"career_json":[{"year":2007,"kl_pct":0.3333333333333333,"teho_plus":0},{"year":2013,"kl_pct":0.5178571428571429,"teho_plus":28}],"pct_stats":["kl_pct","saatto_pct","eten_pct","kunnari_rate","lyoty_rate","palo_rate","tehot_per_turn"],"base_kl":{"player_id":5638,"turns_at_bat":59,"kl_base0":0.5294117647058824,"kl_base0_tries":17,"kl_base1":0.5384615384615384,"kl_base1_tries":13,"kl_base2":0.6153846153846154,"kl_base2_tries":13,"kl_base3":0.38461538461538464,"kl_base3_tries":13,"pct_kl_base0":40,"pct_kl_base1":38,"pct_kl_base2":36,"pct_kl_base3":16},"base_keys":["kl_base0","kl_base1","kl_base2","kl_base3"],"comps":[]}