{"player":{"id":5713,"name":"Tommi Mäentausta","born_year":null},"career":[{"player_id":5713,"name":"Tommi Mäentausta","born_year":null,"year":2026,"games":15,"team":"KPL","turns_at_bat":83,"kunnarit":0,"lyodyt":2,"tuodut":2,"karkilyonnit":38,"karki_yritykset":76,"saatot":68,"saatto_yritykset":138,"etenemiset":66,"eteneminen_yritykset":138,"haavat":48,"palot":24,"season_id":1,"tehot":4,"kl_pct":0.5,"saatto_pct":0.4927536231884058,"eten_pct":0.4782608695652174,"kunnari_rate":0.0,"lyoty_rate":0.024096385542168676,"tuotu_rate":0.014492753623188406,"haava_rate":0.5783132530120482,"palo_rate":0.2891566265060241,"tehot_per_turn":0.04819277108433735,"kl_per_turn":0.4578313253012048,"hr_rbi_per_turn":0.024096385542168676,"kl_base0":0.5151515151515151,"kl_base0_tries":33,"kl_base1":0.2916666666666667,"kl_base1_tries":24,"kl_base2":0.75,"kl_base2_tries":16,"kl_base3":0.6666666666666666,"kl_base3_tries":3,"adv1_pct":0.5151515151515151,"adv2_pct":0.2916666666666667,"adv3_pct":0.75,"adv_home_pct":0.6666666666666666,"money_kl_pct":0.6666666666666666,"money_kl_tries":3,"teho_plus":30,"adv_plus":87,"runner_plus":81,"out_avoid_plus":105,"adv1_plus":96,"adv2_plus":55,"adv3_plus":132,"adv_home_plus":148,"money_kl_plus":148,"spark_index":89,"teho_plus_adj":30}],"line":{"player_id":5713,"name":"Tommi Mäentausta","born_year":null,"year":2026,"games":15,"team":"KPL","turns_at_bat":83,"kunnarit":0,"lyodyt":2,"tuodut":2,"karkilyonnit":38,"karki_yritykset":76,"saatot":68,"saatto_yritykset":138,"etenemiset":66,"eteneminen_yritykset":138,"haavat":48,"palot":24,"season_id":1,"tehot":4,"kl_pct":0.5,"saatto_pct":0.4927536231884058,"eten_pct":0.4782608695652174,"kunnari_rate":0.0,"lyoty_rate":0.024096385542168676,"tuotu_rate":0.014492753623188406,"haava_rate":0.5783132530120482,"palo_rate":0.2891566265060241,"tehot_per_turn":0.04819277108433735,"kl_per_turn":0.4578313253012048,"hr_rbi_per_turn":0.024096385542168676,"kl_base0":0.5151515151515151,"kl_base0_tries":33,"kl_base1":0.2916666666666667,"kl_base1_tries":24,"kl_base2":0.75,"kl_base2_tries":16,"kl_base3":0.6666666666666666,"kl_base3_tries":3,"adv1_pct":0.5151515151515151,"adv2_pct":0.2916666666666667,"adv3_pct":0.75,"adv_home_pct":0.6666666666666666,"money_kl_pct":0.6666666666666666,"money_kl_tries":3,"teho_plus":30,"adv_plus":87,"runner_plus":81,"out_avoid_plus":105,"adv1_plus":96,"adv2_plus":55,"adv3_plus":132,"adv_home_plus":148,"money_kl_plus":148,"spark_index":89,"teho_plus_adj":30,"pct_kl_pct":41,"pct_saatto_pct":10,"pct_eten_pct":6,"pct_kunnari_rate":29,"pct_lyoty_rate":46,"pct_palo_rate":57,"pct_tehot_per_turn":8},"proj":{"player_id":5713,"name":"Tommi Mäentausta","as_of":"2026-07-02","age":null,"stats":{"kl_pct":{"rate":0.5136738491161036,"effective_n":70.09801550988287,"observed":0.5039260679542952},"saatto_pct":{"rate":0.5175398671837008,"effective_n":124.74161023301781,"observed":0.49444181013248156},"eten_pct":{"rate":0.509770596013445,"effective_n":125.00803132490516,"observed":0.4784867738165532},"kunnari_rate":{"rate":0.0040901636031025115,"effective_n":78.9275979210951,"observed":0.0},"lyoty_rate":{"rate":0.048275698880861535,"effective_n":76.99357344634423,"observed":0.023387113504569283},"haava_rate":{"rate":0.49289574306714634,"effective_n":73.31713717291835,"observed":0.5794341089729429},"palo_rate":{"rate":0.3070555217613125,"effective_n":75.12423489716318,"observed":0.28859813938974027}},"teho_plus_proj":127},"career_json":[{"year":2026,"kl_pct":0.5,"teho_plus":30}],"pct_stats":["kl_pct","saatto_pct","eten_pct","kunnari_rate","lyoty_rate","palo_rate","tehot_per_turn"],"base_kl":{"player_id":5713,"turns_at_bat":83,"kl_base0":0.5151515151515151,"kl_base0_tries":33,"kl_base1":0.2916666666666667,"kl_base1_tries":24,"kl_base2":0.75,"kl_base2_tries":16,"kl_base3":0.6666666666666666,"kl_base3_tries":3,"pct_kl_base0":58,"pct_kl_base1":14,"pct_kl_base2":82,"pct_kl_base3":79},"base_keys":["kl_base0","kl_base1","kl_base2","kl_base3"],"log":[{"player_id":5713,"season_id":1,"match_id":128955,"date":"2026-05-10","team":"KPL","opponent":"KeKi","home":1,"turns_at_bat":6,"kunnarit":0,"lyodyt":0,"tuodut":0,"karkilyonnit":4,"karki_yritykset":8,"saatot":4,"saatto_yritykset":10,"etenemiset":5,"eteneminen_yritykset":11,"haavat":3,"palot":3,"stadium":"KSS Energia Areena, Kouvola","tehot":0,"kl_pct":0.5},{"player_id":5713,"season_id":1,"match_id":128885,"date":"2026-05-15","team":"KPL","opponent":"AA","home":0,"turns_at_bat":7,"kunnarit":0,"lyodyt":0,"tuodut":0,"karkilyonnit":3,"karki_yritykset":9,"saatot":5,"saatto_yritykset":12,"etenemiset":5,"eteneminen_yritykset":11,"haavat":5,"palot":1,"stadium":"Saltex Areena, Alajärvi","tehot":0,"kl_pct":0.3333333333333333},{"player_id":5713,"season_id":1,"match_id":128880,"date":"2026-05-20","team":"KPL","opponent":"KoU","home":0,"turns_at_bat":5,"kunnarit":0,"lyodyt":0,"tuodut":0,"karkilyonnit":1,"karki_yritykset":4,"saatot":4,"saatto_yritykset":9,"etenemiset":5,"eteneminen_yritykset":10,"haavat":2,"palot":3,"stadium":"Sähkökoje Areena, Koskenkorva (Ilmajoki)","tehot":0,"kl_pct":0.25},{"player_id":5713,"season_id":1,"match_id":129053,"date":"2026-05-22","team":"KPL","opponent":"ViVe","home":1,"turns_at_bat":5,"kunnarit":0,"lyodyt":1,"tuodut":0,"karkilyonnit":3,"karki_yritykset":3,"saatot":5,"saatto_yritykset":7,"etenemiset":3,"eteneminen_yritykset":6,"haavat":2,"palot":1,"stadium":"KSS Energia Areena, Kouvola","tehot":1,"kl_pct":1.0},{"player_id":5713,"season_id":1,"match_id":128882,"date":"2026-05-29","team":"KPL","opponent":"JoMa","home":0,"turns_at_bat":2,"kunnarit":0,"lyodyt":0,"tuodut":0,"karkilyonnit":0,"karki_yritykset":2,"saatot":0,"saatto_yritykset":4,"etenemiset":0,"eteneminen_yritykset":2,"haavat":2,"palot":0,"stadium":"Ilosaarirock Stadion, Joensuu","tehot":0,"kl_pct":0.0},{"player_id":5713,"season_id":1,"match_id":129061,"date":"2026-05-31","team":"KPL","opponent":"JoMa","home":1,"turns_at_bat":5,"kunnarit":0,"lyodyt":0,"tuodut":0,"karkilyonnit":1,"karki_yritykset":4,"saatot":4,"saatto_yritykset":9,"etenemiset":3,"eteneminen_yritykset":7,"haavat":3,"palot":1,"stadium":"KSS Energia Areena, Kouvola","tehot":0,"kl_pct":0.25},{"player_id":5713,"season_id":1,"match_id":128946,"date":"2026-06-03","team":"KPL","opponent":"KoU","home":0,"turns_at_bat":4,"kunnarit":0,"lyodyt":1,"tuodut":1,"karkilyonnit":2,"karki_yritykset":4,"saatot":7,"saatto_yritykset":9,"etenemiset":6,"eteneminen_yritykset":8,"haavat":2,"palot":0,"stadium":"Sähkökoje Areena, Koskenkorva (Ilmajoki)","tehot":2,"kl_pct":0.5},{"player_id":5713,"season_id":1,"match_id":128883,"date":"2026-06-05","team":"KPL","opponent":"ViVe","home":1,"turns_at_bat":7,"kunnarit":0,"lyodyt":0,"tuodut":0,"karkilyonnit":4,"karki_yritykset":6,"saatot":8,"saatto_yritykset":13,"etenemiset":5,"eteneminen_yritykset":11,"haavat":5,"palot":1,"stadium":"KSS Energia Areena, Kouvola","tehot":0,"kl_pct":0.6666666666666666},{"player_id":5713,"season_id":1,"match_id":128952,"date":"2026-06-09","team":"KPL","opponent":"PattU","home":1,"turns_at_bat":7,"kunnarit":0,"lyodyt":0,"tuodut":0,"karkilyonnit":3,"karki_yritykset":7,"saatot":3,"saatto_yritykset":10,"etenemiset":6,"eteneminen_yritykset":13,"haavat":5,"palot":2,"stadium":"KSS Energia Areena, Kouvola","tehot":0,"kl_pct":0.42857142857142855},{"player_id":5713,"season_id":1,"match_id":129063,"date":"2026-06-14","team":"KPL","opponent":"SoJy","home":1,"turns_at_bat":7,"kunnarit":0,"lyodyt":0,"tuodut":0,"karkilyonnit":4,"karki_yritykset":6,"saatot":6,"saatto_yritykset":11,"etenemiset":6,"eteneminen_yritykset":12,"haavat":2,"palot":4,"stadium":"KSS Energia Areena, Kouvola","tehot":0,"kl_pct":0.6666666666666666},{"player_id":5713,"season_id":1,"match_id":128947,"date":"2026-06-17","team":"KPL","opponent":"SoJy","home":0,"turns_at_bat":7,"kunnarit":0,"lyodyt":0,"tuodut":0,"karkilyonnit":2,"karki_yritykset":7,"saatot":3,"saatto_yritykset":8,"etenemiset":4,"eteneminen_yritykset":11,"haavat":4,"palot":3,"stadium":"Terrafame Stadion, Sotkamo","tehot":0,"kl_pct":0.2857142857142857},{"player_id":5713,