{"player":{"id":5790,"name":"Mikko Ala-Huikku","born_year":null},"career":[{"year":2016,"age":null,"games":21,"turns_at_bat":135,"vyk":0.15,"spark_index":90,"adv_plus":86,"runner_plus":91,"out_avoid_plus":101,"money_kl_plus":116,"teho_plus":78,"teho_plus_adj":76}],"line":{"player_id":5790,"name":"Mikko Ala-Huikku","born_year":null,"year":2016,"games":21,"team":"JaJa","turns_at_bat":135,"kunnarit":1,"lyodyt":10,"tuodut":7,"karkilyonnit":39,"karki_yritykset":98,"saatot":109,"saatto_yritykset":210,"etenemiset":118,"eteneminen_yritykset":222,"haavat":65,"palot":39,"season_id":97,"tehot":18,"kl_pct":0.3979591836734694,"saatto_pct":0.5190476190476191,"eten_pct":0.5315315315315315,"kunnari_rate":0.007407407407407408,"lyoty_rate":0.07407407407407407,"tuotu_rate":0.03153153153153153,"haava_rate":0.48148148148148145,"palo_rate":0.28888888888888886,"tehot_per_turn":0.13333333333333333,"kl_per_turn":0.28888888888888886,"hr_rbi_per_turn":0.08148148148148149,"kl_base0":0.3235294117647059,"kl_base0_tries":34,"kl_base1":0.24,"kl_base1_tries":25,"kl_base2":0.6111111111111112,"kl_base2_tries":18,"kl_base3":0.5238095238095238,"kl_base3_tries":21,"adv1_pct":0.3235294117647059,"adv2_pct":0.24,"adv3_pct":0.6111111111111112,"adv_home_pct":0.5238095238095238,"money_kl_pct":0.5238095238095238,"money_kl_tries":21,"pos":"1V","teho_plus":78,"adv_plus":86,"runner_plus":91,"out_avoid_plus":101,"adv1_plus":65,"adv2_plus":48,"adv3_plus":98,"adv_home_plus":116,"money_kl_plus":116,"spark_index":90,"run_value":9.22352143371647,"raa":-3.7,"jyk":2.2,"vyk":0.15,"teho_plus_adj":76,"pct_kl_pct":16,"pct_saatto_pct":34,"pct_eten_pct":27,"pct_kunnari_rate":70,"pct_lyoty_rate":69,"pct_palo_rate":44,"pct_tehot_per_turn":43},"proj":null,"career_json":[{"year":2016,"kl_pct":0.3979591836734694,"teho_plus":78}],"pct_stats":["kl_pct","saatto_pct","eten_pct","kunnari_rate","lyoty_rate","palo_rate","tehot_per_turn"],"base_kl":{"player_id":5790,"turns_at_bat":135,"kl_base0":0.3235294117647059,"kl_base0_tries":34,"kl_base1":0.24,"kl_base1_tries":25,"kl_base2":0.6111111111111112,"kl_base2_tries":18,"kl_base3":0.5238095238095238,"kl_base3_tries":21,"pct_kl_base0":15,"pct_kl_base1":18,"pct_kl_base2":51,"pct_kl_base3":71},"base_keys":["kl_base0","kl_base1","kl_base2","kl_base3"],"comps":[]}