{"player":{"id":6207,"name":"Kaisaleena Saukko","born_year":null},"career":[{"player_id":6207,"name":"Kaisaleena Saukko","born_year":null,"year":2026,"games":13,"team":"Virkiä","turns_at_bat":79,"kunnarit":1,"lyodyt":0,"tuodut":10,"karkilyonnit":34,"karki_yritykset":67,"saatot":43,"saatto_yritykset":78,"etenemiset":90,"eteneminen_yritykset":155,"haavat":25,"palot":40,"season_id":2,"tehot":11,"kl_pct":0.5074626865671642,"saatto_pct":0.5512820512820513,"eten_pct":0.5806451612903226,"kunnari_rate":0.012658227848101266,"lyoty_rate":0.0,"tuotu_rate":0.06451612903225806,"haava_rate":0.31645569620253167,"palo_rate":0.5063291139240507,"tehot_per_turn":0.13924050632911392,"kl_per_turn":0.43037974683544306,"hr_rbi_per_turn":0.012658227848101266,"kl_base0":0.48333333333333334,"kl_base0_tries":60,"kl_base1":0.3333333333333333,"kl_base1_tries":3,"kl_base2":1.0,"kl_base2_tries":3,"kl_base3":1.0,"kl_base3_tries":1,"adv1_pct":0.48333333333333334,"adv2_pct":0.3333333333333333,"adv3_pct":1.0,"adv_home_pct":1.0,"money_kl_pct":1.0,"money_kl_tries":1,"pos":null,"teho_plus":81,"adv_plus":93,"runner_plus":97,"out_avoid_plus":75,"adv1_plus":97,"adv2_plus":60,"adv3_plus":166,"adv_home_plus":223,"money_kl_plus":223,"spark_index":91,"run_value":4.437225267435034,"raa":-3.3,"jyk":1.0,"vyk":0.09,"teho_plus_adj":79}],"line":{"player_id":6207,"name":"Kaisaleena Saukko","born_year":null,"year":2026,"games":13,"team":"Virkiä","turns_at_bat":79,"kunnarit":1,"lyodyt":0,"tuodut":10,"karkilyonnit":34,"karki_yritykset":67,"saatot":43,"saatto_yritykset":78,"etenemiset":90,"eteneminen_yritykset":155,"haavat":25,"palot":40,"season_id":2,"tehot":11,"kl_pct":0.5074626865671642,"saatto_pct":0.5512820512820513,"eten_pct":0.5806451612903226,"kunnari_rate":0.012658227848101266,"lyoty_rate":0.0,"tuotu_rate":0.06451612903225806,"haava_rate":0.31645569620253167,"palo_rate":0.5063291139240507,"tehot_per_turn":0.13924050632911392,"kl_per_turn":0.43037974683544306,"hr_rbi_per_turn":0.012658227848101266,"kl_base0":0.48333333333333334,"kl_base0_tries":60,"kl_base1":0.3333333333333333,"kl_base1_tries":3,"kl_base2":1.0,"kl_base2_tries":3,"kl_base3":1.0,"kl_base3_tries":1,"adv1_pct":0.48333333333333334,"adv2_pct":0.3333333333333333,"adv3_pct":1.0,"adv_home_pct":1.0,"money_kl_pct":1.0,"money_kl_tries":1,"pos":null,"teho_plus":81,"adv_plus":93,"runner_plus":97,"out_avoid_plus":75,"adv1_plus":97,"adv2_plus":60,"adv3_plus":166,"adv_home_plus":223,"money_kl_plus":223,"spark_index":91,"run_value":4.437225267435034,"raa":-3.3,"jyk":1.0,"vyk":0.09,"teho_plus_adj":79,"pct_kl_pct":46,"pct_saatto_pct":36,"pct_eten_pct":52,"pct_kunnari_rate":82,"pct_lyoty_rate":12,"pct_palo_rate":9,"pct_tehot_per_turn":48},"proj":{"player_id":6207,"name":"Kaisaleena Saukko","as_of":"2026-06-29","age":null,"stats":{"kl_pct":{"rate":0.5168652027324157,"effective_n":62.32361057505933,"observed":0.5066503229288386},"saatto_pct":{"rate":0.5670400278740676,"effective_n":70.66818339237447,"observed":0.5492912961490689},"eten_pct":{"rate":0.5824060358932299,"effective_n":140.14364576686978,"observed":0.5773938942474397},"kunnari_rate":{"rate":0.00834399232819163,"effective_n":75.17841033442113,"observed":0.012830884776574672},"lyoty_rate":{"rate":0.040888577593518806,"effective_n":73.36187195160203,"observed":0.0},"haava_rate":{"rate":0.37039876466456606,"effective_n":69.90602892323285,"observed":0.3252314488317689},"palo_rate":{"rate":0.4189890415971881,"effective_n":71.6051345712436,"observed":0.5036285156576099}},"teho_plus_proj":130},"career_json":[{"year":2026,"kl_pct":0.5074626865671642,"teho_plus":81}],"pct_stats":["kl_pct","saatto_pct","eten_pct","kunnari_rate","lyoty_rate","palo_rate","tehot_per_turn"],"base_kl":{"player_id":6207,"turns_at_bat":79,"kl_base0":0.48333333333333334,"kl_base0_tries":60,"kl_base1":0.3333333333333333,"kl_base1_tries":3,"kl_base2":1.0,"kl_base2_tries":3,"kl_base3":1.0,"kl_base3_tries":1,"pct_kl_base0":62,"pct_kl_base1":14,"pct_kl_base2":96,"pct_kl_base3":96},"base_keys":["kl_base0","kl_base1","kl_base2","kl_base3"],"comps":[]}