{"player":{"id":6322,"name":"Jenny Ikälä","born_year":null},"career":[{"year":2009,"season_id":62,"team":"Pesä Ysit","age":null,"games":3,"turns_at_bat":15,"vyk":-0.06,"spark_index":50,"adv_plus":50,"runner_plus":63,"out_avoid_plus":29,"money_kl_plus":0,"teho_plus":0,"teho_plus_adj":0},{"year":2011,"season_id":70,"team":"Pesä Ysit","age":null,"games":7,"turns_at_bat":42,"vyk":0.01,"spark_index":80,"adv_plus":71,"runner_plus":79,"out_avoid_plus":104,"money_kl_plus":97,"teho_plus":75,"teho_plus_adj":73}],"line":{"player_id":6322,"name":"Jenny Ikälä","born_year":null,"year":2011,"games":7,"team":"Pesä Ysit","turns_at_bat":42,"kunnarit":0,"lyodyt":5,"tuodut":4,"karkilyonnit":13,"karki_yritykset":36,"saatot":36,"saatto_yritykset":73,"etenemiset":34,"eteneminen_yritykset":66,"haavat":20,"palot":12,"season_id":70,"tehot":9,"kl_pct":0.3611111111111111,"saatto_pct":0.4931506849315068,"eten_pct":0.5151515151515151,"kunnari_rate":0.0,"lyoty_rate":0.11904761904761904,"tuotu_rate":0.06060606060606061,"haava_rate":0.47619047619047616,"palo_rate":0.2857142857142857,"tehot_per_turn":0.21428571428571427,"kl_per_turn":0.30952380952380953,"hr_rbi_per_turn":0.11904761904761904,"kl_base0":0.2222222222222222,"kl_base0_tries":9,"kl_base1":0.18181818181818182,"kl_base1_tries":11,"kl_base2":0.5714285714285714,"kl_base2_tries":7,"kl_base3":0.5555555555555556,"kl_base3_tries":9,"adv1_pct":0.2222222222222222,"adv2_pct":0.18181818181818182,"adv3_pct":0.5714285714285714,"adv_home_pct":0.5555555555555556,"money_kl_pct":0.5555555555555556,"money_kl_tries":9,"pos":"1V","teho_plus":75,"adv_plus":71,"runner_plus":79,"out_avoid_plus":104,"adv1_plus":40,"adv2_plus":31,"adv3_plus":84,"adv_home_plus":97,"money_kl_plus":97,"spark_index":80,"run_value":3.6235591281250943,"raa":-2.7,"jyk":0.2,"vyk":0.01,"teho_plus_adj":73,"pct_kl_pct":3,"pct_saatto_pct":7,"pct_eten_pct":7,"pct_kunnari_rate":27,"pct_lyoty_rate":59,"pct_palo_rate":59,"pct_tehot_per_turn":37},"proj":null,"translation":null,"pitching":null,"career_json":[{"year":2009,"kl_pct":0.23076923076923078,"teho_plus":0},{"year":2011,"kl_pct":0.3611111111111111,"teho_plus":75}],"pct_stats":["kl_pct","saatto_pct","eten_pct","kunnari_rate","lyoty_rate","palo_rate","tehot_per_turn"],"base_kl":{"player_id":6322,"turns_at_bat":42,"kl_base0":0.2222222222222222,"kl_base0_tries":9,"kl_base1":0.18181818181818182,"kl_base1_tries":11,"kl_base2":0.5714285714285714,"kl_base2_tries":7,"kl_base3":0.5555555555555556,"kl_base3_tries":9,"pct_kl_base0":6,"pct_kl_base1":2,"pct_kl_base2":32,"pct_kl_base3":49},"base_keys":["kl_base0","kl_base1","kl_base2","kl_base3"],"comps":[]}