{"player":{"id":6377,"name":"Tomi Turpela","born_year":null},"career":[{"year":2021,"age":null,"games":21,"turns_at_bat":114,"vyk":0.48,"spark_index":90,"adv_plus":80,"runner_plus":81,"out_avoid_plus":127,"money_kl_plus":155,"teho_plus":94,"teho_plus_adj":93}],"line":{"player_id":6377,"name":"Tomi Turpela","born_year":null,"year":2021,"games":21,"team":"UPV","turns_at_bat":114,"kunnarit":1,"lyodyt":14,"tuodut":6,"karkilyonnit":44,"karki_yritykset":102,"saatot":106,"saatto_yritykset":214,"etenemiset":78,"eteneminen_yritykset":159,"haavat":66,"palot":15,"season_id":117,"tehot":21,"kl_pct":0.43137254901960786,"saatto_pct":0.4953271028037383,"eten_pct":0.49056603773584906,"kunnari_rate":0.008771929824561403,"lyoty_rate":0.12280701754385964,"tuotu_rate":0.03773584905660377,"haava_rate":0.5789473684210527,"palo_rate":0.13157894736842105,"tehot_per_turn":0.18421052631578946,"kl_per_turn":0.38596491228070173,"hr_rbi_per_turn":0.13157894736842105,"kl_base0":0.16666666666666666,"kl_base0_tries":18,"kl_base1":0.4473684210526316,"kl_base1_tries":38,"kl_base2":0.3333333333333333,"kl_base2_tries":27,"kl_base3":0.7894736842105263,"kl_base3_tries":19,"adv1_pct":0.16666666666666666,"adv2_pct":0.4473684210526316,"adv3_pct":0.3333333333333333,"adv_home_pct":0.7894736842105263,"money_kl_pct":0.7894736842105263,"money_kl_tries":19,"pos":"2K","teho_plus":94,"adv_plus":80,"runner_plus":81,"out_avoid_plus":127,"adv1_plus":32,"adv2_plus":78,"adv3_plus":54,"adv_home_plus":155,"money_kl_plus":155,"spark_index":90,"run_value":6.879383534278834,"raa":2.1,"jyk":6.9,"vyk":0.48,"teho_plus_adj":93,"pct_kl_pct":13,"pct_saatto_pct":15,"pct_eten_pct":11,"pct_kunnari_rate":68,"pct_lyoty_rate":76,"pct_palo_rate":97,"pct_tehot_per_turn":58},"proj":null,"translation":null,"career_json":[{"year":2021,"kl_pct":0.43137254901960786,"teho_plus":94}],"pct_stats":["kl_pct","saatto_pct","eten_pct","kunnari_rate","lyoty_rate","palo_rate","tehot_per_turn"],"base_kl":{"player_id":6377,"turns_at_bat":114,"kl_base0":0.16666666666666666,"kl_base0_tries":18,"kl_base1":0.4473684210526316,"kl_base1_tries":38,"kl_base2":0.3333333333333333,"kl_base2_tries":27,"kl_base3":0.7894736842105263,"kl_base3_tries":19,"pct_kl_base0":8,"pct_kl_base1":31,"pct_kl_base2":8,"pct_kl_base3":87},"base_keys":["kl_base0","kl_base1","kl_base2","kl_base3"],"comps":[]}