{"player":{"id":6449,"name":"Pekka Hepokangas","born_year":null},"career":[{"player_id":6449,"name":"Pekka Hepokangas","born_year":null,"year":2026,"games":14,"team":"SiKi","turns_at_bat":69,"kunnarit":0,"lyodyt":3,"tuodut":1,"karkilyonnit":24,"karki_yritykset":56,"saatot":84,"saatto_yritykset":146,"etenemiset":67,"eteneminen_yritykset":119,"haavat":37,"palot":15,"season_id":3,"tehot":4,"kl_pct":0.42857142857142855,"saatto_pct":0.5753424657534246,"eten_pct":0.5630252100840336,"kunnari_rate":0.0,"lyoty_rate":0.043478260869565216,"tuotu_rate":0.008403361344537815,"haava_rate":0.5362318840579711,"palo_rate":0.21739130434782608,"tehot_per_turn":0.057971014492753624,"kl_per_turn":0.34782608695652173,"hr_rbi_per_turn":0.043478260869565216,"kl_base0":0.4,"kl_base0_tries":5,"kl_base1":0.45,"kl_base1_tries":20,"kl_base2":0.4166666666666667,"kl_base2_tries":24,"kl_base3":0.42857142857142855,"kl_base3_tries":7,"adv1_pct":0.4,"adv2_pct":0.45,"adv3_pct":0.4166666666666667,"adv_home_pct":0.42857142857142855,"money_kl_pct":0.42857142857142855,"money_kl_tries":7,"teho_plus":34,"adv_plus":95,"runner_plus":95,"out_avoid_plus":117,"adv1_plus":84,"adv2_plus":81,"adv3_plus":73,"adv_home_plus":95,"money_kl_plus":95,"spark_index":99,"teho_plus_adj":34}],"line":{"player_id":6449,"name":"Pekka Hepokangas","born_year":null,"year":2026,"games":14,"team":"SiKi","turns_at_bat":69,"kunnarit":0,"lyodyt":3,"tuodut":1,"karkilyonnit":24,"karki_yritykset":56,"saatot":84,"saatto_yritykset":146,"etenemiset":67,"eteneminen_yritykset":119,"haavat":37,"palot":15,"season_id":3,"tehot":4,"kl_pct":0.42857142857142855,"saatto_pct":0.5753424657534246,"eten_pct":0.5630252100840336,"kunnari_rate":0.0,"lyoty_rate":0.043478260869565216,"tuotu_rate":0.008403361344537815,"haava_rate":0.5362318840579711,"palo_rate":0.21739130434782608,"tehot_per_turn":0.057971014492753624,"kl_per_turn":0.34782608695652173,"hr_rbi_per_turn":0.043478260869565216,"kl_base0":0.4,"kl_base0_tries":5,"kl_base1":0.45,"kl_base1_tries":20,"kl_base2":0.4166666666666667,"kl_base2_tries":24,"kl_base3":0.42857142857142855,"kl_base3_tries":7,"adv1_pct":0.4,"adv2_pct":0.45,"adv3_pct":0.4166666666666667,"adv_home_pct":0.42857142857142855,"money_kl_pct":0.42857142857142855,"money_kl_tries":7,"teho_plus":34,"adv_plus":95,"runner_plus":95,"out_avoid_plus":117,"adv1_plus":84,"adv2_plus":81,"adv3_plus":73,"adv_home_plus":95,"money_kl_plus":95,"spark_index":99,"teho_plus_adj":34,"pct_kl_pct":19,"pct_saatto_pct":36,"pct_eten_pct":33,"pct_kunnari_rate":31,"pct_lyoty_rate":62,"pct_palo_rate":87,"pct_tehot_per_turn":8},"proj":{"player_id":6449,"name":"Pekka Hepokangas","as_of":"2026-06-27","age":null,"stats":{"kl_pct":{"rate":0.47425379018622227,"effective_n":51.474755095342154,"observed":0.4285635913738438},"saatto_pct":{"rate":0.5775197433190586,"effective_n":130.60738425718014,"observed":0.5730426187262632},"eten_pct":{"rate":0.57088814145804,"effective_n":106.36809077992643,"observed":0.5617461999311871},"kunnari_rate":{"rate":0.004124660535980844,"effective_n":65.28950762008233,"observed":0.0},"lyoty_rate":{"rate":0.06219547992313681,"effective_n":63.527812922023315,"observed":0.04452235282669386},"haava_rate":{"rate":0.4658117687830452,"effective_n":60.18016541504601,"observed":0.536647943439732},"palo_rate":{"rate":0.2801468868611668,"effective_n":61.82542684035414,"observed":0.21741110563234198}},"teho_plus_proj":141},"career_json":[{"year":2026,"kl_pct":0.42857142857142855,"teho_plus":34}],"pct_stats":["kl_pct","saatto_pct","eten_pct","kunnari_rate","lyoty_rate","palo_rate","tehot_per_turn"],"base_kl":{"player_id":6449,"turns_at_bat":69,"kl_base0":0.4,"kl_base0_tries":5,"kl_base1":0.45,"kl_base1_tries":20,"kl_base2":0.4166666666666667,"kl_base2_tries":24,"kl_base3":0.42857142857142855,"kl_base3_tries":7,"pct_kl_base0":42,"pct_kl_base1":30,"pct_kl_base2":19,"pct_kl_base3":50},"base_keys":["kl_base0","kl_base1","kl_base2","kl_base3"],"comps":[]}