{"player":{"id":6464,"name":"Julia Peltoniemi","born_year":null},"career":[{"year":2011,"age":null,"games":7,"turns_at_bat":42,"vyk":-0.01,"spark_index":82,"adv_plus":69,"runner_plus":81,"out_avoid_plus":115,"money_kl_plus":64,"teho_plus":50,"teho_plus_adj":52}],"line":{"player_id":6464,"name":"Julia Peltoniemi","born_year":null,"year":2011,"games":7,"team":"Pesäkarhut","turns_at_bat":42,"kunnarit":0,"lyodyt":4,"tuodut":2,"karkilyonnit":14,"karki_yritykset":41,"saatot":42,"saatto_yritykset":88,"etenemiset":38,"eteneminen_yritykset":72,"haavat":25,"palot":9,"season_id":70,"tehot":6,"kl_pct":0.34146341463414637,"saatto_pct":0.4772727272727273,"eten_pct":0.5277777777777778,"kunnari_rate":0.0,"lyoty_rate":0.09523809523809523,"tuotu_rate":0.027777777777777776,"haava_rate":0.5952380952380952,"palo_rate":0.21428571428571427,"tehot_per_turn":0.14285714285714285,"kl_per_turn":0.3333333333333333,"hr_rbi_per_turn":0.09523809523809523,"kl_base0":0.3333333333333333,"kl_base0_tries":9,"kl_base1":0.21428571428571427,"kl_base1_tries":14,"kl_base2":0.5714285714285714,"kl_base2_tries":7,"kl_base3":0.36363636363636365,"kl_base3_tries":11,"adv1_pct":0.3333333333333333,"adv2_pct":0.21428571428571427,"adv3_pct":0.5714285714285714,"adv_home_pct":0.36363636363636365,"money_kl_pct":0.36363636363636365,"money_kl_tries":11,"pos":"3K","teho_plus":50,"adv_plus":69,"runner_plus":81,"out_avoid_plus":115,"adv1_plus":59,"adv2_plus":37,"adv3_plus":84,"adv_home_plus":64,"money_kl_plus":64,"spark_index":82,"run_value":3.2737299623488822,"raa":-3.1,"jyk":-0.2,"vyk":-0.01,"teho_plus_adj":52,"pct_kl_pct":1,"pct_saatto_pct":4,"pct_eten_pct":9,"pct_kunnari_rate":27,"pct_lyoty_rate":50,"pct_palo_rate":88,"pct_tehot_per_turn":16},"proj":null,"translation":null,"pitching":null,"career_json":[{"year":2011,"kl_pct":0.34146341463414637,"teho_plus":50}],"pct_stats":["kl_pct","saatto_pct","eten_pct","kunnari_rate","lyoty_rate","palo_rate","tehot_per_turn"],"base_kl":{"player_id":6464,"turns_at_bat":42,"kl_base0":0.3333333333333333,"kl_base0_tries":9,"kl_base1":0.21428571428571427,"kl_base1_tries":14,"kl_base2":0.5714285714285714,"kl_base2_tries":7,"kl_base3":0.36363636363636365,"kl_base3_tries":11,"pct_kl_base0":14,"pct_kl_base1":3,"pct_kl_base2":32,"pct_kl_base3":18},"base_keys":["kl_base0","kl_base1","kl_base2","kl_base3"],"comps":[]}