{"player":{"id":667,"name":"Minna Jakonen","born_year":null},"career":[{"year":1991,"age":null,"games":22,"turns_at_bat":155,"vyk":0.16,"spark_index":93,"adv_plus":89,"runner_plus":96,"out_avoid_plus":98,"money_kl_plus":80,"teho_plus":80,"teho_plus_adj":83}],"line":{"player_id":667,"name":"Minna Jakonen","born_year":null,"year":1991,"games":22,"team":"UPV","turns_at_bat":155,"kunnarit":2,"lyodyt":19,"tuodut":15,"karkilyonnit":83,"karki_yritykset":176,"saatot":202,"saatto_yritykset":333,"etenemiset":189,"eteneminen_yritykset":304,"haavat":60,"palot":55,"season_id":15,"tehot":36,"kl_pct":0.4715909090909091,"saatto_pct":0.6066066066066066,"eten_pct":0.6217105263157895,"kunnari_rate":0.012903225806451613,"lyoty_rate":0.12258064516129032,"tuotu_rate":0.049342105263157895,"haava_rate":0.3870967741935484,"palo_rate":0.3548387096774194,"tehot_per_turn":0.23225806451612904,"kl_per_turn":0.535483870967742,"hr_rbi_per_turn":0.13548387096774195,"kl_base0":0.3157894736842105,"kl_base0_tries":38,"kl_base1":0.5581395348837209,"kl_base1_tries":43,"kl_base2":0.5306122448979592,"kl_base2_tries":49,"kl_base3":0.45652173913043476,"kl_base3_tries":46,"adv1_pct":0.3157894736842105,"adv2_pct":0.5581395348837209,"adv3_pct":0.5306122448979592,"adv_home_pct":0.45652173913043476,"money_kl_pct":0.45652173913043476,"money_kl_tries":46,"pos":"3P","teho_plus":80,"adv_plus":89,"runner_plus":96,"out_avoid_plus":98,"adv1_plus":59,"adv2_plus":91,"adv3_plus":82,"adv_home_plus":80,"money_kl_plus":80,"spark_index":93,"run_value":25.132923666810527,"raa":-4.1,"jyk":3.7,"vyk":0.16,"teho_plus_adj":83,"pct_kl_pct":10,"pct_saatto_pct":33,"pct_eten_pct":36,"pct_kunnari_rate":53,"pct_lyoty_rate":58,"pct_palo_rate":40,"pct_tehot_per_turn":39},"proj":null,"translation":null,"career_json":[{"year":1991,"kl_pct":0.4715909090909091,"teho_plus":80}],"pct_stats":["kl_pct","saatto_pct","eten_pct","kunnari_rate","lyoty_rate","palo_rate","tehot_per_turn"],"base_kl":{"player_id":667,"turns_at_bat":155,"kl_base0":0.3157894736842105,"kl_base0_tries":38,"kl_base1":0.5581395348837209,"kl_base1_tries":43,"kl_base2":0.5306122448979592,"kl_base2_tries":49,"kl_base3":0.45652173913043476,"kl_base3_tries":46,"pct_kl_base0":9,"pct_kl_base1":39,"pct_kl_base2":23,"pct_kl_base3":25},"base_keys":["kl_base0","kl_base1","kl_base2","kl_base3"],"comps":[]}