{"player":{"id":6812,"name":"Eeva Mäki-Maukola","born_year":null},"career":[{"player_id":6812,"name":"Eeva Mäki-Maukola","born_year":null,"year":2026,"games":15,"team":"JoMa","turns_at_bat":102,"kunnarit":0,"lyodyt":3,"tuodut":25,"karkilyonnit":80,"karki_yritykset":105,"saatot":204,"saatto_yritykset":245,"etenemiset":176,"eteneminen_yritykset":244,"haavat":29,"palot":39,"season_id":2,"tehot":28,"kl_pct":0.7619047619047619,"saatto_pct":0.8326530612244898,"eten_pct":0.7213114754098361,"kunnari_rate":0.0,"lyoty_rate":0.029411764705882353,"tuotu_rate":0.10245901639344263,"haava_rate":0.28431372549019607,"palo_rate":0.38235294117647056,"tehot_per_turn":0.27450980392156865,"kl_per_turn":0.7843137254901961,"hr_rbi_per_turn":0.029411764705882353,"kl_base0":0.25,"kl_base0_tries":12,"kl_base1":0.8108108108108109,"kl_base1_tries":37,"kl_base2":0.8301886792452831,"kl_base2_tries":53,"kl_base3":1.0,"kl_base3_tries":3,"adv1_pct":0.25,"adv2_pct":0.8108108108108109,"adv3_pct":0.8301886792452831,"adv_home_pct":1.0,"money_kl_pct":1.0,"money_kl_tries":3,"teho_plus":159,"adv_plus":141,"runner_plus":121,"out_avoid_plus":94,"adv1_plus":50,"adv2_plus":146,"adv3_plus":138,"adv_home_plus":223,"money_kl_plus":223,"spark_index":126,"teho_plus_adj":157}],"line":{"player_id":6812,"name":"Eeva Mäki-Maukola","born_year":null,"year":2026,"games":15,"team":"JoMa","turns_at_bat":102,"kunnarit":0,"lyodyt":3,"tuodut":25,"karkilyonnit":80,"karki_yritykset":105,"saatot":204,"saatto_yritykset":245,"etenemiset":176,"eteneminen_yritykset":244,"haavat":29,"palot":39,"season_id":2,"tehot":28,"kl_pct":0.7619047619047619,"saatto_pct":0.8326530612244898,"eten_pct":0.7213114754098361,"kunnari_rate":0.0,"lyoty_rate":0.029411764705882353,"tuotu_rate":0.10245901639344263,"haava_rate":0.28431372549019607,"palo_rate":0.38235294117647056,"tehot_per_turn":0.27450980392156865,"kl_per_turn":0.7843137254901961,"hr_rbi_per_turn":0.029411764705882353,"kl_base0":0.25,"kl_base0_tries":12,"kl_base1":0.8108108108108109,"kl_base1_tries":37,"kl_base2":0.8301886792452831,"kl_base2_tries":53,"kl_base3":1.0,"kl_base3_tries":3,"adv1_pct":0.25,"adv2_pct":0.8108108108108109,"adv3_pct":0.8301886792452831,"adv_home_pct":1.0,"money_kl_pct":1.0,"money_kl_tries":3,"teho_plus":159,"adv_plus":141,"runner_plus":121,"out_avoid_plus":94,"adv1_plus":50,"adv2_plus":146,"adv3_plus":138,"adv_home_plus":223,"money_kl_plus":223,"spark_index":126,"teho_plus_adj":157,"pct_kl_pct":98,"pct_saatto_pct":98,"pct_eten_pct":94,"pct_kunnari_rate":35,"pct_lyoty_rate":55,"pct_palo_rate":32,"pct_tehot_per_turn":82},"proj":{"player_id":6812,"name":"Eeva Mäki-Maukola","as_of":"2026-06-28","age":null,"stats":{"kl_pct":{"rate":0.6719041850632863,"effective_n":97.00535773494953,"observed":0.7612364750650472},"saatto_pct":{"rate":0.7959218276863261,"effective_n":221.1528922255049,"observed":0.8316482488262747},"eten_pct":{"rate":0.6968245665570899,"effective_n":219.41742631700563,"observed":0.7196965271578922},"kunnari_rate":{"rate":0.0030627360098864267,"effective_n":96.78709351011324,"observed":0.0},"lyoty_rate":{"rate":0.05208457177410567,"effective_n":94.32212839549302,"observed":0.02977821487734531},"haava_rate":{"rate":0.34695187966597957,"effective_n":89.65529226217258,"observed":0.2855817580811724},"palo_rate":{"rate":0.3647892768870213,"effective_n":91.94612408986018,"observed":0.3835463454463979}},"teho_plus_proj":153},"career_json":[{"year":2026,"kl_pct":0.7619047619047619,"teho_plus":159}],"pct_stats":["kl_pct","saatto_pct","eten_pct","kunnari_rate","lyoty_rate","palo_rate","tehot_per_turn"],"base_kl":{"player_id":6812,"turns_at_bat":102,"kl_base0":0.25,"kl_base0_tries":12,"kl_base1":0.8108108108108109,"kl_base1_tries":37,"kl_base2":0.8301886792452831,"kl_base2_tries":53,"kl_base3":1.0,"kl_base3_tries":3,"pct_kl_base0":16,"pct_kl_base1":92,"pct_kl_base2":86,"pct_kl_base3":96},"base_keys":["kl_base0","kl_base1","kl_base2","kl_base3"],"log":[{"player_id":6812,"season_id":2,"match_id":129105,"date":"2026-04-25","team":"JoMa","opponent":"Lippo Naiset","home":1,"turns_at_bat":8,"kunnarit":0,"lyodyt":0,"tuodut":3,"karkilyonnit":8,"karki_yritykset":8,"saatot":18,"saatto_yritykset":18,"etenemiset":17,"eteneminen_yritykset":21,"haavat":2,"palot":2,"stadium":"Campo Elola, Fuengirola (ES)","tehot":3,"kl_pct":1.0},{"player_id":6812,"season_id":2,"match_id":129171,"date":"2026-05-09","team":"JoMa","opponent":"Lippo Naiset","home":0,"turns_at_bat":6,"kunnarit":0,"lyodyt":0,"tuodut":3,"karkilyonnit":5,"karki_yritykset":6,"saatot":15,"saatto_yritykset":17,"etenemiset":15,"eteneminen_yritykset":17,"haavat":1,"palot":1,"stadium":"Hielo Stadion Raksila, Oulu","tehot":3,"kl_pct":0.8333333333333334},{"player_id":6812,"season_id":2,"match_id":129097,"date":"2026-05-14","team":"JoMa","opponent":"Manse","home":0,"turns_at_bat":7,"kunnarit":0,"lyodyt":0,"tuodut":0,"karkilyonnit":5,"karki_yritykset":8,"saatot":12,"saatto_yritykset":16,"etenemiset":10,"eteneminen_yritykset":17,"haavat":1,"palot":6,"stadium":"Kaupin pesäpallostadion, Tampere","tehot":0,"kl_pct":0.625},{"player_id":6812,"season_id":2,"match_id":129201,"date":"2026-05-17","team":"JoMa","opponent":"PöU Pesis","home":1,"turns_at_bat":6,"kunnarit":0,"lyodyt":0,"tuodut":4,"karkilyonnit":5,"karki_yritykset":6,"saatot":12,"saatto_yritykset":13,"etenemiset":14,"eteneminen_yritykset":16,"haavat":1,"palot":1,"stadium":"Ilosaarirock Stadion, Joensuu","tehot":4,"kl_pct":0.8333333333333334},{"player_id":6812,"season_id":2,"match_id":129136,"date":"2026-05-23","team":"JoMa","opponent":"Jyske","home":1,"turns_at_bat":6,"kunnarit":0,"lyodyt":0,"tuodut":2,"karkilyonnit":3,"karki_yritykset":4,"saatot":9,"saatto_yritykset":12,"etenemiset":8,"eteneminen_yritykset":12,"haavat":2,"palot":2,"stadium":"Ilosaarirock Stadion, Joensuu","tehot":2,"kl_pct":0.75},{"player_id":6812,"season_id":2,"match_id":129070,"date":"2026-05-27","team":"JoMa","opponent":"Jyske","home":0,"turns_at_bat":6,"kunnarit":0,"lyodyt":1,"tuodut":0,"karkilyonnit":7,"karki_yritykset":8,"saatot":15,"saatto_yritykset":18,"etenemiset":11,"eteneminen_yritykset":17,"haavat":3,"palot":3,"stadium":"Laserkeskus Areena, Laitila","tehot":1,"kl_pct":0.875},{"player_id":6812,"season_id":2,"match_id":129173,"date":"2026-06-01","team":"JoMa","opponent":"Mailattaret","home":0,"turns_at_bat":6,"kunnarit":0,"lyodyt":0,"tuodut":0,"karkilyonnit":3,"karki_yritykset":6,"saatot":10,"saatto_yritykset":14,"etenemiset":7,"eteneminen_yritykset":12,"haavat":2,"palot":3,"stadium":"Hietalahden Pesäpallostadion, Vaasa","tehot":0,"kl_pct":0.5},{"player_id":6812,"season_id":2,"match_id":129111,"date":"2026-06-02","team":"JoMa","opponent":"Jussittaret","home":0,"turns_at_bat":7,"kunnarit":0,"lyodyt":0,"tuodut":1,"karkilyonnit":2,"karki_yritykset":9,"saatot":5,"saatto_yritykset":12,"etenemiset":5,"eteneminen_yritykset":11,"haavat":3,"palot":3,"stadium":"Unico Areena, Seinäjoki","tehot":1,"kl_pct":0.2222222222222222},{"player_id":6812,"season_id":2,"match_id":129108,"date":"2026-06-07","team":"JoMa","opponent":"Fera","home":1,"turns_at_bat":7,"kunnarit":0,"lyodyt":0,"tuodut":3,"karkilyonnit":6,"karki_yritykset":6,"saatot":14,"saatto_yritykset":16,"etenemiset":12,"eteneminen_yritykset":16,"haavat":2,"palot":2,"stadium":"Ilosaarirock Stadion, Joensuu","tehot":3,"kl_pct":1.0},{"player_id":6812,"season_id":2,"match_id":129089,"date":"2026-06-11","team":"JoMa","opponent":"Virkiä","home":0,"turns_at_bat":7,"kunnarit":0,"lyodyt":2,"tuodut":3,"karkilyonnit":8,"karki_yritykset":9,"saatot":17,"saatto_yritykset":19,"etenemiset":15,"eteneminen_yritykset":19,"haavat":3,"palot":1,"stadium":"K Power Stadion, Lapua","tehot":5,"kl_pct":0.8888888888888888},{"player_id":6812,"season_id":2,"match_id":129177,"date":"2026-06-14","team":"JoMa","opponent":"Jussittaret","home":1,"turns_at_bat":7,"kunnarit":0,"lyodyt":0,"tuodut":0,"karkilyonnit":5,"karki_yritykset":8,"saatot":13,"saatto_yritykset":18,"etenemiset":11,"eteneminen_yritykset":17,"haavat":2,"palot":4,"stadium":"Mantun kenttä, Siilinjärvi","tehot":0,