{"player":{"id":6840,"name":"Joakim Panttila","born_year":null},"career":[{"year":2010,"season_id":140,"team":"KaKa","age":null,"games":17,"turns_at_bat":71,"vyk":0.34,"spark_index":95,"adv_plus":77,"runner_plus":110,"out_avoid_plus":118,"money_kl_plus":52,"teho_plus":106,"teho_plus_adj":115}],"line":{"player_id":6840,"name":"Joakim Panttila","born_year":null,"year":2010,"games":17,"team":"KaKa","turns_at_bat":71,"kunnarit":0,"lyodyt":14,"tuodut":4,"karkilyonnit":29,"karki_yritykset":83,"saatot":105,"saatto_yritykset":203,"etenemiset":88,"eteneminen_yritykset":127,"haavat":26,"palot":13,"season_id":140,"tehot":18,"kl_pct":0.3493975903614458,"saatto_pct":0.5172413793103449,"eten_pct":0.6929133858267716,"kunnari_rate":0.0,"lyoty_rate":0.19718309859154928,"tuotu_rate":0.031496062992125984,"haava_rate":0.36619718309859156,"palo_rate":0.18309859154929578,"tehot_per_turn":0.2535211267605634,"kl_per_turn":0.4084507042253521,"hr_rbi_per_turn":0.19718309859154928,"kl_base0":0.6,"kl_base0_tries":5,"kl_base1":0.6666666666666666,"kl_base1_tries":6,"kl_base2":0.38095238095238093,"kl_base2_tries":21,"kl_base3":0.27450980392156865,"kl_base3_tries":51,"adv1_pct":0.6,"adv2_pct":0.6666666666666666,"adv3_pct":0.38095238095238093,"adv_home_pct":0.27450980392156865,"money_kl_pct":0.27450980392156865,"money_kl_tries":51,"pos":null,"teho_plus":106,"adv_plus":77,"runner_plus":110,"out_avoid_plus":118,"adv1_plus":112,"adv2_plus":121,"adv3_plus":60,"adv_home_plus":52,"money_kl_plus":52,"spark_index":95,"run_value":9.05449225742699,"raa":1.0,"jyk":6.3,"vyk":0.34,"teho_plus_adj":115,"pct_kl_pct":6,"pct_saatto_pct":19,"pct_eten_pct":82,"pct_kunnari_rate":26,"pct_lyoty_rate":86,"pct_palo_rate":89,"pct_tehot_per_turn":62},"proj":null,"translation":null,"pitching":null,"career_json":[{"year":2010,"kl_pct":0.3493975903614458,"teho_plus":106}],"pct_stats":["kl_pct","saatto_pct","eten_pct","kunnari_rate","lyoty_rate","palo_rate","tehot_per_turn"],"base_kl":{"player_id":6840,"turns_at_bat":71,"kl_base0":0.6,"kl_base0_tries":5,"kl_base1":0.6666666666666666,"kl_base1_tries":6,"kl_base2":0.38095238095238093,"kl_base2_tries":21,"kl_base3":0.27450980392156865,"kl_base3_tries":51,"pct_kl_base0":67,"pct_kl_base1":77,"pct_kl_base2":12,"pct_kl_base3":13},"base_keys":["kl_base0","kl_base1","kl_base2","kl_base3"],"comps":[]}