{"player":{"id":6875,"name":"Petteri Kortelainen","born_year":null},"career":[{"player_id":6875,"name":"Petteri Kortelainen","born_year":null,"year":2026,"games":19,"team":"AA","turns_at_bat":93,"kunnarit":0,"lyodyt":21,"tuodut":0,"karkilyonnit":39,"karki_yritykset":100,"saatot":123,"saatto_yritykset":236,"etenemiset":85,"eteneminen_yritykset":130,"haavat":20,"palot":25,"season_id":1,"tehot":21,"kl_pct":0.39,"saatto_pct":0.5211864406779662,"eten_pct":0.6538461538461539,"kunnari_rate":0.0,"lyoty_rate":0.22580645161290322,"tuotu_rate":0.0,"haava_rate":0.21505376344086022,"palo_rate":0.26881720430107525,"tehot_per_turn":0.22580645161290322,"kl_per_turn":0.41935483870967744,"hr_rbi_per_turn":0.22580645161290322,"kl_base0":0.2,"kl_base0_tries":5,"kl_base1":0.2857142857142857,"kl_base1_tries":7,"kl_base2":0.6,"kl_base2_tries":25,"kl_base3":0.3333333333333333,"kl_base3_tries":63,"adv1_pct":0.2,"adv2_pct":0.2857142857142857,"adv3_pct":0.6,"adv_home_pct":0.3333333333333333,"money_kl_pct":0.3333333333333333,"money_kl_tries":63,"teho_plus":140,"adv_plus":85,"runner_plus":111,"out_avoid_plus":108,"adv1_plus":37,"adv2_plus":54,"adv3_plus":105,"adv_home_plus":74,"money_kl_plus":74,"spark_index":97,"teho_plus_adj":139}],"line":{"player_id":6875,"name":"Petteri Kortelainen","born_year":null,"year":2026,"games":19,"team":"AA","turns_at_bat":93,"kunnarit":0,"lyodyt":21,"tuodut":0,"karkilyonnit":39,"karki_yritykset":100,"saatot":123,"saatto_yritykset":236,"etenemiset":85,"eteneminen_yritykset":130,"haavat":20,"palot":25,"season_id":1,"tehot":21,"kl_pct":0.39,"saatto_pct":0.5211864406779662,"eten_pct":0.6538461538461539,"kunnari_rate":0.0,"lyoty_rate":0.22580645161290322,"tuotu_rate":0.0,"haava_rate":0.21505376344086022,"palo_rate":0.26881720430107525,"tehot_per_turn":0.22580645161290322,"kl_per_turn":0.41935483870967744,"hr_rbi_per_turn":0.22580645161290322,"kl_base0":0.2,"kl_base0_tries":5,"kl_base1":0.2857142857142857,"kl_base1_tries":7,"kl_base2":0.6,"kl_base2_tries":25,"kl_base3":0.3333333333333333,"kl_base3_tries":63,"adv1_pct":0.2,"adv2_pct":0.2857142857142857,"adv3_pct":0.6,"adv_home_pct":0.3333333333333333,"money_kl_pct":0.3333333333333333,"money_kl_tries":63,"teho_plus":140,"adv_plus":85,"runner_plus":111,"out_avoid_plus":108,"adv1_plus":37,"adv2_plus":54,"adv3_plus":105,"adv_home_plus":74,"money_kl_plus":74,"spark_index":97,"teho_plus_adj":139,"pct_kl_pct":12,"pct_saatto_pct":24,"pct_eten_pct":88,"pct_kunnari_rate":29,"pct_lyoty_rate":90,"pct_palo_rate":65,"pct_tehot_per_turn":78},"proj":{"player_id":6875,"name":"Petteri Kortelainen","as_of":"2026-07-01","age":null,"stats":{"kl_pct":{"rate":0.44449772324486836,"effective_n":91.38148016572192,"observed":0.3916000501214389},"saatto_pct":{"rate":0.5369063813356304,"effective_n":211.03573460588757,"observed":0.5269240517188942},"eten_pct":{"rate":0.6361982120907954,"effective_n":117.58613816732843,"observed":0.6566993682329019},"kunnari_rate":{"rate":0.003918994820852987,"effective_n":87.6161000111708,"observed":0.0},"lyoty_rate":{"rate":0.15248231300075363,"effective_n":85.07911966992748,"observed":0.22794463593444453},"haava_rate":{"rate":0.3350559143538785,"effective_n":80.2927936965741,"observed":0.2174957051131573},"palo_rate":{"rate":0.29749106393861197,"effective_n":82.63943386139199,"observed":0.27145321186070626}},"teho_plus_proj":215},"career_json":[{"year":2026,"kl_pct":0.39,"teho_plus":140}],"pct_stats":["kl_pct","saatto_pct","eten_pct","kunnari_rate","lyoty_rate","palo_rate","tehot_per_turn"],"base_kl":{"player_id":6875,"turns_at_bat":93,"kl_base0":0.2,"kl_base0_tries":5,"kl_base1":0.2857142857142857,"kl_base1_tries":7,"kl_base2":0.6,"kl_base2_tries":25,"kl_base3":0.3333333333333333,"kl_base3_tries":63,"pct_kl_base0":8,"pct_kl_base1":13,"pct_kl_base2":49,"pct_kl_base3":31},"base_keys":["kl_base0","kl_base1","kl_base2","kl_base3"],"log":[{"player_id":6875,"season_id":1,"match_id":128925,"date":"2026-04-26","team":"AA","opponent":"PattU","home":1,"turns_at_bat":5,"kunnarit":0,"lyodyt":1,"tuodut":0,"karkilyonnit":2,"karki_yritykset":6,"saatot":2,"saatto_yritykset":9,"etenemiset":0,"eteneminen_yritykset":2,"haavat":1,"palot":1,"stadium":"Campo Elola, Fuengirola (ES)","tehot":1,"kl_pct":0.3333333333333333},{"player_id":6875,"season_id":1,"match_id":129036,"date":"2026-05-06","team":"AA","opponent":"JoMa","home":1,"turns_at_bat":6,"kunnarit":0,"lyodyt":1,"tuodut":0,"karkilyonnit":1,"karki_yritykset":6,"saatot":7,"saatto_yritykset":15,"etenemiset":6,"eteneminen_yritykset":8,"haavat":1,"palot":1,"stadium":"Saltex Areena, Alajärvi","tehot":1,"kl_pct":0.16666666666666666},{"player_id":6875,"season_id":1,"match_id":128968,"date":"2026-05-10","team":"AA","opponent":"SoJy","home":1,"turns_at_bat":3,"kunnarit":0,"lyodyt":1,"tuodut":0,"karkilyonnit":4,"karki_yritykset":6,"saatot":4,"saatto_yritykset":9,"etenemiset":1,"eteneminen_yritykset":2,"haavat":1,"palot":0,"stadium":"Saltex Areena, Alajärvi","tehot":1,"kl_pct":0.6666666666666666},{"player_id":6875,"season_id":1,"match_id":129013,"date":"2026-05-13","team":"AA","opponent":"KoU","home":0,"turns_at_bat":4,"kunnarit":0,"lyodyt":2,"tuodut":0,"karkilyonnit":2,"karki_yritykset":4,"saatot":4,"saatto_yritykset":6,"etenemiset":2,"eteneminen_yritykset":2,"haavat":0,"palot":0,"stadium":"Sähkökoje Areena, Koskenkorva (Ilmajoki)","tehot":2,"kl_pct":0.5},{"player_id":6875,"season_id":1,"match_id":128885,"date":"2026-05-15","team":"AA","opponent":"KPL","home":1,"turns_at_bat":5,"kunnarit":0,"lyodyt":0,"tuodut":0,"karkilyonnit":1,"karki_yritykset":4,"saatot":4,"saatto_yritykset":10,"etenemiset":3,"eteneminen_yritykset":5,"haavat":0,"palot":2,"stadium":"Saltex Areena, Alajärvi","tehot":0,"kl_pct":0.25},{"player_id":6875,"season_id":1,"match_id":128920,"date":"2026-05-17","team":"AA","opponent":"IPV","home":0,"turns_at_bat":4,"kunnarit":0,"lyodyt":0,"tuodut":0,"karkilyonnit":0,"karki_yritykset":2,"saatot":3,"saatto_yritykset":7,"etenemiset":3,"eteneminen_yritykset":5,"haavat":0,"palot":2,"stadium":"Tornator Stadion, Imatra","tehot":0,"kl_pct":0.0},{"player_id":6875,"season_id":1,"match_id":128926,"date":"2026-05-22","team":"AA","opponent":"Tahko","home":1,"turns_at_bat":4,"kunnarit":0,"lyodyt":0,"tuodut":0,"karkilyonnit":0,"karki_yritykset":3,"saatot":7,"saatto_yritykset":13,"etenemiset":7,"eteneminen_yritykset":10,"haavat":2,"palot":1,"stadium":"Saltex Areena, Alajärvi","tehot":0,"kl_pct":0.0},{"player_id":6875,"season_id":1,"match_id":129022,"date":"2026-05-26","team":"AA","opponent":"PattU","home":0,"turns_at_bat":6,"kunnarit":0,"lyodyt":1,"tuodut":0,"karkilyonnit":4,"karki_yritykset":7,"saatot":9,"saatto_yritykset":16,"etenemiset":5,"eteneminen_yritykset":9,"haavat":1,"palot":3,"stadium":"MiiluAreena, Raahe","tehot":1,"kl_pct":0.5714285714285714},{"player_id":6875,"season_id":1,"match_id":128875,"date":"2026-05-29","team":"AA","opponent":"Manse","home":1,"turns_at_bat":4,"kunnarit":0,"lyodyt":3,"tuodut":0,"karkilyonnit":3,"karki_yritykset":4,"saatot":5,"saatto_yritykset":12,"etenemiset":2,"eteneminen_yritykset":5,"haavat":2,"palot":1,"stadium":"Saltex Areena, Alajärvi","tehot":3,"kl_pct":0.75},{"player_id":6875,"season_id":1,"match_id":128909,"date":"2026-06-02","team":"AA","opponent":"JoMa","home":0,"turns_at_bat":4,"kunnarit":0,"lyodyt":0,"tuodut":0,"karkilyonnit":0,"karki_yritykset":4,"saatot":3,"saatto_yritykset":9,"etenemiset":3,"eteneminen_yritykset":4,"haavat":1,"palot":0,"stadium":"Ilosaarirock Stadion, Joensuu","tehot":0,"kl_pct":0.0},{"player_id":6875,"season_id":1,"match_id":128993,"date":"2026-06-03","team":"AA","opponent":"KiPa","home":0,"turns_at_bat":5,"kunnarit":0,"lyodyt":1,"tuodut":0,"karkilyonnit":2,"karki_yritykset":5,"saatot":3,"saatto_yritykset":11,"etenemiset":1,"eteneminen_yritykset":4,"haavat":1,"palot":2,"stadium":"Rantakenttä, Kitee","tehot":1,"kl_pct":0.4},{"player_id":6875,"season_id":1,"match_id":129037,"date":"2026-06-07","team":"AA","opponent":"Manse","home":1,"turns_at_bat":7,"kunnarit":0,"lyodyt":0,"tuodut":0,"karkilyonnit":4,