{"player":{"id":7197,"name":"Tiia Kaukoranta","born_year":null},"career":[{"year":2013,"season_id":165,"team":"MuPS","age":null,"games":16,"turns_at_bat":101,"vyk":0.15,"spark_index":88,"adv_plus":84,"runner_plus":85,"out_avoid_plus":104,"money_kl_plus":82,"teho_plus":72,"teho_plus_adj":75},{"year":2014,"season_id":166,"team":"MuPS","age":null,"games":11,"turns_at_bat":66,"vyk":0.06,"spark_index":96,"adv_plus":94,"runner_plus":85,"out_avoid_plus":117,"money_kl_plus":84,"teho_plus":61,"teho_plus_adj":61}],"line":{"player_id":7197,"name":"Tiia Kaukoranta","born_year":null,"year":2014,"games":11,"team":"MuPS","turns_at_bat":66,"kunnarit":0,"lyodyt":10,"tuodut":2,"karkilyonnit":40,"karki_yritykset":71,"saatot":79,"saatto_yritykset":126,"etenemiset":61,"eteneminen_yritykset":109,"haavat":35,"palot":13,"season_id":166,"tehot":12,"kl_pct":0.5633802816901409,"saatto_pct":0.626984126984127,"eten_pct":0.5596330275229358,"kunnari_rate":0.0,"lyoty_rate":0.15151515151515152,"tuotu_rate":0.01834862385321101,"haava_rate":0.5303030303030303,"palo_rate":0.19696969696969696,"tehot_per_turn":0.18181818181818182,"kl_per_turn":0.6060606060606061,"hr_rbi_per_turn":0.15151515151515152,"kl_base0":0.7058823529411765,"kl_base0_tries":17,"kl_base1":0.5294117647058824,"kl_base1_tries":17,"kl_base2":0.5625,"kl_base2_tries":16,"kl_base3":0.47619047619047616,"kl_base3_tries":21,"adv1_pct":0.7058823529411765,"adv2_pct":0.5294117647058824,"adv3_pct":0.5625,"adv_home_pct":0.47619047619047616,"money_kl_pct":0.47619047619047616,"money_kl_tries":21,"pos":"3K","teho_plus":61,"adv_plus":94,"runner_plus":85,"out_avoid_plus":117,"adv1_plus":121,"adv2_plus":88,"adv3_plus":81,"adv_home_plus":84,"money_kl_plus":84,"spark_index":96,"run_value":11.058966914329128,"raa":-3.7,"jyk":1.4,"vyk":0.06,"teho_plus_adj":61,"pct_kl_pct":36,"pct_saatto_pct":38,"pct_eten_pct":14,"pct_kunnari_rate":27,"pct_lyoty_rate":69,"pct_palo_rate":90,"pct_tehot_per_turn":24},"proj":null,"translation":null,"pitching":null,"career_json":[{"year":2013,"kl_pct":0.5384615384615384,"teho_plus":72},{"year":2014,"kl_pct":0.5633802816901409,"teho_plus":61}],"pct_stats":["kl_pct","saatto_pct","eten_pct","kunnari_rate","lyoty_rate","palo_rate","tehot_per_turn"],"base_kl":{"player_id":7197,"turns_at_bat":66,"kl_base0":0.7058823529411765,"kl_base0_tries":17,"kl_base1":0.5294117647058824,"kl_base1_tries":17,"kl_base2":0.5625,"kl_base2_tries":16,"kl_base3":0.47619047619047616,"kl_base3_tries":21,"pct_kl_base0":83,"pct_kl_base1":37,"pct_kl_base2":21,"pct_kl_base3":31},"base_keys":["kl_base0","kl_base1","kl_base2","kl_base3"],"comps":[]}