{"player":{"id":7232,"name":"Teemu Nurmio","born_year":null},"career":[{"player_id":7232,"name":"Teemu Nurmio","born_year":null,"year":2026,"games":17,"team":"Tahko","turns_at_bat":130,"kunnarit":2,"lyodyt":2,"tuodut":24,"karkilyonnit":101,"karki_yritykset":144,"saatot":161,"saatto_yritykset":229,"etenemiset":166,"eteneminen_yritykset":271,"haavat":51,"palot":54,"season_id":1,"tehot":28,"kl_pct":0.7013888888888888,"saatto_pct":0.7030567685589519,"eten_pct":0.6125461254612546,"kunnari_rate":0.015384615384615385,"lyoty_rate":0.015384615384615385,"tuotu_rate":0.08856088560885608,"haava_rate":0.3923076923076923,"palo_rate":0.4153846153846154,"tehot_per_turn":0.2153846153846154,"kl_per_turn":0.7769230769230769,"hr_rbi_per_turn":0.03076923076923077,"kl_base0":0.6666666666666666,"kl_base0_tries":39,"kl_base1":0.7127659574468085,"kl_base1_tries":94,"kl_base2":0.6666666666666666,"kl_base2_tries":6,"kl_base3":0.8,"kl_base3_tries":5,"adv1_pct":0.6666666666666666,"adv2_pct":0.7127659574468085,"adv3_pct":0.6666666666666666,"adv_home_pct":0.8,"money_kl_pct":0.8,"money_kl_tries":5,"teho_plus":133,"adv_plus":124,"runner_plus":104,"out_avoid_plus":87,"adv1_plus":125,"adv2_plus":135,"adv3_plus":117,"adv_home_plus":178,"money_kl_plus":178,"spark_index":111,"run_value":12.478701095749017,"raa":3.1,"jyk":8.5,"vyk":0.76,"teho_plus_adj":125}],"line":{"player_id":7232,"name":"Teemu Nurmio","born_year":null,"year":2026,"games":17,"team":"Tahko","turns_at_bat":130,"kunnarit":2,"lyodyt":2,"tuodut":24,"karkilyonnit":101,"karki_yritykset":144,"saatot":161,"saatto_yritykset":229,"etenemiset":166,"eteneminen_yritykset":271,"haavat":51,"palot":54,"season_id":1,"tehot":28,"kl_pct":0.7013888888888888,"saatto_pct":0.7030567685589519,"eten_pct":0.6125461254612546,"kunnari_rate":0.015384615384615385,"lyoty_rate":0.015384615384615385,"tuotu_rate":0.08856088560885608,"haava_rate":0.3923076923076923,"palo_rate":0.4153846153846154,"tehot_per_turn":0.2153846153846154,"kl_per_turn":0.7769230769230769,"hr_rbi_per_turn":0.03076923076923077,"kl_base0":0.6666666666666666,"kl_base0_tries":39,"kl_base1":0.7127659574468085,"kl_base1_tries":94,"kl_base2":0.6666666666666666,"kl_base2_tries":6,"kl_base3":0.8,"kl_base3_tries":5,"adv1_pct":0.6666666666666666,"adv2_pct":0.7127659574468085,"adv3_pct":0.6666666666666666,"adv_home_pct":0.8,"money_kl_pct":0.8,"money_kl_tries":5,"teho_plus":133,"adv_plus":124,"runner_plus":104,"out_avoid_plus":87,"adv1_plus":125,"adv2_plus":135,"adv3_plus":117,"adv_home_plus":178,"money_kl_plus":178,"spark_index":111,"run_value":12.478701095749017,"raa":3.1,"jyk":8.5,"vyk":0.76,"teho_plus_adj":125,"pct_kl_pct":96,"pct_saatto_pct":92,"pct_eten_pct":67,"pct_kunnari_rate":85,"pct_lyoty_rate":36,"pct_palo_rate":19,"pct_tehot_per_turn":75},"proj":{"player_id":7232,"name":"Teemu Nurmio","as_of":"2026-07-02","age":null,"stats":{"kl_pct":{"rate":0.6453886701206893,"effective_n":132.64975561356317,"observed":0.6998146214676328},"saatto_pct":{"rate":0.6842731956809098,"effective_n":204.72641997542954,"observed":0.7027761534844009},"eten_pct":{"rate":0.6107898271684076,"effective_n":242.2471348762998,"observed":0.615496725077349},"kunnari_rate":{"rate":0.011075835628761087,"effective_n":122.72153795987509,"observed":0.01527602626645004},"lyoty_rate":{"rate":0.03823938219568785,"effective_n":119.27916321622217,"observed":0.01544272276549116},"haava_rate":{"rate":0.4085124800429231,"effective_n":112.76194288987035,"observed":0.3899461002437424},"palo_rate":{"rate":0.37671388808900297,"effective_n":115.96096796898752,"observed":0.4128128673461097}},"teho_plus_proj":144},"career_json":[{"year":2026,"kl_pct":0.7013888888888888,"teho_plus":133}],"pct_stats":["kl_pct","saatto_pct","eten_pct","kunnari_rate","lyoty_rate","palo_rate","tehot_per_turn"],"base_kl":{"player_id":7232,"turns_at_bat":130,"kl_base0":0.6666666666666666,"kl_base0_tries":39,"kl_base1":0.7127659574468085,"kl_base1_tries":94,"kl_base2":0.6666666666666666,"kl_base2_tries":6,"kl_base3":0.8,"kl_base3_tries":5,"pct_kl_base0":87,"pct_kl_base1":88,"pct_kl_base2":71,"pct_kl_base3":88},"base_keys":["kl_base0","kl_base1","kl_base2","kl_base3"],"comps":[]}