{"player":{"id":7287,"name":"Mari Mäkinen","born_year":null},"career":[{"year":2012,"season_id":164,"team":"Lippo Jun.","age":null,"games":11,"turns_at_bat":81,"vyk":-0.33,"spark_index":103,"adv_plus":106,"runner_plus":106,"out_avoid_plus":93,"money_kl_plus":78,"teho_plus":93,"teho_plus_adj":95}],"line":{"player_id":7287,"name":"Mari Mäkinen","born_year":null,"year":2012,"games":11,"team":"Lippo Jun.","turns_at_bat":81,"kunnarit":0,"lyodyt":5,"tuodut":17,"karkilyonnit":47,"karki_yritykset":74,"saatot":97,"saatto_yritykset":136,"etenemiset":122,"eteneminen_yritykset":175,"haavat":22,"palot":31,"season_id":164,"tehot":22,"kl_pct":0.6351351351351351,"saatto_pct":0.7132352941176471,"eten_pct":0.6971428571428572,"kunnari_rate":0.0,"lyoty_rate":0.06172839506172839,"tuotu_rate":0.09714285714285714,"haava_rate":0.2716049382716049,"palo_rate":0.38271604938271603,"tehot_per_turn":0.2716049382716049,"kl_per_turn":0.5802469135802469,"hr_rbi_per_turn":0.06172839506172839,"kl_base0":0.625,"kl_base0_tries":32,"kl_base1":0.6666666666666666,"kl_base1_tries":18,"kl_base2":0.7692307692307693,"kl_base2_tries":13,"kl_base3":0.45454545454545453,"kl_base3_tries":11,"adv1_pct":0.625,"adv2_pct":0.6666666666666666,"adv3_pct":0.7692307692307693,"adv_home_pct":0.45454545454545453,"money_kl_pct":0.45454545454545453,"money_kl_tries":11,"pos":"3K","teho_plus":93,"adv_plus":106,"runner_plus":106,"out_avoid_plus":93,"adv1_plus":106,"adv2_plus":110,"adv3_plus":111,"adv_home_plus":78,"money_kl_plus":78,"spark_index":103,"run_value":-7.106030641227936,"raa":-3.6,"jyk":-7.1,"vyk":-0.33,"teho_plus_adj":95,"pct_kl_pct":58,"pct_saatto_pct":76,"pct_eten_pct":74,"pct_kunnari_rate":28,"pct_lyoty_rate":32,"pct_palo_rate":27,"pct_tehot_per_turn":53},"proj":null,"translation":null,"pitching":null,"career_json":[{"year":2012,"kl_pct":0.6351351351351351,"teho_plus":93}],"pct_stats":["kl_pct","saatto_pct","eten_pct","kunnari_rate","lyoty_rate","palo_rate","tehot_per_turn"],"base_kl":{"player_id":7287,"turns_at_bat":81,"kl_base0":0.625,"kl_base0_tries":32,"kl_base1":0.6666666666666666,"kl_base1_tries":18,"kl_base2":0.7692307692307693,"kl_base2_tries":13,"kl_base3":0.45454545454545453,"kl_base3_tries":11,"pct_kl_base0":58,"pct_kl_base1":66,"pct_kl_base2":74,"pct_kl_base3":27},"base_keys":["kl_base0","kl_base1","kl_base2","kl_base3"],"comps":[]}