{"player":{"id":7289,"name":"Eveliina Lämsä","born_year":null},"career":[{"player_id":7289,"name":"Eveliina Lämsä","born_year":null,"year":2026,"games":15,"team":"Pesäkarhut","turns_at_bat":90,"kunnarit":0,"lyodyt":0,"tuodut":5,"karkilyonnit":43,"karki_yritykset":77,"saatot":91,"saatto_yritykset":158,"etenemiset":84,"eteneminen_yritykset":159,"haavat":46,"palot":29,"season_id":2,"tehot":5,"kl_pct":0.5584415584415584,"saatto_pct":0.5759493670886076,"eten_pct":0.5283018867924528,"kunnari_rate":0.0,"lyoty_rate":0.0,"tuotu_rate":0.031446540880503145,"haava_rate":0.5111111111111111,"palo_rate":0.32222222222222224,"tehot_per_turn":0.05555555555555555,"kl_per_turn":0.4777777777777778,"hr_rbi_per_turn":0.0,"kl_base0":0.5217391304347826,"kl_base0_tries":23,"kl_base1":0.6666666666666666,"kl_base1_tries":27,"kl_base2":0.52,"kl_base2_tries":25,"kl_base3":0.0,"kl_base3_tries":2,"adv1_pct":0.5217391304347826,"adv2_pct":0.6666666666666666,"adv3_pct":0.52,"adv_home_pct":0.0,"money_kl_pct":0.0,"money_kl_tries":2,"pos":"S","teho_plus":32,"adv_plus":99,"runner_plus":89,"out_avoid_plus":103,"adv1_plus":104,"adv2_plus":120,"adv3_plus":86,"adv_home_plus":0,"money_kl_plus":0,"spark_index":97,"run_value":4.944008432891915,"raa":-3.8,"jyk":1.0,"vyk":0.09,"teho_plus_adj":33}],"line":{"player_id":7289,"name":"Eveliina Lämsä","born_year":null,"year":2026,"games":15,"team":"Pesäkarhut","turns_at_bat":90,"kunnarit":0,"lyodyt":0,"tuodut":5,"karkilyonnit":43,"karki_yritykset":77,"saatot":91,"saatto_yritykset":158,"etenemiset":84,"eteneminen_yritykset":159,"haavat":46,"palot":29,"season_id":2,"tehot":5,"kl_pct":0.5584415584415584,"saatto_pct":0.5759493670886076,"eten_pct":0.5283018867924528,"kunnari_rate":0.0,"lyoty_rate":0.0,"tuotu_rate":0.031446540880503145,"haava_rate":0.5111111111111111,"palo_rate":0.32222222222222224,"tehot_per_turn":0.05555555555555555,"kl_per_turn":0.4777777777777778,"hr_rbi_per_turn":0.0,"kl_base0":0.5217391304347826,"kl_base0_tries":23,"kl_base1":0.6666666666666666,"kl_base1_tries":27,"kl_base2":0.52,"kl_base2_tries":25,"kl_base3":0.0,"kl_base3_tries":2,"adv1_pct":0.5217391304347826,"adv2_pct":0.6666666666666666,"adv3_pct":0.52,"adv_home_pct":0.0,"money_kl_pct":0.0,"money_kl_tries":2,"pos":"S","teho_plus":32,"adv_plus":99,"runner_plus":89,"out_avoid_plus":103,"adv1_plus":104,"adv2_plus":120,"adv3_plus":86,"adv_home_plus":0,"money_kl_plus":0,"spark_index":97,"run_value":4.944008432891915,"raa":-3.8,"jyk":1.0,"vyk":0.09,"teho_plus_adj":33,"pct_kl_pct":64,"pct_saatto_pct":50,"pct_eten_pct":24,"pct_kunnari_rate":35,"pct_lyoty_rate":12,"pct_palo_rate":48,"pct_tehot_per_turn":15},"proj":{"player_id":7289,"name":"Eveliina Lämsä","as_of":"2026-07-01","age":null,"stats":{"kl_pct":{"rate":0.5436909552322108,"effective_n":71.30090776450325,"observed":0.5573361806513871},"saatto_pct":{"rate":0.5822889465027941,"effective_n":143.41120294519564,"observed":0.577796174179969},"eten_pct":{"rate":0.5469360885199672,"effective_n":144.42038085255643,"observed":0.529792267423609},"kunnari_rate":{"rate":0.00323106270200769,"effective_n":85.49326924527745,"observed":0.0},"lyoty_rate":{"rate":0.03838761646286522,"effective_n":83.35342954273989,"observed":0.0},"haava_rate":{"rate":0.4520292259616943,"effective_n":79.28676893278842,"observed":0.5151618079813218},"palo_rate":{"rate":0.3320659228277311,"effective_n":81.28549437630382,"observed":0.32107714090206996}},"teho_plus_proj":119},"career_json":[{"year":2026,"kl_pct":0.5584415584415584,"teho_plus":32}],"pct_stats":["kl_pct","saatto_pct","eten_pct","kunnari_rate","lyoty_rate","palo_rate","tehot_per_turn"],"base_kl":{"player_id":7289,"turns_at_bat":90,"kl_base0":0.5217391304347826,"kl_base0_tries":23,"kl_base1":0.6666666666666666,"kl_base1_tries":27,"kl_base2":0.52,"kl_base2_tries":25,"kl_base3":0.0,"kl_base3_tries":2,"pct_kl_base0":73,"pct_kl_base1":79,"pct_kl_base2":44,"pct_kl_base3":8},"base_keys":["kl_base0","kl_base1","kl_base2","kl_base3"],"comps":[]}