{"player":{"id":7382,"name":"Onni Määttä","born_year":null},"career":[{"player_id":7382,"name":"Onni Määttä","born_year":null,"year":2026,"games":12,"team":"PattU","turns_at_bat":85,"kunnarit":0,"lyodyt":1,"tuodut":5,"karkilyonnit":51,"karki_yritykset":94,"saatot":106,"saatto_yritykset":169,"etenemiset":93,"eteneminen_yritykset":161,"haavat":38,"palot":30,"season_id":1,"tehot":6,"kl_pct":0.5425531914893617,"saatto_pct":0.6272189349112426,"eten_pct":0.577639751552795,"kunnari_rate":0.0,"lyoty_rate":0.011764705882352941,"tuotu_rate":0.031055900621118012,"haava_rate":0.4470588235294118,"palo_rate":0.35294117647058826,"tehot_per_turn":0.07058823529411765,"kl_per_turn":0.6,"hr_rbi_per_turn":0.011764705882352941,"kl_base0":0.42857142857142855,"kl_base0_tries":21,"kl_base1":0.5454545454545454,"kl_base1_tries":44,"kl_base2":0.6296296296296297,"kl_base2_tries":27,"kl_base3":0.5,"kl_base3_tries":2,"adv1_pct":0.42857142857142855,"adv2_pct":0.5454545454545454,"adv3_pct":0.6296296296296297,"adv_home_pct":0.5,"money_kl_pct":0.5,"money_kl_tries":2,"teho_plus":44,"adv_plus":105,"runner_plus":98,"out_avoid_plus":96,"adv1_plus":80,"adv2_plus":103,"adv3_plus":110,"adv_home_plus":111,"money_kl_plus":111,"spark_index":101,"teho_plus_adj":44}],"line":{"player_id":7382,"name":"Onni Määttä","born_year":null,"year":2026,"games":12,"team":"PattU","turns_at_bat":85,"kunnarit":0,"lyodyt":1,"tuodut":5,"karkilyonnit":51,"karki_yritykset":94,"saatot":106,"saatto_yritykset":169,"etenemiset":93,"eteneminen_yritykset":161,"haavat":38,"palot":30,"season_id":1,"tehot":6,"kl_pct":0.5425531914893617,"saatto_pct":0.6272189349112426,"eten_pct":0.577639751552795,"kunnari_rate":0.0,"lyoty_rate":0.011764705882352941,"tuotu_rate":0.031055900621118012,"haava_rate":0.4470588235294118,"palo_rate":0.35294117647058826,"tehot_per_turn":0.07058823529411765,"kl_per_turn":0.6,"hr_rbi_per_turn":0.011764705882352941,"kl_base0":0.42857142857142855,"kl_base0_tries":21,"kl_base1":0.5454545454545454,"kl_base1_tries":44,"kl_base2":0.6296296296296297,"kl_base2_tries":27,"kl_base3":0.5,"kl_base3_tries":2,"adv1_pct":0.42857142857142855,"adv2_pct":0.5454545454545454,"adv3_pct":0.6296296296296297,"adv_home_pct":0.5,"money_kl_pct":0.5,"money_kl_tries":2,"teho_plus":44,"adv_plus":105,"runner_plus":98,"out_avoid_plus":96,"adv1_plus":80,"adv2_plus":103,"adv3_plus":110,"adv_home_plus":111,"money_kl_plus":111,"spark_index":101,"teho_plus_adj":44,"pct_kl_pct":57,"pct_saatto_pct":69,"pct_eten_pct":45,"pct_kunnari_rate":29,"pct_lyoty_rate":32,"pct_palo_rate":37,"pct_tehot_per_turn":14},"proj":{"player_id":7382,"name":"Onni Määttä","as_of":"2026-06-28","age":null,"stats":{"kl_pct":{"rate":0.532485855814648,"effective_n":84.1984925788924,"observed":0.5377759776826604},"saatto_pct":{"rate":0.616082135295658,"effective_n":145.58564852234613,"observed":0.623365833279751},"eten_pct":{"rate":0.5796078597225429,"effective_n":138.1351126683855,"observed":0.5765755688617646},"kunnari_rate":{"rate":0.0040888966474745304,"effective_n":78.98923617255409,"observed":0.0},"lyoty_rate":{"rate":0.042850832404652976,"effective_n":76.17256950863599,"observed":0.011996543788652},"haava_rate":{"rate":0.4353416332809339,"effective_n":70.8892710238958,"observed":0.4436550812357811},"palo_rate":{"rate":0.33747746884100555,"effective_n":73.47432315560847,"observed":0.35172950945237613}},"teho_plus_proj":137},"career_json":[{"year":2026,"kl_pct":0.5425531914893617,"teho_plus":44}],"pct_stats":["kl_pct","saatto_pct","eten_pct","kunnari_rate","lyoty_rate","palo_rate","tehot_per_turn"],"base_kl":{"player_id":7382,"turns_at_bat":85,"kl_base0":0.42857142857142855,"kl_base0_tries":21,"kl_base1":0.5454545454545454,"kl_base1_tries":44,"kl_base2":0.6296296296296297,"kl_base2_tries":27,"kl_base3":0.5,"kl_base3_tries":2,"pct_kl_base0":35,"pct_kl_base1":59,"pct_kl_base2":61,"pct_kl_base3":59},"base_keys":["kl_base0","kl_base1","kl_base2","kl_base3"],"comps":[]}