{"player":{"id":7550,"name":"Anni Lindholm","born_year":null},"career":[{"year":2015,"age":null,"games":19,"turns_at_bat":118,"vyk":-0.01,"spark_index":97,"adv_plus":90,"runner_plus":97,"out_avoid_plus":113,"money_kl_plus":82,"teho_plus":73,"teho_plus_adj":77}],"line":{"player_id":7550,"name":"Anni Lindholm","born_year":null,"year":2015,"games":19,"team":"Pesäkarhut","turns_at_bat":118,"kunnarit":1,"lyodyt":7,"tuodut":8,"karkilyonnit":52,"karki_yritykset":112,"saatot":138,"saatto_yritykset":248,"etenemiset":127,"eteneminen_yritykset":216,"haavat":62,"palot":27,"season_id":86,"tehot":16,"kl_pct":0.4642857142857143,"saatto_pct":0.5564516129032258,"eten_pct":0.5879629629629629,"kunnari_rate":0.00847457627118644,"lyoty_rate":0.059322033898305086,"tuotu_rate":0.037037037037037035,"haava_rate":0.5254237288135594,"palo_rate":0.2288135593220339,"tehot_per_turn":0.13559322033898305,"kl_per_turn":0.4406779661016949,"hr_rbi_per_turn":0.06779661016949153,"kl_base0":0.3181818181818182,"kl_base0_tries":22,"kl_base1":0.3939393939393939,"kl_base1_tries":33,"kl_base2":0.6857142857142857,"kl_base2_tries":35,"kl_base3":0.36363636363636365,"kl_base3_tries":22,"adv1_pct":0.3181818181818182,"adv2_pct":0.3939393939393939,"adv3_pct":0.6857142857142857,"adv_home_pct":0.36363636363636365,"money_kl_pct":0.36363636363636365,"money_kl_tries":22,"pos":"2K","teho_plus":73,"adv_plus":90,"runner_plus":97,"out_avoid_plus":113,"adv1_plus":62,"adv2_plus":72,"adv3_plus":109,"adv_home_plus":82,"money_kl_plus":82,"spark_index":97,"run_value":-0.16540982743919666,"raa":1.4,"jyk":-0.2,"vyk":-0.01,"teho_plus_adj":77,"pct_kl_pct":24,"pct_saatto_pct":30,"pct_eten_pct":40,"pct_kunnari_rate":80,"pct_lyoty_rate":52,"pct_palo_rate":82,"pct_tehot_per_turn":33},"proj":null,"translation":null,"pitching":null,"career_json":[{"year":2015,"kl_pct":0.4642857142857143,"teho_plus":73}],"pct_stats":["kl_pct","saatto_pct","eten_pct","kunnari_rate","lyoty_rate","palo_rate","tehot_per_turn"],"base_kl":{"player_id":7550,"turns_at_bat":118,"kl_base0":0.3181818181818182,"kl_base0_tries":22,"kl_base1":0.3939393939393939,"kl_base1_tries":33,"kl_base2":0.6857142857142857,"kl_base2_tries":35,"kl_base3":0.36363636363636365,"kl_base3_tries":22,"pct_kl_base0":11,"pct_kl_base1":25,"pct_kl_base2":72,"pct_kl_base3":32},"base_keys":["kl_base0","kl_base1","kl_base2","kl_base3"],"comps":[]}