{"player":{"id":7591,"name":"Piia Salo","born_year":null},"career":[{"year":2012,"season_id":164,"team":"AA","age":null,"games":13,"turns_at_bat":85,"vyk":-0.57,"spark_index":91,"adv_plus":90,"runner_plus":96,"out_avoid_plus":85,"money_kl_plus":100,"teho_plus":97,"teho_plus_adj":97},{"year":2013,"season_id":165,"team":"AA","age":null,"games":16,"turns_at_bat":111,"vyk":0.28,"spark_index":95,"adv_plus":94,"runner_plus":104,"out_avoid_plus":83,"money_kl_plus":67,"teho_plus":87,"teho_plus_adj":85}],"line":{"player_id":7591,"name":"Piia Salo","born_year":null,"year":2013,"games":16,"team":"AA","turns_at_bat":111,"kunnarit":1,"lyodyt":8,"tuodut":20,"karkilyonnit":54,"karki_yritykset":103,"saatot":130,"saatto_yritykset":200,"etenemiset":155,"eteneminen_yritykset":225,"haavat":22,"palot":48,"season_id":165,"tehot":29,"kl_pct":0.5242718446601942,"saatto_pct":0.65,"eten_pct":0.6888888888888889,"kunnari_rate":0.009009009009009009,"lyoty_rate":0.07207207207207207,"tuotu_rate":0.08888888888888889,"haava_rate":0.1981981981981982,"palo_rate":0.43243243243243246,"tehot_per_turn":0.26126126126126126,"kl_per_turn":0.4864864864864865,"hr_rbi_per_turn":0.08108108108108109,"kl_base0":0.6153846153846154,"kl_base0_tries":26,"kl_base1":0.5277777777777778,"kl_base1_tries":36,"kl_base2":0.5555555555555556,"kl_base2_tries":18,"kl_base3":0.391304347826087,"kl_base3_tries":23,"adv1_pct":0.6153846153846154,"adv2_pct":0.5277777777777778,"adv3_pct":0.5555555555555556,"adv_home_pct":0.391304347826087,"money_kl_pct":0.391304347826087,"money_kl_tries":23,"pos":"1V","teho_plus":87,"adv_plus":94,"runner_plus":104,"out_avoid_plus":83,"adv1_plus":106,"adv2_plus":87,"adv3_plus":81,"adv_home_plus":67,"money_kl_plus":67,"spark_index":95,"run_value":17.219284065822805,"raa":-3.3,"jyk":6.5,"vyk":0.28,"teho_plus_adj":85,"pct_kl_pct":20,"pct_saatto_pct":46,"pct_eten_pct":67,"pct_kunnari_rate":57,"pct_lyoty_rate":35,"pct_palo_rate":10,"pct_tehot_per_turn":47},"proj":null,"translation":null,"pitching":null,"career_json":[{"year":2012,"kl_pct":0.5512820512820513,"teho_plus":97},{"year":2013,"kl_pct":0.5242718446601942,"teho_plus":87}],"pct_stats":["kl_pct","saatto_pct","eten_pct","kunnari_rate","lyoty_rate","palo_rate","tehot_per_turn"],"base_kl":{"player_id":7591,"turns_at_bat":111,"kl_base0":0.6153846153846154,"kl_base0_tries":26,"kl_base1":0.5277777777777778,"kl_base1_tries":36,"kl_base2":0.5555555555555556,"kl_base2_tries":18,"kl_base3":0.391304347826087,"kl_base3_tries":23,"pct_kl_base0":62,"pct_kl_base1":34,"pct_kl_base2":23,"pct_kl_base3":17},"base_keys":["kl_base0","kl_base1","kl_base2","kl_base3"],"comps":[]}