{"player":{"id":7723,"name":"Konsta Piironen","born_year":null},"career":[{"player_id":7723,"name":"Konsta Piironen","born_year":null,"year":2026,"games":18,"team":"JoMa","turns_at_bat":129,"kunnarit":0,"lyodyt":1,"tuodut":19,"karkilyonnit":79,"karki_yritykset":119,"saatot":130,"saatto_yritykset":195,"etenemiset":163,"eteneminen_yritykset":265,"haavat":46,"palot":56,"season_id":1,"tehot":20,"kl_pct":0.6638655462184874,"saatto_pct":0.6666666666666666,"eten_pct":0.6150943396226415,"kunnari_rate":0.0,"lyoty_rate":0.007751937984496124,"tuotu_rate":0.07169811320754717,"haava_rate":0.35658914728682173,"palo_rate":0.43410852713178294,"tehot_per_turn":0.15503875968992248,"kl_per_turn":0.6124031007751938,"hr_rbi_per_turn":0.007751937984496124,"kl_base0":0.8,"kl_base0_tries":45,"kl_base1":0.5714285714285714,"kl_base1_tries":70,"kl_base2":0.6666666666666666,"kl_base2_tries":3,"kl_base3":1.0,"kl_base3_tries":1,"adv1_pct":0.8,"adv2_pct":0.5714285714285714,"adv3_pct":0.6666666666666666,"adv_home_pct":1.0,"money_kl_pct":1.0,"money_kl_tries":1,"teho_plus":96,"adv_plus":117,"runner_plus":105,"out_avoid_plus":84,"adv1_plus":149,"adv2_plus":108,"adv3_plus":117,"adv_home_plus":222,"money_kl_plus":222,"spark_index":107,"teho_plus_adj":96}],"line":{"player_id":7723,"name":"Konsta Piironen","born_year":null,"year":2026,"games":18,"team":"JoMa","turns_at_bat":129,"kunnarit":0,"lyodyt":1,"tuodut":19,"karkilyonnit":79,"karki_yritykset":119,"saatot":130,"saatto_yritykset":195,"etenemiset":163,"eteneminen_yritykset":265,"haavat":46,"palot":56,"season_id":1,"tehot":20,"kl_pct":0.6638655462184874,"saatto_pct":0.6666666666666666,"eten_pct":0.6150943396226415,"kunnari_rate":0.0,"lyoty_rate":0.007751937984496124,"tuotu_rate":0.07169811320754717,"haava_rate":0.35658914728682173,"palo_rate":0.43410852713178294,"tehot_per_turn":0.15503875968992248,"kl_per_turn":0.6124031007751938,"hr_rbi_per_turn":0.007751937984496124,"kl_base0":0.8,"kl_base0_tries":45,"kl_base1":0.5714285714285714,"kl_base1_tries":70,"kl_base2":0.6666666666666666,"kl_base2_tries":3,"kl_base3":1.0,"kl_base3_tries":1,"adv1_pct":0.8,"adv2_pct":0.5714285714285714,"adv3_pct":0.6666666666666666,"adv_home_pct":1.0,"money_kl_pct":1.0,"money_kl_tries":1,"teho_plus":96,"adv_plus":117,"runner_plus":105,"out_avoid_plus":84,"adv1_plus":149,"adv2_plus":108,"adv3_plus":117,"adv_home_plus":222,"money_kl_plus":222,"spark_index":107,"teho_plus_adj":96,"pct_kl_pct":91,"pct_saatto_pct":85,"pct_eten_pct":68,"pct_kunnari_rate":29,"pct_lyoty_rate":21,"pct_palo_rate":14,"pct_tehot_per_turn":60},"proj":{"player_id":7723,"name":"Konsta Piironen","as_of":"2026-07-02","age":null,"stats":{"kl_pct":{"rate":0.6130172016903344,"effective_n":109.64189056123314,"observed":0.6611493618744855},"saatto_pct":{"rate":0.6475886499905911,"effective_n":174.10771146460857,"observed":0.6609175396930103},"eten_pct":{"rate":0.6075298949896126,"effective_n":235.74055661005644,"observed":0.6116752823498072},"kunnari_rate":{"rate":0.00336599451545408,"effective_n":121.72541486144144,"observed":0.0},"lyoty_rate":{"rate":0.03397556528485633,"effective_n":118.29328026555815,"observed":0.00810535687609856},"haava_rate":{"rate":0.3943770723381701,"effective_n":111.81124623548833,"observed":0.36301062265496276},"palo_rate":{"rate":0.38926612990275555,"effective_n":114.99034734361,"observed":0.4344025438918129}},"teho_plus_proj":136},"career_json":[{"year":2026,"kl_pct":0.6638655462184874,"teho_plus":96}],"pct_stats":["kl_pct","saatto_pct","eten_pct","kunnari_rate","lyoty_rate","palo_rate","tehot_per_turn"],"base_kl":{"player_id":7723,"turns_at_bat":129,"kl_base0":0.8,"kl_base0_tries":45,"kl_base1":0.5714285714285714,"kl_base1_tries":70,"kl_base2":0.6666666666666666,"kl_base2_tries":3,"kl_base3":1.0,"kl_base3_tries":1,"pct_kl_base0":97,"pct_kl_base1":63,"pct_kl_base2":71,"pct_kl_base3":96},"base_keys":["kl_base0","kl_base1","kl_base2","kl_base3"],"comps":[]}