{"player":{"id":7789,"name":"Nestori Yli-Sissala","born_year":null},"career":[{"player_id":7789,"name":"Nestori Yli-Sissala","born_year":null,"year":2026,"games":19,"team":"AA","turns_at_bat":123,"kunnarit":0,"lyodyt":4,"tuodut":7,"karkilyonnit":56,"karki_yritykset":111,"saatot":146,"saatto_yritykset":234,"etenemiset":128,"eteneminen_yritykset":232,"haavat":72,"palot":32,"season_id":1,"tehot":11,"kl_pct":0.5045045045045045,"saatto_pct":0.6239316239316239,"eten_pct":0.5517241379310345,"kunnari_rate":0.0,"lyoty_rate":0.032520325203252036,"tuotu_rate":0.03017241379310345,"haava_rate":0.5853658536585366,"palo_rate":0.2601626016260163,"tehot_per_turn":0.08943089430894309,"kl_per_turn":0.45528455284552843,"hr_rbi_per_turn":0.032520325203252036,"kl_base0":0.3939393939393939,"kl_base0_tries":33,"kl_base1":0.5142857142857142,"kl_base1_tries":35,"kl_base2":0.5833333333333334,"kl_base2_tries":36,"kl_base3":0.5714285714285714,"kl_base3_tries":7,"adv1_pct":0.3939393939393939,"adv2_pct":0.5142857142857142,"adv3_pct":0.5833333333333334,"adv_home_pct":0.5714285714285714,"money_kl_pct":0.5714285714285714,"money_kl_tries":7,"teho_plus":55,"adv_plus":103,"runner_plus":94,"out_avoid_plus":110,"adv1_plus":74,"adv2_plus":97,"adv3_plus":102,"adv_home_plus":127,"money_kl_plus":127,"spark_index":102,"teho_plus_adj":54}],"line":{"player_id":7789,"name":"Nestori Yli-Sissala","born_year":null,"year":2026,"games":19,"team":"AA","turns_at_bat":123,"kunnarit":0,"lyodyt":4,"tuodut":7,"karkilyonnit":56,"karki_yritykset":111,"saatot":146,"saatto_yritykset":234,"etenemiset":128,"eteneminen_yritykset":232,"haavat":72,"palot":32,"season_id":1,"tehot":11,"kl_pct":0.5045045045045045,"saatto_pct":0.6239316239316239,"eten_pct":0.5517241379310345,"kunnari_rate":0.0,"lyoty_rate":0.032520325203252036,"tuotu_rate":0.03017241379310345,"haava_rate":0.5853658536585366,"palo_rate":0.2601626016260163,"tehot_per_turn":0.08943089430894309,"kl_per_turn":0.45528455284552843,"hr_rbi_per_turn":0.032520325203252036,"kl_base0":0.3939393939393939,"kl_base0_tries":33,"kl_base1":0.5142857142857142,"kl_base1_tries":35,"kl_base2":0.5833333333333334,"kl_base2_tries":36,"kl_base3":0.5714285714285714,"kl_base3_tries":7,"adv1_pct":0.3939393939393939,"adv2_pct":0.5142857142857142,"adv3_pct":0.5833333333333334,"adv_home_pct":0.5714285714285714,"money_kl_pct":0.5714285714285714,"money_kl_tries":7,"teho_plus":55,"adv_plus":103,"runner_plus":94,"out_avoid_plus":110,"adv1_plus":74,"adv2_plus":97,"adv3_plus":102,"adv_home_plus":127,"money_kl_plus":127,"spark_index":102,"teho_plus_adj":54,"pct_kl_pct":44,"pct_saatto_pct":68,"pct_eten_pct":29,"pct_kunnari_rate":29,"pct_lyoty_rate":54,"pct_palo_rate":71,"pct_tehot_per_turn":25},"proj":{"player_id":7789,"name":"Nestori Yli-Sissala","as_of":"2026-07-01","age":null,"stats":{"kl_pct":{"rate":0.5111095898356524,"effective_n":100.56191503749245,"observed":0.5027848112991421},"saatto_pct":{"rate":0.6198792917103273,"effective_n":207.57500607469566,"observed":0.6257195331448168},"eten_pct":{"rate":0.5636386196948087,"effective_n":207.380718326793,"observed":0.5577686051104953},"kunnari_rate":{"rate":0.003451756040194196,"effective_n":115.71956163613991,"observed":0.0},"lyoty_rate":{"rate":0.049371995786892324,"effective_n":112.29816226758943,"observed":0.03308893881837729},"haava_rate":{"rate":0.5061453272486505,"effective_n":105.8605486300105,"observed":0.578596337197522},"palo_rate":{"rate":0.2880010926701326,"effective_n":109.01388328876374,"observed":0.2612985207742906}},"teho_plus_proj":138},"career_json":[{"year":2026,"kl_pct":0.5045045045045045,"teho_plus":55}],"pct_stats":["kl_pct","saatto_pct","eten_pct","kunnari_rate","lyoty_rate","palo_rate","tehot_per_turn"],"base_kl":{"player_id":7789,"turns_at_bat":123,"kl_base0":0.3939393939393939,"kl_base0_tries":33,"kl_base1":0.5142857142857142,"kl_base1_tries":35,"kl_base2":0.5833333333333334,"kl_base2_tries":36,"kl_base3":0.5714285714285714,"kl_base3_tries":7,"pct_kl_base0":29,"pct_kl_base1":54,"pct_kl_base2":44,"pct_kl_base3":69},"base_keys":["kl_base0","kl_base1","kl_base2","kl_base3"],"log":[{"player_id":7789,"season_id":1,"match_id":128925,"date":"2026-04-26","team":"AA","opponent":"PattU","home":1,"turns_at_bat":8,"kunnarit":0,"lyodyt":0,"tuodut":0,"karkilyonnit":6,"karki_yritykset":8,"saatot":14,"saatto_yritykset":19,"etenemiset":9,"eteneminen_yritykset":16,"haavat":4,"palot":3,"stadium":"Campo Elola, Fuengirola (ES)","tehot":0,"kl_pct":0.75},{"player_id":7789,"season_id":1,"match_id":129036,"date":"2026-05-06","team":"AA","opponent":"JoMa","home":1,"turns_at_bat":7,"kunnarit":0,"lyodyt":0,"tuodut":0,"karkilyonnit":4,"karki_yritykset":7,"saatot":9,"saatto_yritykset":13,"etenemiset":5,"eteneminen_yritykset":12,"haavat":4,"palot":3,"stadium":"Saltex Areena, Alajärvi","tehot":0,"kl_pct":0.5714285714285714},{"player_id":7789,"season_id":1,"match_id":128968,"date":"2026-05-10","team":"AA","opponent":"SoJy","home":1,"turns_at_bat":8,"kunnarit":0,"lyodyt":0,"tuodut":0,"karkilyonnit":3,"karki_yritykset":7,"saatot":7,"saatto_yritykset":15,"etenemiset":4,"eteneminen_yritykset":12,"haavat":7,"palot":1,"stadium":"Saltex Areena, Alajärvi","tehot":0,"kl_pct":0.42857142857142855},{"player_id":7789,"season_id":1,"match_id":129013,"date":"2026-05-13","team":"AA","opponent":"KoU","home":0,"turns_at_bat":8,"kunnarit":0,"lyodyt":0,"tuodut":0,"karkilyonnit":4,"karki_yritykset":10,"saatot":8,"saatto_yritykset":16,"etenemiset":5,"eteneminen_yritykset":13,"haavat":5,"palot":3,"stadium":"Sähkökoje Areena, Koskenkorva (Ilmajoki)","tehot":0,"kl_pct":0.4},{"player_id":7789,"season_id":1,"match_id":128885,"date":"2026-05-15","team":"AA","opponent":"KPL","home":1,"turns_at_bat":5,"kunnarit":0,"lyodyt":0,"tuodut":0,"karkilyonnit":4,"karki_yritykset":5,"saatot":5,"saatto_yritykset":8,"etenemiset":3,"eteneminen_yritykset":8,"haavat":5,"palot":0,"stadium":"Saltex Areena, Alajärvi","tehot":0,"kl_pct":0.8},{"player_id":7789,"season_id":1,"match_id":128920,"date":"2026-05-17","team":"AA","opponent":"IPV","home":0,"turns_at_bat":3,"kunnarit":0,"lyodyt":0,"tuodut":0,"karkilyonnit":0,"karki_yritykset":3,"saatot":1,"saatto_yritykset":4,"etenemiset":1,"eteneminen_yritykset":3,"haavat":2,"palot":0,"stadium":"Tornator Stadion, Imatra","tehot":0,"kl_pct":0.0},{"player_id":7789,"season_id":1,"match_id":128926,"date":"2026-05-22","team":"AA","opponent":"Tahko","home":1,"turns_at_bat":5,"kunnarit":0,"lyodyt":0,"tuodut":0,"karkilyonnit":3,"karki_yritykset":4,"saatot":6,"saatto_yritykset":7,"etenemiset":5,"eteneminen_yritykset":8,"haavat":3,"palot":0,"stadium":"Saltex Areena, Alajärvi","tehot":0,"kl_pct":0.75},{"player_id":7789,"season_id":1,"match_id":129022,"date":"2026-05-26","team":"AA","opponent":"PattU","home":0,"turns_at_bat":7,"kunnarit":0,"lyodyt":0,"tuodut":0,"karkilyonnit":1,"karki_yritykset":5,"saatot":4,"saatto_yritykset":8,"etenemiset":4,"eteneminen_yritykset":11,"haavat":6,"palot":1,"stadium":"MiiluAreena, Raahe","tehot":0,"kl_pct":0.2},{"player_id":7789,"season_id":1,"match_id":128875,"date":"2026-05-29","team":"AA","opponent":"Manse","home":1,"turns_at_bat":7,"kunnarit":0,"lyodyt":2,"tuodut":1,"karkilyonnit":5,"karki_yritykset":8,"saatot":12,"saatto_yritykset":15,"etenemiset":10,"eteneminen_yritykset":15,"haavat":3,"palot":2,"stadium":"Saltex Areena, Alajärvi","tehot":3,"kl_pct":0.625},{"player_id":7789,"season_id":1,"match_id":128909,"date":"2026-06-02","team":"AA","opponent":"JoMa","home":0,"turns_at_bat":8,"kunnarit":0,"lyodyt":1,"tuodut":1,"karkilyonnit":7,"karki_yritykset":11,"saatot":14,"saatto_yritykset":22,"etenemiset":12,"eteneminen_yritykset":19,"haavat":3,"palot":4,"stadium":"Ilosaarirock Stadion, Joensuu","tehot":2,"kl_pct":0.6363636363636364},{"player_id":7789,"season_id":1,"match_id":128993,"date":"2026-06-03","team":"AA","opponent":"KiPa","home":0,"turns_at_bat":6,"kunnarit":0,"lyodyt":0,"tuodut":0,"karkilyonnit":2,"karki_yritykset":4,"saatot":4,"saatto_yritykset":9,"etenemiset":6,"eteneminen_yritykset":11,"haavat":3,"palot":2,