{"player":{"id":7832,"name":"Eetu Suni","born_year":null},"career":[{"player_id":7832,"name":"Eetu Suni","born_year":null,"year":2026,"games":13,"team":"Ura","turns_at_bat":33,"kunnarit":1,"lyodyt":2,"tuodut":5,"karkilyonnit":18,"karki_yritykset":33,"saatot":39,"saatto_yritykset":66,"etenemiset":35,"eteneminen_yritykset":56,"haavat":14,"palot":7,"season_id":3,"tehot":8,"kl_pct":0.5454545454545454,"saatto_pct":0.5909090909090909,"eten_pct":0.625,"kunnari_rate":0.030303030303030304,"lyoty_rate":0.06060606060606061,"tuotu_rate":0.08928571428571429,"haava_rate":0.42424242424242425,"palo_rate":0.21212121212121213,"tehot_per_turn":0.24242424242424243,"kl_per_turn":0.5454545454545454,"hr_rbi_per_turn":0.09090909090909091,"kl_base0":0.375,"kl_base0_tries":8,"kl_base1":0.5,"kl_base1_tries":6,"kl_base2":0.8181818181818182,"kl_base2_tries":11,"kl_base3":0.375,"kl_base3_tries":8,"adv1_pct":0.375,"adv2_pct":0.5,"adv3_pct":0.8181818181818182,"adv_home_pct":0.375,"money_kl_pct":0.375,"money_kl_tries":8,"teho_plus":144,"adv_plus":102,"runner_plus":106,"out_avoid_plus":117,"adv1_plus":79,"adv2_plus":90,"adv3_plus":142,"adv_home_plus":83,"money_kl_plus":83,"spark_index":106,"teho_plus_adj":142}],"line":{"player_id":7832,"name":"Eetu Suni","born_year":null,"year":2026,"games":13,"team":"Ura","turns_at_bat":33,"kunnarit":1,"lyodyt":2,"tuodut":5,"karkilyonnit":18,"karki_yritykset":33,"saatot":39,"saatto_yritykset":66,"etenemiset":35,"eteneminen_yritykset":56,"haavat":14,"palot":7,"season_id":3,"tehot":8,"kl_pct":0.5454545454545454,"saatto_pct":0.5909090909090909,"eten_pct":0.625,"kunnari_rate":0.030303030303030304,"lyoty_rate":0.06060606060606061,"tuotu_rate":0.08928571428571429,"haava_rate":0.42424242424242425,"palo_rate":0.21212121212121213,"tehot_per_turn":0.24242424242424243,"kl_per_turn":0.5454545454545454,"hr_rbi_per_turn":0.09090909090909091,"kl_base0":0.375,"kl_base0_tries":8,"kl_base1":0.5,"kl_base1_tries":6,"kl_base2":0.8181818181818182,"kl_base2_tries":11,"kl_base3":0.375,"kl_base3_tries":8,"adv1_pct":0.375,"adv2_pct":0.5,"adv3_pct":0.8181818181818182,"adv_home_pct":0.375,"money_kl_pct":0.375,"money_kl_tries":8,"teho_plus":144,"adv_plus":102,"runner_plus":106,"out_avoid_plus":117,"adv1_plus":79,"adv2_plus":90,"adv3_plus":142,"adv_home_plus":83,"money_kl_plus":83,"spark_index":106,"teho_plus_adj":142,"pct_kl_pct":null,"pct_saatto_pct":null,"pct_eten_pct":null,"pct_kunnari_rate":null,"pct_lyoty_rate":null,"pct_palo_rate":null,"pct_tehot_per_turn":null},"proj":{"player_id":7832,"name":"Eetu Suni","as_of":"2026-07-02","age":null,"stats":{"kl_pct":{"rate":0.5221447871229139,"effective_n":30.164042330941527,"observed":0.5394358390434257},"saatto_pct":{"rate":0.5877184919513982,"effective_n":58.683154095992016,"observed":0.584705777493758},"eten_pct":{"rate":0.6065606273534168,"effective_n":49.344064563678344,"observed":0.6230005666998988},"kunnari_rate":{"rate":0.011153560735882619,"effective_n":31.113413585825537,"observed":0.02960769039639715},"lyoty_rate":{"rate":0.07108291913789097,"effective_n":30.2271310843799,"observed":0.057461382459459524},"haava_rate":{"rate":0.42164788344212134,"effective_n":28.56054504752494,"observed":0.41627488283486647},"palo_rate":{"rate":0.29819643227092885,"effective_n":29.376687604470014,"observed":0.2153176934343645}},"teho_plus_proj":156},"career_json":[{"year":2026,"kl_pct":0.5454545454545454,"teho_plus":144}],"pct_stats":["kl_pct","saatto_pct","eten_pct","kunnari_rate","lyoty_rate","palo_rate","tehot_per_turn"],"base_kl":{"player_id":7832,"turns_at_bat":33,"kl_base0":0.375,"kl_base0_tries":8,"kl_base1":0.5,"kl_base1_tries":6,"kl_base2":0.8181818181818182,"kl_base2_tries":11,"kl_base3":0.375,"kl_base3_tries":8,"pct_kl_base0":null,"pct_kl_base1":null,"pct_kl_base2":null,"pct_kl_base3":null},"base_keys":["kl_base0","kl_base1","kl_base2","kl_base3"],"log":[{"player_id":7832,"season_id":3,"match_id":129571,"date":"2026-05-10","team":"Ura","opponent":"SiiPe","home":1,"turns_at_bat":5,"kunnarit":0,"lyodyt":1,"tuodut":1,"karkilyonnit":2,"karki_yritykset":6,"saatot":7,"saatto_yritykset":11,"etenemiset":7,"eteneminen_yritykset":8,"haavat":1,"palot":0,"stadium":"Neoen Areena, Kannus","tehot":2,"kl_pct":0.3333333333333333},{"player_id":7832,"season_id":3,"match_id":129578,"date":"2026-05-16","team":"Ura","opponent":"UPV","home":0,"turns_at_bat":3,"kunnarit":0,"lyodyt":0,"tuodut":0,"karkilyonnit":2,"karki_yritykset":3,"saatot":2,"saatto_yritykset":3,"etenemiset":2,"eteneminen_yritykset":5,"haavat":1,"palot":2,"stadium":"Ulvilan Automaatio Areena","tehot":0,"kl_pct":0.6666666666666666},{"player_id":7832,"season_id":3,"match_id":129579,"date":"2026-05-17","team":"Ura","opponent":"KaMa","home":0,"turns_at_bat":5,"kunnarit":0,"lyodyt":0,"tuodut":0,"karkilyonnit":2,"karki_yritykset":3,"saatot":5,"saatto_yritykset":9,"etenemiset":3,"eteneminen_yritykset":8,"haavat":4,"palot":1,"stadium":"Kankaanpää Areena","tehot":0,"kl_pct":0.6666666666666666},{"player_id":7832,"season_id":3,"match_id":129586,"date":"2026-05-22","team":"Ura","opponent":"SiKi","home":0,"turns_at_bat":4,"kunnarit":1,"lyodyt":1,"tuodut":2,"karkilyonnit":5,"karki_yritykset":5,"saatot":9,"saatto_yritykset":11,"etenemiset":8,"eteneminen_yritykset":11,"haavat":3,"palot":0,"stadium":"Tuulivoima-areena, Simo","tehot":4,"kl_pct":1.0},{"player_id":7832,"season_id":3,"match_id":129594,"date":"2026-05-27","team":"Ura","opponent":"SiKi","home":1,"turns_at_bat":1,"kunnarit":0,"lyodyt":0,"tuodut":0,"karkilyonnit":1,"karki_yritykset":1,"saatot":3,"saatto_yritykset":3,"etenemiset":2,"eteneminen_yritykset":2,"haavat":0,"palot":0,"stadium":"Neoen Areena, Kannus","tehot":0,"kl_pct":1.0},{"player_id":7832,"season_id":3,"match_id":129599,"date":"2026-05-31","team":"Ura","opponent":"SiiPe","home":0,"turns_at_bat":0,"kunnarit":0,"lyodyt":0,"tuodut":0,"karkilyonnit":0,"karki_yritykset":0,"saatot":0,"saatto_yritykset":0,"etenemiset":0,"eteneminen_yritykset":0,"haavat":0,"palot":0,"stadium":"Mantun kenttä, Siilinjärvi","tehot":0,"kl_pct":null},{"player_id":7832,"season_id":3,"match_id":129608,"date":"2026-06-06","team":"Ura","opponent":"HP","home":0,"turns_at_bat":0,"kunnarit":0,"lyodyt":0,"tuodut":0,"karkilyonnit":0,"karki_yritykset":0,"saatot":0,"saatto_yritykset":0,"etenemiset":0,"eteneminen_yritykset":0,"haavat":0,"palot":0,"stadium":"Vallikenttä, Hamina","tehot":0,"kl_pct":null},{"player_id":7832,"season_id":3,"match_id":129609,"date":"2026-06-07","team":"Ura","opponent":"PuMu","home":0,"turns_at_bat":2,"kunnarit":0,"lyodyt":0,"tuodut":1,"karkilyonnit":2,"karki_yritykset":2,"saatot":2,"saatto_yritykset":4,"etenemiset":4,"eteneminen_yritykset":5,"haavat":1,"palot":0,"stadium":"Good Guy Stadion, Meilahti (Helsinki)","tehot":1,"kl_pct":1.0},{"player_id":7832,"season_id":3,"match_id":129616,"date":"2026-06-11","team":"Ura","opponent":"KaMa","home":1,"turns_at_bat":2,"kunnarit":0,"lyodyt":0,"tuodut":0,"karkilyonnit":0,"karki_yritykset":3,"saatot":0,"saatto_yritykset":4,"etenemiset":0,"eteneminen_yritykset":2,"haavat":1,"palot":1,"stadium":"Neoen Areena, Kannus","tehot":0,"kl_pct":0.0},{"player_id":7832,"season_id":3,"match_id":129622,"date":"2026-06-17","team":"Ura","opponent":"NJ","home":1,"turns_at_bat":1,"kunnarit":0,"lyodyt":0,"tuodut":0,"karkilyonnit":1,"karki_yritykset":1,"saatot":1,"saatto_yritykset":1,"etenemiset":2,"eteneminen_yritykset":3,"haavat":0,"palot":1,"stadium":"Neoen Areena, Kannus","tehot":0,"kl_pct":1.0},{"player_id":7832,"season_id":3,"match_id":129628,"date":"2026-06-24","team":"Ura","opponent":"PuPe","home":1,"turns_at_bat":2,"kunnarit":0,"lyodyt":0,"tuodut":0,"karkilyonnit":1,"karki_yritykset":2,"saatot":1,"saatto_yritykset":4,"etenemiset":0,"eteneminen_yritykset":1,"haavat":1,"palot":0,"stadium":"Neoen Areena, Kannus","tehot":0,"kl_pct":0.5},{"player_id":7832,"season_id":3,"match_id":129633,"date":"2026-06-27","team":"Ura","opponent":"UPV","home":1,"turns_at_bat":4,"kunnarit":0,"lyodyt":0,"tuodut":1,"karkilyonnit":1,"karki_yritykset":4,"saatot":5,"saatto_yritykset":10,