{"player":{"id":7850,"name":"Tuomo Hyvärinen","born_year":null},"career":[{"year":2013,"season_id":143,"team":"HaapU","age":null,"games":17,"turns_at_bat":105,"vyk":-0.01,"spark_index":82,"adv_plus":73,"runner_plus":79,"out_avoid_plus":108,"money_kl_plus":50,"teho_plus":33,"teho_plus_adj":33}],"line":{"player_id":7850,"name":"Tuomo Hyvärinen","born_year":null,"year":2013,"games":17,"team":"HaapU","turns_at_bat":105,"kunnarit":1,"lyodyt":5,"tuodut":3,"karkilyonnit":34,"karki_yritykset":88,"saatot":88,"saatto_yritykset":184,"etenemiset":81,"eteneminen_yritykset":160,"haavat":53,"palot":26,"season_id":143,"tehot":9,"kl_pct":0.38636363636363635,"saatto_pct":0.4782608695652174,"eten_pct":0.50625,"kunnari_rate":0.009523809523809525,"lyoty_rate":0.047619047619047616,"tuotu_rate":0.01875,"haava_rate":0.5047619047619047,"palo_rate":0.24761904761904763,"tehot_per_turn":0.08571428571428572,"kl_per_turn":0.3238095238095238,"hr_rbi_per_turn":0.05714285714285714,"kl_base0":0.43478260869565216,"kl_base0_tries":23,"kl_base1":0.4166666666666667,"kl_base1_tries":24,"kl_base2":0.42105263157894735,"kl_base2_tries":19,"kl_base3":0.2727272727272727,"kl_base3_tries":22,"adv1_pct":0.43478260869565216,"adv2_pct":0.4166666666666667,"adv3_pct":0.42105263157894735,"adv_home_pct":0.2727272727272727,"money_kl_pct":0.2727272727272727,"money_kl_tries":22,"pos":"S","teho_plus":33,"adv_plus":73,"runner_plus":79,"out_avoid_plus":108,"adv1_plus":79,"adv2_plus":76,"adv3_plus":64,"adv_home_plus":50,"money_kl_plus":50,"spark_index":82,"run_value":4.898433485836358,"raa":-9.4,"jyk":-0.2,"vyk":-0.01,"teho_plus_adj":33,"pct_kl_pct":7,"pct_saatto_pct":9,"pct_eten_pct":12,"pct_kunnari_rate":61,"pct_lyoty_rate":35,"pct_palo_rate":70,"pct_tehot_per_turn":7},"proj":null,"translation":null,"pitching":null,"career_json":[{"year":2013,"kl_pct":0.38636363636363635,"teho_plus":33}],"pct_stats":["kl_pct","saatto_pct","eten_pct","kunnari_rate","lyoty_rate","palo_rate","tehot_per_turn"],"base_kl":{"player_id":7850,"turns_at_bat":105,"kl_base0":0.43478260869565216,"kl_base0_tries":23,"kl_base1":0.4166666666666667,"kl_base1_tries":24,"kl_base2":0.42105263157894735,"kl_base2_tries":19,"kl_base3":0.2727272727272727,"kl_base3_tries":22,"pct_kl_base0":28,"pct_kl_base1":28,"pct_kl_base2":11,"pct_kl_base3":10},"base_keys":["kl_base0","kl_base1","kl_base2","kl_base3"],"comps":[]}