{"player":{"id":7878,"name":"Matias Litmanen","born_year":null},"career":[{"player_id":7878,"name":"Matias Litmanen","born_year":null,"year":2026,"games":19,"team":"AA","turns_at_bat":140,"kunnarit":1,"lyodyt":6,"tuodut":14,"karkilyonnit":87,"karki_yritykset":149,"saatot":187,"saatto_yritykset":297,"etenemiset":143,"eteneminen_yritykset":256,"haavat":68,"palot":45,"season_id":1,"tehot":21,"kl_pct":0.5838926174496645,"saatto_pct":0.6296296296296297,"eten_pct":0.55859375,"kunnari_rate":0.007142857142857143,"lyoty_rate":0.04285714285714286,"tuotu_rate":0.0546875,"haava_rate":0.4857142857142857,"palo_rate":0.32142857142857145,"tehot_per_turn":0.15,"kl_per_turn":0.6214285714285714,"hr_rbi_per_turn":0.05,"kl_base0":0.35,"kl_base0_tries":20,"kl_base1":0.6133333333333333,"kl_base1_tries":75,"kl_base2":0.627906976744186,"kl_base2_tries":43,"kl_base3":0.6363636363636364,"kl_base3_tries":11,"adv1_pct":0.35,"adv2_pct":0.6133333333333333,"adv3_pct":0.627906976744186,"adv_home_pct":0.6363636363636364,"money_kl_pct":0.6363636363636364,"money_kl_tries":11,"teho_plus":93,"adv_plus":108,"runner_plus":95,"out_avoid_plus":100,"adv1_plus":65,"adv2_plus":116,"adv3_plus":110,"adv_home_plus":142,"money_kl_plus":142,"spark_index":102,"teho_plus_adj":91}],"line":{"player_id":7878,"name":"Matias Litmanen","born_year":null,"year":2026,"games":19,"team":"AA","turns_at_bat":140,"kunnarit":1,"lyodyt":6,"tuodut":14,"karkilyonnit":87,"karki_yritykset":149,"saatot":187,"saatto_yritykset":297,"etenemiset":143,"eteneminen_yritykset":256,"haavat":68,"palot":45,"season_id":1,"tehot":21,"kl_pct":0.5838926174496645,"saatto_pct":0.6296296296296297,"eten_pct":0.55859375,"kunnari_rate":0.007142857142857143,"lyoty_rate":0.04285714285714286,"tuotu_rate":0.0546875,"haava_rate":0.4857142857142857,"palo_rate":0.32142857142857145,"tehot_per_turn":0.15,"kl_per_turn":0.6214285714285714,"hr_rbi_per_turn":0.05,"kl_base0":0.35,"kl_base0_tries":20,"kl_base1":0.6133333333333333,"kl_base1_tries":75,"kl_base2":0.627906976744186,"kl_base2_tries":43,"kl_base3":0.6363636363636364,"kl_base3_tries":11,"adv1_pct":0.35,"adv2_pct":0.6133333333333333,"adv3_pct":0.627906976744186,"adv_home_pct":0.6363636363636364,"money_kl_pct":0.6363636363636364,"money_kl_tries":11,"teho_plus":93,"adv_plus":108,"runner_plus":95,"out_avoid_plus":100,"adv1_plus":65,"adv2_plus":116,"adv3_plus":110,"adv_home_plus":142,"money_kl_plus":142,"spark_index":102,"teho_plus_adj":91,"pct_kl_pct":69,"pct_saatto_pct":71,"pct_eten_pct":36,"pct_kunnari_rate":59,"pct_lyoty_rate":59,"pct_palo_rate":44,"pct_tehot_per_turn":56},"proj":{"player_id":7878,"name":"Matias Litmanen","as_of":"2026-07-01","age":null,"stats":{"kl_pct":{"rate":0.5708467795784091,"effective_n":136.49586307831504,"observed":0.5909724863267138},"saatto_pct":{"rate":0.6301357333462392,"effective_n":264.1329218348139,"observed":0.6362786473207912},"eten_pct":{"rate":0.5664683512704185,"effective_n":228.5979002271214,"observed":0.5617620907963099},"kunnari_rate":{"rate":0.007054884738711775,"effective_n":131.78621566529876,"observed":0.007304833094916169},"lyoty_rate":{"rate":0.05475377781934726,"effective_n":127.91762871074754,"observed":0.04382475400021787},"haava_rate":{"rate":0.458061321422357,"effective_n":120.62295946195502,"observed":0.48178236998657337},"palo_rate":{"rate":0.32416395842607193,"effective_n":124.19871029362524,"observed":0.3240196590557675}},"teho_plus_proj":144},"career_json":[{"year":2026,"kl_pct":0.5838926174496645,"teho_plus":93}],"pct_stats":["kl_pct","saatto_pct","eten_pct","kunnari_rate","lyoty_rate","palo_rate","tehot_per_turn"],"base_kl":{"player_id":7878,"turns_at_bat":140,"kl_base0":0.35,"kl_base0_tries":20,"kl_base1":0.6133333333333333,"kl_base1_tries":75,"kl_base2":0.627906976744186,"kl_base2_tries":43,"kl_base3":0.6363636363636364,"kl_base3_tries":11,"pct_kl_base0":24,"pct_kl_base1":75,"pct_kl_base2":60,"pct_kl_base3":75},"base_keys":["kl_base0","kl_base1","kl_base2","kl_base3"],"comps":[]}