{"player":{"id":789,"name":"Kirsi Latvala","born_year":null},"career":[{"year":1990,"season_id":2,"team":"SiiPe","age":null,"games":22,"turns_at_bat":152,"vyk":-0.28,"spark_index":87,"adv_plus":84,"runner_plus":90,"out_avoid_plus":91,"money_kl_plus":40,"teho_plus":39,"teho_plus_adj":39},{"year":1991,"season_id":4,"team":"SiiPe","age":null,"games":22,"turns_at_bat":145,"vyk":0.5,"spark_index":99,"adv_plus":103,"runner_plus":96,"out_avoid_plus":94,"money_kl_plus":131,"teho_plus":102,"teho_plus_adj":100}],"line":{"player_id":789,"name":"Kirsi Latvala","born_year":null,"year":1991,"games":22,"team":"SiiPe","turns_at_bat":145,"kunnarit":4,"lyodyt":19,"tuodut":20,"karkilyonnit":96,"karki_yritykset":155,"saatot":211,"saatto_yritykset":317,"etenemiset":181,"eteneminen_yritykset":292,"haavat":55,"palot":56,"season_id":4,"tehot":43,"kl_pct":0.6193548387096774,"saatto_pct":0.6656151419558359,"eten_pct":0.6198630136986302,"kunnari_rate":0.027586206896551724,"lyoty_rate":0.1310344827586207,"tuotu_rate":0.0684931506849315,"haava_rate":0.3793103448275862,"palo_rate":0.38620689655172413,"tehot_per_turn":0.296551724137931,"kl_per_turn":0.6620689655172414,"hr_rbi_per_turn":0.15862068965517243,"kl_base0":0.38235294117647056,"kl_base0_tries":34,"kl_base1":0.6511627906976745,"kl_base1_tries":43,"kl_base2":0.6808510638297872,"kl_base2_tries":47,"kl_base3":0.7419354838709677,"kl_base3_tries":31,"adv1_pct":0.38235294117647056,"adv2_pct":0.6511627906976745,"adv3_pct":0.6808510638297872,"adv_home_pct":0.7419354838709677,"money_kl_pct":0.7419354838709677,"money_kl_tries":31,"pos":"3P","teho_plus":102,"adv_plus":103,"runner_plus":96,"out_avoid_plus":94,"adv1_plus":72,"adv2_plus":106,"adv3_plus":105,"adv_home_plus":131,"money_kl_plus":131,"spark_index":99,"run_value":30.843192852095278,"raa":2.5,"jyk":11.4,"vyk":0.5,"teho_plus_adj":100,"pct_kl_pct":72,"pct_saatto_pct":67,"pct_eten_pct":35,"pct_kunnari_rate":82,"pct_lyoty_rate":65,"pct_palo_rate":27,"pct_tehot_per_turn":59},"proj":null,"translation":null,"pitching":null,"career_json":[{"year":1990,"kl_pct":0.4198473282442748,"teho_plus":39},{"year":1991,"kl_pct":0.6193548387096774,"teho_plus":102}],"pct_stats":["kl_pct","saatto_pct","eten_pct","kunnari_rate","lyoty_rate","palo_rate","tehot_per_turn"],"base_kl":{"player_id":789,"turns_at_bat":145,"kl_base0":0.38235294117647056,"kl_base0_tries":34,"kl_base1":0.6511627906976745,"kl_base1_tries":43,"kl_base2":0.6808510638297872,"kl_base2_tries":47,"kl_base3":0.7419354838709677,"kl_base3_tries":31,"pct_kl_base0":21,"pct_kl_base1":69,"pct_kl_base2":63,"pct_kl_base3":96},"base_keys":["kl_base0","kl_base1","kl_base2","kl_base3"],"comps":[]}