{"player":{"id":7895,"name":"Hanna Romppanen","born_year":null},"career":[{"year":2015,"age":null,"games":13,"turns_at_bat":71,"vyk":-0.3,"spark_index":90,"adv_plus":86,"runner_plus":84,"out_avoid_plus":108,"money_kl_plus":45,"teho_plus":15,"teho_plus_adj":15},{"year":2019,"age":null,"games":15,"turns_at_bat":86,"vyk":0.09,"spark_index":99,"adv_plus":96,"runner_plus":97,"out_avoid_plus":109,"money_kl_plus":78,"teho_plus":49,"teho_plus_adj":50}],"line":{"player_id":7895,"name":"Hanna Romppanen","born_year":null,"year":2019,"games":15,"team":"Räpsä","turns_at_bat":86,"kunnarit":0,"lyodyt":5,"tuodut":4,"karkilyonnit":39,"karki_yritykset":77,"saatot":101,"saatto_yritykset":169,"etenemiset":85,"eteneminen_yritykset":142,"haavat":37,"palot":20,"season_id":102,"tehot":9,"kl_pct":0.5064935064935064,"saatto_pct":0.5976331360946746,"eten_pct":0.5985915492957746,"kunnari_rate":0.0,"lyoty_rate":0.05813953488372093,"tuotu_rate":0.028169014084507043,"haava_rate":0.43023255813953487,"palo_rate":0.23255813953488372,"tehot_per_turn":0.10465116279069768,"kl_per_turn":0.45348837209302323,"hr_rbi_per_turn":0.05813953488372093,"kl_base0":0.4375,"kl_base0_tries":16,"kl_base1":0.5185185185185185,"kl_base1_tries":27,"kl_base2":0.6190476190476191,"kl_base2_tries":21,"kl_base3":0.38461538461538464,"kl_base3_tries":13,"adv1_pct":0.4375,"adv2_pct":0.5185185185185185,"adv3_pct":0.6190476190476191,"adv_home_pct":0.38461538461538464,"money_kl_pct":0.38461538461538464,"money_kl_tries":13,"pos":"1V","teho_plus":49,"adv_plus":96,"runner_plus":97,"out_avoid_plus":109,"adv1_plus":84,"adv2_plus":94,"adv3_plus":96,"adv_home_plus":78,"money_kl_plus":78,"spark_index":99,"run_value":4.362352819782479,"raa":-2.3,"jyk":1.6,"vyk":0.09,"teho_plus_adj":50,"pct_kl_pct":36,"pct_saatto_pct":43,"pct_eten_pct":40,"pct_kunnari_rate":28,"pct_lyoty_rate":49,"pct_palo_rate":73,"pct_tehot_per_turn":14},"proj":null,"translation":null,"pitching":null,"career_json":[{"year":2015,"kl_pct":0.36666666666666664,"teho_plus":15},{"year":2019,"kl_pct":0.5064935064935064,"teho_plus":49}],"pct_stats":["kl_pct","saatto_pct","eten_pct","kunnari_rate","lyoty_rate","palo_rate","tehot_per_turn"],"base_kl":{"player_id":7895,"turns_at_bat":86,"kl_base0":0.4375,"kl_base0_tries":16,"kl_base1":0.5185185185185185,"kl_base1_tries":27,"kl_base2":0.6190476190476191,"kl_base2_tries":21,"kl_base3":0.38461538461538464,"kl_base3_tries":13,"pct_kl_base0":37,"pct_kl_base1":46,"pct_kl_base2":48,"pct_kl_base3":28},"base_keys":["kl_base0","kl_base1","kl_base2","kl_base3"],"comps":[]}