{"player":{"id":79,"name":"Tommi Heinonen","born_year":null},"career":[{"year":1990,"age":null,"games":26,"turns_at_bat":208,"vyk":-2.39,"spark_index":97,"adv_plus":95,"runner_plus":101,"out_avoid_plus":94,"money_kl_plus":42,"teho_plus":73,"teho_plus_adj":74},{"year":1991,"age":null,"games":26,"turns_at_bat":211,"vyk":-0.29,"spark_index":94,"adv_plus":98,"runner_plus":94,"out_avoid_plus":83,"money_kl_plus":42,"teho_plus":49,"teho_plus_adj":49}],"line":{"player_id":79,"name":"Tommi Heinonen","born_year":null,"year":1991,"games":26,"team":"KPL","turns_at_bat":211,"kunnarit":0,"lyodyt":2,"tuodut":16,"karkilyonnit":113,"karki_yritykset":228,"saatot":215,"saatto_yritykset":350,"etenemiset":244,"eteneminen_yritykset":422,"haavat":79,"palot":99,"season_id":14,"tehot":18,"kl_pct":0.4956140350877193,"saatto_pct":0.6142857142857143,"eten_pct":0.5781990521327014,"kunnari_rate":0.0,"lyoty_rate":0.009478672985781991,"tuotu_rate":0.037914691943127965,"haava_rate":0.3744075829383886,"palo_rate":0.46919431279620855,"tehot_per_turn":0.08530805687203792,"kl_per_turn":0.5355450236966824,"hr_rbi_per_turn":0.009478672985781991,"kl_base0":0.4807692307692308,"kl_base0_tries":104,"kl_base1":0.5365853658536586,"kl_base1_tries":82,"kl_base2":0.5666666666666667,"kl_base2_tries":30,"kl_base3":0.16666666666666666,"kl_base3_tries":12,"adv1_pct":0.4807692307692308,"adv2_pct":0.5365853658536586,"adv3_pct":0.5666666666666667,"adv_home_pct":0.16666666666666666,"money_kl_pct":0.16666666666666666,"money_kl_tries":12,"pos":"3P","teho_plus":49,"adv_plus":98,"runner_plus":94,"out_avoid_plus":83,"adv1_plus":95,"adv2_plus":98,"adv3_plus":99,"adv_home_plus":42,"money_kl_plus":42,"spark_index":94,"run_value":0.5323206161518677,"raa":-11.1,"jyk":-3.7,"vyk":-0.29,"teho_plus_adj":49,"pct_kl_pct":51,"pct_saatto_pct":53,"pct_eten_pct":36,"pct_kunnari_rate":21,"pct_lyoty_rate":5,"pct_palo_rate":11,"pct_tehot_per_turn":11},"proj":null,"translation":null,"pitching":null,"career_json":[{"year":1990,"kl_pct":0.5,"teho_plus":73},{"year":1991,"kl_pct":0.4956140350877193,"teho_plus":49}],"pct_stats":["kl_pct","saatto_pct","eten_pct","kunnari_rate","lyoty_rate","palo_rate","tehot_per_turn"],"base_kl":{"player_id":79,"turns_at_bat":211,"kl_base0":0.4807692307692308,"kl_base0_tries":104,"kl_base1":0.5365853658536586,"kl_base1_tries":82,"kl_base2":0.5666666666666667,"kl_base2_tries":30,"kl_base3":0.16666666666666666,"kl_base3_tries":12,"pct_kl_base0":52,"pct_kl_base1":52,"pct_kl_base2":60,"pct_kl_base3":7},"base_keys":["kl_base0","kl_base1","kl_base2","kl_base3"],"comps":[]}