{"player":{"id":7928,"name":"Luke Niemi","born_year":null},"career":[{"year":2015,"season_id":145,"team":"APV","age":null,"games":13,"turns_at_bat":90,"vyk":-0.3,"spark_index":73,"adv_plus":68,"runner_plus":73,"out_avoid_plus":87,"money_kl_plus":28,"teho_plus":10,"teho_plus_adj":9}],"line":{"player_id":7928,"name":"Luke Niemi","born_year":null,"year":2015,"games":13,"team":"APV","turns_at_bat":90,"kunnarit":0,"lyodyt":1,"tuodut":1,"karkilyonnit":32,"karki_yritykset":79,"saatot":50,"saatto_yritykset":123,"etenemiset":62,"eteneminen_yritykset":136,"haavat":39,"palot":35,"season_id":145,"tehot":2,"kl_pct":0.4050632911392405,"saatto_pct":0.4065040650406504,"eten_pct":0.45588235294117646,"kunnari_rate":0.0,"lyoty_rate":0.011111111111111112,"tuotu_rate":0.007352941176470588,"haava_rate":0.43333333333333335,"palo_rate":0.3888888888888889,"tehot_per_turn":0.022222222222222223,"kl_per_turn":0.35555555555555557,"hr_rbi_per_turn":0.011111111111111112,"kl_base0":0.4888888888888889,"kl_base0_tries":45,"kl_base1":0.35714285714285715,"kl_base1_tries":14,"kl_base2":0.3076923076923077,"kl_base2_tries":13,"kl_base3":0.14285714285714285,"kl_base3_tries":7,"adv1_pct":0.4888888888888889,"adv2_pct":0.35714285714285715,"adv3_pct":0.3076923076923077,"adv_home_pct":0.14285714285714285,"money_kl_pct":0.14285714285714285,"money_kl_tries":7,"pos":"2K","teho_plus":10,"adv_plus":68,"runner_plus":73,"out_avoid_plus":87,"adv1_plus":89,"adv2_plus":66,"adv3_plus":49,"adv_home_plus":28,"money_kl_plus":28,"spark_index":73,"run_value":-0.9650203707498588,"raa":-11.7,"jyk":-5.4,"vyk":-0.3,"teho_plus_adj":9,"pct_kl_pct":10,"pct_saatto_pct":5,"pct_eten_pct":8,"pct_kunnari_rate":30,"pct_lyoty_rate":10,"pct_palo_rate":18,"pct_tehot_per_turn":1},"proj":null,"translation":null,"pitching":null,"career_json":[{"year":2015,"kl_pct":0.4050632911392405,"teho_plus":10}],"pct_stats":["kl_pct","saatto_pct","eten_pct","kunnari_rate","lyoty_rate","palo_rate","tehot_per_turn"],"base_kl":{"player_id":7928,"turns_at_bat":90,"kl_base0":0.4888888888888889,"kl_base0_tries":45,"kl_base1":0.35714285714285715,"kl_base1_tries":14,"kl_base2":0.3076923076923077,"kl_base2_tries":13,"kl_base3":0.14285714285714285,"kl_base3_tries":7,"pct_kl_base0":38,"pct_kl_base1":20,"pct_kl_base2":5,"pct_kl_base3":5},"base_keys":["kl_base0","kl_base1","kl_base2","kl_base3"],"comps":[]}