{"player":{"id":7929,"name":"Anttoni Jakobsson","born_year":null},"career":[{"player_id":7929,"name":"Anttoni Jakobsson","born_year":null,"year":2026,"games":15,"team":"KiPa","turns_at_bat":83,"kunnarit":0,"lyodyt":0,"tuodut":10,"karkilyonnit":48,"karki_yritykset":76,"saatot":84,"saatto_yritykset":123,"etenemiset":93,"eteneminen_yritykset":154,"haavat":35,"palot":26,"season_id":1,"tehot":10,"kl_pct":0.631578947368421,"saatto_pct":0.6829268292682927,"eten_pct":0.6038961038961039,"kunnari_rate":0.0,"lyoty_rate":0.0,"tuotu_rate":0.06493506493506493,"haava_rate":0.42168674698795183,"palo_rate":0.3132530120481928,"tehot_per_turn":0.12048192771084337,"kl_per_turn":0.5783132530120482,"hr_rbi_per_turn":0.0,"kl_base0":0.6071428571428571,"kl_base0_tries":28,"kl_base1":0.6666666666666666,"kl_base1_tries":42,"kl_base2":0.6,"kl_base2_tries":5,"kl_base3":0.0,"kl_base3_tries":1,"adv1_pct":0.6071428571428571,"adv2_pct":0.6666666666666666,"adv3_pct":0.6,"adv_home_pct":0.0,"money_kl_pct":0.0,"money_kl_tries":1,"teho_plus":75,"adv_plus":117,"runner_plus":103,"out_avoid_plus":102,"adv1_plus":113,"adv2_plus":126,"adv3_plus":105,"adv_home_plus":0,"money_kl_plus":0,"spark_index":110,"run_value":4.6448056840409215,"raa":-1.4,"jyk":2.1,"vyk":0.19,"teho_plus_adj":78}],"line":{"player_id":7929,"name":"Anttoni Jakobsson","born_year":null,"year":2026,"games":15,"team":"KiPa","turns_at_bat":83,"kunnarit":0,"lyodyt":0,"tuodut":10,"karkilyonnit":48,"karki_yritykset":76,"saatot":84,"saatto_yritykset":123,"etenemiset":93,"eteneminen_yritykset":154,"haavat":35,"palot":26,"season_id":1,"tehot":10,"kl_pct":0.631578947368421,"saatto_pct":0.6829268292682927,"eten_pct":0.6038961038961039,"kunnari_rate":0.0,"lyoty_rate":0.0,"tuotu_rate":0.06493506493506493,"haava_rate":0.42168674698795183,"palo_rate":0.3132530120481928,"tehot_per_turn":0.12048192771084337,"kl_per_turn":0.5783132530120482,"hr_rbi_per_turn":0.0,"kl_base0":0.6071428571428571,"kl_base0_tries":28,"kl_base1":0.6666666666666666,"kl_base1_tries":42,"kl_base2":0.6,"kl_base2_tries":5,"kl_base3":0.0,"kl_base3_tries":1,"adv1_pct":0.6071428571428571,"adv2_pct":0.6666666666666666,"adv3_pct":0.6,"adv_home_pct":0.0,"money_kl_pct":0.0,"money_kl_tries":1,"teho_plus":75,"adv_plus":117,"runner_plus":103,"out_avoid_plus":102,"adv1_plus":113,"adv2_plus":126,"adv3_plus":105,"adv_home_plus":0,"money_kl_plus":0,"spark_index":110,"run_value":4.6448056840409215,"raa":-1.4,"jyk":2.1,"vyk":0.19,"teho_plus_adj":78,"pct_kl_pct":84,"pct_saatto_pct":89,"pct_eten_pct":60,"pct_kunnari_rate":29,"pct_lyoty_rate":10,"pct_palo_rate":46,"pct_tehot_per_turn":41},"proj":{"player_id":7929,"name":"Anttoni Jakobsson","as_of":"2026-07-02","age":null,"stats":{"kl_pct":{"rate":0.5840711543700926,"effective_n":70.13442591445339,"observed":0.6345533270550237},"saatto_pct":{"rate":0.660913057161723,"effective_n":110.6468415204812,"observed":0.6867035698422811},"eten_pct":{"rate":0.5992066182973484,"effective_n":138.82117661480783,"observed":0.6032483077767582},"kunnari_rate":{"rate":0.004095963858835436,"effective_n":78.64589842860816,"observed":0.0},"lyoty_rate":{"rate":0.03690264574972179,"effective_n":76.58273056634839,"observed":0.0},"haava_rate":{"rate":0.42811898410806815,"effective_n":72.66977513145905,"observed":0.42628974145757326},"palo_rate":{"rate":0.31890251175173095,"effective_n":74.5916097842323,"observed":0.3130193094598823}},"teho_plus_proj":137},"career_json":[{"year":2026,"kl_pct":0.631578947368421,"teho_plus":75}],"pct_stats":["kl_pct","saatto_pct","eten_pct","kunnari_rate","lyoty_rate","palo_rate","tehot_per_turn"],"base_kl":{"player_id":7929,"turns_at_bat":83,"kl_base0":0.6071428571428571,"kl_base0_tries":28,"kl_base1":0.6666666666666666,"kl_base1_tries":42,"kl_base2":0.6,"kl_base2_tries":5,"kl_base3":0.0,"kl_base3_tries":1,"pct_kl_base0":76,"pct_kl_base1":82,"pct_kl_base2":49,"pct_kl_base3":7},"base_keys":["kl_base0","kl_base1","kl_base2","kl_base3"],"comps":[]}