{"player":{"id":7930,"name":"Kuisma Björn","born_year":null},"career":[{"year":2016,"season_id":89,"team":"JoMa","age":null,"games":3,"turns_at_bat":12,"vyk":-0.06,"spark_index":55,"adv_plus":40,"runner_plus":45,"out_avoid_plus":106,"money_kl_plus":null,"teho_plus":0,"teho_plus_adj":0},{"year":2017,"season_id":147,"team":"JoMa","age":null,"games":16,"turns_at_bat":129,"vyk":0.52,"spark_index":102,"adv_plus":114,"runner_plus":95,"out_avoid_plus":85,"money_kl_plus":155,"teho_plus":87,"teho_plus_adj":87}],"line":{"player_id":7930,"name":"Kuisma Björn","born_year":null,"year":2017,"games":16,"team":"JoMa","turns_at_bat":129,"kunnarit":2,"lyodyt":3,"tuodut":23,"karkilyonnit":85,"karki_yritykset":126,"saatot":154,"saatto_yritykset":217,"etenemiset":155,"eteneminen_yritykset":258,"haavat":51,"palot":52,"season_id":147,"tehot":28,"kl_pct":0.6746031746031746,"saatto_pct":0.7096774193548387,"eten_pct":0.6007751937984496,"kunnari_rate":0.015503875968992248,"lyoty_rate":0.023255813953488372,"tuotu_rate":0.08914728682170543,"haava_rate":0.3953488372093023,"palo_rate":0.40310077519379844,"tehot_per_turn":0.21705426356589147,"kl_per_turn":0.6589147286821705,"hr_rbi_per_turn":0.03875968992248062,"kl_base0":0.4411764705882353,"kl_base0_tries":34,"kl_base1":0.7466666666666667,"kl_base1_tries":75,"kl_base2":0.8181818181818182,"kl_base2_tries":11,"kl_base3":0.8333333333333334,"kl_base3_tries":6,"adv1_pct":0.4411764705882353,"adv2_pct":0.7466666666666667,"adv3_pct":0.8181818181818182,"adv_home_pct":0.8333333333333334,"money_kl_pct":0.8333333333333334,"money_kl_tries":6,"pos":"S","teho_plus":87,"adv_plus":114,"runner_plus":95,"out_avoid_plus":85,"adv1_plus":81,"adv2_plus":136,"adv3_plus":124,"adv_home_plus":155,"money_kl_plus":155,"spark_index":102,"run_value":18.575067537368657,"raa":0.6,"jyk":10.4,"vyk":0.52,"teho_plus_adj":87,"pct_kl_pct":81,"pct_saatto_pct":79,"pct_eten_pct":38,"pct_kunnari_rate":73,"pct_lyoty_rate":17,"pct_palo_rate":13,"pct_tehot_per_turn":48},"proj":null,"translation":null,"pitching":null,"career_json":[{"year":2016,"kl_pct":0.1111111111111111,"teho_plus":0},{"year":2017,"kl_pct":0.6746031746031746,"teho_plus":87}],"pct_stats":["kl_pct","saatto_pct","eten_pct","kunnari_rate","lyoty_rate","palo_rate","tehot_per_turn"],"base_kl":{"player_id":7930,"turns_at_bat":129,"kl_base0":0.4411764705882353,"kl_base0_tries":34,"kl_base1":0.7466666666666667,"kl_base1_tries":75,"kl_base2":0.8181818181818182,"kl_base2_tries":11,"kl_base3":0.8333333333333334,"kl_base3_tries":6,"pct_kl_base0":34,"pct_kl_base1":88,"pct_kl_base2":88,"pct_kl_base3":96},"base_keys":["kl_base0","kl_base1","kl_base2","kl_base3"],"comps":[]}