{"player":{"id":798,"name":"Riitta Lehvä-Korpi","born_year":null},"career":[{"year":1990,"season_id":2,"team":"Manse","age":null,"games":22,"turns_at_bat":168,"vyk":0.35,"spark_index":95,"adv_plus":99,"runner_plus":98,"out_avoid_plus":79,"money_kl_plus":104,"teho_plus":79,"teho_plus_adj":80}],"line":{"player_id":798,"name":"Riitta Lehvä-Korpi","born_year":null,"year":1990,"games":22,"team":"Manse","turns_at_bat":168,"kunnarit":5,"lyodyt":12,"tuodut":21,"karkilyonnit":102,"karki_yritykset":173,"saatot":188,"saatto_yritykset":288,"etenemiset":223,"eteneminen_yritykset":347,"haavat":42,"palot":82,"season_id":2,"tehot":38,"kl_pct":0.5895953757225434,"saatto_pct":0.6527777777777778,"eten_pct":0.6426512968299711,"kunnari_rate":0.02976190476190476,"lyoty_rate":0.07142857142857142,"tuotu_rate":0.06051873198847262,"haava_rate":0.25,"palo_rate":0.4880952380952381,"tehot_per_turn":0.2261904761904762,"kl_per_turn":0.6071428571428571,"hr_rbi_per_turn":0.10119047619047619,"kl_base0":0.5333333333333333,"kl_base0_tries":75,"kl_base1":0.5789473684210527,"kl_base1_tries":38,"kl_base2":0.7666666666666667,"kl_base2_tries":30,"kl_base3":0.5666666666666667,"kl_base3_tries":30,"adv1_pct":0.5333333333333333,"adv2_pct":0.5789473684210527,"adv3_pct":0.7666666666666667,"adv_home_pct":0.5666666666666667,"money_kl_pct":0.5666666666666667,"money_kl_tries":30,"pos":"2K","teho_plus":79,"adv_plus":99,"runner_plus":98,"out_avoid_plus":79,"adv1_plus":100,"adv2_plus":93,"adv3_plus":113,"adv_home_plus":104,"money_kl_plus":104,"spark_index":95,"run_value":31.217215281552765,"raa":-0.1,"jyk":8.0,"vyk":0.35,"teho_plus_adj":80,"pct_kl_pct":51,"pct_saatto_pct":50,"pct_eten_pct":47,"pct_kunnari_rate":93,"pct_lyoty_rate":33,"pct_palo_rate":3,"pct_tehot_per_turn":42},"proj":null,"translation":null,"pitching":null,"career_json":[{"year":1990,"kl_pct":0.5895953757225434,"teho_plus":79}],"pct_stats":["kl_pct","saatto_pct","eten_pct","kunnari_rate","lyoty_rate","palo_rate","tehot_per_turn"],"base_kl":{"player_id":798,"turns_at_bat":168,"kl_base0":0.5333333333333333,"kl_base0_tries":75,"kl_base1":0.5789473684210527,"kl_base1_tries":38,"kl_base2":0.7666666666666667,"kl_base2_tries":30,"kl_base3":0.5666666666666667,"kl_base3_tries":30,"pct_kl_base0":50,"pct_kl_base1":40,"pct_kl_base2":82,"pct_kl_base3":66},"base_keys":["kl_base0","kl_base1","kl_base2","kl_base3"],"comps":[]}