{"player":{"id":8119,"name":"Patrik Vartama","born_year":null},"career":[{"player_id":8119,"name":"Patrik Vartama","born_year":null,"year":2026,"games":16,"team":"KPL","turns_at_bat":116,"kunnarit":0,"lyodyt":0,"tuodut":17,"karkilyonnit":54,"karki_yritykset":96,"saatot":66,"saatto_yritykset":108,"etenemiset":167,"eteneminen_yritykset":258,"haavat":42,"palot":49,"season_id":1,"tehot":17,"kl_pct":0.5625,"saatto_pct":0.6111111111111112,"eten_pct":0.6472868217054264,"kunnari_rate":0.0,"lyoty_rate":0.0,"tuotu_rate":0.06589147286821706,"haava_rate":0.3620689655172414,"palo_rate":0.4224137931034483,"tehot_per_turn":0.14655172413793102,"kl_per_turn":0.46551724137931033,"hr_rbi_per_turn":0.0,"kl_base0":0.5795454545454546,"kl_base0_tries":88,"kl_base1":0.6666666666666666,"kl_base1_tries":3,"kl_base2":0.3333333333333333,"kl_base2_tries":3,"kl_base3":0.0,"kl_base3_tries":2,"adv1_pct":0.5795454545454546,"adv2_pct":0.6666666666666666,"adv3_pct":0.3333333333333333,"adv_home_pct":0.0,"money_kl_pct":0.0,"money_kl_tries":2,"teho_plus":91,"adv_plus":104,"runner_plus":110,"out_avoid_plus":85,"adv1_plus":108,"adv2_plus":126,"adv3_plus":58,"adv_home_plus":0,"money_kl_plus":0,"spark_index":102,"teho_plus_adj":90}],"line":{"player_id":8119,"name":"Patrik Vartama","born_year":null,"year":2026,"games":16,"team":"KPL","turns_at_bat":116,"kunnarit":0,"lyodyt":0,"tuodut":17,"karkilyonnit":54,"karki_yritykset":96,"saatot":66,"saatto_yritykset":108,"etenemiset":167,"eteneminen_yritykset":258,"haavat":42,"palot":49,"season_id":1,"tehot":17,"kl_pct":0.5625,"saatto_pct":0.6111111111111112,"eten_pct":0.6472868217054264,"kunnari_rate":0.0,"lyoty_rate":0.0,"tuotu_rate":0.06589147286821706,"haava_rate":0.3620689655172414,"palo_rate":0.4224137931034483,"tehot_per_turn":0.14655172413793102,"kl_per_turn":0.46551724137931033,"hr_rbi_per_turn":0.0,"kl_base0":0.5795454545454546,"kl_base0_tries":88,"kl_base1":0.6666666666666666,"kl_base1_tries":3,"kl_base2":0.3333333333333333,"kl_base2_tries":3,"kl_base3":0.0,"kl_base3_tries":2,"adv1_pct":0.5795454545454546,"adv2_pct":0.6666666666666666,"adv3_pct":0.3333333333333333,"adv_home_pct":0.0,"money_kl_pct":0.0,"money_kl_tries":2,"teho_plus":91,"adv_plus":104,"runner_plus":110,"out_avoid_plus":85,"adv1_plus":108,"adv2_plus":126,"adv3_plus":58,"adv_home_plus":0,"money_kl_plus":0,"spark_index":102,"teho_plus_adj":90,"pct_kl_pct":65,"pct_saatto_pct":61,"pct_eten_pct":84,"pct_kunnari_rate":29,"pct_lyoty_rate":10,"pct_palo_rate":18,"pct_tehot_per_turn":54},"proj":{"player_id":8119,"name":"Patrik Vartama","as_of":"2026-07-02","age":null,"stats":{"kl_pct":{"rate":0.5461184688039872,"effective_n":89.34350089774993,"observed":0.5602591399609359},"saatto_pct":{"rate":0.6030777078981053,"effective_n":98.21190649674124,"observed":0.6085783118271298},"eten_pct":{"rate":0.636178111339463,"effective_n":233.10681474975905,"observed":0.6465152039883237},"kunnari_rate":{"rate":0.003529712828522465,"effective_n":110.51348939626507,"observed":0.0},"lyoty_rate":{"rate":0.030751391480019513,"effective_n":107.90424623121548,"observed":0.0},"haava_rate":{"rate":0.3945953464072886,"effective_n":102.93758920662843,"observed":0.36073702070709956},"palo_rate":{"rate":0.3792860717149524,"effective_n":105.37998344613405,"observed":0.4209623666222046}},"teho_plus_proj":140},"career_json":[{"year":2026,"kl_pct":0.5625,"teho_plus":91}],"pct_stats":["kl_pct","saatto_pct","eten_pct","kunnari_rate","lyoty_rate","palo_rate","tehot_per_turn"],"base_kl":{"player_id":8119,"turns_at_bat":116,"kl_base0":0.5795454545454546,"kl_base0_tries":88,"kl_base1":0.6666666666666666,"kl_base1_tries":3,"kl_base2":0.3333333333333333,"kl_base2_tries":3,"kl_base3":0.0,"kl_base3_tries":2,"pct_kl_base0":71,"pct_kl_base1":82,"pct_kl_base2":8,"pct_kl_base3":7},"base_keys":["kl_base0","kl_base1","kl_base2","kl_base3"],"comps":[]}