{"player":{"id":8170,"name":"Emma Lindfors","born_year":null},"career":[{"year":2014,"season_id":166,"team":"Kerava","age":null,"games":11,"turns_at_bat":49,"vyk":-0.02,"spark_index":90,"adv_plus":92,"runner_plus":84,"out_avoid_plus":95,"money_kl_plus":110,"teho_plus":48,"teho_plus_adj":48},{"year":2026,"season_id":178,"team":"Roihu","age":null,"games":2,"turns_at_bat":12,"vyk":-0.05,"spark_index":60,"adv_plus":43,"runner_plus":47,"out_avoid_plus":120,"money_kl_plus":87,"teho_plus":28,"teho_plus_adj":28}],"line":{"player_id":8170,"name":"Emma Lindfors","born_year":null,"year":2026,"games":2,"team":"Roihu","turns_at_bat":12,"kunnarit":0,"lyodyt":1,"tuodut":0,"karkilyonnit":3,"karki_yritykset":11,"saatot":5,"saatto_yritykset":18,"etenemiset":4,"eteneminen_yritykset":13,"haavat":7,"palot":2,"season_id":178,"tehot":1,"kl_pct":0.2727272727272727,"saatto_pct":0.2777777777777778,"eten_pct":0.3076923076923077,"kunnari_rate":0.0,"lyoty_rate":0.08333333333333333,"tuotu_rate":0.0,"haava_rate":0.5833333333333334,"palo_rate":0.16666666666666666,"tehot_per_turn":0.08333333333333333,"kl_per_turn":0.25,"hr_rbi_per_turn":0.08333333333333333,"kl_base0":0.2,"kl_base0_tries":5,"kl_base1":0.0,"kl_base1_tries":1,"kl_base2":0.3333333333333333,"kl_base2_tries":3,"kl_base3":0.5,"kl_base3_tries":2,"adv1_pct":0.2,"adv2_pct":0.0,"adv3_pct":0.3333333333333333,"adv_home_pct":0.5,"money_kl_pct":0.5,"money_kl_tries":2,"pos":"2P","teho_plus":28,"adv_plus":43,"runner_plus":47,"out_avoid_plus":120,"adv1_plus":36,"adv2_plus":0,"adv3_plus":48,"adv_home_plus":87,"money_kl_plus":87,"spark_index":60,"run_value":-0.35775352541464867,"raa":-2.3,"jyk":-1.2,"vyk":-0.05,"teho_plus_adj":28,"pct_kl_pct":null,"pct_saatto_pct":null,"pct_eten_pct":null,"pct_kunnari_rate":null,"pct_lyoty_rate":null,"pct_palo_rate":null,"pct_tehot_per_turn":null},"proj":{"player_id":8170,"name":"Emma Lindfors","as_of":"2026-07-16","age":null,"stats":{"kl_pct":{"rate":0.5535741114964173,"effective_n":10.821827104089301,"observed":0.2706373173361241},"saatto_pct":{"rate":0.5428165434184445,"effective_n":17.624890518651746,"observed":0.2763012250556891},"eten_pct":{"rate":0.5870920036547828,"effective_n":12.72755736123246,"observed":0.306526559360078},"kunnari_rate":{"rate":0.009495357218156442,"effective_n":11.900018845341878,"observed":0.0},"lyoty_rate":{"rate":0.1253844158433876,"effective_n":11.83959243535842,"observed":0.08245719887993308},"haava_rate":{"rate":0.39233555740772924,"effective_n":11.734158274555142,"observed":0.584795174535932},"palo_rate":{"rate":0.28980117373451,"effective_n":11.786667688086162,"observed":0.164328823736993}},"teho_plus_proj":103},"translation":null,"pitching":null,"career_json":[{"year":2014,"kl_pct":0.525,"teho_plus":48},{"year":2026,"kl_pct":0.2727272727272727,"teho_plus":28}],"pct_stats":["kl_pct","saatto_pct","eten_pct","kunnari_rate","lyoty_rate","palo_rate","tehot_per_turn"],"base_kl":{"player_id":8170,"turns_at_bat":12,"kl_base0":0.2,"kl_base0_tries":5,"kl_base1":0.0,"kl_base1_tries":1,"kl_base2":0.3333333333333333,"kl_base2_tries":3,"kl_base3":0.5,"kl_base3_tries":2,"pct_kl_base0":null,"pct_kl_base1":null,"pct_kl_base2":null,"pct_kl_base3":null},"base_keys":["kl_base0","kl_base1","kl_base2","kl_base3"],"comps":[]}