{"player":{"id":8178,"name":"Petra Niemi","born_year":null},"career":[{"year":2014,"season_id":166,"team":"Puhti","age":null,"games":11,"turns_at_bat":60,"vyk":0.07,"spark_index":90,"adv_plus":88,"runner_plus":94,"out_avoid_plus":90,"money_kl_plus":29,"teho_plus":56,"teho_plus_adj":57}],"line":{"player_id":8178,"name":"Petra Niemi","born_year":null,"year":2014,"games":11,"team":"Puhti","turns_at_bat":60,"kunnarit":0,"lyodyt":1,"tuodut":9,"karkilyonnit":35,"karki_yritykset":61,"saatot":49,"saatto_yritykset":87,"etenemiset":76,"eteneminen_yritykset":122,"haavat":23,"palot":23,"season_id":166,"tehot":10,"kl_pct":0.5737704918032787,"saatto_pct":0.5632183908045977,"eten_pct":0.6229508196721312,"kunnari_rate":0.0,"lyoty_rate":0.016666666666666666,"tuotu_rate":0.07377049180327869,"haava_rate":0.38333333333333336,"palo_rate":0.38333333333333336,"tehot_per_turn":0.16666666666666666,"kl_per_turn":0.5833333333333334,"hr_rbi_per_turn":0.016666666666666666,"kl_base0":0.6857142857142857,"kl_base0_tries":35,"kl_base1":0.42857142857142855,"kl_base1_tries":14,"kl_base2":0.6666666666666666,"kl_base2_tries":6,"kl_base3":0.16666666666666666,"kl_base3_tries":6,"adv1_pct":0.6857142857142857,"adv2_pct":0.42857142857142855,"adv3_pct":0.6666666666666666,"adv_home_pct":0.16666666666666666,"money_kl_pct":0.16666666666666666,"money_kl_tries":6,"pos":"3V","teho_plus":56,"adv_plus":88,"runner_plus":94,"out_avoid_plus":90,"adv1_plus":117,"adv2_plus":71,"adv3_plus":96,"adv_home_plus":29,"money_kl_plus":29,"spark_index":90,"run_value":10.52455758606837,"raa":-2.9,"jyk":1.7,"vyk":0.07,"teho_plus_adj":57,"pct_kl_pct":41,"pct_saatto_pct":17,"pct_eten_pct":35,"pct_kunnari_rate":27,"pct_lyoty_rate":7,"pct_palo_rate":18,"pct_tehot_per_turn":18},"proj":null,"translation":null,"pitching":null,"career_json":[{"year":2014,"kl_pct":0.5737704918032787,"teho_plus":56}],"pct_stats":["kl_pct","saatto_pct","eten_pct","kunnari_rate","lyoty_rate","palo_rate","tehot_per_turn"],"base_kl":{"player_id":8178,"turns_at_bat":60,"kl_base0":0.6857142857142857,"kl_base0_tries":35,"kl_base1":0.42857142857142855,"kl_base1_tries":14,"kl_base2":0.6666666666666666,"kl_base2_tries":6,"kl_base3":0.16666666666666666,"kl_base3_tries":6,"pct_kl_base0":78,"pct_kl_base1":19,"pct_kl_base2":41,"pct_kl_base3":3},"base_keys":["kl_base0","kl_base1","kl_base2","kl_base3"],"comps":[]}