{"player":{"id":8199,"name":"Annika Jalo","born_year":null},"career":[{"year":2026,"season_id":178,"team":"Kirittäret","age":null,"games":6,"turns_at_bat":33,"vyk":0.25,"spark_index":112,"adv_plus":113,"runner_plus":105,"out_avoid_plus":118,"money_kl_plus":123,"teho_plus":121,"teho_plus_adj":119}],"line":{"player_id":8199,"name":"Annika Jalo","born_year":null,"year":2026,"games":6,"team":"Kirittäret","turns_at_bat":33,"kunnarit":0,"lyodyt":12,"tuodut":0,"karkilyonnit":25,"karki_yritykset":34,"saatot":63,"saatto_yritykset":87,"etenemiset":43,"eteneminen_yritykset":62,"haavat":13,"palot":6,"season_id":178,"tehot":12,"kl_pct":0.7352941176470589,"saatto_pct":0.7241379310344828,"eten_pct":0.6935483870967742,"kunnari_rate":0.0,"lyoty_rate":0.36363636363636365,"tuotu_rate":0.0,"haava_rate":0.3939393939393939,"palo_rate":0.18181818181818182,"tehot_per_turn":0.36363636363636365,"kl_per_turn":0.7575757575757576,"hr_rbi_per_turn":0.36363636363636365,"kl_base0":0.3333333333333333,"kl_base0_tries":3,"kl_base1":0.5,"kl_base1_tries":2,"kl_base2":0.9166666666666666,"kl_base2_tries":12,"kl_base3":0.7058823529411765,"kl_base3_tries":17,"adv1_pct":0.3333333333333333,"adv2_pct":0.5,"adv3_pct":0.9166666666666666,"adv_home_pct":0.7058823529411765,"money_kl_pct":0.7058823529411765,"money_kl_tries":17,"pos":"2V","teho_plus":121,"adv_plus":113,"runner_plus":105,"out_avoid_plus":118,"adv1_plus":59,"adv2_plus":84,"adv3_plus":132,"adv_home_plus":123,"money_kl_plus":123,"spark_index":112,"run_value":8.092962064456778,"raa":2.9,"jyk":5.7,"vyk":0.25,"teho_plus_adj":119,"pct_kl_pct":null,"pct_saatto_pct":null,"pct_eten_pct":null,"pct_kunnari_rate":null,"pct_lyoty_rate":null,"pct_palo_rate":null,"pct_tehot_per_turn":null},"proj":{"player_id":8199,"name":"Annika Jalo","as_of":"2026-07-09","age":null,"stats":{"kl_pct":{"rate":0.6506029932714479,"effective_n":30.881740946859093,"observed":0.73997100667014},"saatto_pct":{"rate":0.7065093202845817,"effective_n":76.61746637334961,"observed":0.7306605726627463},"eten_pct":{"rate":0.680011532368252,"effective_n":54.49401726452403,"observed":0.6997396365492006},"kunnari_rate":{"rate":0.008306806558561863,"effective_n":30.772476425034206,"observed":0.0},"lyoty_rate":{"rate":0.1952860782059007,"effective_n":29.735940127570803,"observed":0.36625401175563965},"haava_rate":{"rate":0.37626704615163964,"effective_n":27.80443908051488,"observed":0.3996985738061653},"palo_rate":{"rate":0.27191017514634824,"effective_n":28.74740736420747,"observed":0.17067736678741813}},"teho_plus_proj":135},"translation":null,"pitching":null,"career_json":[{"year":2026,"kl_pct":0.7352941176470589,"teho_plus":121}],"pct_stats":["kl_pct","saatto_pct","eten_pct","kunnari_rate","lyoty_rate","palo_rate","tehot_per_turn"],"base_kl":{"player_id":8199,"turns_at_bat":33,"kl_base0":0.3333333333333333,"kl_base0_tries":3,"kl_base1":0.5,"kl_base1_tries":2,"kl_base2":0.9166666666666666,"kl_base2_tries":12,"kl_base3":0.7058823529411765,"kl_base3_tries":17,"pct_kl_base0":null,"pct_kl_base1":null,"pct_kl_base2":null,"pct_kl_base3":null},"base_keys":["kl_base0","kl_base1","kl_base2","kl_base3"],"comps":[]}