{"player":{"id":8316,"name":"Laura Varvelin","born_year":null},"career":[{"year":2014,"age":null,"games":1,"turns_at_bat":0,"vyk":0.0,"spark_index":null,"adv_plus":null,"runner_plus":null,"out_avoid_plus":null,"money_kl_plus":null,"teho_plus":null,"teho_plus_adj":null},{"year":2019,"age":null,"games":18,"turns_at_bat":112,"vyk":-0.04,"spark_index":93,"adv_plus":93,"runner_plus":91,"out_avoid_plus":95,"money_kl_plus":101,"teho_plus":58,"teho_plus_adj":58},{"year":2026,"age":null,"games":12,"turns_at_bat":62,"vyk":-0.13,"spark_index":92,"adv_plus":96,"runner_plus":84,"out_avoid_plus":92,"money_kl_plus":106,"teho_plus":30,"teho_plus_adj":30}],"line":{"player_id":8316,"name":"Laura Varvelin","born_year":null,"year":2026,"games":12,"team":"HP-K","turns_at_bat":62,"kunnarit":0,"lyodyt":2,"tuodut":2,"karkilyonnit":32,"karki_yritykset":56,"saatot":43,"saatto_yritykset":72,"etenemiset":61,"eteneminen_yritykset":115,"haavat":30,"palot":24,"season_id":130,"tehot":4,"kl_pct":0.5714285714285714,"saatto_pct":0.5972222222222222,"eten_pct":0.5304347826086957,"kunnari_rate":0.0,"lyoty_rate":0.03225806451612903,"tuotu_rate":0.017391304347826087,"haava_rate":0.4838709677419355,"palo_rate":0.3870967741935484,"tehot_per_turn":0.06451612903225806,"kl_per_turn":0.5161290322580645,"hr_rbi_per_turn":0.03225806451612903,"kl_base0":0.5384615384615384,"kl_base0_tries":39,"kl_base1":0.8888888888888888,"kl_base1_tries":9,"kl_base2":0.25,"kl_base2_tries":4,"kl_base3":0.5,"kl_base3_tries":4,"adv1_pct":0.5384615384615384,"adv2_pct":0.8888888888888888,"adv3_pct":0.25,"adv_home_pct":0.5,"money_kl_pct":0.5,"money_kl_tries":4,"pos":"S","teho_plus":30,"adv_plus":96,"runner_plus":84,"out_avoid_plus":92,"adv1_plus":93,"adv2_plus":154,"adv3_plus":39,"adv_home_plus":106,"money_kl_plus":106,"spark_index":92,"run_value":2.3872129280216634,"raa":-5.3,"jyk":-2.0,"vyk":-0.13,"teho_plus_adj":30,"pct_kl_pct":48,"pct_saatto_pct":32,"pct_eten_pct":6,"pct_kunnari_rate":36,"pct_lyoty_rate":38,"pct_palo_rate":35,"pct_tehot_per_turn":1},"proj":{"player_id":8316,"name":"Laura Varvelin","as_of":"2026-07-01","age":null,"stats":{"kl_pct":{"rate":0.57027466232301,"effective_n":51.72624468011931,"observed":0.5726391439840086},"saatto_pct":{"rate":0.612697572966305,"effective_n":64.98072911251515,"observed":0.5983892572519572},"eten_pct":{"rate":0.5662489195633765,"effective_n":104.50221608667026,"observed":0.5340359868764266},"kunnari_rate":{"rate":0.0035562207791222725,"effective_n":59.51282327665787,"observed":0.0},"lyoty_rate":{"rate":0.07024165117024166,"effective_n":57.406410485967356,"observed":0.03302433046691597},"haava_rate":{"rate":0.4125516578276375,"effective_n":54.51321749369378,"observed":0.47864423121352584},"palo_rate":{"rate":0.3572328128395185,"effective_n":55.914090367998966,"observed":0.39122708104598447}},"teho_plus_proj":115},"translation":{"wrc_plus":42,"tier":"replacement level","rows":[{"pesis_label":"Kärkilyönti-% (advance the lead runner)","pesis_value":0.5714285714285714,"percentile":48,"mlb_stat":"AVG","mlb_value":"0.247"},{"pesis_label":"Kärkilyönnit per turn (base hits)","pesis_value":0.5161290322580645,"percentile":42,"mlb_stat":"H / 600 PA","mlb_value":"146"},{"pesis_label":"Lyödyt per turn (runs batted home)","pesis_value":0.03225806451612903,"percentile":38,"mlb_stat":"RBI / 600 PA","mlb_value":"66"},{"pesis_label":"Tuodut per advance (runs scored)","pesis_value":0.017391304347826087,"percentile":12,"mlb_stat":"R / 600 PA","mlb_value":"55"},{"pesis_label":"Palot per turn (burned outs)","pesis_value":0.3870967741935484,"percentile":35,"mlb_stat":"K%","mlb_value":"24.3%"}]},"pitching":null,"career_json":[{"year":2014,"kl_pct":null,"teho_plus":null},{"year":2019,"kl_pct":0.4731182795698925,"teho_plus":58},{"year":2026,"kl_pct":0.5714285714285714,"teho_plus":30}],"pct_stats":["kl_pct","saatto_pct","eten_pct","kunnari_rate","lyoty_rate","palo_rate","tehot_per_turn"],"base_kl":{"player_id":8316,"turns_at_bat":62,"kl_base0":0.5384615384615384,"kl_base0_tries":39,"kl_base1":0.8888888888888888,"kl_base1_tries":9,"kl_base2":0.25,"kl_base2_tries":4,"kl_base3":0.5,"kl_base3_tries":4,"pct_kl_base0":51,"pct_kl_base1":94,"pct_kl_base2":4,"pct_kl_base3":54},"base_keys":["kl_base0","kl_base1","kl_base2","kl_base3"],"comps":[]}