{"player":{"id":836,"name":"Irma Mäenpää","born_year":null},"career":[{"year":1990,"season_id":2,"team":"Manse","age":null,"games":13,"turns_at_bat":82,"vyk":-0.24,"spark_index":78,"adv_plus":74,"runner_plus":74,"out_avoid_plus":95,"money_kl_plus":67,"teho_plus":26,"teho_plus_adj":25}],"line":{"player_id":836,"name":"Irma Mäenpää","born_year":null,"year":1990,"games":13,"team":"Manse","turns_at_bat":82,"kunnarit":0,"lyodyt":4,"tuodut":2,"karkilyonnit":31,"karki_yritykset":81,"saatot":74,"saatto_yritykset":142,"etenemiset":65,"eteneminen_yritykset":134,"haavat":38,"palot":31,"season_id":2,"tehot":6,"kl_pct":0.38271604938271603,"saatto_pct":0.5211267605633803,"eten_pct":0.48507462686567165,"kunnari_rate":0.0,"lyoty_rate":0.04878048780487805,"tuotu_rate":0.014925373134328358,"haava_rate":0.4634146341463415,"palo_rate":0.3780487804878049,"tehot_per_turn":0.07317073170731707,"kl_per_turn":0.3780487804878049,"hr_rbi_per_turn":0.04878048780487805,"kl_base0":0.25806451612903225,"kl_base0_tries":31,"kl_base1":0.39285714285714285,"kl_base1_tries":28,"kl_base2":0.7272727272727273,"kl_base2_tries":11,"kl_base3":0.36363636363636365,"kl_base3_tries":11,"adv1_pct":0.25806451612903225,"adv2_pct":0.39285714285714285,"adv3_pct":0.7272727272727273,"adv_home_pct":0.36363636363636365,"money_kl_pct":0.36363636363636365,"money_kl_tries":11,"pos":"1V","teho_plus":26,"adv_plus":74,"runner_plus":74,"out_avoid_plus":95,"adv1_plus":48,"adv2_plus":63,"adv3_plus":107,"adv_home_plus":67,"money_kl_plus":67,"spark_index":78,"run_value":5.993481353189667,"raa":-9.3,"jyk":-5.4,"vyk":-0.24,"teho_plus_adj":25,"pct_kl_pct":4,"pct_saatto_pct":10,"pct_eten_pct":3,"pct_kunnari_rate":16,"pct_lyoty_rate":18,"pct_palo_rate":37,"pct_tehot_per_turn":3},"proj":null,"translation":null,"pitching":null,"career_json":[{"year":1990,"kl_pct":0.38271604938271603,"teho_plus":26}],"pct_stats":["kl_pct","saatto_pct","eten_pct","kunnari_rate","lyoty_rate","palo_rate","tehot_per_turn"],"base_kl":{"player_id":836,"turns_at_bat":82,"kl_base0":0.25806451612903225,"kl_base0_tries":31,"kl_base1":0.39285714285714285,"kl_base1_tries":28,"kl_base2":0.7272727272727273,"kl_base2_tries":11,"kl_base3":0.36363636363636365,"kl_base3_tries":11,"pct_kl_base0":3,"pct_kl_base1":9,"pct_kl_base2":67,"pct_kl_base3":14},"base_keys":["kl_base0","kl_base1","kl_base2","kl_base3"],"comps":[]}