{"player":{"id":8416,"name":"Konsta Kettunen","born_year":null},"career":[{"player_id":8416,"name":"Konsta Kettunen","born_year":null,"year":2026,"games":16,"team":"JoMa","turns_at_bat":114,"kunnarit":1,"lyodyt":2,"tuodut":11,"karkilyonnit":69,"karki_yritykset":103,"saatot":94,"saatto_yritykset":142,"etenemiset":149,"eteneminen_yritykset":241,"haavat":47,"palot":45,"season_id":1,"tehot":14,"kl_pct":0.6699029126213593,"saatto_pct":0.6619718309859155,"eten_pct":0.6182572614107884,"kunnari_rate":0.008771929824561403,"lyoty_rate":0.017543859649122806,"tuotu_rate":0.04564315352697095,"haava_rate":0.41228070175438597,"palo_rate":0.39473684210526316,"tehot_per_turn":0.12280701754385964,"kl_per_turn":0.6052631578947368,"hr_rbi_per_turn":0.02631578947368421,"kl_base0":0.7105263157894737,"kl_base0_tries":76,"kl_base1":0.5,"kl_base1_tries":10,"kl_base2":0.6363636363636364,"kl_base2_tries":11,"kl_base3":0.5,"kl_base3_tries":6,"adv1_pct":0.7105263157894737,"adv2_pct":0.5,"adv3_pct":0.6363636363636364,"adv_home_pct":0.5,"money_kl_pct":0.5,"money_kl_tries":6,"teho_plus":76,"adv_plus":117,"runner_plus":105,"out_avoid_plus":90,"adv1_plus":133,"adv2_plus":94,"adv3_plus":112,"adv_home_plus":111,"money_kl_plus":111,"spark_index":108,"teho_plus_adj":77}],"line":{"player_id":8416,"name":"Konsta Kettunen","born_year":null,"year":2026,"games":16,"team":"JoMa","turns_at_bat":114,"kunnarit":1,"lyodyt":2,"tuodut":11,"karkilyonnit":69,"karki_yritykset":103,"saatot":94,"saatto_yritykset":142,"etenemiset":149,"eteneminen_yritykset":241,"haavat":47,"palot":45,"season_id":1,"tehot":14,"kl_pct":0.6699029126213593,"saatto_pct":0.6619718309859155,"eten_pct":0.6182572614107884,"kunnari_rate":0.008771929824561403,"lyoty_rate":0.017543859649122806,"tuotu_rate":0.04564315352697095,"haava_rate":0.41228070175438597,"palo_rate":0.39473684210526316,"tehot_per_turn":0.12280701754385964,"kl_per_turn":0.6052631578947368,"hr_rbi_per_turn":0.02631578947368421,"kl_base0":0.7105263157894737,"kl_base0_tries":76,"kl_base1":0.5,"kl_base1_tries":10,"kl_base2":0.6363636363636364,"kl_base2_tries":11,"kl_base3":0.5,"kl_base3_tries":6,"adv1_pct":0.7105263157894737,"adv2_pct":0.5,"adv3_pct":0.6363636363636364,"adv_home_pct":0.5,"money_kl_pct":0.5,"money_kl_tries":6,"teho_plus":76,"adv_plus":117,"runner_plus":105,"out_avoid_plus":90,"adv1_plus":133,"adv2_plus":94,"adv3_plus":112,"adv_home_plus":111,"money_kl_plus":111,"spark_index":108,"teho_plus_adj":77,"pct_kl_pct":92,"pct_saatto_pct":82,"pct_eten_pct":68,"pct_kunnari_rate":64,"pct_lyoty_rate":39,"pct_palo_rate":25,"pct_tehot_per_turn":43},"proj":{"player_id":8416,"name":"Konsta Kettunen","as_of":"2026-07-02","age":null,"stats":{"kl_pct":{"rate":0.6164932135643498,"effective_n":93.74681700518065,"observed":0.6750110590451645},"saatto_pct":{"rate":0.6466274823493061,"effective_n":126.57536819578912,"observed":0.6646579712930224},"eten_pct":{"rate":0.6142194138088996,"effective_n":213.11886579174282,"observed":0.6203742507340486},"kunnari_rate":{"rate":0.007768081251140256,"effective_n":106.94482727255068,"observed":0.008876347377610292},"lyoty_rate":{"rate":0.04202527912409324,"effective_n":103.62749293187973,"observed":0.018708158943689008},"haava_rate":{"rate":0.42000271900257874,"effective_n":97.38380353054708,"observed":0.41030339397749904},"palo_rate":{"rate":0.3635792005655988,"effective_n":100.44236577450226,"observed":0.39479409232265905}},"teho_plus_proj":145},"career_json":[{"year":2026,"kl_pct":0.6699029126213593,"teho_plus":76}],"pct_stats":["kl_pct","saatto_pct","eten_pct","kunnari_rate","lyoty_rate","palo_rate","tehot_per_turn"],"base_kl":{"player_id":8416,"turns_at_bat":114,"kl_base0":0.7105263157894737,"kl_base0_tries":76,"kl_base1":0.5,"kl_base1_tries":10,"kl_base2":0.6363636363636364,"kl_base2_tries":11,"kl_base3":0.5,"kl_base3_tries":6,"pct_kl_base0":92,"pct_kl_base1":48,"pct_kl_base2":63,"pct_kl_base3":59},"base_keys":["kl_base0","kl_base1","kl_base2","kl_base3"],"log":[{"player_id":8416,"season_id":1,"match_id":129036,"date":"2026-05-06","team":"JoMa","opponent":"AA","home":0,"turns_at_bat":9,"kunnarit":0,"lyodyt":0,"tuodut":3,"karkilyonnit":3,"karki_yritykset":6,"saatot":4,"saatto_yritykset":7,"etenemiset":14,"eteneminen_yritykset":18,"haavat":2,"palot":2,"stadium":"Saltex Areena, Alajärvi","tehot":3,"kl_pct":0.5},{"player_id":8416,"season_id":1,"match_id":128907,"date":"2026-05-09","team":"JoMa","opponent":"ViVe","home":1,"turns_at_bat":9,"kunnarit":0,"lyodyt":0,"tuodut":0,"karkilyonnit":4,"karki_yritykset":8,"saatot":5,"saatto_yritykset":10,"etenemiset":6,"eteneminen_yritykset":15,"haavat":6,"palot":3,"stadium":"Ilosaarirock Stadion, Joensuu","tehot":0,"kl_pct":0.5},{"player_id":8416,"season_id":1,"match_id":128976,"date":"2026-05-12","team":"JoMa","opponent":"PattU","home":0,"turns_at_bat":7,"kunnarit":0,"lyodyt":0,"tuodut":0,"karkilyonnit":3,"karki_yritykset":5,"saatot":3,"saatto_yritykset":5,"etenemiset":8,"eteneminen_yritykset":15,"haavat":3,"palot":4,"stadium":"MiiluAreena, Raahe","tehot":0,"kl_pct":0.6},{"player_id":8416,"season_id":1,"match_id":129043,"date":"2026-05-15","team":"JoMa","opponent":"IPV","home":1,"turns_at_bat":6,"kunnarit":0,"lyodyt":0,"tuodut":0,"karkilyonnit":1,"karki_yritykset":5,"saatot":1,"saatto_yritykset":5,"etenemiset":4,"eteneminen_yritykset":10,"haavat":3,"palot":3,"stadium":"Ilosaarirock Stadion, Joensuu","tehot":0,"kl_pct":0.2},{"player_id":8416,"season_id":1,"match_id":129028,"date":"2026-05-20","team":"JoMa","opponent":"PattU","home":0,"turns_at_bat":7,"kunnarit":0,"lyodyt":0,"tuodut":1,"karkilyonnit":6,"karki_yritykset":8,"saatot":6,"saatto_yritykset":8,"etenemiset":12,"eteneminen_yritykset":18,"haavat":4,"palot":2,"stadium":"MiiluAreena, Raahe","tehot":1,"kl_pct":0.75},{"player_id":8416,"season_id":1,"match_id":128872,"date":"2026-05-22","team":"JoMa","opponent":"Manse","home":1,"turns_at_bat":7,"kunnarit":0,"lyodyt":0,"tuodut":0,"karkilyonnit":4,"karki_yritykset":7,"saatot":4,"saatto_yritykset":7,"etenemiset":4,"eteneminen_yritykset":11,"haavat":4,"palot":3,"stadium":"Ilosaarirock Stadion, Joensuu","tehot":0,"kl_pct":0.5714285714285714},{"player_id":8416,"season_id":1,"match_id":128979,"date":"2026-05-24","team":"JoMa","opponent":"KeKi","home":1,"turns_at_bat":8,"kunnarit":0,"lyodyt":0,"tuodut":1,"karkilyonnit":5,"karki_yritykset":6,"saatot":9,"saatto_yritykset":11,"etenemiset":15,"eteneminen_yritykset":21,"haavat":3,"palot":3,"stadium":"Ilosaarirock Stadion, Joensuu","tehot":1,"kl_pct":0.8333333333333334},{"player_id":8416,"season_id":1,"match_id":128882,"date":"2026-05-29","team":"JoMa","opponent":"KPL","home":1,"turns_at_bat":6,"kunnarit":0,"lyodyt":0,"tuodut":0,"karkilyonnit":6,"karki_yritykset":6,"saatot":7,"saatto_yritykset":7,"etenemiset":10,"eteneminen_yritykset":15,"haavat":2,"palot":3,"stadium":"Ilosaarirock Stadion, Joensuu","tehot":0,"kl_pct":1.0},{"player_id":8416,"season_id":1,"match_id":129061,"date":"2026-05-31","team":"JoMa","opponent":"KPL","home":0,"turns_at_bat":6,"kunnarit":0,"lyodyt":0,"tuodut":0,"karkilyonnit":3,"karki_yritykset":5,"saatot":4,"saatto_yritykset":6,"etenemiset":6,"eteneminen_yritykset":11,"haavat":0,"palot":5,"stadium":"KSS Energia Areena, Kouvola","tehot":0,"kl_pct":0.6},{"player_id":8416,"season_id":1,"match_id":128909,"date":"2026-06-02","team":"JoMa","opponent":"AA","home":1,"turns_at_bat":9,"kunnarit":0,"lyodyt":0,"tuodut":0,"karkilyonnit":7,"karki_yritykset":9,"saatot":12,"saatto_yritykset":14,"etenemiset":13,"eteneminen_yritykset":20,"haavat":4,"palot":3,"stadium":"Ilosaarirock Stadion, Joensuu","tehot":0,"kl_pct":0.7777777777777778},{"player_id":8416,"season_id":1,"match_id":128891,"date":"2026-06-06","team":"JoMa","opponent":"KoU","home":0,"turns_at_bat":8,"kunnarit":1,"lyodyt":0,"tuodut":3,"karkilyonnit":7,"karki_yritykset":11,"saatot":9,"saatto_yritykset":16,"etenemiset":12,"eteneminen_yritykset":17,"haavat":2,"palot":3,"stadium":"Sähkökoje Areena, Koskenkorva (Ilmajoki)","tehot":4,"kl_pct":0.6363636363636364},{"player_id":8416,"season_id":1,