{"player":{"id":851,"name":"Riitta Mäkisalo","born_year":null},"career":[{"year":1990,"season_id":2,"team":"UPV","age":null,"games":20,"turns_at_bat":102,"vyk":0.36,"spark_index":101,"adv_plus":103,"runner_plus":95,"out_avoid_plus":107,"money_kl_plus":90,"teho_plus":110,"teho_plus_adj":112}],"line":{"player_id":851,"name":"Riitta Mäkisalo","born_year":null,"year":1990,"games":20,"team":"UPV","turns_at_bat":102,"kunnarit":1,"lyodyt":24,"tuodut":7,"karkilyonnit":84,"karki_yritykset":131,"saatot":193,"saatto_yritykset":291,"etenemiset":134,"eteneminen_yritykset":214,"haavat":49,"palot":31,"season_id":2,"tehot":32,"kl_pct":0.6412213740458015,"saatto_pct":0.6632302405498282,"eten_pct":0.6261682242990654,"kunnari_rate":0.00980392156862745,"lyoty_rate":0.23529411764705882,"tuotu_rate":0.03271028037383177,"haava_rate":0.4803921568627451,"palo_rate":0.30392156862745096,"tehot_per_turn":0.3137254901960784,"kl_per_turn":0.8235294117647058,"hr_rbi_per_turn":0.24509803921568626,"kl_base0":0.38461538461538464,"kl_base0_tries":13,"kl_base1":0.8461538461538461,"kl_base1_tries":26,"kl_base2":0.7804878048780488,"kl_base2_tries":41,"kl_base3":0.49019607843137253,"kl_base3_tries":51,"adv1_pct":0.38461538461538464,"adv2_pct":0.8461538461538461,"adv3_pct":0.7804878048780488,"adv_home_pct":0.49019607843137253,"money_kl_pct":0.49019607843137253,"money_kl_tries":51,"pos":"L","teho_plus":110,"adv_plus":103,"runner_plus":95,"out_avoid_plus":107,"adv1_plus":72,"adv2_plus":136,"adv3_plus":115,"adv_home_plus":90,"money_kl_plus":90,"spark_index":101,"run_value":22.33862966031596,"raa":3.3,"jyk":8.2,"vyk":0.36,"teho_plus_adj":112,"pct_kl_pct":69,"pct_saatto_pct":56,"pct_eten_pct":35,"pct_kunnari_rate":53,"pct_lyoty_rate":89,"pct_palo_rate":72,"pct_tehot_per_turn":66},"proj":null,"translation":null,"pitching":null,"career_json":[{"year":1990,"kl_pct":0.6412213740458015,"teho_plus":110}],"pct_stats":["kl_pct","saatto_pct","eten_pct","kunnari_rate","lyoty_rate","palo_rate","tehot_per_turn"],"base_kl":{"player_id":851,"turns_at_bat":102,"kl_base0":0.38461538461538464,"kl_base0_tries":13,"kl_base1":0.8461538461538461,"kl_base1_tries":26,"kl_base2":0.7804878048780488,"kl_base2_tries":41,"kl_base3":0.49019607843137253,"kl_base3_tries":51,"pct_kl_base0":25,"pct_kl_base1":95,"pct_kl_base2":87,"pct_kl_base3":42},"base_keys":["kl_base0","kl_base1","kl_base2","kl_base3"],"comps":[]}