{"player":{"id":8518,"name":"Otto Kauppinen","born_year":null},"career":[{"player_id":8518,"name":"Otto Kauppinen","born_year":null,"year":2026,"games":14,"team":"KiPa","turns_at_bat":99,"kunnarit":1,"lyodyt":1,"tuodut":14,"karkilyonnit":74,"karki_yritykset":101,"saatot":115,"saatto_yritykset":156,"etenemiset":148,"eteneminen_yritykset":229,"haavat":23,"palot":58,"season_id":1,"tehot":16,"kl_pct":0.7326732673267327,"saatto_pct":0.7371794871794872,"eten_pct":0.6462882096069869,"kunnari_rate":0.010101010101010102,"lyoty_rate":0.010101010101010102,"tuotu_rate":0.0611353711790393,"haava_rate":0.23232323232323232,"palo_rate":0.5858585858585859,"tehot_per_turn":0.16161616161616163,"kl_per_turn":0.7474747474747475,"hr_rbi_per_turn":0.020202020202020204,"kl_base0":0.75,"kl_base0_tries":48,"kl_base1":0.7317073170731707,"kl_base1_tries":41,"kl_base2":0.75,"kl_base2_tries":8,"kl_base3":0.5,"kl_base3_tries":4,"adv1_pct":0.75,"adv2_pct":0.7317073170731707,"adv3_pct":0.75,"adv_home_pct":0.5,"money_kl_pct":0.5,"money_kl_tries":4,"teho_plus":100,"adv_plus":130,"runner_plus":110,"out_avoid_plus":61,"adv1_plus":140,"adv2_plus":138,"adv3_plus":132,"adv_home_plus":111,"money_kl_plus":111,"spark_index":110,"run_value":6.48983775148513,"raa":-0.7,"jyk":3.4,"vyk":0.3,"teho_plus_adj":103}],"line":{"player_id":8518,"name":"Otto Kauppinen","born_year":null,"year":2026,"games":14,"team":"KiPa","turns_at_bat":99,"kunnarit":1,"lyodyt":1,"tuodut":14,"karkilyonnit":74,"karki_yritykset":101,"saatot":115,"saatto_yritykset":156,"etenemiset":148,"eteneminen_yritykset":229,"haavat":23,"palot":58,"season_id":1,"tehot":16,"kl_pct":0.7326732673267327,"saatto_pct":0.7371794871794872,"eten_pct":0.6462882096069869,"kunnari_rate":0.010101010101010102,"lyoty_rate":0.010101010101010102,"tuotu_rate":0.0611353711790393,"haava_rate":0.23232323232323232,"palo_rate":0.5858585858585859,"tehot_per_turn":0.16161616161616163,"kl_per_turn":0.7474747474747475,"hr_rbi_per_turn":0.020202020202020204,"kl_base0":0.75,"kl_base0_tries":48,"kl_base1":0.7317073170731707,"kl_base1_tries":41,"kl_base2":0.75,"kl_base2_tries":8,"kl_base3":0.5,"kl_base3_tries":4,"adv1_pct":0.75,"adv2_pct":0.7317073170731707,"adv3_pct":0.75,"adv_home_pct":0.5,"money_kl_pct":0.5,"money_kl_tries":4,"teho_plus":100,"adv_plus":130,"runner_plus":110,"out_avoid_plus":61,"adv1_plus":140,"adv2_plus":138,"adv3_plus":132,"adv_home_plus":111,"money_kl_plus":111,"spark_index":110,"run_value":6.48983775148513,"raa":-0.7,"jyk":3.4,"vyk":0.3,"teho_plus_adj":103,"pct_kl_pct":99,"pct_saatto_pct":97,"pct_eten_pct":83,"pct_kunnari_rate":71,"pct_lyoty_rate":28,"pct_palo_rate":2,"pct_tehot_per_turn":61},"proj":{"player_id":8518,"name":"Otto Kauppinen","as_of":"2026-07-02","age":null,"stats":{"kl_pct":{"rate":0.6514139844197241,"effective_n":93.31887687113581,"observed":0.7326527247189522},"saatto_pct":{"rate":0.704063502172018,"effective_n":141.28909777290565,"observed":0.7364768775979859},"eten_pct":{"rate":0.6351223327819349,"effective_n":206.04355853336025,"observed":0.6465609714370282},"kunnari_rate":{"rate":0.008232541342640416,"effective_n":93.91053207151377,"observed":0.010088121719021162},"lyoty_rate":{"rate":0.03943669395534106,"effective_n":91.50034875331768,"observed":0.010765966947957005},"haava_rate":{"rate":0.3386142765065194,"effective_n":86.93212998081367,"observed":0.2341258507169756},"palo_rate":{"rate":0.46064677443180296,"effective_n":89.17529982446764,"observed":0.582885819394112}},"teho_plus_proj":148},"career_json":[{"year":2026,"kl_pct":0.7326732673267327,"teho_plus":100}],"pct_stats":["kl_pct","saatto_pct","eten_pct","kunnari_rate","lyoty_rate","palo_rate","tehot_per_turn"],"base_kl":{"player_id":8518,"turns_at_bat":99,"kl_base0":0.75,"kl_base0_tries":48,"kl_base1":0.7317073170731707,"kl_base1_tries":41,"kl_base2":0.75,"kl_base2_tries":8,"kl_base3":0.5,"kl_base3_tries":4,"pct_kl_base0":96,"pct_kl_base1":89,"pct_kl_base2":82,"pct_kl_base3":59},"base_keys":["kl_base0","kl_base1","kl_base2","kl_base3"],"comps":[]}