{"player":{"id":8575,"name":"Kasperi Salmela","born_year":null},"career":[{"player_id":8575,"name":"Kasperi Salmela","born_year":null,"year":2026,"games":11,"team":"Ura","turns_at_bat":62,"kunnarit":0,"lyodyt":1,"tuodut":5,"karkilyonnit":28,"karki_yritykset":49,"saatot":38,"saatto_yritykset":63,"etenemiset":70,"eteneminen_yritykset":126,"haavat":29,"palot":27,"season_id":3,"tehot":6,"kl_pct":0.5714285714285714,"saatto_pct":0.6031746031746031,"eten_pct":0.5555555555555556,"kunnari_rate":0.0,"lyoty_rate":0.016129032258064516,"tuotu_rate":0.03968253968253968,"haava_rate":0.46774193548387094,"palo_rate":0.43548387096774194,"tehot_per_turn":0.0967741935483871,"kl_per_turn":0.45161290322580644,"hr_rbi_per_turn":0.016129032258064516,"kl_base0":0.5777777777777777,"kl_base0_tries":45,"kl_base1":1.0,"kl_base1_tries":1,"kl_base2":0.0,"kl_base2_tries":1,"kl_base3":0.5,"kl_base3_tries":2,"adv1_pct":0.5777777777777777,"adv2_pct":1.0,"adv3_pct":0.0,"adv_home_pct":0.5,"money_kl_pct":0.5,"money_kl_tries":2,"teho_plus":57,"adv_plus":104,"runner_plus":94,"out_avoid_plus":84,"adv1_plus":121,"adv2_plus":181,"adv3_plus":0,"adv_home_plus":110,"money_kl_plus":110,"spark_index":97,"run_value":3.9693147922032,"raa":-2.7,"jyk":0.9,"vyk":0.08,"teho_plus_adj":59}],"line":{"player_id":8575,"name":"Kasperi Salmela","born_year":null,"year":2026,"games":11,"team":"Ura","turns_at_bat":62,"kunnarit":0,"lyodyt":1,"tuodut":5,"karkilyonnit":28,"karki_yritykset":49,"saatot":38,"saatto_yritykset":63,"etenemiset":70,"eteneminen_yritykset":126,"haavat":29,"palot":27,"season_id":3,"tehot":6,"kl_pct":0.5714285714285714,"saatto_pct":0.6031746031746031,"eten_pct":0.5555555555555556,"kunnari_rate":0.0,"lyoty_rate":0.016129032258064516,"tuotu_rate":0.03968253968253968,"haava_rate":0.46774193548387094,"palo_rate":0.43548387096774194,"tehot_per_turn":0.0967741935483871,"kl_per_turn":0.45161290322580644,"hr_rbi_per_turn":0.016129032258064516,"kl_base0":0.5777777777777777,"kl_base0_tries":45,"kl_base1":1.0,"kl_base1_tries":1,"kl_base2":0.0,"kl_base2_tries":1,"kl_base3":0.5,"kl_base3_tries":2,"adv1_pct":0.5777777777777777,"adv2_pct":1.0,"adv3_pct":0.0,"adv_home_pct":0.5,"money_kl_pct":0.5,"money_kl_tries":2,"teho_plus":57,"adv_plus":104,"runner_plus":94,"out_avoid_plus":84,"adv1_plus":121,"adv2_plus":181,"adv3_plus":0,"adv_home_plus":110,"money_kl_plus":110,"spark_index":97,"run_value":3.9693147922032,"raa":-2.7,"jyk":0.9,"vyk":0.08,"teho_plus_adj":59,"pct_kl_pct":76,"pct_saatto_pct":56,"pct_eten_pct":30,"pct_kunnari_rate":31,"pct_lyoty_rate":37,"pct_palo_rate":18,"pct_tehot_per_turn":27},"proj":{"player_id":8575,"name":"Kasperi Salmela","as_of":"2026-07-02","age":null,"stats":{"kl_pct":{"rate":0.5397581428497492,"effective_n":44.40170839280141,"observed":0.5753056346652408},"saatto_pct":{"rate":0.5988451524131801,"effective_n":55.23011544145716,"observed":0.603702481237537},"eten_pct":{"rate":0.5637135134761075,"effective_n":110.8179374274859,"observed":0.5517015387341959},"kunnari_rate":{"rate":0.004285962626450334,"effective_n":58.31614188498844,"observed":0.0},"lyoty_rate":{"rate":0.05102741297732133,"effective_n":56.57936255720374,"observed":0.01539285690474671},"haava_rate":{"rate":0.439712540741019,"effective_n":53.30201778872937,"observed":0.4707246857325619},"palo_rate":{"rate":0.37177603381003677,"effective_n":54.908887229732485,"observed":0.4346377211874017}},"teho_plus_proj":133},"career_json":[{"year":2026,"kl_pct":0.5714285714285714,"teho_plus":57}],"pct_stats":["kl_pct","saatto_pct","eten_pct","kunnari_rate","lyoty_rate","palo_rate","tehot_per_turn"],"base_kl":{"player_id":8575,"turns_at_bat":62,"kl_base0":0.5777777777777777,"kl_base0_tries":45,"kl_base1":1.0,"kl_base1_tries":1,"kl_base2":0.0,"kl_base2_tries":1,"kl_base3":0.5,"kl_base3_tries":2,"pct_kl_base0":87,"pct_kl_base1":98,"pct_kl_base2":1,"pct_kl_base3":64},"base_keys":["kl_base0","kl_base1","kl_base2","kl_base3"],"comps":[]}