{"player":{"id":8610,"name":"Eetu Isohanni","born_year":null},"career":[{"player_id":8610,"name":"Eetu Isohanni","born_year":null,"year":2026,"games":6,"team":"Ura","turns_at_bat":32,"kunnarit":1,"lyodyt":9,"tuodut":2,"karkilyonnit":18,"karki_yritykset":35,"saatot":53,"saatto_yritykset":90,"etenemiset":39,"eteneminen_yritykset":63,"haavat":17,"palot":7,"season_id":3,"tehot":12,"kl_pct":0.5142857142857142,"saatto_pct":0.5888888888888889,"eten_pct":0.6190476190476191,"kunnari_rate":0.03125,"lyoty_rate":0.28125,"tuotu_rate":0.031746031746031744,"haava_rate":0.53125,"palo_rate":0.21875,"tehot_per_turn":0.375,"kl_per_turn":0.5625,"hr_rbi_per_turn":0.3125,"kl_base0":1.0,"kl_base0_tries":1,"kl_base1":0.42857142857142855,"kl_base1_tries":7,"kl_base2":0.5,"kl_base2_tries":8,"kl_base3":0.5263157894736842,"kl_base3_tries":19,"adv1_pct":1.0,"adv2_pct":0.42857142857142855,"adv3_pct":0.5,"adv_home_pct":0.5263157894736842,"money_kl_pct":0.5263157894736842,"money_kl_tries":19,"pos":"3V","teho_plus":222,"adv_plus":100,"runner_plus":105,"out_avoid_plus":116,"adv1_plus":210,"adv2_plus":78,"adv3_plus":87,"adv_home_plus":116,"money_kl_plus":116,"spark_index":105,"run_value":6.881394544959949,"raa":3.5,"jyk":5.3,"vyk":0.45,"teho_plus_adj":224}],"line":{"player_id":8610,"name":"Eetu Isohanni","born_year":null,"year":2026,"games":6,"team":"Ura","turns_at_bat":32,"kunnarit":1,"lyodyt":9,"tuodut":2,"karkilyonnit":18,"karki_yritykset":35,"saatot":53,"saatto_yritykset":90,"etenemiset":39,"eteneminen_yritykset":63,"haavat":17,"palot":7,"season_id":3,"tehot":12,"kl_pct":0.5142857142857142,"saatto_pct":0.5888888888888889,"eten_pct":0.6190476190476191,"kunnari_rate":0.03125,"lyoty_rate":0.28125,"tuotu_rate":0.031746031746031744,"haava_rate":0.53125,"palo_rate":0.21875,"tehot_per_turn":0.375,"kl_per_turn":0.5625,"hr_rbi_per_turn":0.3125,"kl_base0":1.0,"kl_base0_tries":1,"kl_base1":0.42857142857142855,"kl_base1_tries":7,"kl_base2":0.5,"kl_base2_tries":8,"kl_base3":0.5263157894736842,"kl_base3_tries":19,"adv1_pct":1.0,"adv2_pct":0.42857142857142855,"adv3_pct":0.5,"adv_home_pct":0.5263157894736842,"money_kl_pct":0.5263157894736842,"money_kl_tries":19,"pos":"3V","teho_plus":222,"adv_plus":100,"runner_plus":105,"out_avoid_plus":116,"adv1_plus":210,"adv2_plus":78,"adv3_plus":87,"adv_home_plus":116,"money_kl_plus":116,"spark_index":105,"run_value":6.881394544959949,"raa":3.5,"jyk":5.3,"vyk":0.45,"teho_plus_adj":224,"pct_kl_pct":null,"pct_saatto_pct":null,"pct_eten_pct":null,"pct_kunnari_rate":null,"pct_lyoty_rate":null,"pct_palo_rate":null,"pct_tehot_per_turn":null},"proj":{"player_id":8610,"name":"Eetu Isohanni","as_of":"2026-07-02","age":null,"stats":{"kl_pct":{"rate":0.5144645757141401,"effective_n":32.98327313719573,"observed":0.5163065802143507},"saatto_pct":{"rate":0.5860255239677132,"effective_n":82.1800839723238,"observed":0.5830501764833437},"eten_pct":{"rate":0.6005488937584761,"effective_n":57.067196239635074,"observed":0.6094967093589574},"kunnari_rate":{"rate":0.011243249730640587,"effective_n":30.732232312976656,"observed":0.030276479790469577},"lyoty_rate":{"rate":0.13234752539376085,"effective_n":30.1247306916083,"observed":0.2813755307120143},"haava_rate":{"rate":0.44984978828178734,"effective_n":28.959947041043563,"observed":0.5419333357517905},"palo_rate":{"rate":0.2979241536807775,"effective_n":29.534133630876426,"observed":0.21474971092352696}},"teho_plus_proj":192},"career_json":[{"year":2026,"kl_pct":0.5142857142857142,"teho_plus":222}],"pct_stats":["kl_pct","saatto_pct","eten_pct","kunnari_rate","lyoty_rate","palo_rate","tehot_per_turn"],"base_kl":{"player_id":8610,"turns_at_bat":32,"kl_base0":1.0,"kl_base0_tries":1,"kl_base1":0.42857142857142855,"kl_base1_tries":7,"kl_base2":0.5,"kl_base2_tries":8,"kl_base3":0.5263157894736842,"kl_base3_tries":19,"pct_kl_base0":null,"pct_kl_base1":null,"pct_kl_base2":null,"pct_kl_base3":null},"base_keys":["kl_base0","kl_base1","kl_base2","kl_base3"],"comps":[]}