{"player":{"id":8670,"name":"Emmi Hannuniemi","born_year":null},"career":[{"player_id":8670,"name":"Emmi Hannuniemi","born_year":null,"year":2026,"games":14,"team":"TyTe","turns_at_bat":84,"kunnarit":0,"lyodyt":3,"tuodut":7,"karkilyonnit":50,"karki_yritykset":92,"saatot":113,"saatto_yritykset":176,"etenemiset":93,"eteneminen_yritykset":157,"haavat":47,"palot":17,"season_id":4,"tehot":10,"kl_pct":0.5434782608695652,"saatto_pct":0.6420454545454546,"eten_pct":0.5923566878980892,"kunnari_rate":0.0,"lyoty_rate":0.03571428571428571,"tuotu_rate":0.044585987261146494,"haava_rate":0.5595238095238095,"palo_rate":0.20238095238095238,"tehot_per_turn":0.11904761904761904,"kl_per_turn":0.5952380952380952,"hr_rbi_per_turn":0.03571428571428571,"kl_base0":0.4,"kl_base0_tries":15,"kl_base1":0.5121951219512195,"kl_base1_tries":41,"kl_base2":0.6666666666666666,"kl_base2_tries":30,"kl_base3":0.5,"kl_base3_tries":6,"adv1_pct":0.4,"adv2_pct":0.5121951219512195,"adv3_pct":0.6666666666666666,"adv_home_pct":0.5,"money_kl_pct":0.5,"money_kl_tries":6,"teho_plus":56,"adv_plus":99,"runner_plus":93,"out_avoid_plus":120,"adv1_plus":69,"adv2_plus":89,"adv3_plus":105,"adv_home_plus":106,"money_kl_plus":106,"spark_index":101,"teho_plus_adj":55}],"line":{"player_id":8670,"name":"Emmi Hannuniemi","born_year":null,"year":2026,"games":14,"team":"TyTe","turns_at_bat":84,"kunnarit":0,"lyodyt":3,"tuodut":7,"karkilyonnit":50,"karki_yritykset":92,"saatot":113,"saatto_yritykset":176,"etenemiset":93,"eteneminen_yritykset":157,"haavat":47,"palot":17,"season_id":4,"tehot":10,"kl_pct":0.5434782608695652,"saatto_pct":0.6420454545454546,"eten_pct":0.5923566878980892,"kunnari_rate":0.0,"lyoty_rate":0.03571428571428571,"tuotu_rate":0.044585987261146494,"haava_rate":0.5595238095238095,"palo_rate":0.20238095238095238,"tehot_per_turn":0.11904761904761904,"kl_per_turn":0.5952380952380952,"hr_rbi_per_turn":0.03571428571428571,"kl_base0":0.4,"kl_base0_tries":15,"kl_base1":0.5121951219512195,"kl_base1_tries":41,"kl_base2":0.6666666666666666,"kl_base2_tries":30,"kl_base3":0.5,"kl_base3_tries":6,"adv1_pct":0.4,"adv2_pct":0.5121951219512195,"adv3_pct":0.6666666666666666,"adv_home_pct":0.5,"money_kl_pct":0.5,"money_kl_tries":6,"teho_plus":56,"adv_plus":99,"runner_plus":93,"out_avoid_plus":120,"adv1_plus":69,"adv2_plus":89,"adv3_plus":105,"adv_home_plus":106,"money_kl_plus":106,"spark_index":101,"teho_plus_adj":55,"pct_kl_pct":38,"pct_saatto_pct":53,"pct_eten_pct":25,"pct_kunnari_rate":36,"pct_lyoty_rate":41,"pct_palo_rate":83,"pct_tehot_per_turn":18},"proj":{"player_id":8670,"name":"Emmi Hannuniemi","as_of":"2026-06-28","age":null,"stats":{"kl_pct":{"rate":0.5513619513283448,"effective_n":86.16717127328683,"observed":0.539612036740452},"saatto_pct":{"rate":0.6391961626660762,"effective_n":162.53169257406768,"observed":0.6399971067677389},"eten_pct":{"rate":0.6058919012845825,"effective_n":145.11050617519174,"observed":0.5963531449060084},"kunnari_rate":{"rate":0.003187831815671178,"effective_n":80.25750076182943,"observed":0.0},"lyoty_rate":{"rate":0.06659365635166588,"effective_n":78.48250216504157,"observed":0.035652334299236116},"haava_rate":{"rate":0.4579594003420912,"effective_n":75.11273483525268,"observed":0.5663790058458725},"palo_rate":{"rate":0.26712208315352803,"effective_n":76.76836516257086,"observed":0.19797771907663197}},"teho_plus_proj":118},"career_json":[{"year":2026,"kl_pct":0.5434782608695652,"teho_plus":56}],"pct_stats":["kl_pct","saatto_pct","eten_pct","kunnari_rate","lyoty_rate","palo_rate","tehot_per_turn"],"base_kl":{"player_id":8670,"turns_at_bat":84,"kl_base0":0.4,"kl_base0_tries":15,"kl_base1":0.5121951219512195,"kl_base1_tries":41,"kl_base2":0.6666666666666666,"kl_base2_tries":30,"kl_base3":0.5,"kl_base3_tries":6,"pct_kl_base0":27,"pct_kl_base1":42,"pct_kl_base2":57,"pct_kl_base3":54},"base_keys":["kl_base0","kl_base1","kl_base2","kl_base3"],"log":[{"player_id":8670,"season_id":4,"match_id":129295,"date":"2026-05-09","team":"TyTe","opponent":"MyVe","home":0,"turns_at_bat":5,"kunnarit":0,"lyodyt":0,"tuodut":0,"karkilyonnit":3,"karki_yritykset":4,"saatot":6,"saatto_yritykset":7,"etenemiset":4,"eteneminen_yritykset":8,"haavat":1,"palot":3,"stadium":"Vihka Areena, Mynämäki","tehot":0,"kl_pct":0.75},{"player_id":8670,"season_id":4,"match_id":129291,"date":"2026-05-10","team":"TyTe","opponent":"Pesäkarhut-Akatemia","home":0,"turns_at_bat":6,"kunnarit":0,"lyodyt":1,"tuodut":0,"karkilyonnit":4,"karki_yritykset":5,"saatot":9,"saatto_yritykset":13,"etenemiset":6,"eteneminen_yritykset":11,"haavat":5,"palot":0,"stadium":"Huikoo Areena, Pori","tehot":1,"kl_pct":0.8},{"player_id":8670,"season_id":4,"match_id":129363,"date":"2026-05-14","team":"TyTe","opponent":"Lavepesis","home":1,"turns_at_bat":6,"kunnarit":0,"lyodyt":0,"tuodut":1,"karkilyonnit":2,"karki_yritykset":4,"saatot":4,"saatto_yritykset":6,"etenemiset":6,"eteneminen_yritykset":8,"haavat":0,"palot":2,"stadium":"Tyrnävän pesäpallokenttä","tehot":1,"kl_pct":0.5},{"player_id":8670,"season_id":4,"match_id":129339,"date":"2026-05-16","team":"TyTe","opponent":"HP-K","home":0,"turns_at_bat":4,"kunnarit":0,"lyodyt":0,"tuodut":0,"karkilyonnit":4,"karki_yritykset":6,"saatot":6,"saatto_yritykset":8,"etenemiset":2,"eteneminen_yritykset":5,"haavat":2,"palot":1,"stadium":"Ronkaalan pesäpallokenttä, Haapajärvi","tehot":0,"kl_pct":0.6666666666666666},{"player_id":8670,"season_id":4,"match_id":129330,"date":"2026-05-20","team":"TyTe","opponent":"PesäKuula","home":0,"turns_at_bat":4,"kunnarit":0,"lyodyt":0,"tuodut":0,"karkilyonnit":3,"karki_yritykset":6,"saatot":4,"saatto_yritykset":9,"etenemiset":1,"eteneminen_yritykset":5,"haavat":2,"palot":2,"stadium":"Ronkaalan pesäpallokenttä, Haapajärvi","tehot":0,"kl_pct":0.5},{"player_id":8670,"season_id":4,"match_id":129258,"date":"2026-05-23","team":"TyTe","opponent":"Tarmo","home":1,"turns_at_bat":7,"kunnarit":0,"lyodyt":0,"tuodut":0,"karkilyonnit":5,"karki_yritykset":8,"saatot":7,"saatto_yritykset":12,"etenemiset":2,"eteneminen_yritykset":9,"haavat":7,"palot":0,"stadium":"Tyrnävän pesäpallokenttä","tehot":0,"kl_pct":0.625},{"player_id":8670,"season_id":4,"match_id":129345,"date":"2026-06-03","team":"TyTe","opponent":"AA","home":1,"turns_at_bat":4,"kunnarit":0,"lyodyt":0,"tuodut":0,"karkilyonnit":3,"karki_yritykset":7,"saatot":5,"saatto_yritykset":9,"etenemiset":3,"eteneminen_yritykset":5,"haavat":1,"palot":1,"stadium":"Tyrnävän pesäpallokenttä","tehot":0,"kl_pct":0.42857142857142855},{"player_id":8670,"season_id":4,"match_id":129259,"date":"2026-06-06","team":"TyTe","opponent":"Pesä Ysit","home":1,"turns_at_bat":2,"kunnarit":0,"lyodyt":0,"tuodut":1,"karkilyonnit":3,"karki_yritykset":4,"saatot":3,"saatto_yritykset":4,"etenemiset":4,"eteneminen_yritykset":5,"haavat":0,"palot":1,"stadium":"Tyrnävän pesäpallokenttä","tehot":1,"kl_pct":0.75},{"player_id":8670,"season_id":4,"match_id":129335,"date":"2026-06-10","team":"TyTe","opponent":"Lavepesis","home":0,"turns_at_bat":7,"kunnarit":0,"lyodyt":0,"tuodut":1,"karkilyonnit":1,"karki_yritykset":5,"saatot":8,"saatto_yritykset":12,"etenemiset":12,"eteneminen_yritykset":18,"haavat":4,"palot":2,"stadium":"Veikkolan pesäpallostadion, Lappajärvi","tehot":1,"kl_pct":0.2},{"player_id":8670,"season_id":4,"match_id":129358,"date":"2026-06-12","team":"TyTe","opponent":"PesäKuula","home":1,"turns_at_bat":7,"kunnarit":0,"lyodyt":0,"tuodut":0,"karkilyonnit":3,"karki_yritykset":7,"saatot":9,"saatto_yritykset":16,"etenemiset":6,"eteneminen_yritykset":11,"haavat":3,"palot":2,"stadium":"Tyrnävän pesäpallokenttä","tehot":0,"kl_pct":0.42857142857142855},{"player_id":8670,"season_id":4,"match_id":129343,"date":"2026-06-17","team":"TyTe","opponent":"SiiPe","home":1,"turns_at_bat":9,"kunnarit":0,"lyodyt":2,"tuodut":1,"karkilyonnit":8,"karki_yritykset":9,"saatot":22,"saatto_yritykset":25,"etenemiset":17,"eteneminen_yritykset":24,"haavat":7,"palot":0,"stadium":"Tyrnävän pesäpallokenttä","tehot":3,"kl_pct":0.8888888888888888},{"player_id":8670,"season_id":4,"match_id":129373,