{"player":{"id":8738,"name":"Elise Lähdemäki","born_year":null},"career":[{"player_id":8738,"name":"Elise Lähdemäki","born_year":null,"year":2026,"games":14,"team":"Lavepesis","turns_at_bat":92,"kunnarit":0,"lyodyt":3,"tuodut":15,"karkilyonnit":45,"karki_yritykset":82,"saatot":104,"saatto_yritykset":170,"etenemiset":117,"eteneminen_yritykset":178,"haavat":35,"palot":26,"season_id":4,"tehot":18,"kl_pct":0.5487804878048781,"saatto_pct":0.611764705882353,"eten_pct":0.6573033707865169,"kunnari_rate":0.0,"lyoty_rate":0.03260869565217391,"tuotu_rate":0.08426966292134831,"haava_rate":0.3804347826086957,"palo_rate":0.2826086956521739,"tehot_per_turn":0.1956521739130435,"kl_per_turn":0.4891304347826087,"hr_rbi_per_turn":0.03260869565217391,"kl_base0":0.5882352941176471,"kl_base0_tries":17,"kl_base1":0.40540540540540543,"kl_base1_tries":37,"kl_base2":0.8095238095238095,"kl_base2_tries":21,"kl_base3":0.42857142857142855,"kl_base3_tries":7,"adv1_pct":0.5882352941176471,"adv2_pct":0.40540540540540543,"adv3_pct":0.8095238095238095,"adv_home_pct":0.42857142857142855,"money_kl_pct":0.42857142857142855,"money_kl_tries":7,"teho_plus":92,"adv_plus":96,"runner_plus":104,"out_avoid_plus":108,"adv1_plus":101,"adv2_plus":70,"adv3_plus":128,"adv_home_plus":90,"money_kl_plus":90,"spark_index":101,"teho_plus_adj":90}],"line":{"player_id":8738,"name":"Elise Lähdemäki","born_year":null,"year":2026,"games":14,"team":"Lavepesis","turns_at_bat":92,"kunnarit":0,"lyodyt":3,"tuodut":15,"karkilyonnit":45,"karki_yritykset":82,"saatot":104,"saatto_yritykset":170,"etenemiset":117,"eteneminen_yritykset":178,"haavat":35,"palot":26,"season_id":4,"tehot":18,"kl_pct":0.5487804878048781,"saatto_pct":0.611764705882353,"eten_pct":0.6573033707865169,"kunnari_rate":0.0,"lyoty_rate":0.03260869565217391,"tuotu_rate":0.08426966292134831,"haava_rate":0.3804347826086957,"palo_rate":0.2826086956521739,"tehot_per_turn":0.1956521739130435,"kl_per_turn":0.4891304347826087,"hr_rbi_per_turn":0.03260869565217391,"kl_base0":0.5882352941176471,"kl_base0_tries":17,"kl_base1":0.40540540540540543,"kl_base1_tries":37,"kl_base2":0.8095238095238095,"kl_base2_tries":21,"kl_base3":0.42857142857142855,"kl_base3_tries":7,"adv1_pct":0.5882352941176471,"adv2_pct":0.40540540540540543,"adv3_pct":0.8095238095238095,"adv_home_pct":0.42857142857142855,"money_kl_pct":0.42857142857142855,"money_kl_tries":7,"teho_plus":92,"adv_plus":96,"runner_plus":104,"out_avoid_plus":108,"adv1_plus":101,"adv2_plus":70,"adv3_plus":128,"adv_home_plus":90,"money_kl_plus":90,"spark_index":101,"teho_plus_adj":90,"pct_kl_pct":42,"pct_saatto_pct":36,"pct_eten_pct":69,"pct_kunnari_rate":36,"pct_lyoty_rate":39,"pct_palo_rate":63,"pct_tehot_per_turn":50},"proj":{"player_id":8738,"name":"Elise Lähdemäki","as_of":"2026-06-28","age":null,"stats":{"kl_pct":{"rate":0.5587968479195949,"effective_n":76.00111033132752,"observed":0.5513448106428056},"saatto_pct":{"rate":0.6173210070849802,"effective_n":153.49062336624377,"observed":0.6124684147480128},"eten_pct":{"rate":0.6515186528507615,"effective_n":160.68547707242092,"observed":0.6571020062955031},"kunnari_rate":{"rate":0.00307815402465693,"effective_n":87.39288129888344,"observed":0.0},"lyoty_rate":{"rate":0.06314966407579567,"effective_n":85.21108822287043,"observed":0.03141820971428487},"haava_rate":{"rate":0.37974495382988704,"effective_n":81.07553331054636,"observed":0.38371962306448193},"palo_rate":{"rate":0.3061860353820911,"effective_n":83.10629698968295,"observed":0.27991866827301565}},"teho_plus_proj":123},"career_json":[{"year":2026,"kl_pct":0.5487804878048781,"teho_plus":92}],"pct_stats":["kl_pct","saatto_pct","eten_pct","kunnari_rate","lyoty_rate","palo_rate","tehot_per_turn"],"base_kl":{"player_id":8738,"turns_at_bat":92,"kl_base0":0.5882352941176471,"kl_base0_tries":17,"kl_base1":0.40540540540540543,"kl_base1_tries":37,"kl_base2":0.8095238095238095,"kl_base2_tries":21,"kl_base3":0.42857142857142855,"kl_base3_tries":7,"pct_kl_base0":59,"pct_kl_base1":21,"pct_kl_base2":85,"pct_kl_base3":36},"base_keys":["kl_base0","kl_base1","kl_base2","kl_base3"],"log":[{"player_id":8738,"season_id":4,"match_id":129322,"date":"2026-05-06","team":"Lavepesis","opponent":"SMJ","home":0,"turns_at_bat":6,"kunnarit":0,"lyodyt":0,"tuodut":0,"karkilyonnit":4,"karki_yritykset":6,"saatot":9,"saatto_yritykset":11,"etenemiset":7,"eteneminen_yritykset":11,"haavat":2,"palot":2,"stadium":"Unico Areena, Seinäjoki","tehot":0,"kl_pct":0.6666666666666666},{"player_id":8738,"season_id":4,"match_id":129334,"date":"2026-05-09","team":"Lavepesis","opponent":"HP-K","home":1,"turns_at_bat":7,"kunnarit":0,"lyodyt":1,"tuodut":2,"karkilyonnit":2,"karki_yritykset":5,"saatot":8,"saatto_yritykset":13,"etenemiset":13,"eteneminen_yritykset":18,"haavat":1,"palot":4,"stadium":"Veikkolan pesäpallostadion, Lappajärvi","tehot":3,"kl_pct":0.4},{"player_id":8738,"season_id":4,"match_id":129363,"date":"2026-05-14","team":"Lavepesis","opponent":"TyTe","home":0,"turns_at_bat":7,"kunnarit":0,"lyodyt":0,"tuodut":1,"karkilyonnit":2,"karki_yritykset":5,"saatot":4,"saatto_yritykset":11,"etenemiset":5,"eteneminen_yritykset":10,"haavat":4,"palot":1,"stadium":"Tyrnävän pesäpallokenttä","tehot":1,"kl_pct":0.4},{"player_id":8738,"season_id":4,"match_id":129336,"date":"2026-05-20","team":"Lavepesis","opponent":"SiiPe","home":1,"turns_at_bat":5,"kunnarit":0,"lyodyt":0,"tuodut":0,"karkilyonnit":2,"karki_yritykset":3,"saatot":7,"saatto_yritykset":9,"etenemiset":5,"eteneminen_yritykset":7,"haavat":0,"palot":2,"stadium":"Veikkolan pesäpallostadion, Lappajärvi","tehot":0,"kl_pct":0.6666666666666666},{"player_id":8738,"season_id":4,"match_id":129294,"date":"2026-05-23","team":"Lavepesis","opponent":"MyVe","home":0,"turns_at_bat":6,"kunnarit":0,"lyodyt":0,"tuodut":0,"karkilyonnit":0,"karki_yritykset":7,"saatot":1,"saatto_yritykset":10,"etenemiset":1,"eteneminen_yritykset":5,"haavat":3,"palot":1,"stadium":"Vihka Areena, Mynämäki","tehot":0,"kl_pct":0.0},{"player_id":8738,"season_id":4,"match_id":129290,"date":"2026-05-24","team":"Lavepesis","opponent":"Pesäkarhut-Akatemia","home":0,"turns_at_bat":6,"kunnarit":0,"lyodyt":0,"tuodut":0,"karkilyonnit":4,"karki_yritykset":5,"saatot":8,"saatto_yritykset":10,"etenemiset":9,"eteneminen_yritykset":13,"haavat":3,"palot":1,"stadium":"Huikoo Areena, Pori","tehot":0,"kl_pct":0.8},{"player_id":8738,"season_id":4,"match_id":129350,"date":"2026-05-27","team":"Lavepesis","opponent":"SMJ","home":1,"turns_at_bat":7,"kunnarit":0,"lyodyt":2,"tuodut":3,"karkilyonnit":4,"karki_yritykset":7,"saatot":8,"saatto_yritykset":15,"etenemiset":12,"eteneminen_yritykset":16,"haavat":2,"palot":2,"stadium":"Veikkolan pesäpallostadion, Lappajärvi","tehot":5,"kl_pct":0.5714285714285714},{"player_id":8738,"season_id":4,"match_id":129276,"date":"2026-06-03","team":"Lavepesis","opponent":"Tarmo","home":1,"turns_at_bat":7,"kunnarit":0,"lyodyt":0,"tuodut":1,"karkilyonnit":4,"karki_yritykset":8,"saatot":8,"saatto_yritykset":15,"etenemiset":11,"eteneminen_yritykset":17,"haavat":3,"palot":3,"stadium":"Veikkolan pesäpallostadion, Lappajärvi","tehot":1,"kl_pct":0.5},{"player_id":8738,"season_id":4,"match_id":129366,"date":"2026-06-06","team":"Lavepesis","opponent":"AA","home":1,"turns_at_bat":7,"kunnarit":0,"lyodyt":0,"tuodut":2,"karkilyonnit":5,"karki_yritykset":7,"saatot":14,"saatto_yritykset":17,"etenemiset":14,"eteneminen_yritykset":18,"haavat":3,"palot":1,"stadium":"Veikkolan pesäpallostadion, Lappajärvi","tehot":2,"kl_pct":0.7142857142857143},{"player_id":8738,"season_id":4,"match_id":129335,"date":"2026-06-10","team":"Lavepesis","opponent":"TyTe","home":1,"turns_at_bat":6,"kunnarit":0,"lyodyt":0,"tuodut":2,"karkilyonnit":4,"karki_yritykset":5,"saatot":8,"saatto_yritykset":11,"etenemiset":11,"eteneminen_yritykset":15,"haavat":2,"palot":2,"stadium":"Veikkolan pesäpallostadion, Lappajärvi","tehot":2,"kl_pct":0.8},{"player_id":8738,"season_id":4,"match_id":129362,"date":"2026-06-17","team":"Lavepesis","opponent":"HP-K","home":0,"turns_at_bat":6,"kunnarit":0,