{"player":{"id":8771,"name":"Leevi Lehto","born_year":null},"career":[{"player_id":8771,"name":"Leevi Lehto","born_year":null,"year":2026,"games":13,"team":"PuMu","turns_at_bat":55,"kunnarit":1,"lyodyt":7,"tuodut":3,"karkilyonnit":24,"karki_yritykset":48,"saatot":59,"saatto_yritykset":112,"etenemiset":43,"eteneminen_yritykset":81,"haavat":26,"palot":12,"season_id":3,"tehot":11,"kl_pct":0.5,"saatto_pct":0.5267857142857143,"eten_pct":0.5308641975308642,"kunnari_rate":0.01818181818181818,"lyoty_rate":0.12727272727272726,"tuotu_rate":0.037037037037037035,"haava_rate":0.4727272727272727,"palo_rate":0.21818181818181817,"tehot_per_turn":0.2,"kl_per_turn":0.43636363636363634,"hr_rbi_per_turn":0.14545454545454545,"kl_base0":0.2857142857142857,"kl_base0_tries":7,"kl_base1":0.45454545454545453,"kl_base1_tries":11,"kl_base2":0.6428571428571429,"kl_base2_tries":14,"kl_base3":0.5,"kl_base3_tries":16,"adv1_pct":0.2857142857142857,"adv2_pct":0.45454545454545453,"adv3_pct":0.6428571428571429,"adv_home_pct":0.5,"money_kl_pct":0.5,"money_kl_tries":16,"teho_plus":118,"adv_plus":92,"runner_plus":90,"out_avoid_plus":116,"adv1_plus":60,"adv2_plus":82,"adv3_plus":112,"adv_home_plus":110,"money_kl_plus":110,"spark_index":96,"run_value":6.7082523947286115,"raa":0.8,"jyk":4.0,"vyk":0.34,"teho_plus_adj":111}],"line":{"player_id":8771,"name":"Leevi Lehto","born_year":null,"year":2026,"games":13,"team":"PuMu","turns_at_bat":55,"kunnarit":1,"lyodyt":7,"tuodut":3,"karkilyonnit":24,"karki_yritykset":48,"saatot":59,"saatto_yritykset":112,"etenemiset":43,"eteneminen_yritykset":81,"haavat":26,"palot":12,"season_id":3,"tehot":11,"kl_pct":0.5,"saatto_pct":0.5267857142857143,"eten_pct":0.5308641975308642,"kunnari_rate":0.01818181818181818,"lyoty_rate":0.12727272727272726,"tuotu_rate":0.037037037037037035,"haava_rate":0.4727272727272727,"palo_rate":0.21818181818181817,"tehot_per_turn":0.2,"kl_per_turn":0.43636363636363634,"hr_rbi_per_turn":0.14545454545454545,"kl_base0":0.2857142857142857,"kl_base0_tries":7,"kl_base1":0.45454545454545453,"kl_base1_tries":11,"kl_base2":0.6428571428571429,"kl_base2_tries":14,"kl_base3":0.5,"kl_base3_tries":16,"adv1_pct":0.2857142857142857,"adv2_pct":0.45454545454545453,"adv3_pct":0.6428571428571429,"adv_home_pct":0.5,"money_kl_pct":0.5,"money_kl_tries":16,"teho_plus":118,"adv_plus":92,"runner_plus":90,"out_avoid_plus":116,"adv1_plus":60,"adv2_plus":82,"adv3_plus":112,"adv_home_plus":110,"money_kl_plus":110,"spark_index":96,"run_value":6.7082523947286115,"raa":0.8,"jyk":4.0,"vyk":0.34,"teho_plus_adj":111,"pct_kl_pct":39,"pct_saatto_pct":22,"pct_eten_pct":22,"pct_kunnari_rate":88,"pct_lyoty_rate":77,"pct_palo_rate":86,"pct_tehot_per_turn":70},"proj":{"player_id":8771,"name":"Leevi Lehto","as_of":"2026-07-02","age":null,"stats":{"kl_pct":{"rate":0.5102948243858854,"effective_n":43.77717221126822,"observed":0.5059676892015773},"saatto_pct":{"rate":0.5438922646848913,"effective_n":98.40991210180675,"observed":0.5242819974241223},"eten_pct":{"rate":0.5549091251873893,"effective_n":70.53439662239067,"observed":0.5297956803351043},"kunnari_rate":{"rate":0.00983644064836813,"effective_n":51.53549556757936,"observed":0.017910808681690708},"lyoty_rate":{"rate":0.0957858828324094,"effective_n":49.906356745828575,"observed":0.12713453704854008},"haava_rate":{"rate":0.4383290140613391,"effective_n":46.84007434844478,"observed":0.4706657952707433},"palo_rate":{"rate":0.28581446122351845,"effective_n":48.342124128696184,"observed":0.21495988945235822}},"teho_plus_proj":161},"career_json":[{"year":2026,"kl_pct":0.5,"teho_plus":118}],"pct_stats":["kl_pct","saatto_pct","eten_pct","kunnari_rate","lyoty_rate","palo_rate","tehot_per_turn"],"base_kl":{"player_id":8771,"turns_at_bat":55,"kl_base0":0.2857142857142857,"kl_base0_tries":7,"kl_base1":0.45454545454545453,"kl_base1_tries":11,"kl_base2":0.6428571428571429,"kl_base2_tries":14,"kl_base3":0.5,"kl_base3_tries":16,"pct_kl_base0":18,"pct_kl_base1":33,"pct_kl_base2":63,"pct_kl_base3":64},"base_keys":["kl_base0","kl_base1","kl_base2","kl_base3"],"comps":[]}