{"player":{"id":8772,"name":"Aleksanteri Haukka","born_year":null},"career":[{"player_id":8772,"name":"Aleksanteri Haukka","born_year":null,"year":2026,"games":12,"team":"PuPe","turns_at_bat":86,"kunnarit":1,"lyodyt":1,"tuodut":10,"karkilyonnit":61,"karki_yritykset":93,"saatot":112,"saatto_yritykset":161,"etenemiset":97,"eteneminen_yritykset":166,"haavat":34,"palot":35,"season_id":3,"tehot":12,"kl_pct":0.6559139784946236,"saatto_pct":0.6956521739130435,"eten_pct":0.5843373493975904,"kunnari_rate":0.011627906976744186,"lyoty_rate":0.011627906976744186,"tuotu_rate":0.060240963855421686,"haava_rate":0.3953488372093023,"palo_rate":0.4069767441860465,"tehot_per_turn":0.13953488372093023,"kl_per_turn":0.7093023255813954,"hr_rbi_per_turn":0.023255813953488372,"kl_base0":0.3157894736842105,"kl_base0_tries":19,"kl_base1":0.734375,"kl_base1_tries":64,"kl_base2":0.75,"kl_base2_tries":8,"kl_base3":1.0,"kl_base3_tries":2,"adv1_pct":0.3157894736842105,"adv2_pct":0.734375,"adv3_pct":0.75,"adv_home_pct":1.0,"money_kl_pct":1.0,"money_kl_tries":2,"teho_plus":83,"adv_plus":120,"runner_plus":99,"out_avoid_plus":88,"adv1_plus":66,"adv2_plus":133,"adv3_plus":131,"adv_home_plus":221,"money_kl_plus":221,"spark_index":107,"teho_plus_adj":88}],"line":{"player_id":8772,"name":"Aleksanteri Haukka","born_year":null,"year":2026,"games":12,"team":"PuPe","turns_at_bat":86,"kunnarit":1,"lyodyt":1,"tuodut":10,"karkilyonnit":61,"karki_yritykset":93,"saatot":112,"saatto_yritykset":161,"etenemiset":97,"eteneminen_yritykset":166,"haavat":34,"palot":35,"season_id":3,"tehot":12,"kl_pct":0.6559139784946236,"saatto_pct":0.6956521739130435,"eten_pct":0.5843373493975904,"kunnari_rate":0.011627906976744186,"lyoty_rate":0.011627906976744186,"tuotu_rate":0.060240963855421686,"haava_rate":0.3953488372093023,"palo_rate":0.4069767441860465,"tehot_per_turn":0.13953488372093023,"kl_per_turn":0.7093023255813954,"hr_rbi_per_turn":0.023255813953488372,"kl_base0":0.3157894736842105,"kl_base0_tries":19,"kl_base1":0.734375,"kl_base1_tries":64,"kl_base2":0.75,"kl_base2_tries":8,"kl_base3":1.0,"kl_base3_tries":2,"adv1_pct":0.3157894736842105,"adv2_pct":0.734375,"adv3_pct":0.75,"adv_home_pct":1.0,"money_kl_pct":1.0,"money_kl_tries":2,"teho_plus":83,"adv_plus":120,"runner_plus":99,"out_avoid_plus":88,"adv1_plus":66,"adv2_plus":133,"adv3_plus":131,"adv_home_plus":221,"money_kl_plus":221,"spark_index":107,"teho_plus_adj":88,"pct_kl_pct":94,"pct_saatto_pct":91,"pct_eten_pct":47,"pct_kunnari_rate":71,"pct_lyoty_rate":30,"pct_palo_rate":24,"pct_tehot_per_turn":45},"proj":{"player_id":8772,"name":"Aleksanteri Haukka","as_of":"2026-06-27","age":null,"stats":{"kl_pct":{"rate":0.5940958025689871,"effective_n":85.54922553258241,"observed":0.6506553905572894},"saatto_pct":{"rate":0.6690526013813247,"effective_n":144.09254256661538,"observed":0.6904039408443632},"eten_pct":{"rate":0.5873955401191215,"effective_n":149.0464272461679,"observed":0.5864089956182181},"kunnari_rate":{"rate":0.00846192860396316,"effective_n":81.3820888376914,"observed":0.011548297069690891},"lyoty_rate":{"rate":0.04403068255765074,"effective_n":79.19443536926579,"observed":0.011504168678766132},"haava_rate":{"rate":0.4099678798716924,"effective_n":75.04661963533921,"observed":0.39235940943894126},"palo_rate":{"rate":0.3669624480393884,"effective_n":77.08358014917337,"observed":0.40674495990103343}},"teho_plus_proj":135},"career_json":[{"year":2026,"kl_pct":0.6559139784946236,"teho_plus":83}],"pct_stats":["kl_pct","saatto_pct","eten_pct","kunnari_rate","lyoty_rate","palo_rate","tehot_per_turn"],"base_kl":{"player_id":8772,"turns_at_bat":86,"kl_base0":0.3157894736842105,"kl_base0_tries":19,"kl_base1":0.734375,"kl_base1_tries":64,"kl_base2":0.75,"kl_base2_tries":8,"kl_base3":1.0,"kl_base3_tries":2,"pct_kl_base0":21,"pct_kl_base1":91,"pct_kl_base2":84,"pct_kl_base3":95},"base_keys":["kl_base0","kl_base1","kl_base2","kl_base3"],"log":[{"player_id":8772,"season_id":3,"match_id":129566,"date":"2026-05-08","team":"PuPe","opponent":"PuMu","home":0,"turns_at_bat":7,"kunnarit":0,"lyodyt":0,"tuodut":1,"karkilyonnit":5,"karki_yritykset":7,"saatot":9,"saatto_yritykset":12,"etenemiset":9,"eteneminen_yritykset":14,"haavat":2,"palot":3,"stadium":"Good Guy Stadion, Meilahti (Helsinki)","tehot":1,"kl_pct":0.7142857142857143},{"player_id":8772,"season_id":3,"match_id":129568,"date":"2026-05-09","team":"PuPe","opponent":"HP","home":0,"turns_at_bat":7,"kunnarit":0,"lyodyt":0,"tuodut":0,"karkilyonnit":6,"karki_yritykset":8,"saatot":13,"saatto_yritykset":15,"etenemiset":8,"eteneminen_yritykset":15,"haavat":6,"palot":1,"stadium":"Vallikenttä, Hamina","tehot":0,"kl_pct":0.75},{"player_id":8772,"season_id":3,"match_id":129575,"date":"2026-05-15","team":"PuPe","opponent":"Jkl Kiri","home":0,"turns_at_bat":7,"kunnarit":0,"lyodyt":0,"tuodut":1,"karkilyonnit":5,"karki_yritykset":6,"saatot":9,"saatto_yritykset":12,"etenemiset":9,"eteneminen_yritykset":14,"haavat":1,"palot":4,"stadium":"Hippoksen pesäpallostadion, Jyväskylä","tehot":1,"kl_pct":0.8333333333333334},{"player_id":8772,"season_id":3,"match_id":129580,"date":"2026-05-17","team":"PuPe","opponent":"NJ","home":1,"turns_at_bat":6,"kunnarit":0,"lyodyt":0,"tuodut":1,"karkilyonnit":6,"karki_yritykset":6,"saatot":9,"saatto_yritykset":11,"etenemiset":8,"eteneminen_yritykset":12,"haavat":2,"palot":2,"stadium":"Osuma Areena, Kuopio","tehot":1,"kl_pct":1.0},{"player_id":8772,"season_id":3,"match_id":129585,"date":"2026-05-22","team":"PuPe","opponent":"Jkl Kiri","home":1,"turns_at_bat":8,"kunnarit":0,"lyodyt":0,"tuodut":0,"karkilyonnit":6,"karki_yritykset":10,"saatot":11,"saatto_yritykset":15,"etenemiset":5,"eteneminen_yritykset":13,"haavat":4,"palot":4,"stadium":"Osuma Areena, Kuopio","tehot":0,"kl_pct":0.6},{"player_id":8772,"season_id":3,"match_id":129592,"date":"2026-05-27","team":"PuPe","opponent":"HP","home":1,"turns_at_bat":8,"kunnarit":1,"lyodyt":1,"tuodut":1,"karkilyonnit":9,"karki_yritykset":13,"saatot":12,"saatto_yritykset":19,"etenemiset":6,"eteneminen_yritykset":14,"haavat":3,"palot":5,"stadium":"Osuma Areena, Kuopio","tehot":3,"kl_pct":0.6923076923076923},{"player_id":8772,"season_id":3,"match_id":129598,"date":"2026-05-29","team":"PuPe","opponent":"SiKi","home":1,"turns_at_bat":6,"kunnarit":0,"lyodyt":0,"tuodut":2,"karkilyonnit":4,"karki_yritykset":6,"saatot":9,"saatto_yritykset":11,"etenemiset":10,"eteneminen_yritykset":14,"haavat":2,"palot":2,"stadium":"Osuma Areena, Kuopio","tehot":2,"kl_pct":0.6666666666666666},{"player_id":8772,"season_id":3,"match_id":129601,"date":"2026-06-02","team":"PuPe","opponent":"SiKi","home":0,"turns_at_bat":8,"kunnarit":0,"lyodyt":0,"tuodut":1,"karkilyonnit":6,"karki_yritykset":8,"saatot":11,"saatto_yritykset":15,"etenemiset":6,"eteneminen_yritykset":12,"haavat":3,"palot":3,"stadium":"Tuulivoima-areena, Simo","tehot":1,"kl_pct":0.75},{"player_id":8772,"season_id":3,"match_id":129612,"date":"2026-06-10","team":"PuPe","opponent":"PuMu","home":1,"turns_at_bat":8,"kunnarit":0,"lyodyt":0,"tuodut":1,"karkilyonnit":3,"karki_yritykset":7,"saatot":6,"saatto_yritykset":12,"etenemiset":6,"eteneminen_yritykset":12,"haavat":4,"palot":2,"stadium":"Osuma Areena, Kuopio","tehot":1,"kl_pct":0.42857142857142855},{"player_id":8772,"season_id":3,"match_id":129623,"date":"2026-06-17","team":"PuPe","opponent":"SMJ","home":1,"turns_at_bat":8,"kunnarit":0,"lyodyt":0,"tuodut":0,"karkilyonnit":5,"karki_yritykset":9,"saatot":9,"saatto_yritykset":16,"etenemiset":7,"eteneminen_yritykset":15,"haavat":3,"palot":5,"stadium":"Osuma Areena, Kuopio","tehot":0,"kl_pct":0.5555555555555556},{"player_id":8772,"season_id":3,"match_id":129628,"date":"2026-06-24","team":"PuPe","opponent":"Ura","home":0,"turns_at_bat":7,"kunnarit":0,"lyodyt":0,"tuodut":1,"karkilyonnit":3,"karki_yritykset":7,"saatot":7,"saatto_yritykset":13,"etenemiset":12,"eteneminen_yritykset":17,"haavat":3,"palot":2,"stadium":"Neoen Areena, Kannus","tehot":1,"kl_pct":0.42857142857142855},{"player_id":8772,"season_id":3,"match_id":129630,"date":"2026-06-26",