{"player":{"id":8772,"name":"Aleksanteri Haukka","born_year":null},"career":[{"player_id":8772,"name":"Aleksanteri Haukka","born_year":null,"year":2026,"games":12,"team":"PuPe","turns_at_bat":86,"kunnarit":1,"lyodyt":1,"tuodut":10,"karkilyonnit":61,"karki_yritykset":93,"saatot":112,"saatto_yritykset":161,"etenemiset":97,"eteneminen_yritykset":166,"haavat":34,"palot":35,"season_id":3,"tehot":12,"kl_pct":0.6559139784946236,"saatto_pct":0.6956521739130435,"eten_pct":0.5843373493975904,"kunnari_rate":0.011627906976744186,"lyoty_rate":0.011627906976744186,"tuotu_rate":0.060240963855421686,"haava_rate":0.3953488372093023,"palo_rate":0.4069767441860465,"tehot_per_turn":0.13953488372093023,"kl_per_turn":0.7093023255813954,"hr_rbi_per_turn":0.023255813953488372,"kl_base0":0.3157894736842105,"kl_base0_tries":19,"kl_base1":0.734375,"kl_base1_tries":64,"kl_base2":0.75,"kl_base2_tries":8,"kl_base3":1.0,"kl_base3_tries":2,"adv1_pct":0.3157894736842105,"adv2_pct":0.734375,"adv3_pct":0.75,"adv_home_pct":1.0,"money_kl_pct":1.0,"money_kl_tries":2,"pos":"3K","teho_plus":83,"adv_plus":120,"runner_plus":99,"out_avoid_plus":88,"adv1_plus":66,"adv2_plus":133,"adv3_plus":131,"adv_home_plus":221,"money_kl_plus":221,"spark_index":107,"run_value":10.160540698488784,"raa":0.9,"jyk":5.9,"vyk":0.5,"teho_plus_adj":88}],"line":{"player_id":8772,"name":"Aleksanteri Haukka","born_year":null,"year":2026,"games":12,"team":"PuPe","turns_at_bat":86,"kunnarit":1,"lyodyt":1,"tuodut":10,"karkilyonnit":61,"karki_yritykset":93,"saatot":112,"saatto_yritykset":161,"etenemiset":97,"eteneminen_yritykset":166,"haavat":34,"palot":35,"season_id":3,"tehot":12,"kl_pct":0.6559139784946236,"saatto_pct":0.6956521739130435,"eten_pct":0.5843373493975904,"kunnari_rate":0.011627906976744186,"lyoty_rate":0.011627906976744186,"tuotu_rate":0.060240963855421686,"haava_rate":0.3953488372093023,"palo_rate":0.4069767441860465,"tehot_per_turn":0.13953488372093023,"kl_per_turn":0.7093023255813954,"hr_rbi_per_turn":0.023255813953488372,"kl_base0":0.3157894736842105,"kl_base0_tries":19,"kl_base1":0.734375,"kl_base1_tries":64,"kl_base2":0.75,"kl_base2_tries":8,"kl_base3":1.0,"kl_base3_tries":2,"adv1_pct":0.3157894736842105,"adv2_pct":0.734375,"adv3_pct":0.75,"adv_home_pct":1.0,"money_kl_pct":1.0,"money_kl_tries":2,"pos":"3K","teho_plus":83,"adv_plus":120,"runner_plus":99,"out_avoid_plus":88,"adv1_plus":66,"adv2_plus":133,"adv3_plus":131,"adv_home_plus":221,"money_kl_plus":221,"spark_index":107,"run_value":10.160540698488784,"raa":0.9,"jyk":5.9,"vyk":0.5,"teho_plus_adj":88,"pct_kl_pct":94,"pct_saatto_pct":91,"pct_eten_pct":47,"pct_kunnari_rate":71,"pct_lyoty_rate":30,"pct_palo_rate":24,"pct_tehot_per_turn":45},"proj":{"player_id":8772,"name":"Aleksanteri Haukka","as_of":"2026-06-27","age":null,"stats":{"kl_pct":{"rate":0.5940958025689871,"effective_n":85.54922553258241,"observed":0.6506553905572894},"saatto_pct":{"rate":0.6690526013813247,"effective_n":144.09254256661538,"observed":0.6904039408443632},"eten_pct":{"rate":0.5873955401191215,"effective_n":149.0464272461679,"observed":0.5864089956182181},"kunnari_rate":{"rate":0.00846192860396316,"effective_n":81.3820888376914,"observed":0.011548297069690891},"lyoty_rate":{"rate":0.04403068255765074,"effective_n":79.19443536926579,"observed":0.011504168678766132},"haava_rate":{"rate":0.4099678798716924,"effective_n":75.04661963533921,"observed":0.39235940943894126},"palo_rate":{"rate":0.3669624480393884,"effective_n":77.08358014917337,"observed":0.40674495990103343}},"teho_plus_proj":135},"career_json":[{"year":2026,"kl_pct":0.6559139784946236,"teho_plus":83}],"pct_stats":["kl_pct","saatto_pct","eten_pct","kunnari_rate","lyoty_rate","palo_rate","tehot_per_turn"],"base_kl":{"player_id":8772,"turns_at_bat":86,"kl_base0":0.3157894736842105,"kl_base0_tries":19,"kl_base1":0.734375,"kl_base1_tries":64,"kl_base2":0.75,"kl_base2_tries":8,"kl_base3":1.0,"kl_base3_tries":2,"pct_kl_base0":21,"pct_kl_base1":91,"pct_kl_base2":84,"pct_kl_base3":95},"base_keys":["kl_base0","kl_base1","kl_base2","kl_base3"],"comps":[]}