{"player":{"id":8808,"name":"Hanna Lammela","born_year":null},"career":[{"player_id":8808,"name":"Hanna Lammela","born_year":null,"year":2026,"games":14,"team":"Manse","turns_at_bat":46,"kunnarit":1,"lyodyt":6,"tuodut":2,"karkilyonnit":29,"karki_yritykset":48,"saatot":55,"saatto_yritykset":95,"etenemiset":37,"eteneminen_yritykset":67,"haavat":17,"palot":13,"season_id":2,"tehot":9,"kl_pct":0.6041666666666666,"saatto_pct":0.5789473684210527,"eten_pct":0.5522388059701493,"kunnari_rate":0.021739130434782608,"lyoty_rate":0.13043478260869565,"tuotu_rate":0.029850746268656716,"haava_rate":0.3695652173913043,"palo_rate":0.2826086956521739,"tehot_per_turn":0.1956521739130435,"kl_per_turn":0.6304347826086957,"hr_rbi_per_turn":0.15217391304347827,"kl_base0":0.5,"kl_base0_tries":2,"kl_base1":0.5,"kl_base1_tries":14,"kl_base2":0.7,"kl_base2_tries":20,"kl_base3":0.5833333333333334,"kl_base3_tries":12,"adv1_pct":0.5,"adv2_pct":0.5,"adv3_pct":0.7,"adv_home_pct":0.5833333333333334,"money_kl_pct":0.5833333333333334,"money_kl_tries":12,"teho_plus":113,"adv_plus":102,"runner_plus":93,"out_avoid_plus":109,"adv1_plus":100,"adv2_plus":90,"adv3_plus":116,"adv_home_plus":130,"money_kl_plus":130,"spark_index":101,"teho_plus_adj":116}],"line":{"player_id":8808,"name":"Hanna Lammela","born_year":null,"year":2026,"games":14,"team":"Manse","turns_at_bat":46,"kunnarit":1,"lyodyt":6,"tuodut":2,"karkilyonnit":29,"karki_yritykset":48,"saatot":55,"saatto_yritykset":95,"etenemiset":37,"eteneminen_yritykset":67,"haavat":17,"palot":13,"season_id":2,"tehot":9,"kl_pct":0.6041666666666666,"saatto_pct":0.5789473684210527,"eten_pct":0.5522388059701493,"kunnari_rate":0.021739130434782608,"lyoty_rate":0.13043478260869565,"tuotu_rate":0.029850746268656716,"haava_rate":0.3695652173913043,"palo_rate":0.2826086956521739,"tehot_per_turn":0.1956521739130435,"kl_per_turn":0.6304347826086957,"hr_rbi_per_turn":0.15217391304347827,"kl_base0":0.5,"kl_base0_tries":2,"kl_base1":0.5,"kl_base1_tries":14,"kl_base2":0.7,"kl_base2_tries":20,"kl_base3":0.5833333333333334,"kl_base3_tries":12,"adv1_pct":0.5,"adv2_pct":0.5,"adv3_pct":0.7,"adv_home_pct":0.5833333333333334,"money_kl_pct":0.5833333333333334,"money_kl_tries":12,"teho_plus":113,"adv_plus":102,"runner_plus":93,"out_avoid_plus":109,"adv1_plus":100,"adv2_plus":90,"adv3_plus":116,"adv_home_plus":130,"money_kl_plus":130,"spark_index":101,"teho_plus_adj":116,"pct_kl_pct":79,"pct_saatto_pct":51,"pct_eten_pct":33,"pct_kunnari_rate":94,"pct_lyoty_rate":77,"pct_palo_rate":63,"pct_tehot_per_turn":66},"proj":{"player_id":8808,"name":"Hanna Lammela","as_of":"2026-06-29","age":null,"stats":{"kl_pct":{"rate":0.5633600451174804,"effective_n":44.50023540373699,"observed":0.6117432128158228},"saatto_pct":{"rate":0.5903618484617863,"effective_n":86.30466095259072,"observed":0.5866378571794144},"eten_pct":{"rate":0.5746297638338206,"effective_n":61.60163121072611,"observed":0.5569154048977952},"kunnari_rate":{"rate":0.010096902828886757,"effective_n":43.616656118101226,"observed":0.022653268915536057},"lyoty_rate":{"rate":0.09809469348448463,"effective_n":42.48612940440473,"observed":0.13520861041886456},"haava_rate":{"rate":0.39241932490773385,"effective_n":40.33991469212038,"observed":0.3687352970666401},"palo_rate":{"rate":0.3252346946435968,"effective_n":41.39435987479896,"observed":0.2904539459979821}},"teho_plus_proj":162},"career_json":[{"year":2026,"kl_pct":0.6041666666666666,"teho_plus":113}],"pct_stats":["kl_pct","saatto_pct","eten_pct","kunnari_rate","lyoty_rate","palo_rate","tehot_per_turn"],"base_kl":{"player_id":8808,"turns_at_bat":46,"kl_base0":0.5,"kl_base0_tries":2,"kl_base1":0.5,"kl_base1_tries":14,"kl_base2":0.7,"kl_base2_tries":20,"kl_base3":0.5833333333333334,"kl_base3_tries":12,"pct_kl_base0":66,"pct_kl_base1":41,"pct_kl_base2":72,"pct_kl_base3":78},"base_keys":["kl_base0","kl_base1","kl_base2","kl_base3"],"log":[{"player_id":8808,"season_id":2,"match_id":129103,"date":"2026-05-08","team":"Manse","opponent":"Kirittäret","home":0,"turns_at_bat":4,"kunnarit":0,"lyodyt":0,"tuodut":0,"karkilyonnit":2,"karki_yritykset":4,"saatot":6,"saatto_yritykset":8,"etenemiset":5,"eteneminen_yritykset":6,"haavat":0,"palot":1,"stadium":"Hippoksen pesäpallostadion, Jyväskylä","tehot":0,"kl_pct":0.5},{"player_id":8808,"season_id":2,"match_id":129097,"date":"2026-05-14","team":"Manse","opponent":"JoMa","home":1,"turns_at_bat":1,"kunnarit":0,"lyodyt":0,"tuodut":0,"karkilyonnit":0,"karki_yritykset":2,"saatot":0,"saatto_yritykset":2,"etenemiset":0,"eteneminen_yritykset":0,"haavat":0,"palot":0,"stadium":"Kaupin pesäpallostadion, Tampere","tehot":0,"kl_pct":0.0},{"player_id":8808,"season_id":2,"match_id":129098,"date":"2026-05-16","team":"Manse","opponent":"Lippo Naiset","home":1,"turns_at_bat":3,"kunnarit":0,"lyodyt":0,"tuodut":0,"karkilyonnit":0,"karki_yritykset":2,"saatot":0,"saatto_yritykset":4,"etenemiset":0,"eteneminen_yritykset":2,"haavat":2,"palot":0,"stadium":"Kaupin pesäpallostadion, Tampere","tehot":0,"kl_pct":0.0},{"player_id":8808,"season_id":2,"match_id":129164,"date":"2026-05-22","team":"Manse","opponent":"Lippo Naiset","home":0,"turns_at_bat":7,"kunnarit":0,"lyodyt":0,"tuodut":0,"karkilyonnit":4,"karki_yritykset":6,"saatot":5,"saatto_yritykset":13,"etenemiset":1,"eteneminen_yritykset":7,"haavat":4,"palot":2,"stadium":"Hielo Stadion Raksila, Oulu","tehot":0,"kl_pct":0.6666666666666666},{"player_id":8808,"season_id":2,"match_id":129167,"date":"2026-05-25","team":"Manse","opponent":"Fera","home":0,"turns_at_bat":3,"kunnarit":0,"lyodyt":0,"tuodut":1,"karkilyonnit":1,"karki_yritykset":1,"saatot":5,"saatto_yritykset":5,"etenemiset":5,"eteneminen_yritykset":7,"haavat":1,"palot":1,"stadium":"Buena Vista Areena, Rauma","tehot":1,"kl_pct":1.0},{"player_id":8808,"season_id":2,"match_id":129217,"date":"2026-05-27","team":"Manse","opponent":"Roihuttaret","home":1,"turns_at_bat":4,"kunnarit":0,"lyodyt":0,"tuodut":0,"karkilyonnit":2,"karki_yritykset":4,"saatot":3,"saatto_yritykset":6,"etenemiset":1,"eteneminen_yritykset":3,"haavat":2,"palot":0,"stadium":"Kaupin pesäpallostadion, Tampere","tehot":0,"kl_pct":0.5},{"player_id":8808,"season_id":2,"match_id":129079,"date":"2026-05-29","team":"Manse","opponent":"PöU Pesis","home":0,"turns_at_bat":4,"kunnarit":0,"lyodyt":1,"tuodut":0,"karkilyonnit":5,"karki_yritykset":6,"saatot":7,"saatto_yritykset":11,"etenemiset":2,"eteneminen_yritykset":5,"haavat":2,"palot":1,"stadium":"Kyrön Sähkö Center, Pöytyä","tehot":1,"kl_pct":0.8333333333333334},{"player_id":8808,"season_id":2,"match_id":129102,"date":"2026-06-02","team":"Manse","opponent":"Roihuttaret","home":1,"turns_at_bat":3,"kunnarit":0,"lyodyt":1,"tuodut":0,"karkilyonnit":1,"karki_yritykset":4,"saatot":1,"saatto_yritykset":5,"etenemiset":0,"eteneminen_yritykset":1,"haavat":1,"palot":0,"stadium":"Kaupin pesäpallostadion, Tampere","tehot":1,"kl_pct":0.25},{"player_id":8808,"season_id":2,"match_id":129069,"date":"2026-06-06","team":"Manse","opponent":"Jyske","home":0,"turns_at_bat":0,"kunnarit":0,"lyodyt":0,"tuodut":0,"karkilyonnit":0,"karki_yritykset":0,"saatot":0,"saatto_yritykset":0,"etenemiset":0,"eteneminen_yritykset":0,"haavat":0,"palot":0,"stadium":"Laserkeskus Areena, Laitila","tehot":0,"kl_pct":null},{"player_id":8808,"season_id":2,"match_id":129145,"date":"2026-06-13","team":"Manse","opponent":"PöU Pesis","home":1,"turns_at_bat":4,"kunnarit":0,"lyodyt":1,"tuodut":0,"karkilyonnit":3,"karki_yritykset":5,"saatot":5,"saatto_yritykset":9,"etenemiset":5,"eteneminen_yritykset":8,"haavat":1,"palot":2,"stadium":"Kaupin pesäpallostadion, Tampere","tehot":1,"kl_pct":0.6},{"player_id":8808,"season_id":2,"match_id":129135,"date":"2026-06-17","team":"Manse","opponent":"Jyske","home":1,"turns_at_bat":4,"kunnarit":0,"lyodyt":0,"tuodut":0,"karkilyonnit":0,"karki_yritykset":3,"saatot":0,"saatto_yritykset":6,"etenemiset":2,"eteneminen_yritykset":4,"haavat":1,"palot":1,"stadium":"Kaupin pesäpallostadion, Tampere","tehot":0,"kl_pct":0.0},{"player_id":8808,"season_id":2,"match_id":129166,