{"player":{"id":8822,"name":"Hanna Toivanen","born_year":null},"career":[{"player_id":8822,"name":"Hanna Toivanen","born_year":null,"year":2026,"games":15,"team":"JoMa","turns_at_bat":86,"kunnarit":1,"lyodyt":23,"tuodut":3,"karkilyonnit":50,"karki_yritykset":97,"saatot":133,"saatto_yritykset":234,"etenemiset":88,"eteneminen_yritykset":135,"haavat":32,"palot":15,"season_id":2,"tehot":27,"kl_pct":0.5154639175257731,"saatto_pct":0.5683760683760684,"eten_pct":0.6518518518518519,"kunnari_rate":0.011627906976744186,"lyoty_rate":0.26744186046511625,"tuotu_rate":0.022222222222222223,"haava_rate":0.37209302325581395,"palo_rate":0.1744186046511628,"tehot_per_turn":0.313953488372093,"kl_per_turn":0.5813953488372093,"hr_rbi_per_turn":0.27906976744186046,"kl_base0":0.0,"kl_base0_tries":2,"kl_base1":0.7142857142857143,"kl_base1_tries":7,"kl_base2":0.5833333333333334,"kl_base2_tries":36,"kl_base3":0.46153846153846156,"kl_base3_tries":52,"adv1_pct":0.0,"adv2_pct":0.7142857142857143,"adv3_pct":0.5833333333333334,"adv_home_pct":0.46153846153846156,"money_kl_pct":0.46153846153846156,"money_kl_tries":52,"pos":null,"teho_plus":182,"adv_plus":96,"runner_plus":109,"out_avoid_plus":126,"adv1_plus":0,"adv2_plus":128,"adv3_plus":97,"adv_home_plus":103,"money_kl_plus":103,"spark_index":106,"run_value":14.976861046365475,"raa":6.6,"jyk":11.2,"vyk":0.97,"teho_plus_adj":182}],"line":{"player_id":8822,"name":"Hanna Toivanen","born_year":null,"year":2026,"games":15,"team":"JoMa","turns_at_bat":86,"kunnarit":1,"lyodyt":23,"tuodut":3,"karkilyonnit":50,"karki_yritykset":97,"saatot":133,"saatto_yritykset":234,"etenemiset":88,"eteneminen_yritykset":135,"haavat":32,"palot":15,"season_id":2,"tehot":27,"kl_pct":0.5154639175257731,"saatto_pct":0.5683760683760684,"eten_pct":0.6518518518518519,"kunnari_rate":0.011627906976744186,"lyoty_rate":0.26744186046511625,"tuotu_rate":0.022222222222222223,"haava_rate":0.37209302325581395,"palo_rate":0.1744186046511628,"tehot_per_turn":0.313953488372093,"kl_per_turn":0.5813953488372093,"hr_rbi_per_turn":0.27906976744186046,"kl_base0":0.0,"kl_base0_tries":2,"kl_base1":0.7142857142857143,"kl_base1_tries":7,"kl_base2":0.5833333333333334,"kl_base2_tries":36,"kl_base3":0.46153846153846156,"kl_base3_tries":52,"adv1_pct":0.0,"adv2_pct":0.7142857142857143,"adv3_pct":0.5833333333333334,"adv_home_pct":0.46153846153846156,"money_kl_pct":0.46153846153846156,"money_kl_tries":52,"pos":null,"teho_plus":182,"adv_plus":96,"runner_plus":109,"out_avoid_plus":126,"adv1_plus":0,"adv2_plus":128,"adv3_plus":97,"adv_home_plus":103,"money_kl_plus":103,"spark_index":106,"run_value":14.976861046365475,"raa":6.6,"jyk":11.2,"vyk":0.97,"teho_plus_adj":182,"pct_kl_pct":50,"pct_saatto_pct":46,"pct_eten_pct":83,"pct_kunnari_rate":79,"pct_lyoty_rate":88,"pct_palo_rate":93,"pct_tehot_per_turn":88},"proj":{"player_id":8822,"name":"Hanna Toivanen","as_of":"2026-06-28","age":null,"stats":{"kl_pct":{"rate":0.5208407262674636,"effective_n":89.00734891443321,"observed":0.5163680980665158},"saatto_pct":{"rate":0.5715233958733604,"effective_n":208.78027805788136,"observed":0.5663747490828118},"eten_pct":{"rate":0.6326597723495052,"effective_n":120.31794615297196,"observed":0.6477054665069769},"kunnari_rate":{"rate":0.007856772984531184,"effective_n":81.5223762835306,"observed":0.011277319993635435},"lyoty_rate":{"rate":0.1711884651822039,"effective_n":79.40589343788923,"observed":0.2646869209259605},"haava_rate":{"rate":0.38832837848756635,"effective_n":75.40045710558853,"observed":0.37023158760496655},"palo_rate":{"rate":0.261655820530862,"effective_n":77.36634191918375,"observed":0.17730341878505715}},"teho_plus_proj":214},"career_json":[{"year":2026,"kl_pct":0.5154639175257731,"teho_plus":182}],"pct_stats":["kl_pct","saatto_pct","eten_pct","kunnari_rate","lyoty_rate","palo_rate","tehot_per_turn"],"base_kl":{"player_id":8822,"turns_at_bat":86,"kl_base0":0.0,"kl_base0_tries":2,"kl_base1":0.7142857142857143,"kl_base1_tries":7,"kl_base2":0.5833333333333334,"kl_base2_tries":36,"kl_base3":0.46153846153846156,"kl_base3_tries":52,"pct_kl_base0":4,"pct_kl_base1":86,"pct_kl_base2":54,"pct_kl_base3":52},"base_keys":["kl_base0","kl_base1","kl_base2","kl_base3"],"comps":[]}