{"player":{"id":8885,"name":"Elisa Pauna","born_year":null},"career":[{"player_id":8885,"name":"Elisa Pauna","born_year":null,"year":2026,"games":11,"team":"Pesäkarhut","turns_at_bat":62,"kunnarit":0,"lyodyt":2,"tuodut":8,"karkilyonnit":29,"karki_yritykset":56,"saatot":51,"saatto_yritykset":89,"etenemiset":75,"eteneminen_yritykset":120,"haavat":28,"palot":17,"season_id":2,"tehot":10,"kl_pct":0.5178571428571429,"saatto_pct":0.5730337078651685,"eten_pct":0.625,"kunnari_rate":0.0,"lyoty_rate":0.03225806451612903,"tuotu_rate":0.06666666666666667,"haava_rate":0.45161290322580644,"palo_rate":0.27419354838709675,"tehot_per_turn":0.16129032258064516,"kl_per_turn":0.46774193548387094,"hr_rbi_per_turn":0.03225806451612903,"kl_base0":0.53125,"kl_base0_tries":32,"kl_base1":0.4166666666666667,"kl_base1_tries":12,"kl_base2":0.5555555555555556,"kl_base2_tries":9,"kl_base3":0.6666666666666666,"kl_base3_tries":3,"adv1_pct":0.53125,"adv2_pct":0.4166666666666667,"adv3_pct":0.5555555555555556,"adv_home_pct":0.6666666666666666,"money_kl_pct":0.6666666666666666,"money_kl_tries":3,"teho_plus":93,"adv_plus":96,"runner_plus":105,"out_avoid_plus":111,"adv1_plus":106,"adv2_plus":75,"adv3_plus":92,"adv_home_plus":149,"money_kl_plus":149,"spark_index":102,"run_value":5.581164336014542,"raa":-0.5,"jyk":2.9,"vyk":0.25,"teho_plus_adj":97}],"line":{"player_id":8885,"name":"Elisa Pauna","born_year":null,"year":2026,"games":11,"team":"Pesäkarhut","turns_at_bat":62,"kunnarit":0,"lyodyt":2,"tuodut":8,"karkilyonnit":29,"karki_yritykset":56,"saatot":51,"saatto_yritykset":89,"etenemiset":75,"eteneminen_yritykset":120,"haavat":28,"palot":17,"season_id":2,"tehot":10,"kl_pct":0.5178571428571429,"saatto_pct":0.5730337078651685,"eten_pct":0.625,"kunnari_rate":0.0,"lyoty_rate":0.03225806451612903,"tuotu_rate":0.06666666666666667,"haava_rate":0.45161290322580644,"palo_rate":0.27419354838709675,"tehot_per_turn":0.16129032258064516,"kl_per_turn":0.46774193548387094,"hr_rbi_per_turn":0.03225806451612903,"kl_base0":0.53125,"kl_base0_tries":32,"kl_base1":0.4166666666666667,"kl_base1_tries":12,"kl_base2":0.5555555555555556,"kl_base2_tries":9,"kl_base3":0.6666666666666666,"kl_base3_tries":3,"adv1_pct":0.53125,"adv2_pct":0.4166666666666667,"adv3_pct":0.5555555555555556,"adv_home_pct":0.6666666666666666,"money_kl_pct":0.6666666666666666,"money_kl_tries":3,"teho_plus":93,"adv_plus":96,"runner_plus":105,"out_avoid_plus":111,"adv1_plus":106,"adv2_plus":75,"adv3_plus":92,"adv_home_plus":149,"money_kl_plus":149,"spark_index":102,"run_value":5.581164336014542,"raa":-0.5,"jyk":2.9,"vyk":0.25,"teho_plus_adj":97,"pct_kl_pct":52,"pct_saatto_pct":48,"pct_eten_pct":72,"pct_kunnari_rate":35,"pct_lyoty_rate":56,"pct_palo_rate":67,"pct_tehot_per_turn":55},"proj":{"player_id":8885,"name":"Elisa Pauna","as_of":"2026-06-13","age":null,"stats":{"kl_pct":{"rate":0.5224013986262326,"effective_n":52.97073091661696,"observed":0.5166537634312529},"saatto_pct":{"rate":0.5816928994287286,"effective_n":82.60593044520363,"observed":0.5736044272968028},"eten_pct":{"rate":0.6155661657195783,"effective_n":111.85350075241192,"observed":0.6241093644710559},"kunnari_rate":{"rate":0.00369028711893978,"effective_n":59.92140350390843,"observed":0.0},"lyoty_rate":{"rate":0.05837526636935281,"effective_n":58.918209200681964,"observed":0.031206628466936344},"haava_rate":{"rate":0.419351360030419,"effective_n":56.98097093760752,"observed":0.44984911780811326},"palo_rate":{"rate":0.3147712577758693,"effective_n":57.93826338450171,"observed":0.2754742260291645}},"teho_plus_proj":143},"career_json":[{"year":2026,"kl_pct":0.5178571428571429,"teho_plus":93}],"pct_stats":["kl_pct","saatto_pct","eten_pct","kunnari_rate","lyoty_rate","palo_rate","tehot_per_turn"],"base_kl":{"player_id":8885,"turns_at_bat":62,"kl_base0":0.53125,"kl_base0_tries":32,"kl_base1":0.4166666666666667,"kl_base1_tries":12,"kl_base2":0.5555555555555556,"kl_base2_tries":9,"kl_base3":0.6666666666666666,"kl_base3_tries":3,"pct_kl_base0":75,"pct_kl_base1":27,"pct_kl_base2":49,"pct_kl_base3":85},"base_keys":["kl_base0","kl_base1","kl_base2","kl_base3"],"comps":[]}