{"player":{"id":8895,"name":"Elina Kärsämä","born_year":null},"career":[{"player_id":8895,"name":"Elina Kärsämä","born_year":null,"year":2026,"games":11,"team":"TyTe","turns_at_bat":76,"kunnarit":0,"lyodyt":6,"tuodut":3,"karkilyonnit":44,"karki_yritykset":66,"saatot":72,"saatto_yritykset":104,"etenemiset":78,"eteneminen_yritykset":146,"haavat":27,"palot":41,"season_id":4,"tehot":9,"kl_pct":0.6666666666666666,"saatto_pct":0.6923076923076923,"eten_pct":0.5342465753424658,"kunnari_rate":0.0,"lyoty_rate":0.07894736842105263,"tuotu_rate":0.02054794520547945,"haava_rate":0.35526315789473684,"palo_rate":0.5394736842105263,"tehot_per_turn":0.11842105263157894,"kl_per_turn":0.5789473684210527,"hr_rbi_per_turn":0.07894736842105263,"kl_base0":0.6176470588235294,"kl_base0_tries":34,"kl_base1":0.6363636363636364,"kl_base1_tries":22,"kl_base2":0.75,"kl_base2_tries":4,"kl_base3":1.0,"kl_base3_tries":6,"adv1_pct":0.6176470588235294,"adv2_pct":0.6363636363636364,"adv3_pct":0.75,"adv_home_pct":1.0,"money_kl_pct":1.0,"money_kl_tries":6,"teho_plus":56,"adv_plus":111,"runner_plus":84,"out_avoid_plus":69,"adv1_plus":106,"adv2_plus":110,"adv3_plus":118,"adv_home_plus":211,"money_kl_plus":211,"spark_index":94,"teho_plus_adj":56}],"line":{"player_id":8895,"name":"Elina Kärsämä","born_year":null,"year":2026,"games":11,"team":"TyTe","turns_at_bat":76,"kunnarit":0,"lyodyt":6,"tuodut":3,"karkilyonnit":44,"karki_yritykset":66,"saatot":72,"saatto_yritykset":104,"etenemiset":78,"eteneminen_yritykset":146,"haavat":27,"palot":41,"season_id":4,"tehot":9,"kl_pct":0.6666666666666666,"saatto_pct":0.6923076923076923,"eten_pct":0.5342465753424658,"kunnari_rate":0.0,"lyoty_rate":0.07894736842105263,"tuotu_rate":0.02054794520547945,"haava_rate":0.35526315789473684,"palo_rate":0.5394736842105263,"tehot_per_turn":0.11842105263157894,"kl_per_turn":0.5789473684210527,"hr_rbi_per_turn":0.07894736842105263,"kl_base0":0.6176470588235294,"kl_base0_tries":34,"kl_base1":0.6363636363636364,"kl_base1_tries":22,"kl_base2":0.75,"kl_base2_tries":4,"kl_base3":1.0,"kl_base3_tries":6,"adv1_pct":0.6176470588235294,"adv2_pct":0.6363636363636364,"adv3_pct":0.75,"adv_home_pct":1.0,"money_kl_pct":1.0,"money_kl_tries":6,"teho_plus":56,"adv_plus":111,"runner_plus":84,"out_avoid_plus":69,"adv1_plus":106,"adv2_plus":110,"adv3_plus":118,"adv_home_plus":211,"money_kl_plus":211,"spark_index":94,"teho_plus_adj":56,"pct_kl_pct":85,"pct_saatto_pct":68,"pct_eten_pct":6,"pct_kunnari_rate":36,"pct_lyoty_rate":57,"pct_palo_rate":3,"pct_tehot_per_turn":18},"proj":{"player_id":8895,"name":"Elina Kärsämä","as_of":"2026-06-28","age":null,"stats":{"kl_pct":{"rate":0.6186928297638737,"effective_n":61.34892760956604,"observed":0.6680399972100121},"saatto_pct":{"rate":0.6753014835119071,"effective_n":94.0479415321192,"observed":0.6920417928550523},"eten_pct":{"rate":0.5624487933948357,"effective_n":132.85673284769987,"observed":0.5356806418331016},"kunnari_rate":{"rate":0.0033196312789945093,"effective_n":72.30666860348346,"observed":0.0},"lyoty_rate":{"rate":0.088470963210261,"effective_n":70.55286831931794,"observed":0.07885876965333699},"haava_rate":{"rate":0.3675517535576678,"effective_n":67.21947443589733,"observed":0.3542063412820988},"palo_rate":{"rate":0.4296760651981584,"effective_n":68.85787445915348,"observed":0.5414456897128815}},"teho_plus_proj":123},"career_json":[{"year":2026,"kl_pct":0.6666666666666666,"teho_plus":56}],"pct_stats":["kl_pct","saatto_pct","eten_pct","kunnari_rate","lyoty_rate","palo_rate","tehot_per_turn"],"base_kl":{"player_id":8895,"turns_at_bat":76,"kl_base0":0.6176470588235294,"kl_base0_tries":34,"kl_base1":0.6363636363636364,"kl_base1_tries":22,"kl_base2":0.75,"kl_base2_tries":4,"kl_base3":1.0,"kl_base3_tries":6,"pct_kl_base0":67,"pct_kl_base1":67,"pct_kl_base2":75,"pct_kl_base3":97},"base_keys":["kl_base0","kl_base1","kl_base2","kl_base3"],"log":[{"player_id":8895,"season_id":4,"match_id":129295,"date":"2026-05-09","team":"TyTe","opponent":"MyVe","home":0,"turns_at_bat":6,"kunnarit":0,"lyodyt":0,"tuodut":0,"karkilyonnit":2,"karki_yritykset":5,"saatot":2,"saatto_yritykset":7,"etenemiset":1,"eteneminen_yritykset":6,"haavat":3,"palot":2,"stadium":"Vihka Areena, Mynämäki","tehot":0,"kl_pct":0.4},{"player_id":8895,"season_id":4,"match_id":129291,"date":"2026-05-10","team":"TyTe","opponent":"Pesäkarhut-Akatemia","home":0,"turns_at_bat":8,"kunnarit":0,"lyodyt":1,"tuodut":0,"karkilyonnit":4,"karki_yritykset":5,"saatot":13,"saatto_yritykset":15,"etenemiset":10,"eteneminen_yritykset":17,"haavat":2,"palot":5,"stadium":"Huikoo Areena, Pori","tehot":1,"kl_pct":0.8},{"player_id":8895,"season_id":4,"match_id":129330,"date":"2026-05-20","team":"TyTe","opponent":"PesäKuula","home":0,"turns_at_bat":6,"kunnarit":0,"lyodyt":0,"tuodut":0,"karkilyonnit":4,"karki_yritykset":5,"saatot":4,"saatto_yritykset":5,"etenemiset":6,"eteneminen_yritykset":12,"haavat":1,"palot":5,"stadium":"Ronkaalan pesäpallokenttä, Haapajärvi","tehot":0,"kl_pct":0.8},{"player_id":8895,"season_id":4,"match_id":129258,"date":"2026-05-23","team":"TyTe","opponent":"Tarmo","home":1,"turns_at_bat":10,"kunnarit":0,"lyodyt":2,"tuodut":1,"karkilyonnit":6,"karki_yritykset":9,"saatot":9,"saatto_yritykset":13,"etenemiset":10,"eteneminen_yritykset":18,"haavat":5,"palot":3,"stadium":"Tyrnävän pesäpallokenttä","tehot":3,"kl_pct":0.6666666666666666},{"player_id":8895,"season_id":4,"match_id":129345,"date":"2026-06-03","team":"TyTe","opponent":"AA","home":1,"turns_at_bat":5,"kunnarit":0,"lyodyt":0,"tuodut":1,"karkilyonnit":1,"karki_yritykset":5,"saatot":1,"saatto_yritykset":5,"etenemiset":4,"eteneminen_yritykset":8,"haavat":2,"palot":2,"stadium":"Tyrnävän pesäpallokenttä","tehot":1,"kl_pct":0.2},{"player_id":8895,"season_id":4,"match_id":129259,"date":"2026-06-06","team":"TyTe","opponent":"Pesä Ysit","home":1,"turns_at_bat":8,"kunnarit":0,"lyodyt":0,"tuodut":0,"karkilyonnit":5,"karki_yritykset":8,"saatot":10,"saatto_yritykset":14,"etenemiset":7,"eteneminen_yritykset":15,"haavat":3,"palot":5,"stadium":"Tyrnävän pesäpallokenttä","tehot":0,"kl_pct":0.625},{"player_id":8895,"season_id":4,"match_id":129335,"date":"2026-06-10","team":"TyTe","opponent":"Lavepesis","home":0,"turns_at_bat":6,"kunnarit":0,"lyodyt":0,"tuodut":0,"karkilyonnit":5,"karki_yritykset":5,"saatot":5,"saatto_yritykset":5,"etenemiset":8,"eteneminen_yritykset":14,"haavat":1,"palot":5,"stadium":"Veikkolan pesäpallostadion, Lappajärvi","tehot":0,"kl_pct":1.0},{"player_id":8895,"season_id":4,"match_id":129358,"date":"2026-06-12","team":"TyTe","opponent":"PesäKuula","home":1,"turns_at_bat":7,"kunnarit":0,"lyodyt":1,"tuodut":0,"karkilyonnit":7,"karki_yritykset":9,"saatot":13,"saatto_yritykset":16,"etenemiset":10,"eteneminen_yritykset":17,"haavat":3,"palot":4,"stadium":"Tyrnävän pesäpallokenttä","tehot":1,"kl_pct":0.7777777777777778},{"player_id":8895,"season_id":4,"match_id":129343,"date":"2026-06-17","team":"TyTe","opponent":"SiiPe","home":1,"turns_at_bat":6,"kunnarit":0,"lyodyt":1,"tuodut":1,"karkilyonnit":2,"karki_yritykset":4,"saatot":5,"saatto_yritykset":8,"etenemiset":7,"eteneminen_yritykset":11,"haavat":3,"palot":1,"stadium":"Tyrnävän pesäpallokenttä","tehot":2,"kl_pct":0.5},{"player_id":8895,"season_id":4,"match_id":129373,"date":"2026-06-23","team":"TyTe","opponent":"AA","home":0,"turns_at_bat":6,"kunnarit":0,"lyodyt":1,"tuodut":0,"karkilyonnit":5,"karki_yritykset":6,"saatot":6,"saatto_yritykset":8,"etenemiset":9,"eteneminen_yritykset":14,"haavat":2,"palot":3,"stadium":"Saltex Areena, Alajärvi","tehot":1,"kl_pct":0.8333333333333334},{"player_id":8895,"season_id":4,"match_id":129301,"date":"2026-06-27","team":"TyTe","opponent":"Jana","home":0,"turns_at_bat":8,"kunnarit":0,"lyodyt":0,"tuodut":0,"karkilyonnit":3,"karki_yritykset":5,"saatot":4,"saatto_yritykset":8,"etenemiset":6,"eteneminen_yritykset":14,"haavat":2,"palot":6,"stadium":"Kansanpuiston kenttä, Turenki (Janakkala)","tehot":0,"kl_pct":0.6}],"comps":[]}