{"player":{"id":8958,"name":"Kalle Miettinen","born_year":null},"career":[{"player_id":8958,"name":"Kalle Miettinen","born_year":null,"year":2026,"games":5,"team":"SiiPe","turns_at_bat":24,"kunnarit":1,"lyodyt":1,"tuodut":3,"karkilyonnit":13,"karki_yritykset":32,"saatot":24,"saatto_yritykset":53,"etenemiset":22,"eteneminen_yritykset":36,"haavat":8,"palot":6,"season_id":3,"tehot":5,"kl_pct":0.40625,"saatto_pct":0.4528301886792453,"eten_pct":0.6111111111111112,"kunnari_rate":0.041666666666666664,"lyoty_rate":0.041666666666666664,"tuotu_rate":0.08333333333333333,"haava_rate":0.3333333333333333,"palo_rate":0.25,"tehot_per_turn":0.20833333333333334,"kl_per_turn":0.5416666666666666,"hr_rbi_per_turn":0.08333333333333333,"kl_base0":1.0,"kl_base0_tries":3,"kl_base1":0.6,"kl_base1_tries":5,"kl_base2":0.38461538461538464,"kl_base2_tries":13,"kl_base3":0.18181818181818182,"kl_base3_tries":11,"adv1_pct":1.0,"adv2_pct":0.6,"adv3_pct":0.38461538461538464,"adv_home_pct":0.18181818181818182,"money_kl_pct":0.18181818181818182,"money_kl_tries":11,"teho_plus":123,"adv_plus":77,"runner_plus":104,"out_avoid_plus":112,"adv1_plus":210,"adv2_plus":109,"adv3_plus":67,"adv_home_plus":40,"money_kl_plus":40,"spark_index":92,"run_value":3.710512526109002,"raa":1.1,"jyk":2.5,"vyk":0.21,"teho_plus_adj":133}],"line":{"player_id":8958,"name":"Kalle Miettinen","born_year":null,"year":2026,"games":5,"team":"SiiPe","turns_at_bat":24,"kunnarit":1,"lyodyt":1,"tuodut":3,"karkilyonnit":13,"karki_yritykset":32,"saatot":24,"saatto_yritykset":53,"etenemiset":22,"eteneminen_yritykset":36,"haavat":8,"palot":6,"season_id":3,"tehot":5,"kl_pct":0.40625,"saatto_pct":0.4528301886792453,"eten_pct":0.6111111111111112,"kunnari_rate":0.041666666666666664,"lyoty_rate":0.041666666666666664,"tuotu_rate":0.08333333333333333,"haava_rate":0.3333333333333333,"palo_rate":0.25,"tehot_per_turn":0.20833333333333334,"kl_per_turn":0.5416666666666666,"hr_rbi_per_turn":0.08333333333333333,"kl_base0":1.0,"kl_base0_tries":3,"kl_base1":0.6,"kl_base1_tries":5,"kl_base2":0.38461538461538464,"kl_base2_tries":13,"kl_base3":0.18181818181818182,"kl_base3_tries":11,"adv1_pct":1.0,"adv2_pct":0.6,"adv3_pct":0.38461538461538464,"adv_home_pct":0.18181818181818182,"money_kl_pct":0.18181818181818182,"money_kl_tries":11,"teho_plus":123,"adv_plus":77,"runner_plus":104,"out_avoid_plus":112,"adv1_plus":210,"adv2_plus":109,"adv3_plus":67,"adv_home_plus":40,"money_kl_plus":40,"spark_index":92,"run_value":3.710512526109002,"raa":1.1,"jyk":2.5,"vyk":0.21,"teho_plus_adj":133,"pct_kl_pct":null,"pct_saatto_pct":null,"pct_eten_pct":null,"pct_kunnari_rate":null,"pct_lyoty_rate":null,"pct_palo_rate":null,"pct_tehot_per_turn":null},"proj":{"player_id":8958,"name":"Kalle Miettinen","as_of":"2026-06-25","age":null,"stats":{"kl_pct":{"rate":0.47760006671570115,"effective_n":29.70983793021711,"observed":0.4051959288200817},"saatto_pct":{"rate":0.5131216126488094,"effective_n":48.04145210477699,"observed":0.44733112088817006},"eten_pct":{"rate":0.5968136676452953,"effective_n":32.670321289412925,"observed":0.6067268068599574},"kunnari_rate":{"rate":0.011937875409149621,"effective_n":22.90350797780259,"observed":0.041116319599173466},"lyoty_rate":{"rate":0.06849384466753655,"effective_n":22.37680634547454,"observed":0.04083726477747782},"haava_rate":{"rate":0.4080666305438737,"effective_n":21.364600973545176,"observed":0.337314964384493},"palo_rate":{"rate":0.3120065147461523,"effective_n":21.86396003554274,"observed":0.25118056099969427}},"teho_plus_proj":154},"career_json":[{"year":2026,"kl_pct":0.40625,"teho_plus":123}],"pct_stats":["kl_pct","saatto_pct","eten_pct","kunnari_rate","lyoty_rate","palo_rate","tehot_per_turn"],"base_kl":{"player_id":8958,"turns_at_bat":24,"kl_base0":1.0,"kl_base0_tries":3,"kl_base1":0.6,"kl_base1_tries":5,"kl_base2":0.38461538461538464,"kl_base2_tries":13,"kl_base3":0.18181818181818182,"kl_base3_tries":11,"pct_kl_base0":null,"pct_kl_base1":null,"pct_kl_base2":null,"pct_kl_base3":null},"base_keys":["kl_base0","kl_base1","kl_base2","kl_base3"],"comps":[]}