{"player":{"id":898,"name":"Jaana Perkkalainen","born_year":null},"career":[{"year":1993,"age":null,"games":21,"turns_at_bat":81,"vyk":-0.72,"spark_index":87,"adv_plus":85,"runner_plus":98,"out_avoid_plus":75,"money_kl_plus":84,"teho_plus":92,"teho_plus_adj":91}],"line":{"player_id":898,"name":"Jaana Perkkalainen","born_year":null,"year":1993,"games":21,"team":"YJ","turns_at_bat":81,"kunnarit":2,"lyodyt":1,"tuodut":15,"karkilyonnit":42,"karki_yritykset":81,"saatot":50,"saatto_yritykset":98,"etenemiset":99,"eteneminen_yritykset":162,"haavat":22,"palot":41,"season_id":8,"tehot":18,"kl_pct":0.5185185185185185,"saatto_pct":0.5102040816326531,"eten_pct":0.6111111111111112,"kunnari_rate":0.024691358024691357,"lyoty_rate":0.012345679012345678,"tuotu_rate":0.09259259259259259,"haava_rate":0.2716049382716049,"palo_rate":0.5061728395061729,"tehot_per_turn":0.2222222222222222,"kl_per_turn":0.5185185185185185,"hr_rbi_per_turn":0.037037037037037035,"kl_base0":0.48333333333333334,"kl_base0_tries":60,"kl_base1":0.8,"kl_base1_tries":5,"kl_base2":0.6666666666666666,"kl_base2_tries":9,"kl_base3":0.42857142857142855,"kl_base3_tries":7,"adv1_pct":0.48333333333333334,"adv2_pct":0.8,"adv3_pct":0.6666666666666666,"adv_home_pct":0.42857142857142855,"money_kl_pct":0.42857142857142855,"money_kl_tries":7,"pos":null,"teho_plus":92,"adv_plus":85,"runner_plus":98,"out_avoid_plus":75,"adv1_plus":99,"adv2_plus":136,"adv3_plus":102,"adv_home_plus":84,"money_kl_plus":84,"spark_index":87,"run_value":-13.655727249197227,"raa":-8.6,"jyk":-13.7,"vyk":-0.72,"teho_plus_adj":91,"pct_kl_pct":34,"pct_saatto_pct":7,"pct_eten_pct":46,"pct_kunnari_rate":91,"pct_lyoty_rate":1,"pct_palo_rate":3,"pct_tehot_per_turn":47},"proj":null,"translation":null,"pitching":null,"career_json":[{"year":1993,"kl_pct":0.5185185185185185,"teho_plus":92}],"pct_stats":["kl_pct","saatto_pct","eten_pct","kunnari_rate","lyoty_rate","palo_rate","tehot_per_turn"],"base_kl":{"player_id":898,"turns_at_bat":81,"kl_base0":0.48333333333333334,"kl_base0_tries":60,"kl_base1":0.8,"kl_base1_tries":5,"kl_base2":0.6666666666666666,"kl_base2_tries":9,"kl_base3":0.42857142857142855,"kl_base3_tries":7,"pct_kl_base0":55,"pct_kl_base1":95,"pct_kl_base2":65,"pct_kl_base3":27},"base_keys":["kl_base0","kl_base1","kl_base2","kl_base3"],"comps":[]}