{"player":{"id":9034,"name":"Riina Kuisma","born_year":null},"career":[{"year":2024,"age":null,"games":2,"turns_at_bat":9,"vyk":0.01,"spark_index":84,"adv_plus":64,"runner_plus":94,"out_avoid_plus":117,"money_kl_plus":27,"teho_plus":55,"teho_plus_adj":56},{"year":2025,"age":null,"games":20,"turns_at_bat":100,"vyk":0.39,"spark_index":92,"adv_plus":75,"runner_plus":100,"out_avoid_plus":121,"money_kl_plus":63,"teho_plus":104,"teho_plus_adj":103},{"year":2026,"age":null,"games":11,"turns_at_bat":56,"vyk":0.11,"spark_index":88,"adv_plus":75,"runner_plus":98,"out_avoid_plus":107,"money_kl_plus":60,"teho_plus":67,"teho_plus_adj":67}],"line":{"player_id":9034,"name":"Riina Kuisma","born_year":null,"year":2026,"games":11,"team":"HP-K","turns_at_bat":56,"kunnarit":0,"lyodyt":8,"tuodut":0,"karkilyonnit":26,"karki_yritykset":71,"saatot":79,"saatto_yritykset":156,"etenemiset":58,"eteneminen_yritykset":93,"haavat":19,"palot":16,"season_id":4,"tehot":8,"kl_pct":0.36619718309859156,"saatto_pct":0.5064102564102564,"eten_pct":0.6236559139784946,"kunnari_rate":0.0,"lyoty_rate":0.14285714285714285,"tuotu_rate":0.0,"haava_rate":0.3392857142857143,"palo_rate":0.2857142857142857,"tehot_per_turn":0.14285714285714285,"kl_per_turn":0.4642857142857143,"hr_rbi_per_turn":0.14285714285714285,"kl_base0":0.6666666666666666,"kl_base0_tries":3,"kl_base1":0.4444444444444444,"kl_base1_tries":9,"kl_base2":0.3870967741935484,"kl_base2_tries":31,"kl_base3":0.2857142857142857,"kl_base3_tries":28,"adv1_pct":0.6666666666666666,"adv2_pct":0.4444444444444444,"adv3_pct":0.3870967741935484,"adv_home_pct":0.2857142857142857,"money_kl_pct":0.2857142857142857,"money_kl_tries":28,"pos":null,"teho_plus":67,"adv_plus":75,"runner_plus":98,"out_avoid_plus":107,"adv1_plus":115,"adv2_plus":77,"adv3_plus":61,"adv_home_plus":60,"money_kl_plus":60,"spark_index":88,"run_value":5.496744351064468,"raa":-1.5,"jyk":1.6,"vyk":0.11,"teho_plus_adj":67,"pct_kl_pct":2,"pct_saatto_pct":9,"pct_eten_pct":45,"pct_kunnari_rate":36,"pct_lyoty_rate":72,"pct_palo_rate":60,"pct_tehot_per_turn":27},"proj":{"player_id":9034,"name":"Riina Kuisma","as_of":"2026-06-27","age":null,"stats":{"kl_pct":{"rate":0.44144176339755137,"effective_n":105.88669750318628,"observed":0.3695945119676902},"saatto_pct":{"rate":0.5290834702525692,"effective_n":198.4222810342699,"observed":0.5075418929974344},"eten_pct":{"rate":0.6278397651790745,"effective_n":117.29676759419536,"observed":0.6253948506470367},"kunnari_rate":{"rate":0.0028733107478901587,"effective_n":102.17827734926198,"observed":0.0},"lyoty_rate":{"rate":0.13146447048666493,"effective_n":84.9475474731735,"observed":0.16397056204513966},"haava_rate":{"rate":0.3645733026532284,"effective_n":64.53255429358343,"observed":0.346056808105346},"palo_rate":{"rate":0.2963599847637391,"effective_n":72.98605641851789,"observed":0.2556800548255226}},"teho_plus_proj":152},"translation":{"wrc_plus":85,"tier":"bench bat","rows":[{"pesis_label":"Kärkilyönti-% (advance the lead runner)","pesis_value":0.36619718309859156,"percentile":2,"mlb_stat":"AVG","mlb_value":"0.199"},{"pesis_label":"Kärkilyönnit per turn (base hits)","pesis_value":0.4642857142857143,"percentile":24,"mlb_stat":"H / 600 PA","mlb_value":"134"},{"pesis_label":"Lyödyt per turn (runs batted home)","pesis_value":0.14285714285714285,"percentile":72,"mlb_stat":"RBI / 600 PA","mlb_value":"84"},{"pesis_label":"Tuodut per advance (runs scored)","pesis_value":0.0,"percentile":1,"mlb_stat":"R / 600 PA","mlb_value":"34"},{"pesis_label":"Palot per turn (burned outs)","pesis_value":0.2857142857142857,"percentile":60,"mlb_stat":"K%","mlb_value":"20.8%"}]},"pitching":null,"career_json":[{"year":2024,"kl_pct":0.3076923076923077,"teho_plus":55},{"year":2025,"kl_pct":0.371900826446281,"teho_plus":104},{"year":2026,"kl_pct":0.36619718309859156,"teho_plus":67}],"pct_stats":["kl_pct","saatto_pct","eten_pct","kunnari_rate","lyoty_rate","palo_rate","tehot_per_turn"],"base_kl":{"player_id":9034,"turns_at_bat":56,"kl_base0":0.6666666666666666,"kl_base0_tries":3,"kl_base1":0.4444444444444444,"kl_base1_tries":9,"kl_base2":0.3870967741935484,"kl_base2_tries":31,"kl_base3":0.2857142857142857,"kl_base3_tries":28,"pct_kl_base0":74,"pct_kl_base1":27,"pct_kl_base2":8,"pct_kl_base3":14},"base_keys":["kl_base0","kl_base1","kl_base2","kl_base3"],"comps":[]}