{"player":{"id":9035,"name":"Liinu Turpela","born_year":null},"career":[{"player_id":9035,"name":"Liinu Turpela","born_year":null,"year":2026,"games":14,"team":"Jussittaret","turns_at_bat":98,"kunnarit":0,"lyodyt":1,"tuodut":13,"karkilyonnit":33,"karki_yritykset":79,"saatot":81,"saatto_yritykset":144,"etenemiset":112,"eteneminen_yritykset":181,"haavat":41,"palot":28,"season_id":2,"tehot":14,"kl_pct":0.4177215189873418,"saatto_pct":0.5625,"eten_pct":0.6187845303867403,"kunnari_rate":0.0,"lyoty_rate":0.01020408163265306,"tuotu_rate":0.0718232044198895,"haava_rate":0.41836734693877553,"palo_rate":0.2857142857142857,"tehot_per_turn":0.14285714285714285,"kl_per_turn":0.336734693877551,"hr_rbi_per_turn":0.01020408163265306,"kl_base0":0.40476190476190477,"kl_base0_tries":42,"kl_base1":0.5,"kl_base1_tries":16,"kl_base2":0.4375,"kl_base2_tries":16,"kl_base3":0.2,"kl_base3_tries":5,"adv1_pct":0.40476190476190477,"adv2_pct":0.5,"adv3_pct":0.4375,"adv_home_pct":0.2,"money_kl_pct":0.2,"money_kl_tries":5,"teho_plus":83,"adv_plus":89,"runner_plus":104,"out_avoid_plus":109,"adv1_plus":81,"adv2_plus":90,"adv3_plus":73,"adv_home_plus":45,"money_kl_plus":45,"spark_index":98,"run_value":7.052572325502993,"raa":-2.5,"jyk":2.8,"vyk":0.24,"teho_plus_adj":84}],"line":{"player_id":9035,"name":"Liinu Turpela","born_year":null,"year":2026,"games":14,"team":"Jussittaret","turns_at_bat":98,"kunnarit":0,"lyodyt":1,"tuodut":13,"karkilyonnit":33,"karki_yritykset":79,"saatot":81,"saatto_yritykset":144,"etenemiset":112,"eteneminen_yritykset":181,"haavat":41,"palot":28,"season_id":2,"tehot":14,"kl_pct":0.4177215189873418,"saatto_pct":0.5625,"eten_pct":0.6187845303867403,"kunnari_rate":0.0,"lyoty_rate":0.01020408163265306,"tuotu_rate":0.0718232044198895,"haava_rate":0.41836734693877553,"palo_rate":0.2857142857142857,"tehot_per_turn":0.14285714285714285,"kl_per_turn":0.336734693877551,"hr_rbi_per_turn":0.01020408163265306,"kl_base0":0.40476190476190477,"kl_base0_tries":42,"kl_base1":0.5,"kl_base1_tries":16,"kl_base2":0.4375,"kl_base2_tries":16,"kl_base3":0.2,"kl_base3_tries":5,"adv1_pct":0.40476190476190477,"adv2_pct":0.5,"adv3_pct":0.4375,"adv_home_pct":0.2,"money_kl_pct":0.2,"money_kl_tries":5,"teho_plus":83,"adv_plus":89,"runner_plus":104,"out_avoid_plus":109,"adv1_plus":81,"adv2_plus":90,"adv3_plus":73,"adv_home_plus":45,"money_kl_plus":45,"spark_index":98,"run_value":7.052572325502993,"raa":-2.5,"jyk":2.8,"vyk":0.24,"teho_plus_adj":84,"pct_kl_pct":19,"pct_saatto_pct":43,"pct_eten_pct":69,"pct_kunnari_rate":35,"pct_lyoty_rate":28,"pct_palo_rate":61,"pct_tehot_per_turn":50},"proj":{"player_id":9035,"name":"Liinu Turpela","as_of":"2026-07-01","age":null,"stats":{"kl_pct":{"rate":0.46605198677700194,"effective_n":72.66076810741755,"observed":0.4153310648232775},"saatto_pct":{"rate":0.5696420280377896,"effective_n":128.17276572027137,"observed":0.5606682759656403},"eten_pct":{"rate":0.613097572401625,"effective_n":161.26261254398128,"observed":0.6182578324826887},"kunnari_rate":{"rate":0.00312634442819024,"effective_n":92.3763561637993,"observed":0.0},"lyoty_rate":{"rate":0.04235000153016776,"effective_n":89.7120608927719,"observed":0.01021665568927183},"haava_rate":{"rate":0.41023834755852123,"effective_n":84.66030851857775,"observed":0.42000078070890173},"palo_rate":{"rate":0.3137875692845125,"effective_n":87.14121186049842,"observed":0.28675676715785536}},"teho_plus_proj":133},"career_json":[{"year":2026,"kl_pct":0.4177215189873418,"teho_plus":83}],"pct_stats":["kl_pct","saatto_pct","eten_pct","kunnari_rate","lyoty_rate","palo_rate","tehot_per_turn"],"base_kl":{"player_id":9035,"turns_at_bat":98,"kl_base0":0.40476190476190477,"kl_base0_tries":42,"kl_base1":0.5,"kl_base1_tries":16,"kl_base2":0.4375,"kl_base2_tries":16,"kl_base3":0.2,"kl_base3_tries":5,"pct_kl_base0":45,"pct_kl_base1":41,"pct_kl_base2":24,"pct_kl_base3":20},"base_keys":["kl_base0","kl_base1","kl_base2","kl_base3"],"comps":[]}