{"player":{"id":906,"name":"Maarit Poikonen","born_year":null},"career":[{"year":1991,"age":null,"games":21,"turns_at_bat":101,"vyk":-0.21,"spark_index":84,"adv_plus":77,"runner_plus":75,"out_avoid_plus":113,"money_kl_plus":64,"teho_plus":38,"teho_plus_adj":38}],"line":{"player_id":906,"name":"Maarit Poikonen","born_year":null,"year":1991,"games":21,"team":"KK-V","turns_at_bat":101,"kunnarit":1,"lyodyt":3,"tuodut":7,"karkilyonnit":47,"karki_yritykset":98,"saatot":94,"saatto_yritykset":193,"etenemiset":80,"eteneminen_yritykset":165,"haavat":59,"palot":26,"season_id":15,"tehot":11,"kl_pct":0.47959183673469385,"saatto_pct":0.48704663212435234,"eten_pct":0.48484848484848486,"kunnari_rate":0.009900990099009901,"lyoty_rate":0.0297029702970297,"tuotu_rate":0.04242424242424243,"haava_rate":0.5841584158415841,"palo_rate":0.25742574257425743,"tehot_per_turn":0.10891089108910891,"kl_per_turn":0.46534653465346537,"hr_rbi_per_turn":0.039603960396039604,"kl_base0":0.20689655172413793,"kl_base0_tries":29,"kl_base1":0.696969696969697,"kl_base1_tries":33,"kl_base2":0.56,"kl_base2_tries":25,"kl_base3":0.36363636363636365,"kl_base3_tries":11,"adv1_pct":0.20689655172413793,"adv2_pct":0.696969696969697,"adv3_pct":0.56,"adv_home_pct":0.36363636363636365,"money_kl_pct":0.36363636363636365,"money_kl_tries":11,"pos":"L","teho_plus":38,"adv_plus":77,"runner_plus":75,"out_avoid_plus":113,"adv1_plus":39,"adv2_plus":113,"adv3_plus":86,"adv_home_plus":64,"money_kl_plus":64,"spark_index":84,"run_value":9.040253610431979,"raa":-10.0,"jyk":-4.9,"vyk":-0.21,"teho_plus_adj":38,"pct_kl_pct":13,"pct_saatto_pct":5,"pct_eten_pct":3,"pct_kunnari_rate":38,"pct_lyoty_rate":7,"pct_palo_rate":86,"pct_tehot_per_turn":3},"proj":null,"translation":null,"pitching":null,"career_json":[{"year":1991,"kl_pct":0.47959183673469385,"teho_plus":38}],"pct_stats":["kl_pct","saatto_pct","eten_pct","kunnari_rate","lyoty_rate","palo_rate","tehot_per_turn"],"base_kl":{"player_id":906,"turns_at_bat":101,"kl_base0":0.20689655172413793,"kl_base0_tries":29,"kl_base1":0.696969696969697,"kl_base1_tries":33,"kl_base2":0.56,"kl_base2_tries":25,"kl_base3":0.36363636363636365,"kl_base3_tries":11,"pct_kl_base0":1,"pct_kl_base1":82,"pct_kl_base2":30,"pct_kl_base3":10},"base_keys":["kl_base0","kl_base1","kl_base2","kl_base3"],"comps":[]}