{"player":{"id":9081,"name":"Tuukka Etula","born_year":null},"career":[{"player_id":9081,"name":"Tuukka Etula","born_year":null,"year":2026,"games":9,"team":"KeKi","turns_at_bat":53,"kunnarit":0,"lyodyt":5,"tuodut":4,"karkilyonnit":18,"karki_yritykset":49,"saatot":66,"saatto_yritykset":121,"etenemiset":59,"eteneminen_yritykset":93,"haavat":23,"palot":11,"season_id":1,"tehot":9,"kl_pct":0.3673469387755102,"saatto_pct":0.5454545454545454,"eten_pct":0.6344086021505376,"kunnari_rate":0.0,"lyoty_rate":0.09433962264150944,"tuotu_rate":0.043010752688172046,"haava_rate":0.4339622641509434,"palo_rate":0.20754716981132076,"tehot_per_turn":0.16981132075471697,"kl_per_turn":0.33962264150943394,"hr_rbi_per_turn":0.09433962264150944,"kl_base0":0.3333333333333333,"kl_base0_tries":3,"kl_base1":0.15789473684210525,"kl_base1_tries":19,"kl_base2":0.6428571428571429,"kl_base2_tries":14,"kl_base3":0.38461538461538464,"kl_base3_tries":13,"adv1_pct":0.3333333333333333,"adv2_pct":0.15789473684210525,"adv3_pct":0.6428571428571429,"adv_home_pct":0.38461538461538464,"money_kl_pct":0.38461538461538464,"money_kl_tries":13,"teho_plus":105,"adv_plus":87,"runner_plus":108,"out_avoid_plus":117,"adv1_plus":62,"adv2_plus":30,"adv3_plus":113,"adv_home_plus":86,"money_kl_plus":86,"spark_index":99,"teho_plus_adj":105}],"line":{"player_id":9081,"name":"Tuukka Etula","born_year":null,"year":2026,"games":9,"team":"KeKi","turns_at_bat":53,"kunnarit":0,"lyodyt":5,"tuodut":4,"karkilyonnit":18,"karki_yritykset":49,"saatot":66,"saatto_yritykset":121,"etenemiset":59,"eteneminen_yritykset":93,"haavat":23,"palot":11,"season_id":1,"tehot":9,"kl_pct":0.3673469387755102,"saatto_pct":0.5454545454545454,"eten_pct":0.6344086021505376,"kunnari_rate":0.0,"lyoty_rate":0.09433962264150944,"tuotu_rate":0.043010752688172046,"haava_rate":0.4339622641509434,"palo_rate":0.20754716981132076,"tehot_per_turn":0.16981132075471697,"kl_per_turn":0.33962264150943394,"hr_rbi_per_turn":0.09433962264150944,"kl_base0":0.3333333333333333,"kl_base0_tries":3,"kl_base1":0.15789473684210525,"kl_base1_tries":19,"kl_base2":0.6428571428571429,"kl_base2_tries":14,"kl_base3":0.38461538461538464,"kl_base3_tries":13,"adv1_pct":0.3333333333333333,"adv2_pct":0.15789473684210525,"adv3_pct":0.6428571428571429,"adv_home_pct":0.38461538461538464,"money_kl_pct":0.38461538461538464,"money_kl_tries":13,"teho_plus":105,"adv_plus":87,"runner_plus":108,"out_avoid_plus":117,"adv1_plus":62,"adv2_plus":30,"adv3_plus":113,"adv_home_plus":86,"money_kl_plus":86,"spark_index":99,"teho_plus_adj":105,"pct_kl_pct":5,"pct_saatto_pct":31,"pct_eten_pct":78,"pct_kunnari_rate":29,"pct_lyoty_rate":74,"pct_palo_rate":88,"pct_tehot_per_turn":63},"proj":{"player_id":9081,"name":"Tuukka Etula","as_of":"2026-07-02","age":null,"stats":{"kl_pct":{"rate":0.4560722455527245,"effective_n":46.92415442848015,"observed":0.36785762817098255},"saatto_pct":{"rate":0.5564711448011174,"effective_n":114.27751908909899,"observed":0.5448849838861762},"eten_pct":{"rate":0.6173906695760017,"effective_n":87.84304606118147,"observed":0.6341281885817976},"kunnari_rate":{"rate":0.00474397952602136,"effective_n":51.51136850538985,"observed":0.0},"lyoty_rate":{"rate":0.08003032037820305,"effective_n":50.79271602167748,"observed":0.09231768444386548},"haava_rate":{"rate":0.43311937190585004,"effective_n":49.404005464263506,"observed":0.44055010802240596},"palo_rate":{"rate":0.27738720063077393,"effective_n":50.090436367859034,"observed":0.20232172522348618}},"teho_plus_proj":167},"career_json":[{"year":2026,"kl_pct":0.3673469387755102,"teho_plus":105}],"pct_stats":["kl_pct","saatto_pct","eten_pct","kunnari_rate","lyoty_rate","palo_rate","tehot_per_turn"],"base_kl":{"player_id":9081,"turns_at_bat":53,"kl_base0":0.3333333333333333,"kl_base0_tries":3,"kl_base1":0.15789473684210525,"kl_base1_tries":19,"kl_base2":0.6428571428571429,"kl_base2_tries":14,"kl_base3":0.38461538461538464,"kl_base3_tries":13,"pct_kl_base0":21,"pct_kl_base1":4,"pct_kl_base2":64,"pct_kl_base3":42},"base_keys":["kl_base0","kl_base1","kl_base2","kl_base3"],"comps":[]}