{"player":{"id":9082,"name":"Mikko Vihriälä","born_year":null},"career":[{"player_id":9082,"name":"Mikko Vihriälä","born_year":null,"year":2026,"games":17,"team":"ViVe","turns_at_bat":130,"kunnarit":2,"lyodyt":1,"tuodut":30,"karkilyonnit":72,"karki_yritykset":120,"saatot":76,"saatto_yritykset":127,"etenemiset":189,"eteneminen_yritykset":289,"haavat":57,"palot":43,"season_id":1,"tehot":33,"kl_pct":0.6,"saatto_pct":0.5984251968503937,"eten_pct":0.6539792387543253,"kunnari_rate":0.015384615384615385,"lyoty_rate":0.007692307692307693,"tuotu_rate":0.10380622837370242,"haava_rate":0.43846153846153846,"palo_rate":0.33076923076923076,"tehot_per_turn":0.25384615384615383,"kl_per_turn":0.5538461538461539,"hr_rbi_per_turn":0.023076923076923078,"kl_base0":0.5769230769230769,"kl_base0_tries":104,"kl_base1":0.7,"kl_base1_tries":10,"kl_base2":1.0,"kl_base2_tries":2,"kl_base3":0.75,"kl_base3_tries":4,"adv1_pct":0.5769230769230769,"adv2_pct":0.7,"adv3_pct":1.0,"adv_home_pct":0.75,"money_kl_pct":0.75,"money_kl_tries":4,"teho_plus":157,"adv_plus":106,"runner_plus":111,"out_avoid_plus":99,"adv1_plus":108,"adv2_plus":132,"adv3_plus":175,"adv_home_plus":167,"money_kl_plus":167,"spark_index":106,"teho_plus_adj":158}],"line":{"player_id":9082,"name":"Mikko Vihriälä","born_year":null,"year":2026,"games":17,"team":"ViVe","turns_at_bat":130,"kunnarit":2,"lyodyt":1,"tuodut":30,"karkilyonnit":72,"karki_yritykset":120,"saatot":76,"saatto_yritykset":127,"etenemiset":189,"eteneminen_yritykset":289,"haavat":57,"palot":43,"season_id":1,"tehot":33,"kl_pct":0.6,"saatto_pct":0.5984251968503937,"eten_pct":0.6539792387543253,"kunnari_rate":0.015384615384615385,"lyoty_rate":0.007692307692307693,"tuotu_rate":0.10380622837370242,"haava_rate":0.43846153846153846,"palo_rate":0.33076923076923076,"tehot_per_turn":0.25384615384615383,"kl_per_turn":0.5538461538461539,"hr_rbi_per_turn":0.023076923076923078,"kl_base0":0.5769230769230769,"kl_base0_tries":104,"kl_base1":0.7,"kl_base1_tries":10,"kl_base2":1.0,"kl_base2_tries":2,"kl_base3":0.75,"kl_base3_tries":4,"adv1_pct":0.5769230769230769,"adv2_pct":0.7,"adv3_pct":1.0,"adv_home_pct":0.75,"money_kl_pct":0.75,"money_kl_tries":4,"teho_plus":157,"adv_plus":106,"runner_plus":111,"out_avoid_plus":99,"adv1_plus":108,"adv2_plus":132,"adv3_plus":175,"adv_home_plus":167,"money_kl_plus":167,"spark_index":106,"teho_plus_adj":158,"pct_kl_pct":73,"pct_saatto_pct":53,"pct_eten_pct":88,"pct_kunnari_rate":85,"pct_lyoty_rate":20,"pct_palo_rate":41,"pct_tehot_per_turn":84},"proj":{"player_id":9082,"name":"Mikko Vihriälä","as_of":"2026-07-02","age":null,"stats":{"kl_pct":{"rate":0.5759139248771517,"effective_n":111.05881990350626,"observed":0.6033867940580636},"saatto_pct":{"rate":0.5989609784707366,"effective_n":114.6253309166276,"observed":0.6022373539337779},"eten_pct":{"rate":0.6440579226088057,"effective_n":258.99020405879,"observed":0.6548831865017203},"kunnari_rate":{"rate":0.011543533826591726,"effective_n":122.87799826314271,"observed":0.016195120331911433},"lyoty_rate":{"rate":0.03358426131170342,"effective_n":119.51007412587074,"observed":0.007715512134778833},"haava_rate":{"rate":0.43453613978481376,"effective_n":113.13531441940921,"observed":0.4390332759638504},"palo_rate":{"rate":0.32763852635267027,"effective_n":116.2641146980929,"observed":0.3298751893085199}},"teho_plus_proj":148},"career_json":[{"year":2026,"kl_pct":0.6,"teho_plus":157}],"pct_stats":["kl_pct","saatto_pct","eten_pct","kunnari_rate","lyoty_rate","palo_rate","tehot_per_turn"],"base_kl":{"player_id":9082,"turns_at_bat":130,"kl_base0":0.5769230769230769,"kl_base0_tries":104,"kl_base1":0.7,"kl_base1_tries":10,"kl_base2":1.0,"kl_base2_tries":2,"kl_base3":0.75,"kl_base3_tries":4,"pct_kl_base0":70,"pct_kl_base1":86,"pct_kl_base2":96,"pct_kl_base3":87},"base_keys":["kl_base0","kl_base1","kl_base2","kl_base3"],"log":[{"player_id":9082,"season_id":1,"match_id":128907,"date":"2026-05-09","team":"ViVe","opponent":"JoMa","home":0,"turns_at_bat":6,"kunnarit":0,"lyodyt":0,"tuodut":1,"karkilyonnit":3,"karki_yritykset":6,"saatot":3,"saatto_yritykset":6,"etenemiset":6,"eteneminen_yritykset":11,"haavat":3,"palot":2,"stadium":"Ilosaarirock Stadion, Joensuu","tehot":1,"kl_pct":0.5},{"player_id":9082,"season_id":1,"match_id":128984,"date":"2026-05-10","team":"ViVe","opponent":"KiPa","home":0,"turns_at_bat":7,"kunnarit":0,"lyodyt":0,"tuodut":3,"karkilyonnit":4,"karki_yritykset":5,"saatot":4,"saatto_yritykset":5,"etenemiset":17,"eteneminen_yritykset":21,"haavat":0,"palot":4,"stadium":"Rantakenttä, Kitee","tehot":3,"kl_pct":0.8},{"player_id":9082,"season_id":1,"match_id":128917,"date":"2026-05-14","team":"ViVe","opponent":"Tahko","home":1,"turns_at_bat":7,"kunnarit":0,"lyodyt":0,"tuodut":0,"karkilyonnit":2,"karki_yritykset":7,"saatot":2,"saatto_yritykset":7,"etenemiset":3,"eteneminen_yritykset":10,"haavat":6,"palot":1,"stadium":"Saarikenttä, Vimpeli","tehot":0,"kl_pct":0.2857142857142857},{"player_id":9082,"season_id":1,"match_id":128892,"date":"2026-05-17","team":"ViVe","opponent":"KoU","home":0,"turns_at_bat":8,"kunnarit":0,"lyodyt":0,"tuodut":4,"karkilyonnit":4,"karki_yritykset":7,"saatot":4,"saatto_yritykset":7,"etenemiset":18,"eteneminen_yritykset":21,"haavat":3,"palot":0,"stadium":"Sähkökoje Areena, Koskenkorva (Ilmajoki)","tehot":4,"kl_pct":0.5714285714285714},{"player_id":9082,"season_id":1,"match_id":129052,"date":"2026-05-20","team":"ViVe","opponent":"KeKi","home":1,"turns_at_bat":8,"kunnarit":0,"lyodyt":0,"tuodut":0,"karkilyonnit":4,"karki_yritykset":6,"saatot":4,"saatto_yritykset":6,"etenemiset":9,"eteneminen_yritykset":17,"haavat":5,"palot":3,"stadium":"Saarikenttä, Vimpeli","tehot":0,"kl_pct":0.6666666666666666},{"player_id":9082,"season_id":1,"match_id":129053,"date":"2026-05-22","team":"ViVe","opponent":"KPL","home":0,"turns_at_bat":8,"kunnarit":0,"lyodyt":0,"tuodut":0,"karkilyonnit":1,"karki_yritykset":6,"saatot":1,"saatto_yritykset":6,"etenemiset":1,"eteneminen_yritykset":9,"haavat":5,"palot":3,"stadium":"KSS Energia Areena, Kouvola","tehot":0,"kl_pct":0.16666666666666666},{"player_id":9082,"season_id":1,"match_id":128919,"date":"2026-05-29","team":"ViVe","opponent":"KeKi","home":0,"turns_at_bat":9,"kunnarit":0,"lyodyt":0,"tuodut":2,"karkilyonnit":3,"karki_yritykset":7,"saatot":5,"saatto_yritykset":10,"etenemiset":14,"eteneminen_yritykset":21,"haavat":2,"palot":5,"stadium":"Autofix1.com Areena, Kempele","tehot":2,"kl_pct":0.42857142857142855},{"player_id":9082,"season_id":1,"match_id":128958,"date":"2026-05-31","team":"ViVe","opponent":"KoU","home":1,"turns_at_bat":7,"kunnarit":0,"lyodyt":0,"tuodut":3,"karkilyonnit":3,"karki_yritykset":4,"saatot":3,"saatto_yritykset":4,"etenemiset":15,"eteneminen_yritykset":19,"haavat":2,"palot":2,"stadium":"Saarikenttä, Vimpeli","tehot":3,"kl_pct":0.75},{"player_id":9082,"season_id":1,"match_id":128982,"date":"2026-06-02","team":"ViVe","opponent":"PattU","home":0,"turns_at_bat":7,"kunnarit":0,"lyodyt":0,"tuodut":0,"karkilyonnit":5,"karki_yritykset":7,"saatot":5,"saatto_yritykset":7,"etenemiset":9,"eteneminen_yritykset":16,"haavat":3,"palot":4,"stadium":"MiiluAreena, Raahe","tehot":0,"kl_pct":0.7142857142857143},{"player_id":9082,"season_id":1,"match_id":128883,"date":"2026-06-05","team":"ViVe","opponent":"KPL","home":0,"turns_at_bat":8,"kunnarit":0,"lyodyt":1,"tuodut":0,"karkilyonnit":3,"karki_yritykset":7,"saatot":3,"saatto_yritykset":8,"etenemiset":5,"eteneminen_yritykset":13,"haavat":5,"palot":3,"stadium":"KSS Energia Areena, Kouvola","tehot":1,"kl_pct":0.42857142857142855},{"player_id":9082,"season_id":1,"match_id":128980,"date":"2026-06-06","team":"ViVe","opponent":"IPV","home":0,"turns_at_bat":8,"kunnarit":0,"lyodyt":0,"tuodut":4,"karkilyonnit":5,"karki_yritykset":7,"saatot":5,"saatto_yritykset":7,"etenemiset":19,"eteneminen_yritykset":22,"haavat":1,"palot":2,"stadium":"Tornator Stadion, Imatra","tehot":4,"kl_pct":0.7142857142857143},{"player_id":9082,"season_id":1,"match_id":129055,"date":"2026-06-09","team":"ViVe","opponent":"Manse","home":1,