{"player":{"id":9098,"name":"Jussi Tikanmäki","born_year":null},"career":[{"year":2016,"season_id":146,"team":"HP-K","age":null,"games":11,"turns_at_bat":62,"vyk":-0.02,"spark_index":97,"adv_plus":102,"runner_plus":88,"out_avoid_plus":97,"money_kl_plus":125,"teho_plus":60,"teho_plus_adj":59}],"line":{"player_id":9098,"name":"Jussi Tikanmäki","born_year":null,"year":2016,"games":11,"team":"HP-K","turns_at_bat":62,"kunnarit":0,"lyodyt":2,"tuodut":7,"karkilyonnit":23,"karki_yritykset":37,"saatot":46,"saatto_yritykset":75,"etenemiset":59,"eteneminen_yritykset":107,"haavat":28,"palot":20,"season_id":146,"tehot":9,"kl_pct":0.6216216216216216,"saatto_pct":0.6133333333333333,"eten_pct":0.5514018691588785,"kunnari_rate":0.0,"lyoty_rate":0.03225806451612903,"tuotu_rate":0.06542056074766354,"haava_rate":0.45161290322580644,"palo_rate":0.3225806451612903,"tehot_per_turn":0.14516129032258066,"kl_per_turn":0.3709677419354839,"hr_rbi_per_turn":0.03225806451612903,"kl_base0":0.6666666666666666,"kl_base0_tries":21,"kl_base1":0.2857142857142857,"kl_base1_tries":7,"kl_base2":0.8333333333333334,"kl_base2_tries":6,"kl_base3":0.6666666666666666,"kl_base3_tries":3,"adv1_pct":0.6666666666666666,"adv2_pct":0.2857142857142857,"adv3_pct":0.8333333333333334,"adv_home_pct":0.6666666666666666,"money_kl_pct":0.6666666666666666,"money_kl_tries":3,"pos":"S","teho_plus":60,"adv_plus":102,"runner_plus":88,"out_avoid_plus":97,"adv1_plus":125,"adv2_plus":53,"adv3_plus":130,"adv_home_plus":125,"money_kl_plus":125,"spark_index":97,"run_value":4.378318065680148,"raa":-5.3,"jyk":-0.4,"vyk":-0.02,"teho_plus_adj":59,"pct_kl_pct":73,"pct_saatto_pct":49,"pct_eten_pct":26,"pct_kunnari_rate":28,"pct_lyoty_rate":26,"pct_palo_rate":39,"pct_tehot_per_turn":25},"proj":null,"translation":null,"pitching":null,"career_json":[{"year":2016,"kl_pct":0.6216216216216216,"teho_plus":60}],"pct_stats":["kl_pct","saatto_pct","eten_pct","kunnari_rate","lyoty_rate","palo_rate","tehot_per_turn"],"base_kl":{"player_id":9098,"turns_at_bat":62,"kl_base0":0.6666666666666666,"kl_base0_tries":21,"kl_base1":0.2857142857142857,"kl_base1_tries":7,"kl_base2":0.8333333333333334,"kl_base2_tries":6,"kl_base3":0.6666666666666666,"kl_base3_tries":3,"pct_kl_base0":83,"pct_kl_base1":11,"pct_kl_base2":92,"pct_kl_base3":83},"base_keys":["kl_base0","kl_base1","kl_base2","kl_base3"],"comps":[]}