{"player":{"id":9107,"name":"Elina Väre","born_year":null},"career":[{"player_id":9107,"name":"Elina Väre","born_year":null,"year":2026,"games":14,"team":"Lippo Naiset","turns_at_bat":52,"kunnarit":0,"lyodyt":1,"tuodut":0,"karkilyonnit":17,"karki_yritykset":49,"saatot":42,"saatto_yritykset":108,"etenemiset":27,"eteneminen_yritykset":73,"haavat":36,"palot":10,"season_id":2,"tehot":1,"kl_pct":0.3469387755102041,"saatto_pct":0.3888888888888889,"eten_pct":0.3698630136986301,"kunnari_rate":0.0,"lyoty_rate":0.019230769230769232,"tuotu_rate":0.0,"haava_rate":0.6923076923076923,"palo_rate":0.19230769230769232,"tehot_per_turn":0.019230769230769232,"kl_per_turn":0.3269230769230769,"hr_rbi_per_turn":0.019230769230769232,"kl_base0":0.0,"kl_base0_tries":6,"kl_base1":0.32,"kl_base1_tries":25,"kl_base2":0.5714285714285714,"kl_base2_tries":14,"kl_base3":0.25,"kl_base3_tries":4,"adv1_pct":0.0,"adv2_pct":0.32,"adv3_pct":0.5714285714285714,"adv_home_pct":0.25,"money_kl_pct":0.25,"money_kl_tries":4,"pos":"1V","teho_plus":11,"adv_plus":65,"runner_plus":62,"out_avoid_plus":123,"adv1_plus":0,"adv2_plus":57,"adv3_plus":95,"adv_home_plus":56,"money_kl_plus":56,"spark_index":76,"run_value":1.5266059062452166,"raa":-3.6,"jyk":-0.7,"vyk":-0.06,"teho_plus_adj":11}],"line":{"player_id":9107,"name":"Elina Väre","born_year":null,"year":2026,"games":14,"team":"Lippo Naiset","turns_at_bat":52,"kunnarit":0,"lyodyt":1,"tuodut":0,"karkilyonnit":17,"karki_yritykset":49,"saatot":42,"saatto_yritykset":108,"etenemiset":27,"eteneminen_yritykset":73,"haavat":36,"palot":10,"season_id":2,"tehot":1,"kl_pct":0.3469387755102041,"saatto_pct":0.3888888888888889,"eten_pct":0.3698630136986301,"kunnari_rate":0.0,"lyoty_rate":0.019230769230769232,"tuotu_rate":0.0,"haava_rate":0.6923076923076923,"palo_rate":0.19230769230769232,"tehot_per_turn":0.019230769230769232,"kl_per_turn":0.3269230769230769,"hr_rbi_per_turn":0.019230769230769232,"kl_base0":0.0,"kl_base0_tries":6,"kl_base1":0.32,"kl_base1_tries":25,"kl_base2":0.5714285714285714,"kl_base2_tries":14,"kl_base3":0.25,"kl_base3_tries":4,"adv1_pct":0.0,"adv2_pct":0.32,"adv3_pct":0.5714285714285714,"adv_home_pct":0.25,"money_kl_pct":0.25,"money_kl_tries":4,"pos":"1V","teho_plus":11,"adv_plus":65,"runner_plus":62,"out_avoid_plus":123,"adv1_plus":0,"adv2_plus":57,"adv3_plus":95,"adv_home_plus":56,"money_kl_plus":56,"spark_index":76,"run_value":1.5266059062452166,"raa":-3.6,"jyk":-0.7,"vyk":-0.06,"teho_plus_adj":11,"pct_kl_pct":6,"pct_saatto_pct":1,"pct_eten_pct":0,"pct_kunnari_rate":35,"pct_lyoty_rate":44,"pct_palo_rate":90,"pct_tehot_per_turn":5},"proj":{"player_id":9107,"name":"Elina Väre","as_of":"2026-07-02","age":null,"stats":{"kl_pct":{"rate":0.44713625605111157,"effective_n":45.4877405681724,"observed":0.34116561579468613},"saatto_pct":{"rate":0.4494758855260885,"effective_n":97.45921442574243,"observed":0.38835456049240324},"eten_pct":{"rate":0.46892606370825185,"effective_n":66.35258024131565,"observed":0.3728270365204664},"kunnari_rate":{"rate":0.003919462822226796,"effective_n":49.40118273524483,"observed":0.0},"lyoty_rate":{"rate":0.05594671487769506,"effective_n":48.17430416244956,"observed":0.018685946047246067},"haava_rate":{"rate":0.49357256666655,"effective_n":45.85508896395308,"observed":0.6933303846135777},"palo_rate":{"rate":0.2874369748921568,"effective_n":46.99293977452626,"observed":0.1924536768119997}},"teho_plus_proj":116},"career_json":[{"year":2026,"kl_pct":0.3469387755102041,"teho_plus":11}],"pct_stats":["kl_pct","saatto_pct","eten_pct","kunnari_rate","lyoty_rate","palo_rate","tehot_per_turn"],"base_kl":{"player_id":9107,"turns_at_bat":52,"kl_base0":0.0,"kl_base0_tries":6,"kl_base1":0.32,"kl_base1_tries":25,"kl_base2":0.5714285714285714,"kl_base2_tries":14,"kl_base3":0.25,"kl_base3_tries":4,"pct_kl_base0":4,"pct_kl_base1":11,"pct_kl_base2":51,"pct_kl_base3":23},"base_keys":["kl_base0","kl_base1","kl_base2","kl_base3"],"comps":[]}