{"player":{"id":9167,"name":"Emilia Hannuksela","born_year":null},"career":[{"player_id":9167,"name":"Emilia Hannuksela","born_year":null,"year":2026,"games":8,"team":"Jyske","turns_at_bat":42,"kunnarit":0,"lyodyt":5,"tuodut":0,"karkilyonnit":12,"karki_yritykset":46,"saatot":41,"saatto_yritykset":102,"etenemiset":29,"eteneminen_yritykset":48,"haavat":9,"palot":10,"season_id":2,"tehot":5,"kl_pct":0.2608695652173913,"saatto_pct":0.4019607843137255,"eten_pct":0.6041666666666666,"kunnari_rate":0.0,"lyoty_rate":0.11904761904761904,"tuotu_rate":0.0,"haava_rate":0.21428571428571427,"palo_rate":0.23809523809523808,"tehot_per_turn":0.11904761904761904,"kl_per_turn":0.2857142857142857,"hr_rbi_per_turn":0.11904761904761904,"kl_base0":0.0,"kl_base0_tries":1,"kl_base1":0.5,"kl_base1_tries":2,"kl_base2":0.5,"kl_base2_tries":12,"kl_base3":0.16129032258064516,"kl_base3_tries":31,"adv1_pct":0.0,"adv2_pct":0.5,"adv3_pct":0.5,"adv_home_pct":0.16129032258064516,"money_kl_pct":0.16129032258064516,"money_kl_tries":31,"teho_plus":69,"adv_plus":62,"runner_plus":101,"out_avoid_plus":116,"adv1_plus":0,"adv2_plus":90,"adv3_plus":83,"adv_home_plus":36,"money_kl_plus":36,"spark_index":84,"run_value":2.737897557282165,"raa":-1.4,"jyk":0.9,"vyk":0.08,"teho_plus_adj":69}],"line":{"player_id":9167,"name":"Emilia Hannuksela","born_year":null,"year":2026,"games":8,"team":"Jyske","turns_at_bat":42,"kunnarit":0,"lyodyt":5,"tuodut":0,"karkilyonnit":12,"karki_yritykset":46,"saatot":41,"saatto_yritykset":102,"etenemiset":29,"eteneminen_yritykset":48,"haavat":9,"palot":10,"season_id":2,"tehot":5,"kl_pct":0.2608695652173913,"saatto_pct":0.4019607843137255,"eten_pct":0.6041666666666666,"kunnari_rate":0.0,"lyoty_rate":0.11904761904761904,"tuotu_rate":0.0,"haava_rate":0.21428571428571427,"palo_rate":0.23809523809523808,"tehot_per_turn":0.11904761904761904,"kl_per_turn":0.2857142857142857,"hr_rbi_per_turn":0.11904761904761904,"kl_base0":0.0,"kl_base0_tries":1,"kl_base1":0.5,"kl_base1_tries":2,"kl_base2":0.5,"kl_base2_tries":12,"kl_base3":0.16129032258064516,"kl_base3_tries":31,"adv1_pct":0.0,"adv2_pct":0.5,"adv3_pct":0.5,"adv_home_pct":0.16129032258064516,"money_kl_pct":0.16129032258064516,"money_kl_tries":31,"teho_plus":69,"adv_plus":62,"runner_plus":101,"out_avoid_plus":116,"adv1_plus":0,"adv2_plus":90,"adv3_plus":83,"adv_home_plus":36,"money_kl_plus":36,"spark_index":84,"run_value":2.737897557282165,"raa":-1.4,"jyk":0.9,"vyk":0.08,"teho_plus_adj":69,"pct_kl_pct":0,"pct_saatto_pct":3,"pct_eten_pct":64,"pct_kunnari_rate":35,"pct_lyoty_rate":75,"pct_palo_rate":76,"pct_tehot_per_turn":41},"proj":{"player_id":9167,"name":"Emilia Hannuksela","as_of":"2026-06-18","age":null,"stats":{"kl_pct":{"rate":0.41508588853157596,"effective_n":43.24319826043098,"observed":0.2591449009481025},"saatto_pct":{"rate":0.4606866279085207,"effective_n":93.51496629618475,"observed":0.40178261665432563},"eten_pct":{"rate":0.601485096322661,"effective_n":43.83496108051569,"observed":0.6072232836491771},"kunnari_rate":{"rate":0.004144294981287406,"effective_n":40.210998678907565,"observed":0.0},"lyoty_rate":{"rate":0.09080255334476636,"effective_n":39.35080656111026,"observed":0.11604868050757648},"haava_rate":{"rate":0.34944862132545695,"effective_n":37.69601003905589,"observed":0.21011074404185984},"palo_rate":{"rate":0.3084097902435489,"effective_n":38.51267346773953,"observed":0.2360772584475204}},"teho_plus_proj":159},"career_json":[{"year":2026,"kl_pct":0.2608695652173913,"teho_plus":69}],"pct_stats":["kl_pct","saatto_pct","eten_pct","kunnari_rate","lyoty_rate","palo_rate","tehot_per_turn"],"base_kl":{"player_id":9167,"turns_at_bat":42,"kl_base0":0.0,"kl_base0_tries":1,"kl_base1":0.5,"kl_base1_tries":2,"kl_base2":0.5,"kl_base2_tries":12,"kl_base3":0.16129032258064516,"kl_base3_tries":31,"pct_kl_base0":4,"pct_kl_base1":41,"pct_kl_base2":39,"pct_kl_base3":17},"base_keys":["kl_base0","kl_base1","kl_base2","kl_base3"],"comps":[]}