{"player":{"id":9190,"name":"Emma Syrjälä","born_year":null},"career":[{"player_id":9190,"name":"Emma Syrjälä","born_year":null,"year":2026,"games":13,"team":"Puhti","turns_at_bat":59,"kunnarit":0,"lyodyt":13,"tuodut":0,"karkilyonnit":29,"karki_yritykset":61,"saatot":79,"saatto_yritykset":165,"etenemiset":57,"eteneminen_yritykset":94,"haavat":28,"palot":9,"season_id":4,"tehot":13,"kl_pct":0.47540983606557374,"saatto_pct":0.47878787878787876,"eten_pct":0.6063829787234043,"kunnari_rate":0.0,"lyoty_rate":0.22033898305084745,"tuotu_rate":0.0,"haava_rate":0.4745762711864407,"palo_rate":0.15254237288135594,"tehot_per_turn":0.22033898305084745,"kl_per_turn":0.4915254237288136,"hr_rbi_per_turn":0.22033898305084745,"kl_base0":0.5,"kl_base0_tries":2,"kl_base1":0.6,"kl_base1_tries":5,"kl_base2":0.75,"kl_base2_tries":16,"kl_base3":0.34210526315789475,"kl_base3_tries":38,"adv1_pct":0.5,"adv2_pct":0.6,"adv3_pct":0.75,"adv_home_pct":0.34210526315789475,"money_kl_pct":0.34210526315789475,"money_kl_tries":38,"teho_plus":104,"adv_plus":78,"runner_plus":96,"out_avoid_plus":127,"adv1_plus":86,"adv2_plus":104,"adv3_plus":118,"adv_home_plus":72,"money_kl_plus":72,"spark_index":93,"teho_plus_adj":100}],"line":{"player_id":9190,"name":"Emma Syrjälä","born_year":null,"year":2026,"games":13,"team":"Puhti","turns_at_bat":59,"kunnarit":0,"lyodyt":13,"tuodut":0,"karkilyonnit":29,"karki_yritykset":61,"saatot":79,"saatto_yritykset":165,"etenemiset":57,"eteneminen_yritykset":94,"haavat":28,"palot":9,"season_id":4,"tehot":13,"kl_pct":0.47540983606557374,"saatto_pct":0.47878787878787876,"eten_pct":0.6063829787234043,"kunnari_rate":0.0,"lyoty_rate":0.22033898305084745,"tuotu_rate":0.0,"haava_rate":0.4745762711864407,"palo_rate":0.15254237288135594,"tehot_per_turn":0.22033898305084745,"kl_per_turn":0.4915254237288136,"hr_rbi_per_turn":0.22033898305084745,"kl_base0":0.5,"kl_base0_tries":2,"kl_base1":0.6,"kl_base1_tries":5,"kl_base2":0.75,"kl_base2_tries":16,"kl_base3":0.34210526315789475,"kl_base3_tries":38,"adv1_pct":0.5,"adv2_pct":0.6,"adv3_pct":0.75,"adv_home_pct":0.34210526315789475,"money_kl_pct":0.34210526315789475,"money_kl_tries":38,"teho_plus":104,"adv_plus":78,"runner_plus":96,"out_avoid_plus":127,"adv1_plus":86,"adv2_plus":104,"adv3_plus":118,"adv_home_plus":72,"money_kl_plus":72,"spark_index":93,"teho_plus_adj":100,"pct_kl_pct":21,"pct_saatto_pct":5,"pct_eten_pct":33,"pct_kunnari_rate":36,"pct_lyoty_rate":85,"pct_palo_rate":95,"pct_tehot_per_turn":58},"proj":{"player_id":9190,"name":"Emma Syrjälä","as_of":"2026-06-27","age":null,"stats":{"kl_pct":{"rate":0.5222821463908357,"effective_n":56.28706190959902,"observed":0.473296729397134},"saatto_pct":{"rate":0.5089597977323617,"effective_n":148.76042312416516,"observed":0.47481579833940063},"eten_pct":{"rate":0.613388697451456,"effective_n":84.43436020767751,"observed":0.6014346309369417},"kunnari_rate":{"rate":0.0036218595181931336,"effective_n":56.25952333287416,"observed":0.0},"lyoty_rate":{"rate":0.14552827946342584,"effective_n":54.95133465259211,"observed":0.21625299431415787},"haava_rate":{"rate":0.41116465962657733,"effective_n":52.45237240643063,"observed":0.4772096991293498},"palo_rate":{"rate":0.25988328042300324,"effective_n":53.68271481390939,"observed":0.150216620880191}},"teho_plus_proj":157},"career_json":[{"year":2026,"kl_pct":0.47540983606557374,"teho_plus":104}],"pct_stats":["kl_pct","saatto_pct","eten_pct","kunnari_rate","lyoty_rate","palo_rate","tehot_per_turn"],"base_kl":{"player_id":9190,"turns_at_bat":59,"kl_base0":0.5,"kl_base0_tries":2,"kl_base1":0.6,"kl_base1_tries":5,"kl_base2":0.75,"kl_base2_tries":16,"kl_base3":0.34210526315789475,"kl_base3_tries":38,"pct_kl_base0":44,"pct_kl_base1":60,"pct_kl_base2":75,"pct_kl_base3":23},"base_keys":["kl_base0","kl_base1","kl_base2","kl_base3"],"log":[{"player_id":9190,"season_id":4,"match_id":129418,"date":"2026-05-14","team":"Puhti","opponent":"Jana","home":1,"turns_at_bat":6,"kunnarit":0,"lyodyt":2,"tuodut":0,"karkilyonnit":4,"karki_yritykset":7,"saatot":10,"saatto_yritykset":19,"etenemiset":9,"eteneminen_yritykset":13,"haavat":4,"palot":0,"stadium":"Kuusankosken pesäpallokenttä, Kouvola","tehot":2,"kl_pct":0.5714285714285714},{"player_id":9190,"season_id":4,"match_id":129306,"date":"2026-05-16","team":"Puhti","opponent":"KPK","home":1,"turns_at_bat":3,"kunnarit":0,"lyodyt":1,"tuodut":0,"karkilyonnit":2,"karki_yritykset":4,"saatot":5,"saatto_yritykset":12,"etenemiset":3,"eteneminen_yritykset":6,"haavat":2,"palot":1,"stadium":"Kuusankosken pesäpallokenttä, Kouvola","tehot":1,"kl_pct":0.5},{"player_id":9190,"season_id":4,"match_id":129407,"date":"2026-05-21","team":"Puhti","opponent":"Tarmo","home":1,"turns_at_bat":4,"kunnarit":0,"lyodyt":1,"tuodut":0,"karkilyonnit":2,"karki_yritykset":3,"saatot":7,"saatto_yritykset":8,"etenemiset":6,"eteneminen_yritykset":7,"haavat":0,"palot":1,"stadium":"Kuusankosken pesäpallokenttä, Kouvola","tehot":1,"kl_pct":0.6666666666666666},{"player_id":9190,"season_id":4,"match_id":129268,"date":"2026-05-23","team":"Puhti","opponent":"PesäKuula","home":0,"turns_at_bat":6,"kunnarit":0,"lyodyt":2,"tuodut":0,"karkilyonnit":6,"karki_yritykset":9,"saatot":9,"saatto_yritykset":19,"etenemiset":4,"eteneminen_yritykset":8,"haavat":2,"palot":2,"stadium":"Suvannon pesäpallokenttä, Ylivieska","tehot":2,"kl_pct":0.6666666666666666},{"player_id":9190,"season_id":4,"match_id":129272,"date":"2026-05-24","team":"Puhti","opponent":"HP-K","home":0,"turns_at_bat":2,"kunnarit":0,"lyodyt":0,"tuodut":0,"karkilyonnit":0,"karki_yritykset":3,"saatot":3,"saatto_yritykset":8,"etenemiset":3,"eteneminen_yritykset":4,"haavat":1,"palot":0,"stadium":"Ronkaalan pesäpallokenttä, Haapajärvi","tehot":0,"kl_pct":0.0},{"player_id":9190,"season_id":4,"match_id":129397,"date":"2026-05-28","team":"Puhti","opponent":"ViU","home":1,"turns_at_bat":6,"kunnarit":0,"lyodyt":2,"tuodut":0,"karkilyonnit":3,"karki_yritykset":7,"saatot":11,"saatto_yritykset":19,"etenemiset":9,"eteneminen_yritykset":12,"haavat":1,"palot":2,"stadium":"Kuusankosken pesäpallokenttä, Kouvola","tehot":2,"kl_pct":0.42857142857142855},{"player_id":9190,"season_id":4,"match_id":129390,"date":"2026-06-02","team":"Puhti","opponent":"Jana","home":0,"turns_at_bat":3,"kunnarit":0,"lyodyt":2,"tuodut":0,"karkilyonnit":3,"karki_yritykset":4,"saatot":8,"saatto_yritykset":9,"etenemiset":5,"eteneminen_yritykset":7,"haavat":2,"palot":0,"stadium":"Kansanpuiston kenttä, Turenki (Janakkala)","tehot":2,"kl_pct":0.75},{"player_id":9190,"season_id":4,"match_id":129396,"date":"2026-06-06","team":"Puhti","opponent":"Pesäkarhut-Akatemia","home":1,"turns_at_bat":5,"kunnarit":0,"lyodyt":1,"tuodut":0,"karkilyonnit":3,"karki_yritykset":8,"saatot":12,"saatto_yritykset":21,"etenemiset":10,"eteneminen_yritykset":14,"haavat":4,"palot":0,"stadium":"Kuusankosken pesäpallokenttä, Kouvola","tehot":1,"kl_pct":0.375},{"player_id":9190,"season_id":4,"match_id":129425,"date":"2026-06-07","team":"Puhti","opponent":"ViU","home":0,"turns_at_bat":4,"kunnarit":0,"lyodyt":1,"tuodut":0,"karkilyonnit":1,"karki_yritykset":3,"saatot":2,"saatto_yritykset":9,"etenemiset":1,"eteneminen_yritykset":4,"haavat":2,"palot":1,"stadium":"Viinijärven pesäpallokenttä, Liperi","tehot":1,"kl_pct":0.3333333333333333},{"player_id":9190,"season_id":4,"match_id":129395,"date":"2026-06-10","team":"Puhti","opponent":"HP","home":1,"turns_at_bat":5,"kunnarit":0,"lyodyt":0,"tuodut":0,"karkilyonnit":1,"karki_yritykset":3,"saatot":1,"saatto_yritykset":11,"etenemiset":0,"eteneminen_yritykset":4,"haavat":3,"palot":1,"stadium":"Kuusankosken pesäpallokenttä, Kouvola","tehot":0,"kl_pct":0.3333333333333333},{"player_id":9190,"season_id":4,"match_id":129398,"date":"2026-06-17","team":"Puhti","opponent":"MyVe","home":1,"turns_at_bat":5,"kunnarit":0,"lyodyt":0,"tuodut":0,"karkilyonnit":1,"karki_yritykset":4,"saatot":5,"saatto_yritykset":10,"etenemiset":4,"eteneminen_yritykset":5,"haavat":1,"palot":0,"stadium":"Kuusankosken pesäpallokenttä, Kouvola","tehot":0,"kl_pct":0.25},{"player_id":9190,