{"player":{"id":9254,"name":"Seeti Surakka","born_year":null},"career":[{"player_id":9254,"name":"Seeti Surakka","born_year":null,"year":2026,"games":19,"team":"AA","turns_at_bat":87,"kunnarit":0,"lyodyt":0,"tuodut":2,"karkilyonnit":18,"karki_yritykset":68,"saatot":38,"saatto_yritykset":116,"etenemiset":51,"eteneminen_yritykset":120,"haavat":46,"palot":23,"season_id":1,"tehot":2,"kl_pct":0.2647058823529412,"saatto_pct":0.3275862068965517,"eten_pct":0.425,"kunnari_rate":0.0,"lyoty_rate":0.0,"tuotu_rate":0.016666666666666666,"haava_rate":0.5287356321839081,"palo_rate":0.26436781609195403,"tehot_per_turn":0.022988505747126436,"kl_per_turn":0.20689655172413793,"hr_rbi_per_turn":0.0,"kl_base0":0.32432432432432434,"kl_base0_tries":37,"kl_base1":0.16666666666666666,"kl_base1_tries":18,"kl_base2":0.2727272727272727,"kl_base2_tries":11,"kl_base3":0.0,"kl_base3_tries":2,"adv1_pct":0.32432432432432434,"adv2_pct":0.16666666666666666,"adv3_pct":0.2727272727272727,"adv_home_pct":0.0,"money_kl_pct":0.0,"money_kl_tries":2,"teho_plus":14,"adv_plus":54,"runner_plus":72,"out_avoid_plus":109,"adv1_plus":61,"adv2_plus":31,"adv3_plus":48,"adv_home_plus":0,"money_kl_plus":0,"spark_index":70,"teho_plus_adj":14}],"line":{"player_id":9254,"name":"Seeti Surakka","born_year":null,"year":2026,"games":19,"team":"AA","turns_at_bat":87,"kunnarit":0,"lyodyt":0,"tuodut":2,"karkilyonnit":18,"karki_yritykset":68,"saatot":38,"saatto_yritykset":116,"etenemiset":51,"eteneminen_yritykset":120,"haavat":46,"palot":23,"season_id":1,"tehot":2,"kl_pct":0.2647058823529412,"saatto_pct":0.3275862068965517,"eten_pct":0.425,"kunnari_rate":0.0,"lyoty_rate":0.0,"tuotu_rate":0.016666666666666666,"haava_rate":0.5287356321839081,"palo_rate":0.26436781609195403,"tehot_per_turn":0.022988505747126436,"kl_per_turn":0.20689655172413793,"hr_rbi_per_turn":0.0,"kl_base0":0.32432432432432434,"kl_base0_tries":37,"kl_base1":0.16666666666666666,"kl_base1_tries":18,"kl_base2":0.2727272727272727,"kl_base2_tries":11,"kl_base3":0.0,"kl_base3_tries":2,"adv1_pct":0.32432432432432434,"adv2_pct":0.16666666666666666,"adv3_pct":0.2727272727272727,"adv_home_pct":0.0,"money_kl_pct":0.0,"money_kl_tries":2,"teho_plus":14,"adv_plus":54,"runner_plus":72,"out_avoid_plus":109,"adv1_plus":61,"adv2_plus":31,"adv3_plus":48,"adv_home_plus":0,"money_kl_plus":0,"spark_index":70,"teho_plus_adj":14,"pct_kl_pct":1,"pct_saatto_pct":1,"pct_eten_pct":2,"pct_kunnari_rate":29,"pct_lyoty_rate":10,"pct_palo_rate":67,"pct_tehot_per_turn":0},"proj":{"player_id":9254,"name":"Seeti Surakka","as_of":"2026-07-01","age":null,"stats":{"kl_pct":{"rate":0.3917887741691435,"effective_n":61.52858144501627,"observed":0.261826333558826},"saatto_pct":{"rate":0.40196967379695653,"effective_n":100.96934926402609,"observed":0.327649133751973},"eten_pct":{"rate":0.47960131704062087,"effective_n":105.20940232430428,"observed":0.42809267946573426},"kunnari_rate":{"rate":0.004040129166145953,"effective_n":81.39119003604657,"observed":0.0},"lyoty_rate":{"rate":0.036395704061997304,"effective_n":78.76371087013918,"observed":0.0},"haava_rate":{"rate":0.47037774536620547,"effective_n":73.8360464618603,"observed":0.5258106358021197},"palo_rate":{"rate":0.294301040164962,"effective_n":76.24701492871024,"observed":0.2627331780155093}},"teho_plus_proj":114},"career_json":[{"year":2026,"kl_pct":0.2647058823529412,"teho_plus":14}],"pct_stats":["kl_pct","saatto_pct","eten_pct","kunnari_rate","lyoty_rate","palo_rate","tehot_per_turn"],"base_kl":{"player_id":9254,"turns_at_bat":87,"kl_base0":0.32432432432432434,"kl_base0_tries":37,"kl_base1":0.16666666666666666,"kl_base1_tries":18,"kl_base2":0.2727272727272727,"kl_base2_tries":11,"kl_base3":0.0,"kl_base3_tries":2,"pct_kl_base0":18,"pct_kl_base1":5,"pct_kl_base2":6,"pct_kl_base3":7},"base_keys":["kl_base0","kl_base1","kl_base2","kl_base3"],"log":[{"player_id":9254,"season_id":1,"match_id":128925,"date":"2026-04-26","team":"AA","opponent":"PattU","home":1,"turns_at_bat":6,"kunnarit":0,"lyodyt":0,"tuodut":0,"karkilyonnit":3,"karki_yritykset":6,"saatot":3,"saatto_yritykset":9,"etenemiset":5,"eteneminen_yritykset":11,"haavat":3,"palot":3,"stadium":"Campo Elola, Fuengirola (ES)","tehot":0,"kl_pct":0.5},{"player_id":9254,"season_id":1,"match_id":129036,"date":"2026-05-06","team":"AA","opponent":"JoMa","home":1,"turns_at_bat":4,"kunnarit":0,"lyodyt":0,"tuodut":0,"karkilyonnit":2,"karki_yritykset":3,"saatot":7,"saatto_yritykset":9,"etenemiset":6,"eteneminen_yritykset":8,"haavat":1,"palot":1,"stadium":"Saltex Areena, Alajärvi","tehot":0,"kl_pct":0.6666666666666666},{"player_id":9254,"season_id":1,"match_id":128968,"date":"2026-05-10","team":"AA","opponent":"SoJy","home":1,"turns_at_bat":8,"kunnarit":0,"lyodyt":0,"tuodut":0,"karkilyonnit":2,"karki_yritykset":7,"saatot":3,"saatto_yritykset":12,"etenemiset":4,"eteneminen_yritykset":10,"haavat":5,"palot":1,"stadium":"Saltex Areena, Alajärvi","tehot":0,"kl_pct":0.2857142857142857},{"player_id":9254,"season_id":1,"match_id":129013,"date":"2026-05-13","team":"AA","opponent":"KoU","home":0,"turns_at_bat":6,"kunnarit":0,"lyodyt":0,"tuodut":0,"karkilyonnit":0,"karki_yritykset":4,"saatot":0,"saatto_yritykset":6,"etenemiset":0,"eteneminen_yritykset":6,"haavat":4,"palot":2,"stadium":"Sähkökoje Areena, Koskenkorva (Ilmajoki)","tehot":0,"kl_pct":0.0},{"player_id":9254,"season_id":1,"match_id":128885,"date":"2026-05-15","team":"AA","opponent":"KPL","home":1,"turns_at_bat":6,"kunnarit":0,"lyodyt":0,"tuodut":1,"karkilyonnit":0,"karki_yritykset":2,"saatot":0,"saatto_yritykset":2,"etenemiset":3,"eteneminen_yritykset":8,"haavat":4,"palot":1,"stadium":"Saltex Areena, Alajärvi","tehot":1,"kl_pct":0.0},{"player_id":9254,"season_id":1,"match_id":128920,"date":"2026-05-17","team":"AA","opponent":"IPV","home":0,"turns_at_bat":4,"kunnarit":0,"lyodyt":0,"tuodut":0,"karkilyonnit":1,"karki_yritykset":5,"saatot":3,"saatto_yritykset":9,"etenemiset":2,"eteneminen_yritykset":5,"haavat":3,"palot":0,"stadium":"Tornator Stadion, Imatra","tehot":0,"kl_pct":0.2},{"player_id":9254,"season_id":1,"match_id":128926,"date":"2026-05-22","team":"AA","opponent":"Tahko","home":1,"turns_at_bat":6,"kunnarit":0,"lyodyt":0,"tuodut":0,"karkilyonnit":2,"karki_yritykset":6,"saatot":3,"saatto_yritykset":10,"etenemiset":2,"eteneminen_yritykset":7,"haavat":2,"palot":3,"stadium":"Saltex Areena, Alajärvi","tehot":0,"kl_pct":0.3333333333333333},{"player_id":9254,"season_id":1,"match_id":129022,"date":"2026-05-26","team":"AA","opponent":"PattU","home":0,"turns_at_bat":6,"kunnarit":0,"lyodyt":0,"tuodut":0,"karkilyonnit":1,"karki_yritykset":6,"saatot":1,"saatto_yritykset":10,"etenemiset":3,"eteneminen_yritykset":8,"haavat":3,"palot":2,"stadium":"MiiluAreena, Raahe","tehot":0,"kl_pct":0.16666666666666666},{"player_id":9254,"season_id":1,"match_id":128875,"date":"2026-05-29","team":"AA","opponent":"Manse","home":1,"turns_at_bat":6,"kunnarit":0,"lyodyt":0,"tuodut":0,"karkilyonnit":0,"karki_yritykset":3,"saatot":2,"saatto_yritykset":7,"etenemiset":3,"eteneminen_yritykset":8,"haavat":4,"palot":1,"stadium":"Saltex Areena, Alajärvi","tehot":0,"kl_pct":0.0},{"player_id":9254,"season_id":1,"match_id":128909,"date":"2026-06-02","team":"AA","opponent":"JoMa","home":0,"turns_at_bat":5,"kunnarit":0,"lyodyt":0,"tuodut":0,"karkilyonnit":2,"karki_yritykset":3,"saatot":4,"saatto_yritykset":6,"etenemiset":3,"eteneminen_yritykset":8,"haavat":4,"palot":1,"stadium":"Ilosaarirock Stadion, Joensuu","tehot":0,"kl_pct":0.6666666666666666},{"player_id":9254,"season_id":1,"match_id":128993,"date":"2026-06-03","team":"AA","opponent":"KiPa","home":0,"turns_at_bat":3,"kunnarit":0,"lyodyt":0,"tuodut":0,"karkilyonnit":0,"karki_yritykset":2,"saatot":1,"saatto_yritykset":3,"etenemiset":1,"eteneminen_yritykset":3,"haavat":1,"palot":1,"stadium":"Rantakenttä, Kitee","tehot":0,"kl_pct":0.0},{"player_id":9254,"season_id":1,"match_id":129037,"date":"2026-06-07","team":"AA","opponent":"Manse","home":1,"turns_at_bat":1,"kunnarit":0,"lyodyt":0,"tuodut":0,"karkilyonnit":0,"karki_yritykset":1,