{"player":{"id":9292,"name":"Aino Näppä","born_year":null},"career":[{"player_id":9292,"name":"Aino Näppä","born_year":null,"year":2026,"games":6,"team":"Lippo Naiset","turns_at_bat":17,"kunnarit":0,"lyodyt":0,"tuodut":1,"karkilyonnit":9,"karki_yritykset":15,"saatot":11,"saatto_yritykset":21,"etenemiset":14,"eteneminen_yritykset":30,"haavat":10,"palot":6,"season_id":2,"tehot":1,"kl_pct":0.6,"saatto_pct":0.5238095238095238,"eten_pct":0.4666666666666667,"kunnari_rate":0.0,"lyoty_rate":0.0,"tuotu_rate":0.03333333333333333,"haava_rate":0.5882352941176471,"palo_rate":0.35294117647058826,"tehot_per_turn":0.058823529411764705,"kl_per_turn":0.5294117647058824,"hr_rbi_per_turn":0.0,"kl_base0":0.5833333333333334,"kl_base0_tries":12,"kl_base1":0.5,"kl_base1_tries":2,"kl_base2":1.0,"kl_base2_tries":1,"kl_base3":null,"kl_base3_tries":0,"adv1_pct":0.5833333333333334,"adv2_pct":0.5,"adv3_pct":1.0,"adv_home_pct":null,"money_kl_pct":null,"money_kl_tries":0,"teho_plus":34,"adv_plus":97,"runner_plus":78,"out_avoid_plus":99,"adv1_plus":117,"adv2_plus":90,"adv3_plus":166,"adv_home_plus":null,"money_kl_plus":null,"spark_index":92,"run_value":0.7374068536062812,"raa":-0.9,"jyk":-0.0,"vyk":-0.0,"teho_plus_adj":33},{"player_id":9292,"name":"Aino Näppä","born_year":null,"year":2026,"games":12,"team":"TyTe","turns_at_bat":89,"kunnarit":0,"lyodyt":1,"tuodut":28,"karkilyonnit":58,"karki_yritykset":92,"saatot":116,"saatto_yritykset":164,"etenemiset":124,"eteneminen_yritykset":180,"haavat":29,"palot":27,"season_id":4,"tehot":29,"kl_pct":0.6304347826086957,"saatto_pct":0.7073170731707317,"eten_pct":0.6888888888888889,"kunnari_rate":0.0,"lyoty_rate":0.011235955056179775,"tuotu_rate":0.15555555555555556,"haava_rate":0.3258426966292135,"palo_rate":0.30337078651685395,"tehot_per_turn":0.3258426966292135,"kl_per_turn":0.651685393258427,"hr_rbi_per_turn":0.011235955056179775,"kl_base0":0.25,"kl_base0_tries":12,"kl_base1":0.671875,"kl_base1_tries":64,"kl_base2":0.7333333333333333,"kl_base2_tries":15,"kl_base3":1.0,"kl_base3_tries":1,"adv1_pct":0.25,"adv2_pct":0.671875,"adv3_pct":0.7333333333333333,"adv_home_pct":1.0,"money_kl_pct":1.0,"money_kl_tries":1,"teho_plus":153,"adv_plus":111,"runner_plus":109,"out_avoid_plus":105,"adv1_plus":43,"adv2_plus":117,"adv3_plus":116,"adv_home_plus":211,"money_kl_plus":211,"spark_index":109,"run_value":15.574745112550996,"raa":4.5,"jyk":9.3,"vyk":0.63,"teho_plus_adj":154}],"line":{"player_id":9292,"name":"Aino Näppä","born_year":null,"year":2026,"games":12,"team":"TyTe","turns_at_bat":89,"kunnarit":0,"lyodyt":1,"tuodut":28,"karkilyonnit":58,"karki_yritykset":92,"saatot":116,"saatto_yritykset":164,"etenemiset":124,"eteneminen_yritykset":180,"haavat":29,"palot":27,"season_id":4,"tehot":29,"kl_pct":0.6304347826086957,"saatto_pct":0.7073170731707317,"eten_pct":0.6888888888888889,"kunnari_rate":0.0,"lyoty_rate":0.011235955056179775,"tuotu_rate":0.15555555555555556,"haava_rate":0.3258426966292135,"palo_rate":0.30337078651685395,"tehot_per_turn":0.3258426966292135,"kl_per_turn":0.651685393258427,"hr_rbi_per_turn":0.011235955056179775,"kl_base0":0.25,"kl_base0_tries":12,"kl_base1":0.671875,"kl_base1_tries":64,"kl_base2":0.7333333333333333,"kl_base2_tries":15,"kl_base3":1.0,"kl_base3_tries":1,"adv1_pct":0.25,"adv2_pct":0.671875,"adv3_pct":0.7333333333333333,"adv_home_pct":1.0,"money_kl_pct":1.0,"money_kl_tries":1,"teho_plus":153,"adv_plus":111,"runner_plus":109,"out_avoid_plus":105,"adv1_plus":43,"adv2_plus":117,"adv3_plus":116,"adv_home_plus":211,"money_kl_plus":211,"spark_index":109,"run_value":15.574745112550996,"raa":4.5,"jyk":9.3,"vyk":0.63,"teho_plus_adj":154,"pct_kl_pct":74,"pct_saatto_pct":75,"pct_eten_pct":82,"pct_kunnari_rate":36,"pct_lyoty_rate":17,"pct_palo_rate":55,"pct_tehot_per_turn":86},"proj":{"player_id":9292,"name":"Aino Näppä","as_of":"2026-07-02","age":null,"stats":{"kl_pct":{"rate":0.6046415488866355,"effective_n":98.65868987162546,"observed":0.6267817065716627},"saatto_pct":{"rate":0.6762024504381683,"effective_n":165.17501930553183,"observed":0.6859522922614362},"eten_pct":{"rate":0.6502063581850838,"effective_n":186.91451704429937,"observed":0.654655178382668},"kunnari_rate":{"rate":0.0028978165908323935,"effective_n":100.29939171270297,"observed":0.0},"lyoty_rate":{"rate":0.04905053410676292,"effective_n":97.60821297030674,"observed":0.009793569575233476},"haava_rate":{"rate":0.374965562472316,"effective_n":92.52228028455181,"observed":0.373282825002482},"palo_rate":{"rate":0.31919306580178963,"effective_n":95.01723400163458,"observed":0.3071697608663047}},"teho_plus_proj":116},"career_json":[{"year":2026,"kl_pct":0.6,"teho_plus":34},{"year":2026,"kl_pct":0.6304347826086957,"teho_plus":153}],"pct_stats":["kl_pct","saatto_pct","eten_pct","kunnari_rate","lyoty_rate","palo_rate","tehot_per_turn"],"base_kl":{"player_id":9292,"turns_at_bat":89,"kl_base0":0.25,"kl_base0_tries":12,"kl_base1":0.671875,"kl_base1_tries":64,"kl_base2":0.7333333333333333,"kl_base2_tries":15,"kl_base3":1.0,"kl_base3_tries":1,"pct_kl_base0":16,"pct_kl_base1":75,"pct_kl_base2":70,"pct_kl_base3":97},"base_keys":["kl_base0","kl_base1","kl_base2","kl_base3"],"comps":[]}