{"player":{"id":9296,"name":"Jasmin Andreasen","born_year":null},"career":[{"player_id":9296,"name":"Jasmin Andreasen","born_year":null,"year":2026,"games":7,"team":"Fera","turns_at_bat":42,"kunnarit":0,"lyodyt":1,"tuodut":2,"karkilyonnit":24,"karki_yritykset":34,"saatot":61,"saatto_yritykset":82,"etenemiset":50,"eteneminen_yritykset":87,"haavat":10,"palot":27,"season_id":2,"tehot":3,"kl_pct":0.7058823529411765,"saatto_pct":0.7439024390243902,"eten_pct":0.5747126436781609,"kunnari_rate":0.0,"lyoty_rate":0.023809523809523808,"tuotu_rate":0.022988505747126436,"haava_rate":0.23809523809523808,"palo_rate":0.6428571428571429,"tehot_per_turn":0.07142857142857142,"kl_per_turn":0.5714285714285714,"hr_rbi_per_turn":0.023809523809523808,"kl_base0":0.25,"kl_base0_tries":4,"kl_base1":0.6,"kl_base1_tries":15,"kl_base2":0.9285714285714286,"kl_base2_tries":14,"kl_base3":1.0,"kl_base3_tries":1,"adv1_pct":0.25,"adv2_pct":0.6,"adv3_pct":0.9285714285714286,"adv_home_pct":1.0,"money_kl_pct":1.0,"money_kl_tries":1,"teho_plus":41,"adv_plus":128,"runner_plus":96,"out_avoid_plus":54,"adv1_plus":50,"adv2_plus":108,"adv3_plus":154,"adv_home_plus":223,"money_kl_plus":223,"spark_index":104,"teho_plus_adj":41}],"line":{"player_id":9296,"name":"Jasmin Andreasen","born_year":null,"year":2026,"games":7,"team":"Fera","turns_at_bat":42,"kunnarit":0,"lyodyt":1,"tuodut":2,"karkilyonnit":24,"karki_yritykset":34,"saatot":61,"saatto_yritykset":82,"etenemiset":50,"eteneminen_yritykset":87,"haavat":10,"palot":27,"season_id":2,"tehot":3,"kl_pct":0.7058823529411765,"saatto_pct":0.7439024390243902,"eten_pct":0.5747126436781609,"kunnari_rate":0.0,"lyoty_rate":0.023809523809523808,"tuotu_rate":0.022988505747126436,"haava_rate":0.23809523809523808,"palo_rate":0.6428571428571429,"tehot_per_turn":0.07142857142857142,"kl_per_turn":0.5714285714285714,"hr_rbi_per_turn":0.023809523809523808,"kl_base0":0.25,"kl_base0_tries":4,"kl_base1":0.6,"kl_base1_tries":15,"kl_base2":0.9285714285714286,"kl_base2_tries":14,"kl_base3":1.0,"kl_base3_tries":1,"adv1_pct":0.25,"adv2_pct":0.6,"adv3_pct":0.9285714285714286,"adv_home_pct":1.0,"money_kl_pct":1.0,"money_kl_tries":1,"teho_plus":41,"adv_plus":128,"runner_plus":96,"out_avoid_plus":54,"adv1_plus":50,"adv2_plus":108,"adv3_plus":154,"adv_home_plus":223,"money_kl_plus":223,"spark_index":104,"teho_plus_adj":41,"pct_kl_pct":95,"pct_saatto_pct":95,"pct_eten_pct":48,"pct_kunnari_rate":35,"pct_lyoty_rate":52,"pct_palo_rate":1,"pct_tehot_per_turn":24},"proj":{"player_id":9296,"name":"Jasmin Andreasen","as_of":"2026-06-07","age":null,"stats":{"kl_pct":{"rate":0.5894027348509515,"effective_n":32.33479946103672,"observed":0.7043137223348941},"saatto_pct":{"rate":0.693318965161961,"effective_n":76.812967432598,"observed":0.7427492500461268},"eten_pct":{"rate":0.5834511688230363,"effective_n":81.2828487325911,"observed":0.5754523945799037},"kunnari_rate":{"rate":0.004134155098506077,"effective_n":40.60394976762477,"observed":0.0},"lyoty_rate":{"rate":0.06011687442883878,"effective_n":39.92645059406718,"observed":0.023514601371027115},"haava_rate":{"rate":0.3566805220060495,"effective_n":38.61108827310577,"observed":0.2393750495260416},"palo_rate":{"rate":0.44086664004018505,"effective_n":39.26225578888071,"observed":0.6398065289649479}},"teho_plus_proj":139},"career_json":[{"year":2026,"kl_pct":0.7058823529411765,"teho_plus":41}],"pct_stats":["kl_pct","saatto_pct","eten_pct","kunnari_rate","lyoty_rate","palo_rate","tehot_per_turn"],"base_kl":{"player_id":9296,"turns_at_bat":42,"kl_base0":0.25,"kl_base0_tries":4,"kl_base1":0.6,"kl_base1_tries":15,"kl_base2":0.9285714285714286,"kl_base2_tries":14,"kl_base3":1.0,"kl_base3_tries":1,"pct_kl_base0":16,"pct_kl_base1":69,"pct_kl_base2":91,"pct_kl_base3":96},"base_keys":["kl_base0","kl_base1","kl_base2","kl_base3"],"log":[{"player_id":9296,"season_id":2,"match_id":129129,"date":"2026-05-09","team":"Fera","opponent":"Jussittaret","home":1,"turns_at_bat":6,"kunnarit":0,"lyodyt":0,"tuodut":0,"karkilyonnit":2,"karki_yritykset":3,"saatot":4,"saatto_yritykset":7,"etenemiset":2,"eteneminen_yritykset":8,"haavat":2,"palot":4,"stadium":"Buena Vista Areena, Rauma","tehot":0,"kl_pct":0.6666666666666666},{"player_id":9296,"season_id":2,"match_id":129128,"date":"2026-05-13","team":"Fera","opponent":"Kirittäret","home":1,"turns_at_bat":5,"kunnarit":0,"lyodyt":0,"tuodut":1,"karkilyonnit":4,"karki_yritykset":4,"saatot":12,"saatto_yritykset":12,"etenemiset":9,"eteneminen_yritykset":13,"haavat":1,"palot":3,"stadium":"Buena Vista Areena, Rauma","tehot":1,"kl_pct":1.0},{"player_id":9296,"season_id":2,"match_id":129185,"date":"2026-05-17","team":"Fera","opponent":"Pesäkarhut","home":1,"turns_at_bat":8,"kunnarit":0,"lyodyt":1,"tuodut":0,"karkilyonnit":7,"karki_yritykset":9,"saatot":14,"saatto_yritykset":17,"etenemiset":15,"eteneminen_yritykset":22,"haavat":0,"palot":7,"stadium":"Buena Vista Areena, Rauma","tehot":1,"kl_pct":0.7777777777777778},{"player_id":9296,"season_id":2,"match_id":129193,"date":"2026-05-22","team":"Fera","opponent":"Roihuttaret","home":0,"turns_at_bat":6,"kunnarit":0,"lyodyt":0,"tuodut":0,"karkilyonnit":3,"karki_yritykset":3,"saatot":7,"saatto_yritykset":10,"etenemiset":5,"eteneminen_yritykset":10,"haavat":1,"palot":4,"stadium":"Roihuvuoren pesäpallokenttä, Helsinki","tehot":0,"kl_pct":1.0},{"player_id":9296,"season_id":2,"match_id":129167,"date":"2026-05-25","team":"Fera","opponent":"Manse","home":1,"turns_at_bat":5,"kunnarit":0,"lyodyt":0,"tuodut":0,"karkilyonnit":2,"karki_yritykset":5,"saatot":9,"saatto_yritykset":13,"etenemiset":8,"eteneminen_yritykset":13,"haavat":3,"palot":2,"stadium":"Buena Vista Areena, Rauma","tehot":0,"kl_pct":0.4},{"player_id":9296,"season_id":2,"match_id":129195,"date":"2026-05-28","team":"Fera","opponent":"Jussittaret","home":0,"turns_at_bat":8,"kunnarit":0,"lyodyt":0,"tuodut":0,"karkilyonnit":4,"karki_yritykset":8,"saatot":8,"saatto_yritykset":15,"etenemiset":5,"eteneminen_yritykset":13,"haavat":2,"palot":6,"stadium":"Unico Areena, Seinäjoki","tehot":0,"kl_pct":0.5},{"player_id":9296,"season_id":2,"match_id":129200,"date":"2026-06-06","team":"Fera","opponent":"Kirittäret","home":0,"turns_at_bat":4,"kunnarit":0,"lyodyt":0,"tuodut":1,"karkilyonnit":2,"karki_yritykset":2,"saatot":7,"saatto_yritykset":8,"etenemiset":6,"eteneminen_yritykset":8,"haavat":1,"palot":1,"stadium":"Hippoksen pesäpallostadion, Jyväskylä","tehot":1,"kl_pct":1.0}],"comps":[]}