{"player":{"id":9312,"name":"Minttu Reunanen","born_year":null},"career":[{"player_id":9312,"name":"Minttu Reunanen","born_year":null,"year":2026,"games":13,"team":"Roihuttaret","turns_at_bat":81,"kunnarit":0,"lyodyt":1,"tuodut":5,"karkilyonnit":45,"karki_yritykset":82,"saatot":113,"saatto_yritykset":172,"etenemiset":94,"eteneminen_yritykset":155,"haavat":34,"palot":27,"season_id":2,"tehot":6,"kl_pct":0.5487804878048781,"saatto_pct":0.6569767441860465,"eten_pct":0.6064516129032258,"kunnari_rate":0.0,"lyoty_rate":0.012345679012345678,"tuotu_rate":0.03225806451612903,"haava_rate":0.41975308641975306,"palo_rate":0.3333333333333333,"tehot_per_turn":0.07407407407407407,"kl_per_turn":0.5555555555555556,"hr_rbi_per_turn":0.012345679012345678,"kl_base0":0.2857142857142857,"kl_base0_tries":14,"kl_base1":0.6060606060606061,"kl_base1_tries":33,"kl_base2":0.6451612903225806,"kl_base2_tries":31,"kl_base3":0.25,"kl_base3_tries":4,"adv1_pct":0.2857142857142857,"adv2_pct":0.6060606060606061,"adv3_pct":0.6451612903225806,"adv_home_pct":0.25,"money_kl_pct":0.25,"money_kl_tries":4,"teho_plus":43,"adv_plus":108,"runner_plus":102,"out_avoid_plus":102,"adv1_plus":57,"adv2_plus":109,"adv3_plus":107,"adv_home_plus":56,"money_kl_plus":56,"spark_index":105,"teho_plus_adj":42}],"line":{"player_id":9312,"name":"Minttu Reunanen","born_year":null,"year":2026,"games":13,"team":"Roihuttaret","turns_at_bat":81,"kunnarit":0,"lyodyt":1,"tuodut":5,"karkilyonnit":45,"karki_yritykset":82,"saatot":113,"saatto_yritykset":172,"etenemiset":94,"eteneminen_yritykset":155,"haavat":34,"palot":27,"season_id":2,"tehot":6,"kl_pct":0.5487804878048781,"saatto_pct":0.6569767441860465,"eten_pct":0.6064516129032258,"kunnari_rate":0.0,"lyoty_rate":0.012345679012345678,"tuotu_rate":0.03225806451612903,"haava_rate":0.41975308641975306,"palo_rate":0.3333333333333333,"tehot_per_turn":0.07407407407407407,"kl_per_turn":0.5555555555555556,"hr_rbi_per_turn":0.012345679012345678,"kl_base0":0.2857142857142857,"kl_base0_tries":14,"kl_base1":0.6060606060606061,"kl_base1_tries":33,"kl_base2":0.6451612903225806,"kl_base2_tries":31,"kl_base3":0.25,"kl_base3_tries":4,"adv1_pct":0.2857142857142857,"adv2_pct":0.6060606060606061,"adv3_pct":0.6451612903225806,"adv_home_pct":0.25,"money_kl_pct":0.25,"money_kl_tries":4,"teho_plus":43,"adv_plus":108,"runner_plus":102,"out_avoid_plus":102,"adv1_plus":57,"adv2_plus":109,"adv3_plus":107,"adv_home_plus":56,"money_kl_plus":56,"spark_index":105,"teho_plus_adj":42,"pct_kl_pct":63,"pct_saatto_pct":73,"pct_eten_pct":64,"pct_kunnari_rate":35,"pct_lyoty_rate":36,"pct_palo_rate":43,"pct_tehot_per_turn":25},"proj":{"player_id":9312,"name":"Minttu Reunanen","as_of":"2026-07-01","age":null,"stats":{"kl_pct":{"rate":0.5402803871328462,"effective_n":75.86328589251144,"observed":0.5504075898243461},"saatto_pct":{"rate":0.646609448663234,"effective_n":156.3587634957405,"observed":0.6589433029348235},"eten_pct":{"rate":0.6035508055127768,"effective_n":140.699775229241,"observed":0.6060726196170158},"kunnari_rate":{"rate":0.0033722124243807613,"effective_n":76.891996770922,"observed":0.0},"lyoty_rate":{"rate":0.04638750344246897,"effective_n":74.94056599555317,"observed":0.01223045522995951},"haava_rate":{"rate":0.41313012924001863,"effective_n":71.23038604253426,"observed":0.42879295001831325},"palo_rate":{"rate":0.3377410654416041,"effective_n":73.05416061798759,"observed":0.33172885260395796}},"teho_plus_proj":134},"career_json":[{"year":2026,"kl_pct":0.5487804878048781,"teho_plus":43}],"pct_stats":["kl_pct","saatto_pct","eten_pct","kunnari_rate","lyoty_rate","palo_rate","tehot_per_turn"],"base_kl":{"player_id":9312,"turns_at_bat":81,"kl_base0":0.2857142857142857,"kl_base0_tries":14,"kl_base1":0.6060606060606061,"kl_base1_tries":33,"kl_base2":0.6451612903225806,"kl_base2_tries":31,"kl_base3":0.25,"kl_base3_tries":4,"pct_kl_base0":22,"pct_kl_base1":71,"pct_kl_base2":67,"pct_kl_base3":23},"base_keys":["kl_base0","kl_base1","kl_base2","kl_base3"],"log":[{"player_id":9312,"season_id":2,"match_id":129190,"date":"2026-05-09","team":"Roihuttaret","opponent":"Mailattaret","home":1,"turns_at_bat":4,"kunnarit":0,"lyodyt":0,"tuodut":1,"karkilyonnit":1,"karki_yritykset":4,"saatot":2,"saatto_yritykset":5,"etenemiset":5,"eteneminen_yritykset":8,"haavat":1,"palot":2,"stadium":"Roihuvuoren pesäpallokenttä, Helsinki","tehot":1,"kl_pct":0.25},{"player_id":9312,"season_id":2,"match_id":129141,"date":"2026-05-14","team":"Roihuttaret","opponent":"Jyske","home":0,"turns_at_bat":6,"kunnarit":0,"lyodyt":0,"tuodut":0,"karkilyonnit":2,"karki_yritykset":5,"saatot":4,"saatto_yritykset":10,"etenemiset":3,"eteneminen_yritykset":6,"haavat":1,"palot":2,"stadium":"Laserkeskus Areena, Laitila","tehot":0,"kl_pct":0.4},{"player_id":9312,"season_id":2,"match_id":129181,"date":"2026-05-17","team":"Roihuttaret","opponent":"Lippo Naiset","home":1,"turns_at_bat":5,"kunnarit":0,"lyodyt":0,"tuodut":0,"karkilyonnit":2,"karki_yritykset":5,"saatot":4,"saatto_yritykset":7,"etenemiset":6,"eteneminen_yritykset":10,"haavat":2,"palot":2,"stadium":"Roihuvuoren pesäpallokenttä, Helsinki","tehot":0,"kl_pct":0.4},{"player_id":9312,"season_id":2,"match_id":129193,"date":"2026-05-22","team":"Roihuttaret","opponent":"Fera","home":1,"turns_at_bat":7,"kunnarit":0,"lyodyt":0,"tuodut":0,"karkilyonnit":2,"karki_yritykset":6,"saatot":3,"saatto_yritykset":8,"etenemiset":3,"eteneminen_yritykset":9,"haavat":4,"palot":2,"stadium":"Roihuvuoren pesäpallokenttä, Helsinki","tehot":0,"kl_pct":0.3333333333333333},{"player_id":9312,"season_id":2,"match_id":129217,"date":"2026-05-27","team":"Roihuttaret","opponent":"Manse","home":0,"turns_at_bat":6,"kunnarit":0,"lyodyt":0,"tuodut":0,"karkilyonnit":2,"karki_yritykset":6,"saatot":5,"saatto_yritykset":12,"etenemiset":4,"eteneminen_yritykset":8,"haavat":2,"palot":2,"stadium":"Kaupin pesäpallostadion, Tampere","tehot":0,"kl_pct":0.3333333333333333},{"player_id":9312,"season_id":2,"match_id":129130,"date":"2026-05-29","team":"Roihuttaret","opponent":"Kirittäret","home":1,"turns_at_bat":6,"kunnarit":0,"lyodyt":0,"tuodut":1,"karkilyonnit":6,"karki_yritykset":7,"saatot":16,"saatto_yritykset":17,"etenemiset":11,"eteneminen_yritykset":14,"haavat":2,"palot":1,"stadium":"Roihuvuoren pesäpallokenttä, Helsinki","tehot":1,"kl_pct":0.8571428571428571},{"player_id":9312,"season_id":2,"match_id":129102,"date":"2026-06-02","team":"Roihuttaret","opponent":"Manse","home":0,"turns_at_bat":6,"kunnarit":0,"lyodyt":1,"tuodut":0,"karkilyonnit":6,"karki_yritykset":7,"saatot":13,"saatto_yritykset":16,"etenemiset":8,"eteneminen_yritykset":12,"haavat":1,"palot":3,"stadium":"Kaupin pesäpallostadion, Tampere","tehot":1,"kl_pct":0.8571428571428571},{"player_id":9312,"season_id":2,"match_id":129218,"date":"2026-06-06","team":"Roihuttaret","opponent":"PöU Pesis","home":1,"turns_at_bat":6,"kunnarit":0,"lyodyt":0,"tuodut":0,"karkilyonnit":6,"karki_yritykset":8,"saatot":13,"saatto_yritykset":17,"etenemiset":9,"eteneminen_yritykset":13,"haavat":2,"palot":2,"stadium":"Roihuvuoren pesäpallokenttä, Helsinki","tehot":0,"kl_pct":0.75},{"player_id":9312,"season_id":2,"match_id":129206,"date":"2026-06-12","team":"Roihuttaret","opponent":"Mailattaret","home":1,"turns_at_bat":7,"kunnarit":0,"lyodyt":0,"tuodut":3,"karkilyonnit":5,"karki_yritykset":8,"saatot":14,"saatto_yritykset":19,"etenemiset":13,"eteneminen_yritykset":17,"haavat":2,"palot":2,"stadium":"Roihuvuoren pesäpallokenttä, Helsinki","tehot":3,"kl_pct":0.625},{"player_id":9312,"season_id":2,"match_id":129205,"date":"2026-06-16","team":"Roihuttaret","opponent":"Mailattaret","home":0,"turns_at_bat":8,"kunnarit":0,"lyodyt":0,"tuodut":0,"karkilyonnit":5,"karki_yritykset":9,"saatot":10,"saatto_yritykset":16,"etenemiset":9,"eteneminen_yritykset":16,"haavat":3,"palot":4,"stadium":"Hietalahden Pesäpallostadion, Vaasa","tehot":0,"kl_pct":0.5555555555555556},{"player_id":9312,"season_id":2,"match_id":129197,"date":"2026-06-17","team":"Roihuttaret","opponent":"Jussittaret","home":0,"turns_at_bat":7,"kunnarit":0,