{"player":{"id":9376,"name":"Iida Lomppi","born_year":null},"career":[{"player_id":9376,"name":"Iida Lomppi","born_year":null,"year":2026,"games":13,"team":"PöU Pesis","turns_at_bat":51,"kunnarit":2,"lyodyt":5,"tuodut":4,"karkilyonnit":27,"karki_yritykset":59,"saatot":62,"saatto_yritykset":122,"etenemiset":46,"eteneminen_yritykset":81,"haavat":23,"palot":12,"season_id":2,"tehot":11,"kl_pct":0.4576271186440678,"saatto_pct":0.5081967213114754,"eten_pct":0.5679012345679012,"kunnari_rate":0.0392156862745098,"lyoty_rate":0.09803921568627451,"tuotu_rate":0.04938271604938271,"haava_rate":0.45098039215686275,"palo_rate":0.23529411764705882,"tehot_per_turn":0.21568627450980393,"kl_per_turn":0.5294117647058824,"hr_rbi_per_turn":0.13725490196078433,"kl_base0":0.2857142857142857,"kl_base0_tries":7,"kl_base1":0.5333333333333333,"kl_base1_tries":15,"kl_base2":0.47619047619047616,"kl_base2_tries":21,"kl_base3":0.4375,"kl_base3_tries":16,"adv1_pct":0.2857142857142857,"adv2_pct":0.5333333333333333,"adv3_pct":0.47619047619047616,"adv_home_pct":0.4375,"money_kl_pct":0.4375,"money_kl_tries":16,"teho_plus":125,"adv_plus":86,"runner_plus":95,"out_avoid_plus":116,"adv1_plus":57,"adv2_plus":96,"adv3_plus":79,"adv_home_plus":98,"money_kl_plus":98,"spark_index":95,"teho_plus_adj":124}],"line":{"player_id":9376,"name":"Iida Lomppi","born_year":null,"year":2026,"games":13,"team":"PöU Pesis","turns_at_bat":51,"kunnarit":2,"lyodyt":5,"tuodut":4,"karkilyonnit":27,"karki_yritykset":59,"saatot":62,"saatto_yritykset":122,"etenemiset":46,"eteneminen_yritykset":81,"haavat":23,"palot":12,"season_id":2,"tehot":11,"kl_pct":0.4576271186440678,"saatto_pct":0.5081967213114754,"eten_pct":0.5679012345679012,"kunnari_rate":0.0392156862745098,"lyoty_rate":0.09803921568627451,"tuotu_rate":0.04938271604938271,"haava_rate":0.45098039215686275,"palo_rate":0.23529411764705882,"tehot_per_turn":0.21568627450980393,"kl_per_turn":0.5294117647058824,"hr_rbi_per_turn":0.13725490196078433,"kl_base0":0.2857142857142857,"kl_base0_tries":7,"kl_base1":0.5333333333333333,"kl_base1_tries":15,"kl_base2":0.47619047619047616,"kl_base2_tries":21,"kl_base3":0.4375,"kl_base3_tries":16,"adv1_pct":0.2857142857142857,"adv2_pct":0.5333333333333333,"adv3_pct":0.47619047619047616,"adv_home_pct":0.4375,"money_kl_pct":0.4375,"money_kl_tries":16,"teho_plus":125,"adv_plus":86,"runner_plus":95,"out_avoid_plus":116,"adv1_plus":57,"adv2_plus":96,"adv3_plus":79,"adv_home_plus":98,"money_kl_plus":98,"spark_index":95,"teho_plus_adj":124,"pct_kl_pct":30,"pct_saatto_pct":24,"pct_eten_pct":42,"pct_kunnari_rate":98,"pct_lyoty_rate":72,"pct_palo_rate":79,"pct_tehot_per_turn":70},"proj":{"player_id":9376,"name":"Iida Lomppi","as_of":"2026-06-25","age":null,"stats":{"kl_pct":{"rate":0.49300575180449074,"effective_n":55.02170850017666,"observed":0.45541703813126816},"saatto_pct":{"rate":0.5284713869678698,"effective_n":110.94911493979717,"observed":0.5032614854171464},"eten_pct":{"rate":0.5784091202381442,"effective_n":73.06903354443081,"observed":0.5660609948787653},"kunnari_rate":{"rate":0.015475946368020313,"effective_n":48.57006449831497,"observed":0.040041528866511564},"lyoty_rate":{"rate":0.08669486946687605,"effective_n":47.41025207663346,"observed":0.10071801271224559},"haava_rate":{"rate":0.4168490185515404,"effective_n":45.19489796396971,"observed":0.44976330243577534},"palo_rate":{"rate":0.303560865863864,"effective_n":46.28558522147883,"observed":0.2349945268331673}},"teho_plus_proj":160},"career_json":[{"year":2026,"kl_pct":0.4576271186440678,"teho_plus":125}],"pct_stats":["kl_pct","saatto_pct","eten_pct","kunnari_rate","lyoty_rate","palo_rate","tehot_per_turn"],"base_kl":{"player_id":9376,"turns_at_bat":51,"kl_base0":0.2857142857142857,"kl_base0_tries":7,"kl_base1":0.5333333333333333,"kl_base1_tries":15,"kl_base2":0.47619047619047616,"kl_base2_tries":21,"kl_base3":0.4375,"kl_base3_tries":16,"pct_kl_base0":22,"pct_kl_base1":52,"pct_kl_base2":30,"pct_kl_base3":48},"base_keys":["kl_base0","kl_base1","kl_base2","kl_base3"],"log":[{"player_id":9376,"season_id":2,"match_id":129083,"date":"2026-05-10","team":"PöU Pesis","opponent":"Mailattaret","home":1,"turns_at_bat":2,"kunnarit":0,"lyodyt":0,"tuodut":0,"karkilyonnit":1,"karki_yritykset":3,"saatot":5,"saatto_yritykset":7,"etenemiset":4,"eteneminen_yritykset":5,"haavat":1,"palot":0,"stadium":"Kyrön Sähkö Center, Pöytyä","tehot":0,"kl_pct":0.3333333333333333},{"player_id":9376,"season_id":2,"match_id":129087,"date":"2026-05-12","team":"PöU Pesis","opponent":"Jussittaret","home":0,"turns_at_bat":3,"kunnarit":0,"lyodyt":0,"tuodut":0,"karkilyonnit":2,"karki_yritykset":3,"saatot":3,"saatto_yritykset":6,"etenemiset":1,"eteneminen_yritykset":4,"haavat":2,"palot":1,"stadium":"Unico Areena, Seinäjoki","tehot":0,"kl_pct":0.6666666666666666},{"player_id":9376,"season_id":2,"match_id":129086,"date":"2026-05-16","team":"PöU Pesis","opponent":"Kirittäret","home":0,"turns_at_bat":5,"kunnarit":0,"lyodyt":0,"tuodut":1,"karkilyonnit":3,"karki_yritykset":4,"saatot":8,"saatto_yritykset":11,"etenemiset":6,"eteneminen_yritykset":8,"haavat":0,"palot":2,"stadium":"Hippoksen pesäpallostadion, Jyväskylä","tehot":1,"kl_pct":0.75},{"player_id":9376,"season_id":2,"match_id":129201,"date":"2026-05-17","team":"PöU Pesis","opponent":"JoMa","home":0,"turns_at_bat":4,"kunnarit":0,"lyodyt":0,"tuodut":0,"karkilyonnit":2,"karki_yritykset":4,"saatot":8,"saatto_yritykset":10,"etenemiset":6,"eteneminen_yritykset":8,"haavat":0,"palot":2,"stadium":"Ilosaarirock Stadion, Joensuu","tehot":0,"kl_pct":0.5},{"player_id":9376,"season_id":2,"match_id":129082,"date":"2026-05-20","team":"PöU Pesis","opponent":"Pesäkarhut","home":1,"turns_at_bat":3,"kunnarit":0,"lyodyt":0,"tuodut":0,"karkilyonnit":1,"karki_yritykset":3,"saatot":2,"saatto_yritykset":5,"etenemiset":1,"eteneminen_yritykset":4,"haavat":3,"palot":0,"stadium":"Kyrön Sähkö Center, Pöytyä","tehot":0,"kl_pct":0.3333333333333333},{"player_id":9376,"season_id":2,"match_id":129144,"date":"2026-05-27","team":"PöU Pesis","opponent":"Virkiä","home":0,"turns_at_bat":5,"kunnarit":0,"lyodyt":1,"tuodut":0,"karkilyonnit":4,"karki_yritykset":7,"saatot":5,"saatto_yritykset":10,"etenemiset":4,"eteneminen_yritykset":8,"haavat":4,"palot":0,"stadium":"K Power Stadion, Lapua","tehot":1,"kl_pct":0.5714285714285714},{"player_id":9376,"season_id":2,"match_id":129079,"date":"2026-05-29","team":"PöU Pesis","opponent":"Manse","home":1,"turns_at_bat":4,"kunnarit":0,"lyodyt":0,"tuodut":1,"karkilyonnit":1,"karki_yritykset":2,"saatot":2,"saatto_yritykset":8,"etenemiset":4,"eteneminen_yritykset":7,"haavat":3,"palot":0,"stadium":"Kyrön Sähkö Center, Pöytyä","tehot":1,"kl_pct":0.5},{"player_id":9376,"season_id":2,"match_id":129148,"date":"2026-06-03","team":"PöU Pesis","opponent":"Pesäkarhut","home":0,"turns_at_bat":3,"kunnarit":0,"lyodyt":0,"tuodut":0,"karkilyonnit":1,"karki_yritykset":4,"saatot":3,"saatto_yritykset":7,"etenemiset":2,"eteneminen_yritykset":4,"haavat":1,"palot":1,"stadium":"Huikoo Areena, Pori","tehot":0,"kl_pct":0.25},{"player_id":9376,"season_id":2,"match_id":129218,"date":"2026-06-06","team":"PöU Pesis","opponent":"Roihuttaret","home":0,"turns_at_bat":5,"kunnarit":1,"lyodyt":0,"tuodut":1,"karkilyonnit":3,"karki_yritykset":6,"saatot":7,"saatto_yritykset":12,"etenemiset":6,"eteneminen_yritykset":10,"haavat":2,"palot":2,"stadium":"Roihuvuoren pesäpallokenttä, Helsinki","tehot":2,"kl_pct":0.5},{"player_id":9376,"season_id":2,"match_id":129152,"date":"2026-06-10","team":"PöU Pesis","opponent":"Kirittäret","home":1,"turns_at_bat":4,"kunnarit":0,"lyodyt":2,"tuodut":0,"karkilyonnit":2,"karki_yritykset":6,"saatot":5,"saatto_yritykset":13,"etenemiset":4,"eteneminen_yritykset":8,"haavat":3,"palot":1,"stadium":"Kyrön Sähkö Center, Pöytyä","tehot":2,"kl_pct":0.3333333333333333},{"player_id":9376,"season_id":2,"match_id":129145,"date":"2026-06-13","team":"PöU Pesis","opponent":"Manse","home":0,"turns_at_bat":2,"kunnarit":0,"lyodyt":0,"tuodut":0,"karkilyonnit":1,"karki_yritykset":2,"saatot":1,