{"player":{"id":9377,"name":"Justus Niemeläinen","born_year":null},"career":[{"player_id":9377,"name":"Justus Niemeläinen","born_year":null,"year":2026,"games":17,"team":"IPV","turns_at_bat":118,"kunnarit":2,"lyodyt":0,"tuodut":18,"karkilyonnit":65,"karki_yritykset":110,"saatot":80,"saatto_yritykset":138,"etenemiset":167,"eteneminen_yritykset":259,"haavat":36,"palot":56,"season_id":1,"tehot":20,"kl_pct":0.5909090909090909,"saatto_pct":0.5797101449275363,"eten_pct":0.6447876447876448,"kunnari_rate":0.01694915254237288,"lyoty_rate":0.0,"tuotu_rate":0.0694980694980695,"haava_rate":0.3050847457627119,"palo_rate":0.4745762711864407,"tehot_per_turn":0.1694915254237288,"kl_per_turn":0.5508474576271186,"hr_rbi_per_turn":0.01694915254237288,"kl_base0":0.654320987654321,"kl_base0_tries":81,"kl_base1":0.35,"kl_base1_tries":20,"kl_base2":1.0,"kl_base2_tries":3,"kl_base3":0.3333333333333333,"kl_base3_tries":6,"adv1_pct":0.654320987654321,"adv2_pct":0.35,"adv3_pct":1.0,"adv_home_pct":0.3333333333333333,"money_kl_pct":0.3333333333333333,"money_kl_tries":6,"teho_plus":105,"adv_plus":103,"runner_plus":110,"out_avoid_plus":78,"adv1_plus":122,"adv2_plus":66,"adv3_plus":175,"adv_home_plus":74,"money_kl_plus":74,"spark_index":100,"teho_plus_adj":104}],"line":{"player_id":9377,"name":"Justus Niemeläinen","born_year":null,"year":2026,"games":17,"team":"IPV","turns_at_bat":118,"kunnarit":2,"lyodyt":0,"tuodut":18,"karkilyonnit":65,"karki_yritykset":110,"saatot":80,"saatto_yritykset":138,"etenemiset":167,"eteneminen_yritykset":259,"haavat":36,"palot":56,"season_id":1,"tehot":20,"kl_pct":0.5909090909090909,"saatto_pct":0.5797101449275363,"eten_pct":0.6447876447876448,"kunnari_rate":0.01694915254237288,"lyoty_rate":0.0,"tuotu_rate":0.0694980694980695,"haava_rate":0.3050847457627119,"palo_rate":0.4745762711864407,"tehot_per_turn":0.1694915254237288,"kl_per_turn":0.5508474576271186,"hr_rbi_per_turn":0.01694915254237288,"kl_base0":0.654320987654321,"kl_base0_tries":81,"kl_base1":0.35,"kl_base1_tries":20,"kl_base2":1.0,"kl_base2_tries":3,"kl_base3":0.3333333333333333,"kl_base3_tries":6,"adv1_pct":0.654320987654321,"adv2_pct":0.35,"adv3_pct":1.0,"adv_home_pct":0.3333333333333333,"money_kl_pct":0.3333333333333333,"money_kl_tries":6,"teho_plus":105,"adv_plus":103,"runner_plus":110,"out_avoid_plus":78,"adv1_plus":122,"adv2_plus":66,"adv3_plus":175,"adv_home_plus":74,"money_kl_plus":74,"spark_index":100,"teho_plus_adj":104,"pct_kl_pct":70,"pct_saatto_pct":46,"pct_eten_pct":82,"pct_kunnari_rate":87,"pct_lyoty_rate":10,"pct_palo_rate":9,"pct_tehot_per_turn":62},"proj":{"player_id":9377,"name":"Justus Niemeläinen","as_of":"2026-07-02","age":null,"stats":{"kl_pct":{"rate":0.5670243425448509,"effective_n":101.30438601163819,"observed":0.5918774569042649},"saatto_pct":{"rate":0.5831087467617039,"effective_n":122.45082551220177,"observed":0.5809974204752403},"eten_pct":{"rate":0.6337173765163905,"effective_n":233.53467662820083,"observed":0.6435086847409752},"kunnari_rate":{"rate":0.011705283494730932,"effective_n":111.72858681933448,"observed":0.016994776681052773},"lyoty_rate":{"rate":0.030611016320942236,"effective_n":108.76593236993925,"observed":0.0},"haava_rate":{"rate":0.36875192795947503,"effective_n":103.16340534691957,"observed":0.3099167601349873},"palo_rate":{"rate":0.41138000356889576,"effective_n":105.91235959008065,"observed":0.47708868801963566}},"teho_plus_proj":144},"career_json":[{"year":2026,"kl_pct":0.5909090909090909,"teho_plus":105}],"pct_stats":["kl_pct","saatto_pct","eten_pct","kunnari_rate","lyoty_rate","palo_rate","tehot_per_turn"],"base_kl":{"player_id":9377,"turns_at_bat":118,"kl_base0":0.654320987654321,"kl_base0_tries":81,"kl_base1":0.35,"kl_base1_tries":20,"kl_base2":1.0,"kl_base2_tries":3,"kl_base3":0.3333333333333333,"kl_base3_tries":6,"pct_kl_base0":84,"pct_kl_base1":21,"pct_kl_base2":96,"pct_kl_base3":31},"base_keys":["kl_base0","kl_base1","kl_base2","kl_base3"],"log":[{"player_id":9377,"season_id":1,"match_id":129044,"date":"2026-05-05","team":"IPV","opponent":"Manse","home":0,"turns_at_bat":2,"kunnarit":0,"lyodyt":0,"tuodut":0,"karkilyonnit":0,"karki_yritykset":0,"saatot":0,"saatto_yritykset":2,"etenemiset":0,"eteneminen_yritykset":1,"haavat":1,"palot":0,"stadium":"Kaupin pesäpallostadion, Tampere","tehot":0,"kl_pct":null},{"player_id":9377,"season_id":1,"match_id":128924,"date":"2026-05-09","team":"IPV","opponent":"KeKi","home":1,"turns_at_bat":8,"kunnarit":0,"lyodyt":0,"tuodut":3,"karkilyonnit":5,"karki_yritykset":9,"saatot":7,"saatto_yritykset":12,"etenemiset":11,"eteneminen_yritykset":16,"haavat":1,"palot":4,"stadium":"Tornator Stadion, Imatra","tehot":3,"kl_pct":0.5555555555555556},{"player_id":9377,"season_id":1,"match_id":128874,"date":"2026-05-13","team":"IPV","opponent":"Manse","home":1,"turns_at_bat":7,"kunnarit":0,"lyodyt":0,"tuodut":1,"karkilyonnit":4,"karki_yritykset":5,"saatot":6,"saatto_yritykset":7,"etenemiset":11,"eteneminen_yritykset":14,"haavat":1,"palot":2,"stadium":"Tornator Stadion, Imatra","tehot":1,"kl_pct":0.8},{"player_id":9377,"season_id":1,"match_id":129043,"date":"2026-05-15","team":"IPV","opponent":"JoMa","home":0,"turns_at_bat":7,"kunnarit":0,"lyodyt":0,"tuodut":1,"karkilyonnit":4,"karki_yritykset":7,"saatot":6,"saatto_yritykset":9,"etenemiset":9,"eteneminen_yritykset":15,"haavat":2,"palot":4,"stadium":"Ilosaarirock Stadion, Joensuu","tehot":1,"kl_pct":0.5714285714285714},{"player_id":9377,"season_id":1,"match_id":128920,"date":"2026-05-17","team":"IPV","opponent":"AA","home":1,"turns_at_bat":7,"kunnarit":0,"lyodyt":0,"tuodut":2,"karkilyonnit":4,"karki_yritykset":7,"saatot":5,"saatto_yritykset":11,"etenemiset":12,"eteneminen_yritykset":16,"haavat":2,"palot":2,"stadium":"Tornator Stadion, Imatra","tehot":2,"kl_pct":0.5714285714285714},{"player_id":9377,"season_id":1,"match_id":128940,"date":"2026-05-19","team":"IPV","opponent":"Manse","home":0,"turns_at_bat":7,"kunnarit":0,"lyodyt":0,"tuodut":1,"karkilyonnit":3,"karki_yritykset":7,"saatot":5,"saatto_yritykset":9,"etenemiset":14,"eteneminen_yritykset":20,"haavat":2,"palot":4,"stadium":"Kaupin pesäpallostadion, Tampere","tehot":1,"kl_pct":0.42857142857142855},{"player_id":9377,"season_id":1,"match_id":128901,"date":"2026-05-26","team":"IPV","opponent":"SoJy","home":0,"turns_at_bat":8,"kunnarit":0,"lyodyt":0,"tuodut":0,"karkilyonnit":3,"karki_yritykset":5,"saatot":5,"saatto_yritykset":11,"etenemiset":5,"eteneminen_yritykset":11,"haavat":2,"palot":4,"stadium":"Good Guy Stadion, Meilahti (Helsinki)","tehot":0,"kl_pct":0.6},{"player_id":9377,"season_id":1,"match_id":129039,"date":"2026-05-29","team":"IPV","opponent":"KiPa","home":1,"turns_at_bat":6,"kunnarit":1,"lyodyt":0,"tuodut":2,"karkilyonnit":8,"karki_yritykset":9,"saatot":8,"saatto_yritykset":9,"etenemiset":16,"eteneminen_yritykset":21,"haavat":0,"palot":5,"stadium":"Tornator Stadion, Imatra","tehot":3,"kl_pct":0.8888888888888888},{"player_id":9377,"season_id":1,"match_id":128980,"date":"2026-06-06","team":"IPV","opponent":"ViVe","home":1,"turns_at_bat":6,"kunnarit":0,"lyodyt":0,"tuodut":0,"karkilyonnit":2,"karki_yritykset":6,"saatot":5,"saatto_yritykset":9,"etenemiset":6,"eteneminen_yritykset":10,"haavat":4,"palot":0,"stadium":"Tornator Stadion, Imatra","tehot":0,"kl_pct":0.3333333333333333},{"player_id":9377,"season_id":1,"match_id":128921,"date":"2026-06-08","team":"IPV","opponent":"PattU","home":1,"turns_at_bat":8,"kunnarit":0,"lyodyt":0,"tuodut":3,"karkilyonnit":3,"karki_yritykset":8,"saatot":4,"saatto_yritykset":10,"etenemiset":15,"eteneminen_yritykset":20,"haavat":2,"palot":3,"stadium":"Tornator Stadion, Imatra","tehot":3,"kl_pct":0.375},{"player_id":9377,"season_id":1,"match_id":128987,"date":"2026-06-13","team":"IPV","opponent":"PattU","home":0,"turns_at_bat":9,"kunnarit":0,"lyodyt":0,"tuodut":0,"karkilyonnit":3,"karki_yritykset":6,"saatot":3,"saatto_yritykset":8,"etenemiset":5,"eteneminen_yritykset":13,"haavat":4,"palot":4,"stadium":"MiiluAreena, Raahe","tehot":0,"kl_pct":0.5},{"player_id":9377,"season_id":1,