{"player":{"id":9391,"name":"Kaapo Kalmari","born_year":null},"career":[{"player_id":9391,"name":"Kaapo Kalmari","born_year":null,"year":2026,"games":15,"team":"PuMu","turns_at_bat":80,"kunnarit":0,"lyodyt":18,"tuodut":6,"karkilyonnit":50,"karki_yritykset":92,"saatot":138,"saatto_yritykset":214,"etenemiset":103,"eteneminen_yritykset":149,"haavat":26,"palot":20,"season_id":3,"tehot":24,"kl_pct":0.5434782608695652,"saatto_pct":0.6448598130841121,"eten_pct":0.6912751677852349,"kunnari_rate":0.0,"lyoty_rate":0.225,"tuotu_rate":0.040268456375838924,"haava_rate":0.325,"palo_rate":0.25,"tehot_per_turn":0.3,"kl_per_turn":0.625,"hr_rbi_per_turn":0.225,"kl_base0":0.4,"kl_base0_tries":5,"kl_base1":0.5714285714285714,"kl_base1_tries":7,"kl_base2":0.6842105263157895,"kl_base2_tries":38,"kl_base3":0.42857142857142855,"kl_base3_tries":42,"adv1_pct":0.4,"adv2_pct":0.5714285714285714,"adv3_pct":0.6842105263157895,"adv_home_pct":0.42857142857142855,"money_kl_pct":0.42857142857142855,"money_kl_tries":42,"teho_plus":178,"adv_plus":109,"runner_plus":117,"out_avoid_plus":112,"adv1_plus":84,"adv2_plus":103,"adv3_plus":119,"adv_home_plus":95,"money_kl_plus":95,"spark_index":112,"teho_plus_adj":169}],"line":{"player_id":9391,"name":"Kaapo Kalmari","born_year":null,"year":2026,"games":15,"team":"PuMu","turns_at_bat":80,"kunnarit":0,"lyodyt":18,"tuodut":6,"karkilyonnit":50,"karki_yritykset":92,"saatot":138,"saatto_yritykset":214,"etenemiset":103,"eteneminen_yritykset":149,"haavat":26,"palot":20,"season_id":3,"tehot":24,"kl_pct":0.5434782608695652,"saatto_pct":0.6448598130841121,"eten_pct":0.6912751677852349,"kunnari_rate":0.0,"lyoty_rate":0.225,"tuotu_rate":0.040268456375838924,"haava_rate":0.325,"palo_rate":0.25,"tehot_per_turn":0.3,"kl_per_turn":0.625,"hr_rbi_per_turn":0.225,"kl_base0":0.4,"kl_base0_tries":5,"kl_base1":0.5714285714285714,"kl_base1_tries":7,"kl_base2":0.6842105263157895,"kl_base2_tries":38,"kl_base3":0.42857142857142855,"kl_base3_tries":42,"adv1_pct":0.4,"adv2_pct":0.5714285714285714,"adv3_pct":0.6842105263157895,"adv_home_pct":0.42857142857142855,"money_kl_pct":0.42857142857142855,"money_kl_tries":42,"teho_plus":178,"adv_plus":109,"runner_plus":117,"out_avoid_plus":112,"adv1_plus":84,"adv2_plus":103,"adv3_plus":119,"adv_home_plus":95,"money_kl_plus":95,"spark_index":112,"teho_plus_adj":169,"pct_kl_pct":55,"pct_saatto_pct":76,"pct_eten_pct":94,"pct_kunnari_rate":31,"pct_lyoty_rate":88,"pct_palo_rate":72,"pct_tehot_per_turn":87},"proj":{"player_id":9391,"name":"Kaapo Kalmari","as_of":"2026-07-02","age":null,"stats":{"kl_pct":{"rate":0.5302479502614837,"effective_n":84.53716025691119,"observed":0.5421688357907398},"saatto_pct":{"rate":0.6322854111049896,"effective_n":190.360495542391,"observed":0.6407214113097753},"eten_pct":{"rate":0.6608654114423049,"effective_n":132.20142576326833,"observed":0.6875402571379554},"kunnari_rate":{"rate":0.0039070000266070715,"effective_n":75.61205902411348,"observed":0.0},"lyoty_rate":{"rate":0.14760495580751004,"effective_n":73.5376620362223,"observed":0.22525255570002928},"haava_rate":{"rate":0.385440491626725,"effective_n":69.6122990867599,"observed":0.331223132669515},"palo_rate":{"rate":0.2903079658440869,"effective_n":71.53874583479909,"observed":0.2474531450301854}},"teho_plus_proj":207},"career_json":[{"year":2026,"kl_pct":0.5434782608695652,"teho_plus":178}],"pct_stats":["kl_pct","saatto_pct","eten_pct","kunnari_rate","lyoty_rate","palo_rate","tehot_per_turn"],"base_kl":{"player_id":9391,"turns_at_bat":80,"kl_base0":0.4,"kl_base0_tries":5,"kl_base1":0.5714285714285714,"kl_base1_tries":7,"kl_base2":0.6842105263157895,"kl_base2_tries":38,"kl_base3":0.42857142857142855,"kl_base3_tries":42,"pct_kl_base0":42,"pct_kl_base1":57,"pct_kl_base2":73,"pct_kl_base3":50},"base_keys":["kl_base0","kl_base1","kl_base2","kl_base3"],"log":[{"player_id":9391,"season_id":3,"match_id":129566,"date":"2026-05-08","team":"PuMu","opponent":"PuPe","home":1,"turns_at_bat":5,"kunnarit":0,"lyodyt":3,"tuodut":1,"karkilyonnit":4,"karki_yritykset":5,"saatot":15,"saatto_yritykset":16,"etenemiset":12,"eteneminen_yritykset":14,"haavat":1,"palot":1,"stadium":"Good Guy Stadion, Meilahti (Helsinki)","tehot":4,"kl_pct":0.8},{"player_id":9391,"season_id":3,"match_id":129572,"date":"2026-05-13","team":"PuMu","opponent":"Jkl Kiri","home":1,"turns_at_bat":6,"kunnarit":0,"lyodyt":1,"tuodut":2,"karkilyonnit":4,"karki_yritykset":5,"saatot":13,"saatto_yritykset":15,"etenemiset":11,"eteneminen_yritykset":12,"haavat":0,"palot":1,"stadium":"Good Guy Stadion, Meilahti (Helsinki)","tehot":3,"kl_pct":0.8},{"player_id":9391,"season_id":3,"match_id":129576,"date":"2026-05-16","team":"PuMu","opponent":"SiKi","home":1,"turns_at_bat":7,"kunnarit":0,"lyodyt":1,"tuodut":0,"karkilyonnit":6,"karki_yritykset":8,"saatot":15,"saatto_yritykset":18,"etenemiset":10,"eteneminen_yritykset":13,"haavat":1,"palot":2,"stadium":"Good Guy Stadion, Meilahti (Helsinki)","tehot":1,"kl_pct":0.75},{"player_id":9391,"season_id":3,"match_id":129582,"date":"2026-05-20","team":"PuMu","opponent":"UPV","home":0,"turns_at_bat":6,"kunnarit":0,"lyodyt":2,"tuodut":0,"karkilyonnit":4,"karki_yritykset":8,"saatot":14,"saatto_yritykset":21,"etenemiset":10,"eteneminen_yritykset":15,"haavat":4,"palot":1,"stadium":"Ulvilan Automaatio Areena","tehot":2,"kl_pct":0.5},{"player_id":9391,"season_id":3,"match_id":129587,"date":"2026-05-23","team":"PuMu","opponent":"SiiPe","home":1,"turns_at_bat":7,"kunnarit":0,"lyodyt":1,"tuodut":0,"karkilyonnit":4,"karki_yritykset":12,"saatot":8,"saatto_yritykset":22,"etenemiset":5,"eteneminen_yritykset":11,"haavat":2,"palot":4,"stadium":"Good Guy Stadion, Meilahti (Helsinki)","tehot":1,"kl_pct":0.3333333333333333},{"player_id":9391,"season_id":3,"match_id":129595,"date":"2026-05-29","team":"PuMu","opponent":"KaMa","home":0,"turns_at_bat":5,"kunnarit":0,"lyodyt":0,"tuodut":0,"karkilyonnit":2,"karki_yritykset":4,"saatot":4,"saatto_yritykset":11,"etenemiset":4,"eteneminen_yritykset":9,"haavat":4,"palot":1,"stadium":"Kankaanpää Areena","tehot":0,"kl_pct":0.5},{"player_id":9391,"season_id":3,"match_id":129602,"date":"2026-06-03","team":"PuMu","opponent":"HP","home":1,"turns_at_bat":5,"kunnarit":0,"lyodyt":2,"tuodut":0,"karkilyonnit":3,"karki_yritykset":5,"saatot":11,"saatto_yritykset":13,"etenemiset":9,"eteneminen_yritykset":11,"haavat":1,"palot":1,"stadium":"Good Guy Stadion, Meilahti (Helsinki)","tehot":2,"kl_pct":0.6},{"player_id":9391,"season_id":3,"match_id":129609,"date":"2026-06-07","team":"PuMu","opponent":"Ura","home":1,"turns_at_bat":1,"kunnarit":0,"lyodyt":0,"tuodut":0,"karkilyonnit":1,"karki_yritykset":1,"saatot":3,"saatto_yritykset":3,"etenemiset":2,"eteneminen_yritykset":2,"haavat":0,"palot":0,"stadium":"Good Guy Stadion, Meilahti (Helsinki)","tehot":0,"kl_pct":1.0},{"player_id":9391,"season_id":3,"match_id":129610,"date":"2026-06-09","team":"PuMu","opponent":"SiiPe","home":0,"turns_at_bat":7,"kunnarit":0,"lyodyt":0,"tuodut":0,"karkilyonnit":4,"karki_yritykset":10,"saatot":13,"saatto_yritykset":21,"etenemiset":9,"eteneminen_yritykset":13,"haavat":1,"palot":3,"stadium":"Mantun kenttä, Siilinjärvi","tehot":0,"kl_pct":0.4},{"player_id":9391,"season_id":3,"match_id":129612,"date":"2026-06-10","team":"PuMu","opponent":"PuPe","home":0,"turns_at_bat":5,"kunnarit":0,"lyodyt":1,"tuodut":1,"karkilyonnit":2,"karki_yritykset":5,"saatot":7,"saatto_yritykset":14,"etenemiset":7,"eteneminen_yritykset":9,"haavat":2,"palot":0,"stadium":"Osuma Areena, Kuopio","tehot":2,"kl_pct":0.4},{"player_id":9391,"season_id":3,"match_id":129617,"date":"2026-06-13","team":"PuMu","opponent":"Jkl Kiri","home":1,"turns_at_bat":4,"kunnarit":0,"lyodyt":1,"tuodut":0,"karkilyonnit":2,"karki_yritykset":5,"saatot":4,"saatto_yritykset":9,"etenemiset":2,"eteneminen_yritykset":4,"haavat":0,"palot":2,"stadium":"Good Guy Stadion, Meilahti (Helsinki)","tehot":1,"kl_pct":0.4},{"player_id":9391,"season_id":3,"match_id":129621,"date":"2026-06-17","team":"PuMu","opponent":"HP","home":0,"turns_at_bat":4,"kunnarit":0,"lyodyt":0,