{"player":{"id":9392,"name":"Aleksi Vainio","born_year":null},"career":[{"player_id":9392,"name":"Aleksi Vainio","born_year":null,"year":2026,"games":14,"team":"Jkl Kiri","turns_at_bat":85,"kunnarit":1,"lyodyt":14,"tuodut":3,"karkilyonnit":35,"karki_yritykset":85,"saatot":126,"saatto_yritykset":211,"etenemiset":104,"eteneminen_yritykset":162,"haavat":38,"palot":20,"season_id":3,"tehot":18,"kl_pct":0.4117647058823529,"saatto_pct":0.5971563981042654,"eten_pct":0.6419753086419753,"kunnari_rate":0.011764705882352941,"lyoty_rate":0.16470588235294117,"tuotu_rate":0.018518518518518517,"haava_rate":0.4470588235294118,"palo_rate":0.23529411764705882,"tehot_per_turn":0.21176470588235294,"kl_per_turn":0.4117647058823529,"hr_rbi_per_turn":0.17647058823529413,"kl_base0":0.375,"kl_base0_tries":8,"kl_base1":0.23529411764705882,"kl_base1_tries":17,"kl_base2":0.3939393939393939,"kl_base2_tries":33,"kl_base3":0.5555555555555556,"kl_base3_tries":27,"adv1_pct":0.375,"adv2_pct":0.23529411764705882,"adv3_pct":0.3939393939393939,"adv_home_pct":0.5555555555555556,"money_kl_pct":0.5555555555555556,"money_kl_tries":27,"teho_plus":125,"adv_plus":96,"runner_plus":109,"out_avoid_plus":114,"adv1_plus":79,"adv2_plus":43,"adv3_plus":69,"adv_home_plus":123,"money_kl_plus":123,"spark_index":103,"teho_plus_adj":131}],"line":{"player_id":9392,"name":"Aleksi Vainio","born_year":null,"year":2026,"games":14,"team":"Jkl Kiri","turns_at_bat":85,"kunnarit":1,"lyodyt":14,"tuodut":3,"karkilyonnit":35,"karki_yritykset":85,"saatot":126,"saatto_yritykset":211,"etenemiset":104,"eteneminen_yritykset":162,"haavat":38,"palot":20,"season_id":3,"tehot":18,"kl_pct":0.4117647058823529,"saatto_pct":0.5971563981042654,"eten_pct":0.6419753086419753,"kunnari_rate":0.011764705882352941,"lyoty_rate":0.16470588235294117,"tuotu_rate":0.018518518518518517,"haava_rate":0.4470588235294118,"palo_rate":0.23529411764705882,"tehot_per_turn":0.21176470588235294,"kl_per_turn":0.4117647058823529,"hr_rbi_per_turn":0.17647058823529413,"kl_base0":0.375,"kl_base0_tries":8,"kl_base1":0.23529411764705882,"kl_base1_tries":17,"kl_base2":0.3939393939393939,"kl_base2_tries":33,"kl_base3":0.5555555555555556,"kl_base3_tries":27,"adv1_pct":0.375,"adv2_pct":0.23529411764705882,"adv3_pct":0.3939393939393939,"adv_home_pct":0.5555555555555556,"money_kl_pct":0.5555555555555556,"money_kl_tries":27,"teho_plus":125,"adv_plus":96,"runner_plus":109,"out_avoid_plus":114,"adv1_plus":79,"adv2_plus":43,"adv3_plus":69,"adv_home_plus":123,"money_kl_plus":123,"spark_index":103,"teho_plus_adj":131,"pct_kl_pct":14,"pct_saatto_pct":55,"pct_eten_pct":84,"pct_kunnari_rate":72,"pct_lyoty_rate":84,"pct_palo_rate":78,"pct_tehot_per_turn":75},"proj":{"player_id":9392,"name":"Aleksi Vainio","as_of":"2026-07-02","age":null,"stats":{"kl_pct":{"rate":0.45762820688339667,"effective_n":78.45270828328569,"observed":0.41493462924169516},"saatto_pct":{"rate":0.5980767531679387,"effective_n":189.1362139653918,"observed":0.5993326462458246},"eten_pct":{"rate":0.6310245801350182,"effective_n":144.5890442870653,"observed":0.6450948790131042},"kunnari_rate":{"rate":0.008656699754279384,"effective_n":80.16079082979005,"observed":0.012081661607320644},"lyoty_rate":{"rate":0.1218241198347191,"effective_n":77.8742953808759,"observed":0.1686631449990144},"haava_rate":{"rate":0.4352606355077147,"effective_n":73.55016865872422,"observed":0.45168234333927354},"palo_rate":{"rate":0.2793930547761373,"effective_n":75.67186387116136,"observed":0.227339717935591}},"teho_plus_proj":189},"career_json":[{"year":2026,"kl_pct":0.4117647058823529,"teho_plus":125}],"pct_stats":["kl_pct","saatto_pct","eten_pct","kunnari_rate","lyoty_rate","palo_rate","tehot_per_turn"],"base_kl":{"player_id":9392,"turns_at_bat":85,"kl_base0":0.375,"kl_base0_tries":8,"kl_base1":0.23529411764705882,"kl_base1_tries":17,"kl_base2":0.3939393939393939,"kl_base2_tries":33,"kl_base3":0.5555555555555556,"kl_base3_tries":27,"pct_kl_base0":33,"pct_kl_base1":12,"pct_kl_base2":14,"pct_kl_base3":73},"base_keys":["kl_base0","kl_base1","kl_base2","kl_base3"],"comps":[]}