{"player":{"id":9400,"name":"Saaga-Angelia Raudasoja","born_year":null},"career":[{"player_id":9400,"name":"Saaga-Angelia Raudasoja","born_year":null,"year":2026,"games":14,"team":"Manse","turns_at_bat":90,"kunnarit":0,"lyodyt":0,"tuodut":41,"karkilyonnit":71,"karki_yritykset":86,"saatot":137,"saatto_yritykset":160,"etenemiset":171,"eteneminen_yritykset":215,"haavat":10,"palot":34,"season_id":2,"tehot":41,"kl_pct":0.8255813953488372,"saatto_pct":0.85625,"eten_pct":0.7953488372093023,"kunnari_rate":0.0,"lyoty_rate":0.0,"tuotu_rate":0.19069767441860466,"haava_rate":0.1111111111111111,"palo_rate":0.37777777777777777,"tehot_per_turn":0.45555555555555555,"kl_per_turn":0.7888888888888889,"hr_rbi_per_turn":0.0,"kl_base0":0.8461538461538461,"kl_base0_tries":13,"kl_base1":0.8142857142857143,"kl_base1_tries":70,"kl_base2":1.0,"kl_base2_tries":3,"kl_base3":null,"kl_base3_tries":0,"adv1_pct":0.8461538461538461,"adv2_pct":0.8142857142857143,"adv3_pct":1.0,"adv_home_pct":null,"money_kl_pct":null,"money_kl_tries":0,"pos":"S","teho_plus":264,"adv_plus":147,"runner_plus":133,"out_avoid_plus":95,"adv1_plus":169,"adv2_plus":146,"adv3_plus":166,"adv_home_plus":null,"money_kl_plus":null,"spark_index":132,"run_value":19.79202381117739,"raa":11.0,"jyk":15.9,"vyk":1.37,"teho_plus_adj":268}],"line":{"player_id":9400,"name":"Saaga-Angelia Raudasoja","born_year":null,"year":2026,"games":14,"team":"Manse","turns_at_bat":90,"kunnarit":0,"lyodyt":0,"tuodut":41,"karkilyonnit":71,"karki_yritykset":86,"saatot":137,"saatto_yritykset":160,"etenemiset":171,"eteneminen_yritykset":215,"haavat":10,"palot":34,"season_id":2,"tehot":41,"kl_pct":0.8255813953488372,"saatto_pct":0.85625,"eten_pct":0.7953488372093023,"kunnari_rate":0.0,"lyoty_rate":0.0,"tuotu_rate":0.19069767441860466,"haava_rate":0.1111111111111111,"palo_rate":0.37777777777777777,"tehot_per_turn":0.45555555555555555,"kl_per_turn":0.7888888888888889,"hr_rbi_per_turn":0.0,"kl_base0":0.8461538461538461,"kl_base0_tries":13,"kl_base1":0.8142857142857143,"kl_base1_tries":70,"kl_base2":1.0,"kl_base2_tries":3,"kl_base3":null,"kl_base3_tries":0,"adv1_pct":0.8461538461538461,"adv2_pct":0.8142857142857143,"adv3_pct":1.0,"adv_home_pct":null,"money_kl_pct":null,"money_kl_tries":0,"pos":"S","teho_plus":264,"adv_plus":147,"runner_plus":133,"out_avoid_plus":95,"adv1_plus":169,"adv2_plus":146,"adv3_plus":166,"adv_home_plus":null,"money_kl_plus":null,"spark_index":132,"run_value":19.79202381117739,"raa":11.0,"jyk":15.9,"vyk":1.37,"teho_plus_adj":268,"pct_kl_pct":99,"pct_saatto_pct":99,"pct_eten_pct":100,"pct_kunnari_rate":35,"pct_lyoty_rate":12,"pct_palo_rate":34,"pct_tehot_per_turn":97},"proj":{"player_id":9400,"name":"Saaga-Angelia Raudasoja","as_of":"2026-06-29","age":null,"stats":{"kl_pct":{"rate":0.6984727457700273,"effective_n":79.90032160283324,"observed":0.8268805442055183},"saatto_pct":{"rate":0.8010198286822445,"effective_n":144.69178108060783,"observed":0.8570349066864854},"eten_pct":{"rate":0.7567099427237709,"effective_n":195.38311088454756,"observed":0.7977205270158841},"kunnari_rate":{"rate":0.0032298755453300343,"effective_n":85.56879930932297,"observed":0.0},"lyoty_rate":{"rate":0.03836140321207407,"effective_n":83.46505279052688,"observed":0.0},"haava_rate":{"rate":0.27407275119065994,"effective_n":79.46778090426659,"observed":0.11312615259630776},"palo_rate":{"rate":0.3580499722805159,"effective_n":81.43224469342029,"observed":0.3726080308145182}},"teho_plus_proj":156},"career_json":[{"year":2026,"kl_pct":0.8255813953488372,"teho_plus":264}],"pct_stats":["kl_pct","saatto_pct","eten_pct","kunnari_rate","lyoty_rate","palo_rate","tehot_per_turn"],"base_kl":{"player_id":9400,"turns_at_bat":90,"kl_base0":0.8461538461538461,"kl_base0_tries":13,"kl_base1":0.8142857142857143,"kl_base1_tries":70,"kl_base2":1.0,"kl_base2_tries":3,"kl_base3":null,"kl_base3_tries":0,"pct_kl_base0":98,"pct_kl_base1":93,"pct_kl_base2":96,"pct_kl_base3":null},"base_keys":["kl_base0","kl_base1","kl_base2","kl_base3"],"comps":[]}