{"player":{"id":9425,"name":"Jani Hämäläinen","born_year":null},"career":[{"year":2024,"season_id":121,"team":"PuPe","age":null,"games":22,"turns_at_bat":140,"vyk":1.57,"spark_index":111,"adv_plus":106,"runner_plus":117,"out_avoid_plus":113,"money_kl_plus":103,"teho_plus":194,"teho_plus_adj":194},{"year":2025,"season_id":125,"team":"PuPe","age":null,"games":24,"turns_at_bat":146,"vyk":1.08,"spark_index":93,"adv_plus":85,"runner_plus":97,"out_avoid_plus":109,"money_kl_plus":103,"teho_plus":181,"teho_plus_adj":184},{"year":2026,"season_id":129,"team":"PuPe","age":null,"games":14,"turns_at_bat":86,"vyk":0.52,"spark_index":89,"adv_plus":74,"runner_plus":104,"out_avoid_plus":106,"money_kl_plus":61,"teho_plus":139,"teho_plus_adj":137}],"line":{"player_id":9425,"name":"Jani Hämäläinen","born_year":null,"year":2026,"games":14,"team":"PuPe","turns_at_bat":86,"kunnarit":0,"lyodyt":18,"tuodut":2,"karkilyonnit":32,"karki_yritykset":101,"saatot":108,"saatto_yritykset":233,"etenemiset":82,"eteneminen_yritykset":134,"haavat":27,"palot":25,"season_id":129,"tehot":20,"kl_pct":0.31683168316831684,"saatto_pct":0.463519313304721,"eten_pct":0.6119402985074627,"kunnari_rate":0.0,"lyoty_rate":0.20930232558139536,"tuotu_rate":0.014925373134328358,"haava_rate":0.313953488372093,"palo_rate":0.29069767441860467,"tehot_per_turn":0.23255813953488372,"kl_per_turn":0.37209302325581395,"hr_rbi_per_turn":0.20930232558139536,"kl_base0":0.0,"kl_base0_tries":2,"kl_base1":0.25,"kl_base1_tries":8,"kl_base2":0.46153846153846156,"kl_base2_tries":26,"kl_base3":0.27692307692307694,"kl_base3_tries":65,"adv1_pct":0.0,"adv2_pct":0.25,"adv3_pct":0.46153846153846156,"adv_home_pct":0.27692307692307694,"money_kl_pct":0.27692307692307694,"money_kl_tries":65,"pos":null,"teho_plus":139,"adv_plus":74,"runner_plus":104,"out_avoid_plus":106,"adv1_plus":0,"adv2_plus":45,"adv3_plus":81,"adv_home_plus":61,"money_kl_plus":61,"spark_index":89,"run_value":9.798299306358977,"raa":1.3,"jyk":6.1,"vyk":0.52,"teho_plus_adj":137,"pct_kl_pct":0,"pct_saatto_pct":4,"pct_eten_pct":65,"pct_kunnari_rate":31,"pct_lyoty_rate":89,"pct_palo_rate":60,"pct_tehot_per_turn":79},"proj":{"player_id":9425,"name":"Jani Hämäläinen","as_of":"2026-07-05","age":null,"stats":{"kl_pct":{"rate":0.41267495642455665,"effective_n":169.34882684164288,"observed":0.3774510313738317},"saatto_pct":{"rate":0.5031063505490093,"effective_n":321.00227222853516,"observed":0.4921549851203394},"eten_pct":{"rate":0.608783764032063,"effective_n":190.03368480614463,"observed":0.6139616187467404},"kunnari_rate":{"rate":0.007706230633046771,"effective_n":181.20731923314332,"observed":0.00858227459198577},"lyoty_rate":{"rate":0.1774459932234812,"effective_n":140.71104243423073,"observed":0.235327823322989},"haava_rate":{"rate":0.3806914494902926,"effective_n":99.70932099432102,"observed":0.3363677353595983},"palo_rate":{"rate":0.3023919332042714,"effective_n":115.78034789200149,"observed":0.2840335554549776}},"teho_plus_proj":219},"translation":{"wrc_plus":120,"tier":"solid starter","rows":[{"pesis_label":"Kärkilyönti-% (advance the lead runner)","pesis_value":0.31683168316831684,"percentile":0,"mlb_stat":"AVG","mlb_value":"0.101"},{"pesis_label":"Kärkilyönnit per turn (base hits)","pesis_value":0.37209302325581395,"percentile":17,"mlb_stat":"H / 600 PA","mlb_value":"129"},{"pesis_label":"Lyödyt per turn (runs batted home)","pesis_value":0.20930232558139536,"percentile":89,"mlb_stat":"RBI / 600 PA","mlb_value":"97"},{"pesis_label":"Tuodut per advance (runs scored)","pesis_value":0.014925373134328358,"percentile":15,"mlb_stat":"R / 600 PA","mlb_value":"57"},{"pesis_label":"Palot per turn (burned outs)","pesis_value":0.29069767441860467,"percentile":60,"mlb_stat":"K%","mlb_value":"20.8%"}]},"pitching":null,"career_json":[{"year":2024,"kl_pct":0.5341614906832298,"teho_plus":194},{"year":2025,"kl_pct":0.43783783783783786,"teho_plus":181},{"year":2026,"kl_pct":0.31683168316831684,"teho_plus":139}],"pct_stats":["kl_pct","saatto_pct","eten_pct","kunnari_rate","lyoty_rate","palo_rate","tehot_per_turn"],"base_kl":{"player_id":9425,"turns_at_bat":86,"kl_base0":0.0,"kl_base0_tries":2,"kl_base1":0.25,"kl_base1_tries":8,"kl_base2":0.46153846153846156,"kl_base2_tries":26,"kl_base3":0.27692307692307694,"kl_base3_tries":65,"pct_kl_base0":5,"pct_kl_base1":11,"pct_kl_base2":22,"pct_kl_base3":28},"base_keys":["kl_base0","kl_base1","kl_base2","kl_base3"],"comps":[]}