{"player":{"id":9488,"name":"Eveliina Lehtomaa","born_year":null},"career":[{"year":2019,"age":null,"games":19,"turns_at_bat":127,"vyk":-0.26,"spark_index":77,"adv_plus":69,"runner_plus":86,"out_avoid_plus":85,"money_kl_plus":29,"teho_plus":51,"teho_plus_adj":53}],"line":{"player_id":9488,"name":"Eveliina Lehtomaa","born_year":null,"year":2019,"games":19,"team":"Espoo","turns_at_bat":127,"kunnarit":0,"lyodyt":1,"tuodut":13,"karkilyonnit":43,"karki_yritykset":106,"saatot":66,"saatto_yritykset":159,"etenemiset":116,"eteneminen_yritykset":218,"haavat":51,"palot":51,"season_id":110,"tehot":14,"kl_pct":0.4056603773584906,"saatto_pct":0.41509433962264153,"eten_pct":0.5321100917431193,"kunnari_rate":0.0,"lyoty_rate":0.007874015748031496,"tuotu_rate":0.05963302752293578,"haava_rate":0.4015748031496063,"palo_rate":0.4015748031496063,"tehot_per_turn":0.11023622047244094,"kl_per_turn":0.33858267716535434,"hr_rbi_per_turn":0.007874015748031496,"kl_base0":0.43859649122807015,"kl_base0_tries":57,"kl_base1":0.37142857142857144,"kl_base1_tries":35,"kl_base2":0.5714285714285714,"kl_base2_tries":7,"kl_base3":0.14285714285714285,"kl_base3_tries":7,"adv1_pct":0.43859649122807015,"adv2_pct":0.37142857142857144,"adv3_pct":0.5714285714285714,"adv_home_pct":0.14285714285714285,"money_kl_pct":0.14285714285714285,"money_kl_tries":7,"pos":"2V","teho_plus":51,"adv_plus":69,"runner_plus":86,"out_avoid_plus":85,"adv1_plus":84,"adv2_plus":68,"adv3_plus":88,"adv_home_plus":29,"money_kl_plus":29,"spark_index":77,"run_value":-0.39271067920992664,"raa":-10.3,"jyk":-4.5,"vyk":-0.26,"teho_plus_adj":53,"pct_kl_pct":7,"pct_saatto_pct":3,"pct_eten_pct":18,"pct_kunnari_rate":28,"pct_lyoty_rate":9,"pct_palo_rate":14,"pct_tehot_per_turn":14},"proj":null,"career_json":[{"year":2019,"kl_pct":0.4056603773584906,"teho_plus":51}],"pct_stats":["kl_pct","saatto_pct","eten_pct","kunnari_rate","lyoty_rate","palo_rate","tehot_per_turn"],"base_kl":{"player_id":9488,"turns_at_bat":127,"kl_base0":0.43859649122807015,"kl_base0_tries":57,"kl_base1":0.37142857142857144,"kl_base1_tries":35,"kl_base2":0.5714285714285714,"kl_base2_tries":7,"kl_base3":0.14285714285714285,"kl_base3_tries":7,"pct_kl_base0":38,"pct_kl_base1":17,"pct_kl_base2":33,"pct_kl_base3":5},"base_keys":["kl_base0","kl_base1","kl_base2","kl_base3"],"comps":[]}