{"player":{"id":9520,"name":"Henriikka Anttila","born_year":null},"career":[{"player_id":9520,"name":"Henriikka Anttila","born_year":null,"year":2026,"games":12,"team":"ViU","turns_at_bat":73,"kunnarit":1,"lyodyt":4,"tuodut":3,"karkilyonnit":41,"karki_yritykset":68,"saatot":103,"saatto_yritykset":146,"etenemiset":92,"eteneminen_yritykset":145,"haavat":26,"palot":27,"season_id":4,"tehot":8,"kl_pct":0.6029411764705882,"saatto_pct":0.7054794520547946,"eten_pct":0.6344827586206897,"kunnari_rate":0.0136986301369863,"lyoty_rate":0.0547945205479452,"tuotu_rate":0.020689655172413793,"haava_rate":0.3561643835616438,"palo_rate":0.3698630136986301,"tehot_per_turn":0.1095890410958904,"kl_per_turn":0.5616438356164384,"hr_rbi_per_turn":0.0684931506849315,"kl_base0":0.8571428571428571,"kl_base0_tries":14,"kl_base1":0.8,"kl_base1_tries":15,"kl_base2":0.5454545454545454,"kl_base2_tries":22,"kl_base3":0.29411764705882354,"kl_base3_tries":17,"adv1_pct":0.8571428571428571,"adv2_pct":0.8,"adv3_pct":0.5454545454545454,"adv_home_pct":0.29411764705882354,"money_kl_pct":0.29411764705882354,"money_kl_tries":17,"teho_plus":52,"adv_plus":110,"runner_plus":100,"out_avoid_plus":95,"adv1_plus":148,"adv2_plus":139,"adv3_plus":86,"adv_home_plus":62,"money_kl_plus":62,"spark_index":104,"teho_plus_adj":52}],"line":{"player_id":9520,"name":"Henriikka Anttila","born_year":null,"year":2026,"games":12,"team":"ViU","turns_at_bat":73,"kunnarit":1,"lyodyt":4,"tuodut":3,"karkilyonnit":41,"karki_yritykset":68,"saatot":103,"saatto_yritykset":146,"etenemiset":92,"eteneminen_yritykset":145,"haavat":26,"palot":27,"season_id":4,"tehot":8,"kl_pct":0.6029411764705882,"saatto_pct":0.7054794520547946,"eten_pct":0.6344827586206897,"kunnari_rate":0.0136986301369863,"lyoty_rate":0.0547945205479452,"tuotu_rate":0.020689655172413793,"haava_rate":0.3561643835616438,"palo_rate":0.3698630136986301,"tehot_per_turn":0.1095890410958904,"kl_per_turn":0.5616438356164384,"hr_rbi_per_turn":0.0684931506849315,"kl_base0":0.8571428571428571,"kl_base0_tries":14,"kl_base1":0.8,"kl_base1_tries":15,"kl_base2":0.5454545454545454,"kl_base2_tries":22,"kl_base3":0.29411764705882354,"kl_base3_tries":17,"adv1_pct":0.8571428571428571,"adv2_pct":0.8,"adv3_pct":0.5454545454545454,"adv_home_pct":0.29411764705882354,"money_kl_pct":0.29411764705882354,"money_kl_tries":17,"teho_plus":52,"adv_plus":110,"runner_plus":100,"out_avoid_plus":95,"adv1_plus":148,"adv2_plus":139,"adv3_plus":86,"adv_home_plus":62,"money_kl_plus":62,"spark_index":104,"teho_plus_adj":52,"pct_kl_pct":64,"pct_saatto_pct":74,"pct_eten_pct":53,"pct_kunnari_rate":84,"pct_lyoty_rate":52,"pct_palo_rate":39,"pct_tehot_per_turn":15},"proj":{"player_id":9520,"name":"Henriikka Anttila","as_of":"2026-07-02","age":null,"stats":{"kl_pct":{"rate":0.5873664077067371,"effective_n":62.50535917353998,"observed":0.6057298007843659},"saatto_pct":{"rate":0.690193760238589,"effective_n":130.7937575476145,"observed":0.7067853984336381},"eten_pct":{"rate":0.6317311113886691,"effective_n":130.63995273354914,"observed":0.6310252533472133},"kunnari_rate":{"rate":0.00824996746689195,"effective_n":69.264944370821,"observed":0.013326256301966804},"lyoty_rate":{"rate":0.07749164877696844,"effective_n":67.48923864348423,"observed":0.05442852031041051},"haava_rate":{"rate":0.37035537886421493,"effective_n":64.11069968305527,"observed":0.36073593824528183},"palo_rate":{"rate":0.3513385244211053,"effective_n":65.77184852030928,"observed":0.3730684216821798}},"teho_plus_proj":130},"career_json":[{"year":2026,"kl_pct":0.6029411764705882,"teho_plus":52}],"pct_stats":["kl_pct","saatto_pct","eten_pct","kunnari_rate","lyoty_rate","palo_rate","tehot_per_turn"],"base_kl":{"player_id":9520,"turns_at_bat":73,"kl_base0":0.8571428571428571,"kl_base0_tries":14,"kl_base1":0.8,"kl_base1_tries":15,"kl_base2":0.5454545454545454,"kl_base2_tries":22,"kl_base3":0.29411764705882354,"kl_base3_tries":17,"pct_kl_base0":93,"pct_kl_base1":90,"pct_kl_base2":28,"pct_kl_base3":16},"base_keys":["kl_base0","kl_base1","kl_base2","kl_base3"],"log":[{"player_id":9520,"season_id":4,"match_id":129402,"date":"2026-05-16","team":"ViU","opponent":"Pesäkarhut-Akatemia","home":0,"turns_at_bat":6,"kunnarit":0,"lyodyt":0,"tuodut":0,"karkilyonnit":3,"karki_yritykset":8,"saatot":13,"saatto_yritykset":20,"etenemiset":11,"eteneminen_yritykset":14,"haavat":1,"palot":2,"stadium":"Huikoo Areena, Pori","tehot":0,"kl_pct":0.375},{"player_id":9520,"season_id":4,"match_id":129432,"date":"2026-05-17","team":"ViU","opponent":"MyVe","home":0,"turns_at_bat":7,"kunnarit":0,"lyodyt":0,"tuodut":0,"karkilyonnit":2,"karki_yritykset":6,"saatot":9,"saatto_yritykset":15,"etenemiset":7,"eteneminen_yritykset":10,"haavat":2,"palot":1,"stadium":"Vihka Areena, Mynämäki","tehot":0,"kl_pct":0.3333333333333333},{"player_id":9520,"season_id":4,"match_id":129317,"date":"2026-05-23","team":"ViU","opponent":"SMJ","home":1,"turns_at_bat":4,"kunnarit":1,"lyodyt":1,"tuodut":2,"karkilyonnit":5,"karki_yritykset":5,"saatot":8,"saatto_yritykset":8,"etenemiset":10,"eteneminen_yritykset":13,"haavat":2,"palot":1,"stadium":"Viinijärven pesäpallokenttä, Liperi","tehot":4,"kl_pct":1.0},{"player_id":9520,"season_id":4,"match_id":129320,"date":"2026-05-26","team":"ViU","opponent":"HP-K","home":1,"turns_at_bat":10,"kunnarit":0,"lyodyt":2,"tuodut":0,"karkilyonnit":5,"karki_yritykset":9,"saatot":12,"saatto_yritykset":16,"etenemiset":10,"eteneminen_yritykset":17,"haavat":4,"palot":3,"stadium":"Viinijärven pesäpallokenttä, Liperi","tehot":2,"kl_pct":0.5555555555555556},{"player_id":9520,"season_id":4,"match_id":129397,"date":"2026-05-28","team":"ViU","opponent":"Puhti","home":0,"turns_at_bat":5,"kunnarit":0,"lyodyt":0,"tuodut":0,"karkilyonnit":4,"karki_yritykset":5,"saatot":5,"saatto_yritykset":8,"etenemiset":6,"eteneminen_yritykset":11,"haavat":1,"palot":4,"stadium":"Kuusankosken pesäpallokenttä, Kouvola","tehot":0,"kl_pct":0.8},{"player_id":9520,"season_id":4,"match_id":129404,"date":"2026-06-06","team":"ViU","opponent":"MyVe","home":1,"turns_at_bat":6,"kunnarit":0,"lyodyt":0,"tuodut":0,"karkilyonnit":1,"karki_yritykset":5,"saatot":6,"saatto_yritykset":14,"etenemiset":5,"eteneminen_yritykset":7,"haavat":1,"palot":1,"stadium":"Viinijärven pesäpallokenttä, Liperi","tehot":0,"kl_pct":0.2},{"player_id":9520,"season_id":4,"match_id":129425,"date":"2026-06-07","team":"ViU","opponent":"Puhti","home":1,"turns_at_bat":6,"kunnarit":0,"lyodyt":0,"tuodut":1,"karkilyonnit":5,"karki_yritykset":6,"saatot":9,"saatto_yritykset":11,"etenemiset":7,"eteneminen_yritykset":12,"haavat":4,"palot":1,"stadium":"Viinijärven pesäpallokenttä, Liperi","tehot":1,"kl_pct":0.8333333333333334},{"player_id":9520,"season_id":4,"match_id":129430,"date":"2026-06-12","team":"ViU","opponent":"Pesäkarhut-Akatemia","home":1,"turns_at_bat":4,"kunnarit":0,"lyodyt":0,"tuodut":0,"karkilyonnit":3,"karki_yritykset":5,"saatot":8,"saatto_yritykset":10,"etenemiset":7,"eteneminen_yritykset":9,"haavat":0,"palot":2,"stadium":"Viinijärven pesäpallokenttä, Liperi","tehot":0,"kl_pct":0.6},{"player_id":9520,"season_id":4,"match_id":129410,"date":"2026-06-14","team":"ViU","opponent":"Tarmo","home":0,"turns_at_bat":5,"kunnarit":0,"lyodyt":0,"tuodut":0,"karkilyonnit":4,"karki_yritykset":5,"saatot":7,"saatto_yritykset":8,"etenemiset":7,"eteneminen_yritykset":12,"haavat":2,"palot":3,"stadium":"Ikaalisten Pesispuisto","tehot":0,"kl_pct":0.8},{"player_id":9520,"season_id":4,"match_id":129421,"date":"2026-06-17","team":"ViU","opponent":"Jana","home":1,"turns_at_bat":5,"kunnarit":0,"lyodyt":0,"tuodut":0,"karkilyonnit":2,"karki_yritykset":3,"saatot":6,"saatto_yritykset":7,"etenemiset":6,"eteneminen_yritykset":11,"haavat":1,"palot":4,"stadium":"Viinijärven pesäpallokenttä, Liperi","tehot":0,"kl_pct":0.6666666666666666},{"player_id":9520,"season_id":4,"match_id":129393,"date":"2026-06-24","team":"ViU","opponent":"Jana","home":0,"turns_at_bat":8,"kunnarit":0,"lyodyt":0,"tuodut":0,"karkilyonnit":3,"karki_yritykset":6,"saatot":12,"saatto_yritykset":19,