{"player":{"id":9542,"name":"Tomi Lehtonen","born_year":null},"career":[{"player_id":9542,"name":"Tomi Lehtonen","born_year":null,"year":2026,"games":17,"team":"Manse","turns_at_bat":103,"kunnarit":0,"lyodyt":2,"tuodut":10,"karkilyonnit":45,"karki_yritykset":81,"saatot":82,"saatto_yritykset":133,"etenemiset":130,"eteneminen_yritykset":210,"haavat":48,"palot":32,"season_id":1,"tehot":12,"kl_pct":0.5555555555555556,"saatto_pct":0.6165413533834586,"eten_pct":0.6190476190476191,"kunnari_rate":0.0,"lyoty_rate":0.019417475728155338,"tuotu_rate":0.047619047619047616,"haava_rate":0.46601941747572817,"palo_rate":0.3106796116504854,"tehot_per_turn":0.11650485436893204,"kl_per_turn":0.4368932038834951,"hr_rbi_per_turn":0.019417475728155338,"kl_base0":0.5833333333333334,"kl_base0_tries":60,"kl_base1":0.6,"kl_base1_tries":5,"kl_base2":0.5555555555555556,"kl_base2_tries":9,"kl_base3":0.2857142857142857,"kl_base3_tries":7,"adv1_pct":0.5833333333333334,"adv2_pct":0.6,"adv3_pct":0.5555555555555556,"adv_home_pct":0.2857142857142857,"money_kl_pct":0.2857142857142857,"money_kl_tries":7,"pos":"S","teho_plus":72,"adv_plus":105,"runner_plus":105,"out_avoid_plus":102,"adv1_plus":109,"adv2_plus":113,"adv3_plus":97,"adv_home_plus":64,"money_kl_plus":64,"spark_index":104,"run_value":5.189438424599602,"raa":-2.3,"jyk":2.0,"vyk":0.18,"teho_plus_adj":72}],"line":{"player_id":9542,"name":"Tomi Lehtonen","born_year":null,"year":2026,"games":17,"team":"Manse","turns_at_bat":103,"kunnarit":0,"lyodyt":2,"tuodut":10,"karkilyonnit":45,"karki_yritykset":81,"saatot":82,"saatto_yritykset":133,"etenemiset":130,"eteneminen_yritykset":210,"haavat":48,"palot":32,"season_id":1,"tehot":12,"kl_pct":0.5555555555555556,"saatto_pct":0.6165413533834586,"eten_pct":0.6190476190476191,"kunnari_rate":0.0,"lyoty_rate":0.019417475728155338,"tuotu_rate":0.047619047619047616,"haava_rate":0.46601941747572817,"palo_rate":0.3106796116504854,"tehot_per_turn":0.11650485436893204,"kl_per_turn":0.4368932038834951,"hr_rbi_per_turn":0.019417475728155338,"kl_base0":0.5833333333333334,"kl_base0_tries":60,"kl_base1":0.6,"kl_base1_tries":5,"kl_base2":0.5555555555555556,"kl_base2_tries":9,"kl_base3":0.2857142857142857,"kl_base3_tries":7,"adv1_pct":0.5833333333333334,"adv2_pct":0.6,"adv3_pct":0.5555555555555556,"adv_home_pct":0.2857142857142857,"money_kl_pct":0.2857142857142857,"money_kl_tries":7,"pos":"S","teho_plus":72,"adv_plus":105,"runner_plus":105,"out_avoid_plus":102,"adv1_plus":109,"adv2_plus":113,"adv3_plus":97,"adv_home_plus":64,"money_kl_plus":64,"spark_index":104,"run_value":5.189438424599602,"raa":-2.3,"jyk":2.0,"vyk":0.18,"teho_plus_adj":72,"pct_kl_pct":63,"pct_saatto_pct":62,"pct_eten_pct":69,"pct_kunnari_rate":29,"pct_lyoty_rate":40,"pct_palo_rate":48,"pct_tehot_per_turn":37},"proj":{"player_id":9542,"name":"Tomi Lehtonen","as_of":"2026-07-02","age":null,"stats":{"kl_pct":{"rate":0.5426326604515255,"effective_n":72.78089320219138,"observed":0.5571176237251854},"saatto_pct":{"rate":0.6109609099218164,"effective_n":115.76479675868141,"observed":0.6183513507436914},"eten_pct":{"rate":0.6111318531201257,"effective_n":182.93020827938284,"observed":0.6174584945265286},"kunnari_rate":{"rate":0.003766032080009153,"effective_n":96.0487227361846,"observed":0.0},"lyoty_rate":{"rate":0.04338674432821812,"effective_n":92.79283431176084,"observed":0.018520842693998972},"haava_rate":{"rate":0.4490923165225124,"effective_n":86.68819009829363,"observed":0.47175287255840015},"palo_rate":{"rate":0.3166854134875166,"effective_n":89.67471506784702,"observed":0.30981385119366145}},"teho_plus_proj":143},"career_json":[{"year":2026,"kl_pct":0.5555555555555556,"teho_plus":72}],"pct_stats":["kl_pct","saatto_pct","eten_pct","kunnari_rate","lyoty_rate","palo_rate","tehot_per_turn"],"base_kl":{"player_id":9542,"turns_at_bat":103,"kl_base0":0.5833333333333334,"kl_base0_tries":60,"kl_base1":0.6,"kl_base1_tries":5,"kl_base2":0.5555555555555556,"kl_base2_tries":9,"kl_base3":0.2857142857142857,"kl_base3_tries":7,"pct_kl_base0":71,"pct_kl_base1":72,"pct_kl_base2":40,"pct_kl_base3":23},"base_keys":["kl_base0","kl_base1","kl_base2","kl_base3"],"comps":[]}