{"player":{"id":960,"name":"Susanna Sairanen","born_year":null},"career":[{"year":1990,"season_id":2,"team":"Tahko","age":null,"games":13,"turns_at_bat":54,"vyk":0.1,"spark_index":87,"adv_plus":92,"runner_plus":79,"out_avoid_plus":85,"money_kl_plus":129,"teho_plus":104,"teho_plus_adj":99}],"line":{"player_id":960,"name":"Susanna Sairanen","born_year":null,"year":1990,"games":13,"team":"Tahko","turns_at_bat":54,"kunnarit":1,"lyodyt":11,"tuodut":4,"karkilyonnit":36,"karki_yritykset":61,"saatot":70,"saatto_yritykset":120,"etenemiset":50,"eteneminen_yritykset":96,"haavat":22,"palot":24,"season_id":2,"tehot":16,"kl_pct":0.5901639344262295,"saatto_pct":0.5833333333333334,"eten_pct":0.5208333333333334,"kunnari_rate":0.018518518518518517,"lyoty_rate":0.2037037037037037,"tuotu_rate":0.041666666666666664,"haava_rate":0.4074074074074074,"palo_rate":0.4444444444444444,"tehot_per_turn":0.2962962962962963,"kl_per_turn":0.6666666666666666,"hr_rbi_per_turn":0.2222222222222222,"kl_base0":0.3333333333333333,"kl_base0_tries":9,"kl_base1":0.5909090909090909,"kl_base1_tries":22,"kl_base2":0.6153846153846154,"kl_base2_tries":13,"kl_base3":0.7058823529411765,"kl_base3_tries":17,"adv1_pct":0.3333333333333333,"adv2_pct":0.5909090909090909,"adv3_pct":0.6153846153846154,"adv_home_pct":0.7058823529411765,"money_kl_pct":0.7058823529411765,"money_kl_tries":17,"pos":"2V","teho_plus":104,"adv_plus":92,"runner_plus":79,"out_avoid_plus":85,"adv1_plus":62,"adv2_plus":95,"adv3_plus":90,"adv_home_plus":129,"money_kl_plus":129,"spark_index":87,"run_value":9.888831386657696,"raa":-0.2,"jyk":2.4,"vyk":0.1,"teho_plus_adj":99,"pct_kl_pct":52,"pct_saatto_pct":25,"pct_eten_pct":7,"pct_kunnari_rate":76,"pct_lyoty_rate":82,"pct_palo_rate":14,"pct_tehot_per_turn":60},"proj":null,"translation":null,"pitching":null,"career_json":[{"year":1990,"kl_pct":0.5901639344262295,"teho_plus":104}],"pct_stats":["kl_pct","saatto_pct","eten_pct","kunnari_rate","lyoty_rate","palo_rate","tehot_per_turn"],"base_kl":{"player_id":960,"turns_at_bat":54,"kl_base0":0.3333333333333333,"kl_base0_tries":9,"kl_base1":0.5909090909090909,"kl_base1_tries":22,"kl_base2":0.6153846153846154,"kl_base2_tries":13,"kl_base3":0.7058823529411765,"kl_base3_tries":17,"pct_kl_base0":11,"pct_kl_base1":42,"pct_kl_base2":34,"pct_kl_base3":93},"base_keys":["kl_base0","kl_base1","kl_base2","kl_base3"],"comps":[]}