{"player":{"id":9645,"name":"Antton Peltomäki","born_year":null},"career":[{"player_id":9645,"name":"Antton Peltomäki","born_year":null,"year":2026,"games":18,"team":"AA","turns_at_bat":106,"kunnarit":0,"lyodyt":0,"tuodut":13,"karkilyonnit":47,"karki_yritykset":84,"saatot":79,"saatto_yritykset":131,"etenemiset":109,"eteneminen_yritykset":197,"haavat":45,"palot":43,"season_id":1,"tehot":13,"kl_pct":0.5595238095238095,"saatto_pct":0.6030534351145038,"eten_pct":0.5532994923857868,"kunnari_rate":0.0,"lyoty_rate":0.0,"tuotu_rate":0.06598984771573604,"haava_rate":0.42452830188679247,"palo_rate":0.4056603773584906,"tehot_per_turn":0.12264150943396226,"kl_per_turn":0.44339622641509435,"hr_rbi_per_turn":0.0,"kl_base0":0.5370370370370371,"kl_base0_tries":54,"kl_base1":0.5925925925925926,"kl_base1_tries":27,"kl_base2":1.0,"kl_base2_tries":2,"kl_base3":0.0,"kl_base3_tries":1,"adv1_pct":0.5370370370370371,"adv2_pct":0.5925925925925926,"adv3_pct":1.0,"adv_home_pct":0.0,"money_kl_pct":0.0,"money_kl_tries":1,"teho_plus":76,"adv_plus":103,"runner_plus":94,"out_avoid_plus":88,"adv1_plus":100,"adv2_plus":112,"adv3_plus":175,"adv_home_plus":0,"money_kl_plus":0,"spark_index":97,"teho_plus_adj":76}],"line":{"player_id":9645,"name":"Antton Peltomäki","born_year":null,"year":2026,"games":18,"team":"AA","turns_at_bat":106,"kunnarit":0,"lyodyt":0,"tuodut":13,"karkilyonnit":47,"karki_yritykset":84,"saatot":79,"saatto_yritykset":131,"etenemiset":109,"eteneminen_yritykset":197,"haavat":45,"palot":43,"season_id":1,"tehot":13,"kl_pct":0.5595238095238095,"saatto_pct":0.6030534351145038,"eten_pct":0.5532994923857868,"kunnari_rate":0.0,"lyoty_rate":0.0,"tuotu_rate":0.06598984771573604,"haava_rate":0.42452830188679247,"palo_rate":0.4056603773584906,"tehot_per_turn":0.12264150943396226,"kl_per_turn":0.44339622641509435,"hr_rbi_per_turn":0.0,"kl_base0":0.5370370370370371,"kl_base0_tries":54,"kl_base1":0.5925925925925926,"kl_base1_tries":27,"kl_base2":1.0,"kl_base2_tries":2,"kl_base3":0.0,"kl_base3_tries":1,"adv1_pct":0.5370370370370371,"adv2_pct":0.5925925925925926,"adv3_pct":1.0,"adv_home_pct":0.0,"money_kl_pct":0.0,"money_kl_tries":1,"teho_plus":76,"adv_plus":103,"runner_plus":94,"out_avoid_plus":88,"adv1_plus":100,"adv2_plus":112,"adv3_plus":175,"adv_home_plus":0,"money_kl_plus":0,"spark_index":97,"teho_plus_adj":76,"pct_kl_pct":64,"pct_saatto_pct":58,"pct_eten_pct":30,"pct_kunnari_rate":29,"pct_lyoty_rate":10,"pct_palo_rate":23,"pct_tehot_per_turn":42},"proj":{"player_id":9645,"name":"Antton Peltomäki","as_of":"2026-07-01","age":null,"stats":{"kl_pct":{"rate":0.547264532490081,"effective_n":76.60368278281453,"observed":0.5646545696133367},"saatto_pct":{"rate":0.6040300445085981,"effective_n":114.77291967615086,"observed":0.6090688486516355},"eten_pct":{"rate":0.5664809986251814,"effective_n":176.28516470530806,"observed":0.5603817395277844},"kunnari_rate":{"rate":0.003706505550830376,"effective_n":99.51846813967167,"observed":0.0},"lyoty_rate":{"rate":0.032742855948634526,"effective_n":96.475657642047,"observed":0.0},"haava_rate":{"rate":0.4222048003673821,"effective_n":90.75648354000128,"observed":0.4142235631280426},"palo_rate":{"rate":0.37165467592601015,"effective_n":93.55686540066044,"observed":0.41207218658237266}},"teho_plus_proj":128},"career_json":[{"year":2026,"kl_pct":0.5595238095238095,"teho_plus":76}],"pct_stats":["kl_pct","saatto_pct","eten_pct","kunnari_rate","lyoty_rate","palo_rate","tehot_per_turn"],"base_kl":{"player_id":9645,"turns_at_bat":106,"kl_base0":0.5370370370370371,"kl_base0_tries":54,"kl_base1":0.5925925925925926,"kl_base1_tries":27,"kl_base2":1.0,"kl_base2_tries":2,"kl_base3":0.0,"kl_base3_tries":1,"pct_kl_base0":61,"pct_kl_base1":69,"pct_kl_base2":96,"pct_kl_base3":7},"base_keys":["kl_base0","kl_base1","kl_base2","kl_base3"],"log":[{"player_id":9645,"season_id":1,"match_id":128925,"date":"2026-04-26","team":"AA","opponent":"PattU","home":1,"turns_at_bat":7,"kunnarit":0,"lyodyt":0,"tuodut":0,"karkilyonnit":4,"karki_yritykset":6,"saatot":5,"saatto_yritykset":8,"etenemiset":4,"eteneminen_yritykset":10,"haavat":4,"palot":2,"stadium":"Campo Elola, Fuengirola (ES)","tehot":0,"kl_pct":0.6666666666666666},{"player_id":9645,"season_id":1,"match_id":129036,"date":"2026-05-06","team":"AA","opponent":"JoMa","home":1,"turns_at_bat":6,"kunnarit":0,"lyodyt":0,"tuodut":2,"karkilyonnit":3,"karki_yritykset":5,"saatot":5,"saatto_yritykset":7,"etenemiset":7,"eteneminen_yritykset":11,"haavat":2,"palot":2,"stadium":"Saltex Areena, Alajärvi","tehot":2,"kl_pct":0.6},{"player_id":9645,"season_id":1,"match_id":128968,"date":"2026-05-10","team":"AA","opponent":"SoJy","home":1,"turns_at_bat":8,"kunnarit":0,"lyodyt":0,"tuodut":0,"karkilyonnit":3,"karki_yritykset":5,"saatot":6,"saatto_yritykset":12,"etenemiset":3,"eteneminen_yritykset":9,"haavat":5,"palot":1,"stadium":"Saltex Areena, Alajärvi","tehot":0,"kl_pct":0.6},{"player_id":9645,"season_id":1,"match_id":129013,"date":"2026-05-13","team":"AA","opponent":"KoU","home":0,"turns_at_bat":7,"kunnarit":0,"lyodyt":0,"tuodut":1,"karkilyonnit":2,"karki_yritykset":6,"saatot":4,"saatto_yritykset":11,"etenemiset":3,"eteneminen_yritykset":9,"haavat":5,"palot":1,"stadium":"Sähkökoje Areena, Koskenkorva (Ilmajoki)","tehot":1,"kl_pct":0.3333333333333333},{"player_id":9645,"season_id":1,"match_id":128885,"date":"2026-05-15","team":"AA","opponent":"KPL","home":1,"turns_at_bat":4,"kunnarit":0,"lyodyt":0,"tuodut":0,"karkilyonnit":0,"karki_yritykset":3,"saatot":1,"saatto_yritykset":5,"etenemiset":1,"eteneminen_yritykset":5,"haavat":4,"palot":0,"stadium":"Saltex Areena, Alajärvi","tehot":0,"kl_pct":0.0},{"player_id":9645,"season_id":1,"match_id":128920,"date":"2026-05-17","team":"AA","opponent":"IPV","home":0,"turns_at_bat":3,"kunnarit":0,"lyodyt":0,"tuodut":0,"karkilyonnit":1,"karki_yritykset":3,"saatot":2,"saatto_yritykset":4,"etenemiset":1,"eteneminen_yritykset":4,"haavat":2,"palot":1,"stadium":"Tornator Stadion, Imatra","tehot":0,"kl_pct":0.3333333333333333},{"player_id":9645,"season_id":1,"match_id":128926,"date":"2026-05-22","team":"AA","opponent":"Tahko","home":1,"turns_at_bat":7,"kunnarit":0,"lyodyt":0,"tuodut":0,"karkilyonnit":2,"karki_yritykset":5,"saatot":7,"saatto_yritykset":10,"etenemiset":9,"eteneminen_yritykset":16,"haavat":1,"palot":6,"stadium":"Saltex Areena, Alajärvi","tehot":0,"kl_pct":0.4},{"player_id":9645,"season_id":1,"match_id":129022,"date":"2026-05-26","team":"AA","opponent":"PattU","home":0,"turns_at_bat":6,"kunnarit":0,"lyodyt":0,"tuodut":0,"karkilyonnit":1,"karki_yritykset":4,"saatot":2,"saatto_yritykset":6,"etenemiset":3,"eteneminen_yritykset":9,"haavat":3,"palot":3,"stadium":"MiiluAreena, Raahe","tehot":0,"kl_pct":0.25},{"player_id":9645,"season_id":1,"match_id":128875,"date":"2026-05-29","team":"AA","opponent":"Manse","home":1,"turns_at_bat":7,"kunnarit":0,"lyodyt":0,"tuodut":2,"karkilyonnit":4,"karki_yritykset":5,"saatot":7,"saatto_yritykset":10,"etenemiset":8,"eteneminen_yritykset":13,"haavat":2,"palot":3,"stadium":"Saltex Areena, Alajärvi","tehot":2,"kl_pct":0.8},{"player_id":9645,"season_id":1,"match_id":128909,"date":"2026-06-02","team":"AA","opponent":"JoMa","home":0,"turns_at_bat":6,"kunnarit":0,"lyodyt":0,"tuodut":1,"karkilyonnit":3,"karki_yritykset":4,"saatot":7,"saatto_yritykset":9,"etenemiset":8,"eteneminen_yritykset":13,"haavat":2,"palot":3,"stadium":"Ilosaarirock Stadion, Joensuu","tehot":1,"kl_pct":0.75},{"player_id":9645,"season_id":1,"match_id":128993,"date":"2026-06-03","team":"AA","opponent":"KiPa","home":0,"turns_at_bat":7,"kunnarit":0,"lyodyt":0,"tuodut":1,"karkilyonnit":2,"karki_yritykset":6,"saatot":3,"saatto_yritykset":8,"etenemiset":9,"eteneminen_yritykset":15,"haavat":3,"palot":3,"stadium":"Rantakenttä, Kitee","tehot":1,"kl_pct":0.3333333333333333},{"player_id":9645,"season_id":1,"match_id":128928,"date":"2026-06-10","team":"AA","opponent":"KeKi","home":1,"turns_at_bat":4,"kunnarit":0,"lyodyt":0,"tuodut":1,"karkilyonnit":2,"karki_yritykset":3,"saatot":4,"saatto_yritykset":5,"etenemiset":5,