{"player":{"id":9666,"name":"Aleksanteri Huotari","born_year":null},"career":[{"player_id":9666,"name":"Aleksanteri Huotari","born_year":null,"year":2026,"games":14,"team":"SoJy","turns_at_bat":90,"kunnarit":0,"lyodyt":5,"tuodut":5,"karkilyonnit":37,"karki_yritykset":71,"saatot":78,"saatto_yritykset":134,"etenemiset":86,"eteneminen_yritykset":152,"haavat":38,"palot":28,"season_id":1,"tehot":10,"kl_pct":0.5211267605633803,"saatto_pct":0.582089552238806,"eten_pct":0.5657894736842105,"kunnari_rate":0.0,"lyoty_rate":0.05555555555555555,"tuotu_rate":0.03289473684210526,"haava_rate":0.4222222222222222,"palo_rate":0.3111111111111111,"tehot_per_turn":0.1111111111111111,"kl_per_turn":0.4111111111111111,"hr_rbi_per_turn":0.05555555555555555,"kl_base0":0.48484848484848486,"kl_base0_tries":33,"kl_base1":0.5454545454545454,"kl_base1_tries":11,"kl_base2":0.6666666666666666,"kl_base2_tries":15,"kl_base3":0.4166666666666667,"kl_base3_tries":12,"adv1_pct":0.48484848484848486,"adv2_pct":0.5454545454545454,"adv3_pct":0.6666666666666666,"adv_home_pct":0.4166666666666667,"money_kl_pct":0.4166666666666667,"money_kl_tries":12,"teho_plus":69,"adv_plus":99,"runner_plus":96,"out_avoid_plus":102,"adv1_plus":91,"adv2_plus":103,"adv3_plus":117,"adv_home_plus":93,"money_kl_plus":93,"spark_index":99,"run_value":4.1013587883633225,"raa":-2.4,"jyk":1.3,"vyk":0.12,"teho_plus_adj":70}],"line":{"player_id":9666,"name":"Aleksanteri Huotari","born_year":null,"year":2026,"games":14,"team":"SoJy","turns_at_bat":90,"kunnarit":0,"lyodyt":5,"tuodut":5,"karkilyonnit":37,"karki_yritykset":71,"saatot":78,"saatto_yritykset":134,"etenemiset":86,"eteneminen_yritykset":152,"haavat":38,"palot":28,"season_id":1,"tehot":10,"kl_pct":0.5211267605633803,"saatto_pct":0.582089552238806,"eten_pct":0.5657894736842105,"kunnari_rate":0.0,"lyoty_rate":0.05555555555555555,"tuotu_rate":0.03289473684210526,"haava_rate":0.4222222222222222,"palo_rate":0.3111111111111111,"tehot_per_turn":0.1111111111111111,"kl_per_turn":0.4111111111111111,"hr_rbi_per_turn":0.05555555555555555,"kl_base0":0.48484848484848486,"kl_base0_tries":33,"kl_base1":0.5454545454545454,"kl_base1_tries":11,"kl_base2":0.6666666666666666,"kl_base2_tries":15,"kl_base3":0.4166666666666667,"kl_base3_tries":12,"adv1_pct":0.48484848484848486,"adv2_pct":0.5454545454545454,"adv3_pct":0.6666666666666666,"adv_home_pct":0.4166666666666667,"money_kl_pct":0.4166666666666667,"money_kl_tries":12,"teho_plus":69,"adv_plus":99,"runner_plus":96,"out_avoid_plus":102,"adv1_plus":91,"adv2_plus":103,"adv3_plus":117,"adv_home_plus":93,"money_kl_plus":93,"spark_index":99,"run_value":4.1013587883633225,"raa":-2.4,"jyk":1.3,"vyk":0.12,"teho_plus_adj":70,"pct_kl_pct":51,"pct_saatto_pct":48,"pct_eten_pct":40,"pct_kunnari_rate":29,"pct_lyoty_rate":65,"pct_palo_rate":47,"pct_tehot_per_turn":35},"proj":{"player_id":9666,"name":"Aleksanteri Huotari","as_of":"2026-06-30","age":null,"stats":{"kl_pct":{"rate":0.5228219969868166,"effective_n":65.06841155320558,"observed":0.5207563058224532},"saatto_pct":{"rate":0.5804743217987031,"effective_n":118.82471357030921,"observed":0.5774117379784796},"eten_pct":{"rate":0.569580212860437,"effective_n":134.99003005232086,"observed":0.5627630561974929},"kunnari_rate":{"rate":0.003967763145714858,"effective_n":85.06426184945127,"observed":0.0},"lyoty_rate":{"rate":0.06331606358965967,"effective_n":82.72233715099341,"observed":0.054696481817691406},"haava_rate":{"rate":0.42212716430250147,"effective_n":78.27527108223315,"observed":0.4127741129172192},"palo_rate":{"rate":0.32162739816988595,"effective_n":80.46030927413803,"observed":0.31888260861867473}},"teho_plus_proj":148},"career_json":[{"year":2026,"kl_pct":0.5211267605633803,"teho_plus":69}],"pct_stats":["kl_pct","saatto_pct","eten_pct","kunnari_rate","lyoty_rate","palo_rate","tehot_per_turn"],"base_kl":{"player_id":9666,"turns_at_bat":90,"kl_base0":0.48484848484848486,"kl_base0_tries":33,"kl_base1":0.5454545454545454,"kl_base1_tries":11,"kl_base2":0.6666666666666666,"kl_base2_tries":15,"kl_base3":0.4166666666666667,"kl_base3_tries":12,"pct_kl_base0":47,"pct_kl_base1":59,"pct_kl_base2":71,"pct_kl_base3":47},"base_keys":["kl_base0","kl_base1","kl_base2","kl_base3"],"comps":[]}