{"player":{"id":9698,"name":"Salla Martimo","born_year":null},"career":[{"player_id":9698,"name":"Salla Martimo","born_year":null,"year":2026,"games":14,"team":"TyTe","turns_at_bat":96,"kunnarit":0,"lyodyt":1,"tuodut":20,"karkilyonnit":37,"karki_yritykset":64,"saatot":51,"saatto_yritykset":81,"etenemiset":128,"eteneminen_yritykset":197,"haavat":26,"palot":43,"season_id":4,"tehot":21,"kl_pct":0.578125,"saatto_pct":0.6296296296296297,"eten_pct":0.649746192893401,"kunnari_rate":0.0,"lyoty_rate":0.010416666666666666,"tuotu_rate":0.10152284263959391,"haava_rate":0.2708333333333333,"palo_rate":0.4479166666666667,"tehot_per_turn":0.21875,"kl_per_turn":0.3854166666666667,"hr_rbi_per_turn":0.010416666666666666,"kl_base0":0.5862068965517241,"kl_base0_tries":58,"kl_base1":0.3333333333333333,"kl_base1_tries":3,"kl_base2":0.5,"kl_base2_tries":2,"kl_base3":1.0,"kl_base3_tries":1,"adv1_pct":0.5862068965517241,"adv2_pct":0.3333333333333333,"adv3_pct":0.5,"adv_home_pct":1.0,"money_kl_pct":1.0,"money_kl_tries":1,"teho_plus":103,"adv_plus":99,"runner_plus":103,"out_avoid_plus":83,"adv1_plus":101,"adv2_plus":58,"adv3_plus":79,"adv_home_plus":211,"money_kl_plus":211,"spark_index":97,"teho_plus_adj":104}],"line":{"player_id":9698,"name":"Salla Martimo","born_year":null,"year":2026,"games":14,"team":"TyTe","turns_at_bat":96,"kunnarit":0,"lyodyt":1,"tuodut":20,"karkilyonnit":37,"karki_yritykset":64,"saatot":51,"saatto_yritykset":81,"etenemiset":128,"eteneminen_yritykset":197,"haavat":26,"palot":43,"season_id":4,"tehot":21,"kl_pct":0.578125,"saatto_pct":0.6296296296296297,"eten_pct":0.649746192893401,"kunnari_rate":0.0,"lyoty_rate":0.010416666666666666,"tuotu_rate":0.10152284263959391,"haava_rate":0.2708333333333333,"palo_rate":0.4479166666666667,"tehot_per_turn":0.21875,"kl_per_turn":0.3854166666666667,"hr_rbi_per_turn":0.010416666666666666,"kl_base0":0.5862068965517241,"kl_base0_tries":58,"kl_base1":0.3333333333333333,"kl_base1_tries":3,"kl_base2":0.5,"kl_base2_tries":2,"kl_base3":1.0,"kl_base3_tries":1,"adv1_pct":0.5862068965517241,"adv2_pct":0.3333333333333333,"adv3_pct":0.5,"adv_home_pct":1.0,"money_kl_pct":1.0,"money_kl_tries":1,"teho_plus":103,"adv_plus":99,"runner_plus":103,"out_avoid_plus":83,"adv1_plus":101,"adv2_plus":58,"adv3_plus":79,"adv_home_plus":211,"money_kl_plus":211,"spark_index":97,"teho_plus_adj":104,"pct_kl_pct":52,"pct_saatto_pct":46,"pct_eten_pct":64,"pct_kunnari_rate":36,"pct_lyoty_rate":14,"pct_palo_rate":20,"pct_tehot_per_turn":57},"proj":{"player_id":9698,"name":"Salla Martimo","as_of":"2026-06-28","age":null,"stats":{"kl_pct":{"rate":0.5721158343993605,"effective_n":58.881824586672586,"observed":0.5760691100179999},"saatto_pct":{"rate":0.6324008021853709,"effective_n":73.45921431401769,"observed":0.630472717056087},"eten_pct":{"rate":0.6451357138903642,"effective_n":177.02922023737852,"observed":0.6484008068684461},"kunnari_rate":{"rate":0.0030248330587300323,"effective_n":91.04874876082584,"observed":0.0},"lyoty_rate":{"rate":0.05186443267034133,"effective_n":88.70624882215166,"observed":0.011205625457039693},"haava_rate":{"rate":0.3291236746417978,"effective_n":84.27028827916754,"observed":0.27287752208113475},"palo_rate":{"rate":0.3927239662070363,"effective_n":86.447862645569,"observed":0.4475552912257435}},"teho_plus_proj":117},"career_json":[{"year":2026,"kl_pct":0.578125,"teho_plus":103}],"pct_stats":["kl_pct","saatto_pct","eten_pct","kunnari_rate","lyoty_rate","palo_rate","tehot_per_turn"],"base_kl":{"player_id":9698,"turns_at_bat":96,"kl_base0":0.5862068965517241,"kl_base0_tries":58,"kl_base1":0.3333333333333333,"kl_base1_tries":3,"kl_base2":0.5,"kl_base2_tries":2,"kl_base3":1.0,"kl_base3_tries":1,"pct_kl_base0":58,"pct_kl_base1":12,"pct_kl_base2":20,"pct_kl_base3":97},"base_keys":["kl_base0","kl_base1","kl_base2","kl_base3"],"log":[{"player_id":9698,"season_id":4,"match_id":129295,"date":"2026-05-09","team":"TyTe","opponent":"MyVe","home":0,"turns_at_bat":7,"kunnarit":0,"lyodyt":0,"tuodut":2,"karkilyonnit":3,"karki_yritykset":5,"saatot":3,"saatto_yritykset":5,"etenemiset":9,"eteneminen_yritykset":14,"haavat":2,"palot":3,"stadium":"Vihka Areena, Mynämäki","tehot":2,"kl_pct":0.6},{"player_id":9698,"season_id":4,"match_id":129291,"date":"2026-05-10","team":"TyTe","opponent":"Pesäkarhut-Akatemia","home":0,"turns_at_bat":9,"kunnarit":0,"lyodyt":0,"tuodut":2,"karkilyonnit":3,"karki_yritykset":6,"saatot":3,"saatto_yritykset":6,"etenemiset":11,"eteneminen_yritykset":17,"haavat":3,"palot":3,"stadium":"Huikoo Areena, Pori","tehot":2,"kl_pct":0.5},{"player_id":9698,"season_id":4,"match_id":129363,"date":"2026-05-14","team":"TyTe","opponent":"Lavepesis","home":1,"turns_at_bat":7,"kunnarit":0,"lyodyt":0,"tuodut":0,"karkilyonnit":5,"karki_yritykset":6,"saatot":5,"saatto_yritykset":6,"etenemiset":8,"eteneminen_yritykset":15,"haavat":2,"palot":5,"stadium":"Tyrnävän pesäpallokenttä","tehot":0,"kl_pct":0.8333333333333334},{"player_id":9698,"season_id":4,"match_id":129339,"date":"2026-05-16","team":"TyTe","opponent":"HP-K","home":0,"turns_at_bat":8,"kunnarit":0,"lyodyt":0,"tuodut":3,"karkilyonnit":5,"karki_yritykset":7,"saatot":6,"saatto_yritykset":8,"etenemiset":13,"eteneminen_yritykset":18,"haavat":2,"palot":3,"stadium":"Ronkaalan pesäpallokenttä, Haapajärvi","tehot":3,"kl_pct":0.7142857142857143},{"player_id":9698,"season_id":4,"match_id":129330,"date":"2026-05-20","team":"TyTe","opponent":"PesäKuula","home":0,"turns_at_bat":6,"kunnarit":0,"lyodyt":0,"tuodut":0,"karkilyonnit":3,"karki_yritykset":4,"saatot":4,"saatto_yritykset":5,"etenemiset":9,"eteneminen_yritykset":13,"haavat":1,"palot":3,"stadium":"Ronkaalan pesäpallokenttä, Haapajärvi","tehot":0,"kl_pct":0.75},{"player_id":9698,"season_id":4,"match_id":129258,"date":"2026-05-23","team":"TyTe","opponent":"Tarmo","home":1,"turns_at_bat":6,"kunnarit":0,"lyodyt":0,"tuodut":4,"karkilyonnit":1,"karki_yritykset":1,"saatot":1,"saatto_yritykset":1,"etenemiset":17,"eteneminen_yritykset":19,"haavat":0,"palot":2,"stadium":"Tyrnävän pesäpallokenttä","tehot":4,"kl_pct":1.0},{"player_id":9698,"season_id":4,"match_id":129345,"date":"2026-06-03","team":"TyTe","opponent":"AA","home":1,"turns_at_bat":7,"kunnarit":0,"lyodyt":0,"tuodut":2,"karkilyonnit":3,"karki_yritykset":6,"saatot":4,"saatto_yritykset":7,"etenemiset":11,"eteneminen_yritykset":14,"haavat":1,"palot":2,"stadium":"Tyrnävän pesäpallokenttä","tehot":2,"kl_pct":0.5},{"player_id":9698,"season_id":4,"match_id":129259,"date":"2026-06-06","team":"TyTe","opponent":"Pesä Ysit","home":1,"turns_at_bat":8,"kunnarit":0,"lyodyt":0,"tuodut":1,"karkilyonnit":2,"karki_yritykset":6,"saatot":2,"saatto_yritykset":6,"etenemiset":8,"eteneminen_yritykset":15,"haavat":4,"palot":3,"stadium":"Tyrnävän pesäpallokenttä","tehot":1,"kl_pct":0.3333333333333333},{"player_id":9698,"season_id":4,"match_id":129335,"date":"2026-06-10","team":"TyTe","opponent":"Lavepesis","home":0,"turns_at_bat":5,"kunnarit":0,"lyodyt":0,"tuodut":0,"karkilyonnit":2,"karki_yritykset":5,"saatot":3,"saatto_yritykset":8,"etenemiset":3,"eteneminen_yritykset":8,"haavat":0,"palot":5,"stadium":"Veikkolan pesäpallostadion, Lappajärvi","tehot":0,"kl_pct":0.4},{"player_id":9698,"season_id":4,"match_id":129358,"date":"2026-06-12","team":"TyTe","opponent":"PesäKuula","home":1,"turns_at_bat":6,"kunnarit":0,"lyodyt":0,"tuodut":1,"karkilyonnit":0,"karki_yritykset":4,"saatot":1,"saatto_yritykset":5,"etenemiset":3,"eteneminen_yritykset":8,"haavat":3,"palot":2,"stadium":"Tyrnävän pesäpallokenttä","tehot":1,"kl_pct":0.0},{"player_id":9698,"season_id":4,"match_id":129343,"date":"2026-06-17","team":"TyTe","opponent":"SiiPe","home":1,"turns_at_bat":7,"kunnarit":0,"lyodyt":0,"tuodut":0,"karkilyonnit":1,"karki_yritykset":2,"saatot":2,"saatto_yritykset":4,"etenemiset":4,"eteneminen_yritykset":11,"haavat":2,"palot":5,"stadium":"Tyrnävän pesäpallokenttä","tehot":0,"kl_pct":0.5},{"player_id":9698,"season_id":4,"match_id":129373,"date":"2026-06-23","team":"TyTe","opponent":"AA","home":0,"turns_at_bat":7,"kunnarit":0,"lyodyt":0,