{"player":{"id":9721,"name":"Nico Vihervaara","born_year":null},"career":[{"year":2021,"age":null,"games":17,"turns_at_bat":51,"vyk":0.1,"spark_index":88,"adv_plus":78,"runner_plus":94,"out_avoid_plus":106,"money_kl_plus":82,"teho_plus":80,"teho_plus_adj":81}],"line":{"player_id":9721,"name":"Nico Vihervaara","born_year":null,"year":2021,"games":17,"team":"UPV","turns_at_bat":51,"kunnarit":1,"lyodyt":4,"tuodut":3,"karkilyonnit":19,"karki_yritykset":44,"saatot":43,"saatto_yritykset":91,"etenemiset":46,"eteneminen_yritykset":80,"haavat":20,"palot":14,"season_id":117,"tehot":8,"kl_pct":0.4318181818181818,"saatto_pct":0.4725274725274725,"eten_pct":0.575,"kunnari_rate":0.0196078431372549,"lyoty_rate":0.0784313725490196,"tuotu_rate":0.0375,"haava_rate":0.39215686274509803,"palo_rate":0.27450980392156865,"tehot_per_turn":0.1568627450980392,"kl_per_turn":0.37254901960784315,"hr_rbi_per_turn":0.09803921568627451,"kl_base0":0.6428571428571429,"kl_base0_tries":14,"kl_base1":0.2222222222222222,"kl_base1_tries":9,"kl_base2":0.3333333333333333,"kl_base2_tries":9,"kl_base3":0.4166666666666667,"kl_base3_tries":12,"adv1_pct":0.6428571428571429,"adv2_pct":0.2222222222222222,"adv3_pct":0.3333333333333333,"adv_home_pct":0.4166666666666667,"money_kl_pct":0.4166666666666667,"money_kl_tries":12,"pos":"3V","teho_plus":80,"adv_plus":78,"runner_plus":94,"out_avoid_plus":106,"adv1_plus":122,"adv2_plus":39,"adv3_plus":54,"adv_home_plus":82,"money_kl_plus":82,"spark_index":88,"run_value":1.4331280901171763,"raa":-0.7,"jyk":1.4,"vyk":0.1,"teho_plus_adj":81,"pct_kl_pct":14,"pct_saatto_pct":11,"pct_eten_pct":39,"pct_kunnari_rate":87,"pct_lyoty_rate":64,"pct_palo_rate":58,"pct_tehot_per_turn":47},"proj":null,"translation":null,"pitching":null,"career_json":[{"year":2021,"kl_pct":0.4318181818181818,"teho_plus":80}],"pct_stats":["kl_pct","saatto_pct","eten_pct","kunnari_rate","lyoty_rate","palo_rate","tehot_per_turn"],"base_kl":{"player_id":9721,"turns_at_bat":51,"kl_base0":0.6428571428571429,"kl_base0_tries":14,"kl_base1":0.2222222222222222,"kl_base1_tries":9,"kl_base2":0.3333333333333333,"kl_base2_tries":9,"kl_base3":0.4166666666666667,"kl_base3_tries":12,"pct_kl_base0":84,"pct_kl_base1":1,"pct_kl_base2":8,"pct_kl_base3":28},"base_keys":["kl_base0","kl_base1","kl_base2","kl_base3"],"comps":[]}