{"player":{"id":9753,"name":"Eetu Koskela","born_year":null},"career":[{"player_id":9753,"name":"Eetu Koskela","born_year":null,"year":2026,"games":13,"team":"Ura","turns_at_bat":54,"kunnarit":1,"lyodyt":2,"tuodut":3,"karkilyonnit":25,"karki_yritykset":46,"saatot":67,"saatto_yritykset":108,"etenemiset":56,"eteneminen_yritykset":93,"haavat":27,"palot":10,"season_id":3,"tehot":6,"kl_pct":0.5434782608695652,"saatto_pct":0.6203703703703703,"eten_pct":0.6021505376344086,"kunnari_rate":0.018518518518518517,"lyoty_rate":0.037037037037037035,"tuotu_rate":0.03225806451612903,"haava_rate":0.5,"palo_rate":0.18518518518518517,"tehot_per_turn":0.1111111111111111,"kl_per_turn":0.46296296296296297,"hr_rbi_per_turn":0.05555555555555555,"kl_base0":0.5714285714285714,"kl_base0_tries":7,"kl_base1":0.42857142857142855,"kl_base1_tries":14,"kl_base2":0.631578947368421,"kl_base2_tries":19,"kl_base3":0.5,"kl_base3_tries":6,"adv1_pct":0.5714285714285714,"adv2_pct":0.42857142857142855,"adv3_pct":0.631578947368421,"adv_home_pct":0.5,"money_kl_pct":0.5,"money_kl_tries":6,"teho_plus":66,"adv_plus":106,"runner_plus":102,"out_avoid_plus":121,"adv1_plus":120,"adv2_plus":78,"adv3_plus":110,"adv_home_plus":110,"money_kl_plus":110,"spark_index":108,"teho_plus_adj":63}],"line":{"player_id":9753,"name":"Eetu Koskela","born_year":null,"year":2026,"games":13,"team":"Ura","turns_at_bat":54,"kunnarit":1,"lyodyt":2,"tuodut":3,"karkilyonnit":25,"karki_yritykset":46,"saatot":67,"saatto_yritykset":108,"etenemiset":56,"eteneminen_yritykset":93,"haavat":27,"palot":10,"season_id":3,"tehot":6,"kl_pct":0.5434782608695652,"saatto_pct":0.6203703703703703,"eten_pct":0.6021505376344086,"kunnari_rate":0.018518518518518517,"lyoty_rate":0.037037037037037035,"tuotu_rate":0.03225806451612903,"haava_rate":0.5,"palo_rate":0.18518518518518517,"tehot_per_turn":0.1111111111111111,"kl_per_turn":0.46296296296296297,"hr_rbi_per_turn":0.05555555555555555,"kl_base0":0.5714285714285714,"kl_base0_tries":7,"kl_base1":0.42857142857142855,"kl_base1_tries":14,"kl_base2":0.631578947368421,"kl_base2_tries":19,"kl_base3":0.5,"kl_base3_tries":6,"adv1_pct":0.5714285714285714,"adv2_pct":0.42857142857142855,"adv3_pct":0.631578947368421,"adv_home_pct":0.5,"money_kl_pct":0.5,"money_kl_tries":6,"teho_plus":66,"adv_plus":106,"runner_plus":102,"out_avoid_plus":121,"adv1_plus":120,"adv2_plus":78,"adv3_plus":110,"adv_home_plus":110,"money_kl_plus":110,"spark_index":108,"teho_plus_adj":63,"pct_kl_pct":55,"pct_saatto_pct":68,"pct_eten_pct":59,"pct_kunnari_rate":90,"pct_lyoty_rate":57,"pct_palo_rate":94,"pct_tehot_per_turn":35},"proj":{"player_id":9753,"name":"Eetu Koskela","as_of":"2026-07-02","age":null,"stats":{"kl_pct":{"rate":0.5254447195483286,"effective_n":42.838230257234656,"observed":0.5422419579795356},"saatto_pct":{"rate":0.6102144252709661,"effective_n":97.61122631147289,"observed":0.6176217878596768},"eten_pct":{"rate":0.5972097259458795,"effective_n":82.91953651975128,"observed":0.6013543265138895},"kunnari_rate":{"rate":0.010303037654454682,"effective_n":51.042403115933105,"observed":0.01955237095191684},"lyoty_rate":{"rate":0.062418353113191674,"effective_n":49.6473409208012,"observed":0.0401632788990831},"haava_rate":{"rate":0.44759442125066995,"effective_n":47.013418955647204,"observed":0.49951997802147213},"palo_rate":{"rate":0.2744354528541523,"effective_n":48.30506575740442,"observed":0.1846812810045517}},"teho_plus_proj":149},"career_json":[{"year":2026,"kl_pct":0.5434782608695652,"teho_plus":66}],"pct_stats":["kl_pct","saatto_pct","eten_pct","kunnari_rate","lyoty_rate","palo_rate","tehot_per_turn"],"base_kl":{"player_id":9753,"turns_at_bat":54,"kl_base0":0.5714285714285714,"kl_base0_tries":7,"kl_base1":0.42857142857142855,"kl_base1_tries":14,"kl_base2":0.631578947368421,"kl_base2_tries":19,"kl_base3":0.5,"kl_base3_tries":6,"pct_kl_base0":85,"pct_kl_base1":27,"pct_kl_base2":59,"pct_kl_base3":64},"base_keys":["kl_base0","kl_base1","kl_base2","kl_base3"],"comps":[]}