{"player":{"id":9761,"name":"Jere Peltomäki","born_year":null},"career":[{"player_id":9761,"name":"Jere Peltomäki","born_year":null,"year":2026,"games":17,"team":"AA","turns_at_bat":42,"kunnarit":1,"lyodyt":1,"tuodut":1,"karkilyonnit":12,"karki_yritykset":40,"saatot":25,"saatto_yritykset":69,"etenemiset":21,"eteneminen_yritykset":51,"haavat":19,"palot":11,"season_id":1,"tehot":3,"kl_pct":0.3,"saatto_pct":0.36231884057971014,"eten_pct":0.4117647058823529,"kunnari_rate":0.023809523809523808,"lyoty_rate":0.023809523809523808,"tuotu_rate":0.0196078431372549,"haava_rate":0.4523809523809524,"palo_rate":0.2619047619047619,"tehot_per_turn":0.07142857142857142,"kl_per_turn":0.2857142857142857,"hr_rbi_per_turn":0.047619047619047616,"kl_base0":0.375,"kl_base0_tries":8,"kl_base1":0.3125,"kl_base1_tries":16,"kl_base2":0.16666666666666666,"kl_base2_tries":12,"kl_base3":0.5,"kl_base3_tries":4,"adv1_pct":0.375,"adv2_pct":0.3125,"adv3_pct":0.16666666666666666,"adv_home_pct":0.5,"money_kl_pct":0.5,"money_kl_tries":4,"teho_plus":44,"adv_plus":60,"runner_plus":70,"out_avoid_plus":109,"adv1_plus":70,"adv2_plus":59,"adv3_plus":29,"adv_home_plus":111,"money_kl_plus":111,"spark_index":73,"teho_plus_adj":44}],"line":{"player_id":9761,"name":"Jere Peltomäki","born_year":null,"year":2026,"games":17,"team":"AA","turns_at_bat":42,"kunnarit":1,"lyodyt":1,"tuodut":1,"karkilyonnit":12,"karki_yritykset":40,"saatot":25,"saatto_yritykset":69,"etenemiset":21,"eteneminen_yritykset":51,"haavat":19,"palot":11,"season_id":1,"tehot":3,"kl_pct":0.3,"saatto_pct":0.36231884057971014,"eten_pct":0.4117647058823529,"kunnari_rate":0.023809523809523808,"lyoty_rate":0.023809523809523808,"tuotu_rate":0.0196078431372549,"haava_rate":0.4523809523809524,"palo_rate":0.2619047619047619,"tehot_per_turn":0.07142857142857142,"kl_per_turn":0.2857142857142857,"hr_rbi_per_turn":0.047619047619047616,"kl_base0":0.375,"kl_base0_tries":8,"kl_base1":0.3125,"kl_base1_tries":16,"kl_base2":0.16666666666666666,"kl_base2_tries":12,"kl_base3":0.5,"kl_base3_tries":4,"adv1_pct":0.375,"adv2_pct":0.3125,"adv3_pct":0.16666666666666666,"adv_home_pct":0.5,"money_kl_pct":0.5,"money_kl_tries":4,"teho_plus":44,"adv_plus":60,"runner_plus":70,"out_avoid_plus":109,"adv1_plus":70,"adv2_plus":59,"adv3_plus":29,"adv_home_plus":111,"money_kl_plus":111,"spark_index":73,"teho_plus_adj":44,"pct_kl_pct":2,"pct_saatto_pct":2,"pct_eten_pct":1,"pct_kunnari_rate":94,"pct_lyoty_rate":45,"pct_palo_rate":70,"pct_tehot_per_turn":15},"proj":{"player_id":9761,"name":"Jere Peltomäki","as_of":"2026-07-01","age":null,"stats":{"kl_pct":{"rate":0.44442746209639855,"effective_n":36.47470039661636,"observed":0.31178529413774075},"saatto_pct":{"rate":0.4599100442562436,"effective_n":61.16878895210087,"observed":0.37512036906776053},"eten_pct":{"rate":0.5068188565212768,"effective_n":45.08899079466293,"observed":0.4168120515732138},"kunnari_rate":{"rate":0.011291492551344387,"effective_n":39.38815289875237,"observed":0.025035033328271734},"lyoty_rate":{"rate":0.05718891253273728,"effective_n":38.16110492703841,"observed":0.025659321440038147},"haava_rate":{"rate":0.4308799874683181,"effective_n":35.853030733017526,"observed":0.43487322544640633},"palo_rate":{"rate":0.30801485749023494,"effective_n":36.983475215033764,"observed":0.27259769177124643}},"teho_plus_proj":137},"career_json":[{"year":2026,"kl_pct":0.3,"teho_plus":44}],"pct_stats":["kl_pct","saatto_pct","eten_pct","kunnari_rate","lyoty_rate","palo_rate","tehot_per_turn"],"base_kl":{"player_id":9761,"turns_at_bat":42,"kl_base0":0.375,"kl_base0_tries":8,"kl_base1":0.3125,"kl_base1_tries":16,"kl_base2":0.16666666666666666,"kl_base2_tries":12,"kl_base3":0.5,"kl_base3_tries":4,"pct_kl_base0":26,"pct_kl_base1":15,"pct_kl_base2":4,"pct_kl_base3":59},"base_keys":["kl_base0","kl_base1","kl_base2","kl_base3"],"log":[{"player_id":9761,"season_id":1,"match_id":128925,"date":"2026-04-26","team":"AA","opponent":"PattU","home":1,"turns_at_bat":2,"kunnarit":0,"lyodyt":0,"tuodut":0,"karkilyonnit":0,"karki_yritykset":3,"saatot":1,"saatto_yritykset":5,"etenemiset":1,"eteneminen_yritykset":3,"haavat":2,"palot":0,"stadium":"Campo Elola, Fuengirola (ES)","tehot":0,"kl_pct":0.0},{"player_id":9761,"season_id":1,"match_id":129036,"date":"2026-05-06","team":"AA","opponent":"JoMa","home":1,"turns_at_bat":3,"kunnarit":0,"lyodyt":0,"tuodut":0,"karkilyonnit":1,"karki_yritykset":4,"saatot":2,"saatto_yritykset":5,"etenemiset":1,"eteneminen_yritykset":2,"haavat":1,"palot":0,"stadium":"Saltex Areena, Alajärvi","tehot":0,"kl_pct":0.25},{"player_id":9761,"season_id":1,"match_id":128968,"date":"2026-05-10","team":"AA","opponent":"SoJy","home":1,"turns_at_bat":3,"kunnarit":0,"lyodyt":0,"tuodut":0,"karkilyonnit":0,"karki_yritykset":1,"saatot":1,"saatto_yritykset":2,"etenemiset":2,"eteneminen_yritykset":3,"haavat":1,"palot":0,"stadium":"Saltex Areena, Alajärvi","tehot":0,"kl_pct":0.0},{"player_id":9761,"season_id":1,"match_id":129013,"date":"2026-05-13","team":"AA","opponent":"KoU","home":0,"turns_at_bat":5,"kunnarit":0,"lyodyt":0,"tuodut":0,"karkilyonnit":0,"karki_yritykset":2,"saatot":1,"saatto_yritykset":5,"etenemiset":4,"eteneminen_yritykset":9,"haavat":3,"palot":2,"stadium":"Sähkökoje Areena, Koskenkorva (Ilmajoki)","tehot":0,"kl_pct":0.0},{"player_id":9761,"season_id":1,"match_id":128885,"date":"2026-05-15","team":"AA","opponent":"KPL","home":1,"turns_at_bat":3,"kunnarit":0,"lyodyt":0,"tuodut":0,"karkilyonnit":0,"karki_yritykset":3,"saatot":0,"saatto_yritykset":6,"etenemiset":0,"eteneminen_yritykset":3,"haavat":3,"palot":0,"stadium":"Saltex Areena, Alajärvi","tehot":0,"kl_pct":0.0},{"player_id":9761,"season_id":1,"match_id":128920,"date":"2026-05-17","team":"AA","opponent":"IPV","home":0,"turns_at_bat":1,"kunnarit":0,"lyodyt":0,"tuodut":0,"karkilyonnit":0,"karki_yritykset":1,"saatot":0,"saatto_yritykset":1,"etenemiset":0,"eteneminen_yritykset":1,"haavat":1,"palot":0,"stadium":"Tornator Stadion, Imatra","tehot":0,"kl_pct":0.0},{"player_id":9761,"season_id":1,"match_id":128926,"date":"2026-05-22","team":"AA","opponent":"Tahko","home":1,"turns_at_bat":1,"kunnarit":0,"lyodyt":0,"tuodut":0,"karkilyonnit":0,"karki_yritykset":0,"saatot":0,"saatto_yritykset":1,"etenemiset":0,"eteneminen_yritykset":1,"haavat":0,"palot":1,"stadium":"Saltex Areena, Alajärvi","tehot":0,"kl_pct":null},{"player_id":9761,"season_id":1,"match_id":129022,"date":"2026-05-26","team":"AA","opponent":"PattU","home":0,"turns_at_bat":0,"kunnarit":0,"lyodyt":0,"tuodut":0,"karkilyonnit":0,"karki_yritykset":0,"saatot":0,"saatto_yritykset":0,"etenemiset":0,"eteneminen_yritykset":0,"haavat":0,"palot":0,"stadium":"MiiluAreena, Raahe","tehot":0,"kl_pct":null},{"player_id":9761,"season_id":1,"match_id":128875,"date":"2026-05-29","team":"AA","opponent":"Manse","home":1,"turns_at_bat":2,"kunnarit":0,"lyodyt":0,"tuodut":0,"karkilyonnit":1,"karki_yritykset":3,"saatot":1,"saatto_yritykset":5,"etenemiset":0,"eteneminen_yritykset":1,"haavat":1,"palot":0,"stadium":"Saltex Areena, Alajärvi","tehot":0,"kl_pct":0.3333333333333333},{"player_id":9761,"season_id":1,"match_id":128909,"date":"2026-06-02","team":"AA","opponent":"JoMa","home":0,"turns_at_bat":4,"kunnarit":0,"lyodyt":0,"tuodut":0,"karkilyonnit":0,"karki_yritykset":4,"saatot":0,"saatto_yritykset":6,"etenemiset":0,"eteneminen_yritykset":3,"haavat":2,"palot":1,"stadium":"Ilosaarirock Stadion, Joensuu","tehot":0,"kl_pct":0.0},{"player_id":9761,"season_id":1,"match_id":128993,"date":"2026-06-03","team":"AA","opponent":"KiPa","home":0,"turns_at_bat":0,"kunnarit":0,"lyodyt":0,"tuodut":0,"karkilyonnit":0,"karki_yritykset":0,"saatot":0,"saatto_yritykset":0,"etenemiset":0,"eteneminen_yritykset":0,"haavat":0,"palot":0,"stadium":"Rantakenttä, Kitee","tehot":0,"kl_pct":null},{"player_id":9761,"season_id":1,"match_id":129037,"date":"2026-06-07","team":"AA","opponent":"Manse","home":1,"turns_at_bat":1,"kunnarit":0,"lyodyt":0,"tuodut":0,"karkilyonnit":1,"karki_yritykset":1,"saatot":1,"saatto_yritykset":1,"etenemiset":1,"eteneminen_yritykset":2,