{"player":{"id":9792,"name":"Hulda Alanen","born_year":null},"career":[{"player_id":9792,"name":"Hulda Alanen","born_year":null,"year":2026,"games":13,"team":"Fera","turns_at_bat":73,"kunnarit":0,"lyodyt":1,"tuodut":7,"karkilyonnit":36,"karki_yritykset":63,"saatot":75,"saatto_yritykset":113,"etenemiset":88,"eteneminen_yritykset":134,"haavat":22,"palot":24,"season_id":2,"tehot":8,"kl_pct":0.5714285714285714,"saatto_pct":0.6637168141592921,"eten_pct":0.6567164179104478,"kunnari_rate":0.0,"lyoty_rate":0.0136986301369863,"tuotu_rate":0.05223880597014925,"haava_rate":0.3013698630136986,"palo_rate":0.3287671232876712,"tehot_per_turn":0.1095890410958904,"kl_per_turn":0.4931506849315068,"hr_rbi_per_turn":0.0136986301369863,"kl_base0":0.6,"kl_base0_tries":25,"kl_base1":0.52,"kl_base1_tries":25,"kl_base2":0.7,"kl_base2_tries":10,"kl_base3":0.3333333333333333,"kl_base3_tries":3,"adv1_pct":0.6,"adv2_pct":0.52,"adv3_pct":0.7,"adv_home_pct":0.3333333333333333,"money_kl_pct":0.3333333333333333,"money_kl_tries":3,"teho_plus":63,"adv_plus":110,"runner_plus":110,"out_avoid_plus":102,"adv1_plus":120,"adv2_plus":93,"adv3_plus":116,"adv_home_plus":74,"money_kl_plus":74,"spark_index":108,"teho_plus_adj":64}],"line":{"player_id":9792,"name":"Hulda Alanen","born_year":null,"year":2026,"games":13,"team":"Fera","turns_at_bat":73,"kunnarit":0,"lyodyt":1,"tuodut":7,"karkilyonnit":36,"karki_yritykset":63,"saatot":75,"saatto_yritykset":113,"etenemiset":88,"eteneminen_yritykset":134,"haavat":22,"palot":24,"season_id":2,"tehot":8,"kl_pct":0.5714285714285714,"saatto_pct":0.6637168141592921,"eten_pct":0.6567164179104478,"kunnari_rate":0.0,"lyoty_rate":0.0136986301369863,"tuotu_rate":0.05223880597014925,"haava_rate":0.3013698630136986,"palo_rate":0.3287671232876712,"tehot_per_turn":0.1095890410958904,"kl_per_turn":0.4931506849315068,"hr_rbi_per_turn":0.0136986301369863,"kl_base0":0.6,"kl_base0_tries":25,"kl_base1":0.52,"kl_base1_tries":25,"kl_base2":0.7,"kl_base2_tries":10,"kl_base3":0.3333333333333333,"kl_base3_tries":3,"adv1_pct":0.6,"adv2_pct":0.52,"adv3_pct":0.7,"adv_home_pct":0.3333333333333333,"money_kl_pct":0.3333333333333333,"money_kl_tries":3,"teho_plus":63,"adv_plus":110,"runner_plus":110,"out_avoid_plus":102,"adv1_plus":120,"adv2_plus":93,"adv3_plus":116,"adv_home_plus":74,"money_kl_plus":74,"spark_index":108,"teho_plus_adj":64,"pct_kl_pct":70,"pct_saatto_pct":74,"pct_eten_pct":85,"pct_kunnari_rate":35,"pct_lyoty_rate":39,"pct_palo_rate":45,"pct_tehot_per_turn":36},"proj":{"player_id":9792,"name":"Hulda Alanen","as_of":"2026-07-01","age":null,"stats":{"kl_pct":{"rate":0.5480215796425739,"effective_n":58.75321120253518,"observed":0.569003486817158},"saatto_pct":{"rate":0.6414567788606848,"effective_n":101.65267279708976,"observed":0.6584007446566311},"eten_pct":{"rate":0.6389943906228297,"effective_n":121.6748718423365,"observed":0.6564753865008867},"kunnari_rate":{"rate":0.0035027810832122886,"effective_n":69.55270740560864,"observed":0.0},"lyoty_rate":{"rate":0.048664863635688727,"effective_n":67.9175564311837,"observed":0.01365830811076641},"haava_rate":{"rate":0.36150055722019814,"effective_n":64.81304944026199,"observed":0.29905497772066425},"palo_rate":{"rate":0.33749854800718393,"effective_n":66.3383864816834,"observed":0.3305852270570104}},"teho_plus_proj":141},"career_json":[{"year":2026,"kl_pct":0.5714285714285714,"teho_plus":63}],"pct_stats":["kl_pct","saatto_pct","eten_pct","kunnari_rate","lyoty_rate","palo_rate","tehot_per_turn"],"base_kl":{"player_id":9792,"turns_at_bat":73,"kl_base0":0.6,"kl_base0_tries":25,"kl_base1":0.52,"kl_base1_tries":25,"kl_base2":0.7,"kl_base2_tries":10,"kl_base3":0.3333333333333333,"kl_base3_tries":3,"pct_kl_base0":83,"pct_kl_base1":50,"pct_kl_base2":72,"pct_kl_base3":33},"base_keys":["kl_base0","kl_base1","kl_base2","kl_base3"],"log":[{"player_id":9792,"season_id":2,"match_id":129129,"date":"2026-05-09","team":"Fera","opponent":"Jussittaret","home":1,"turns_at_bat":5,"kunnarit":0,"lyodyt":0,"tuodut":1,"karkilyonnit":3,"karki_yritykset":4,"saatot":5,"saatto_yritykset":7,"etenemiset":7,"eteneminen_yritykset":10,"haavat":1,"palot":2,"stadium":"Buena Vista Areena, Rauma","tehot":1,"kl_pct":0.75},{"player_id":9792,"season_id":2,"match_id":129128,"date":"2026-05-13","team":"Fera","opponent":"Kirittäret","home":1,"turns_at_bat":4,"kunnarit":0,"lyodyt":0,"tuodut":1,"karkilyonnit":3,"karki_yritykset":4,"saatot":10,"saatto_yritykset":12,"etenemiset":8,"eteneminen_yritykset":9,"haavat":1,"palot":0,"stadium":"Buena Vista Areena, Rauma","tehot":1,"kl_pct":0.75},{"player_id":9792,"season_id":2,"match_id":129185,"date":"2026-05-17","team":"Fera","opponent":"Pesäkarhut","home":1,"turns_at_bat":6,"kunnarit":0,"lyodyt":0,"tuodut":0,"karkilyonnit":1,"karki_yritykset":4,"saatot":7,"saatto_yritykset":10,"etenemiset":7,"eteneminen_yritykset":12,"haavat":5,"palot":0,"stadium":"Buena Vista Areena, Rauma","tehot":0,"kl_pct":0.25},{"player_id":9792,"season_id":2,"match_id":129193,"date":"2026-05-22","team":"Fera","opponent":"Roihuttaret","home":0,"turns_at_bat":4,"kunnarit":0,"lyodyt":0,"tuodut":0,"karkilyonnit":3,"karki_yritykset":4,"saatot":6,"saatto_yritykset":8,"etenemiset":4,"eteneminen_yritykset":7,"haavat":1,"palot":2,"stadium":"Roihuvuoren pesäpallokenttä, Helsinki","tehot":0,"kl_pct":0.75},{"player_id":9792,"season_id":2,"match_id":129167,"date":"2026-05-25","team":"Fera","opponent":"Manse","home":1,"turns_at_bat":4,"kunnarit":0,"lyodyt":0,"tuodut":1,"karkilyonnit":2,"karki_yritykset":3,"saatot":5,"saatto_yritykset":8,"etenemiset":6,"eteneminen_yritykset":8,"haavat":1,"palot":1,"stadium":"Buena Vista Areena, Rauma","tehot":1,"kl_pct":0.6666666666666666},{"player_id":9792,"season_id":2,"match_id":129195,"date":"2026-05-28","team":"Fera","opponent":"Jussittaret","home":0,"turns_at_bat":6,"kunnarit":0,"lyodyt":0,"tuodut":1,"karkilyonnit":4,"karki_yritykset":5,"saatot":6,"saatto_yritykset":7,"etenemiset":4,"eteneminen_yritykset":7,"haavat":1,"palot":2,"stadium":"Unico Areena, Seinäjoki","tehot":1,"kl_pct":0.8},{"player_id":9792,"season_id":2,"match_id":129200,"date":"2026-06-06","team":"Fera","opponent":"Kirittäret","home":0,"turns_at_bat":5,"kunnarit":0,"lyodyt":1,"tuodut":0,"karkilyonnit":2,"karki_yritykset":6,"saatot":5,"saatto_yritykset":10,"etenemiset":5,"eteneminen_yritykset":10,"haavat":2,"palot":3,"stadium":"Hippoksen pesäpallostadion, Jyväskylä","tehot":1,"kl_pct":0.3333333333333333},{"player_id":9792,"season_id":2,"match_id":129108,"date":"2026-06-07","team":"Fera","opponent":"JoMa","home":0,"turns_at_bat":6,"kunnarit":0,"lyodyt":0,"tuodut":0,"karkilyonnit":3,"karki_yritykset":3,"saatot":8,"saatto_yritykset":9,"etenemiset":8,"eteneminen_yritykset":12,"haavat":1,"palot":3,"stadium":"Ilosaarirock Stadion, Joensuu","tehot":0,"kl_pct":1.0},{"player_id":9792,"season_id":2,"match_id":129159,"date":"2026-06-13","team":"Fera","opponent":"Virkiä","home":1,"turns_at_bat":6,"kunnarit":0,"lyodyt":0,"tuodut":0,"karkilyonnit":1,"karki_yritykset":4,"saatot":2,"saatto_yritykset":6,"etenemiset":3,"eteneminen_yritykset":7,"haavat":2,"palot":2,"stadium":"Buena Vista Areena, Rauma","tehot":0,"kl_pct":0.25},{"player_id":9792,"season_id":2,"match_id":129194,"date":"2026-06-17","team":"Fera","opponent":"Kirittäret","home":0,"turns_at_bat":6,"kunnarit":0,"lyodyt":0,"tuodut":0,"karkilyonnit":3,"karki_yritykset":7,"saatot":3,"saatto_yritykset":7,"etenemiset":7,"eteneminen_yritykset":12,"haavat":1,"palot":4,"stadium":"Hippoksen pesäpallostadion, Jyväskylä","tehot":0,"kl_pct":0.42857142857142855},{"player_id":9792,"season_id":2,"match_id":129119,"date":"2026-06-24","team":"Fera","opponent":"Pesäkarhut","home":0,"turns_at_bat":7,"kunnarit":0,"lyodyt":0,"tuodut":1,"karkilyonnit":3,"karki_yritykset":6,"saatot":7,"saatto_yritykset":10,"etenemiset":9,"eteneminen_yritykset":11,"haavat":0,"palot":2,"stadium":"Huikoo Areena, Pori","tehot":1,"kl_pct":0.5},{"player_id":9792,"season_id":2,"match_id":129212,"date":"2026-06-27","team":"Fera","opponent":"Jyske","home":0,