{"player":{"id":9880,"name":"Mette Mortensen","born_year":null},"career":[{"player_id":9880,"name":"Mette Mortensen","born_year":null,"year":2026,"games":14,"team":"Kirittäret","turns_at_bat":81,"kunnarit":0,"lyodyt":0,"tuodut":10,"karkilyonnit":28,"karki_yritykset":54,"saatot":65,"saatto_yritykset":107,"etenemiset":72,"eteneminen_yritykset":134,"haavat":30,"palot":32,"season_id":2,"tehot":10,"kl_pct":0.5185185185185185,"saatto_pct":0.6074766355140186,"eten_pct":0.5373134328358209,"kunnari_rate":0.0,"lyoty_rate":0.0,"tuotu_rate":0.07462686567164178,"haava_rate":0.37037037037037035,"palo_rate":0.3950617283950617,"tehot_per_turn":0.12345679012345678,"kl_per_turn":0.345679012345679,"hr_rbi_per_turn":0.0,"kl_base0":0.3888888888888889,"kl_base0_tries":18,"kl_base1":0.5483870967741935,"kl_base1_tries":31,"kl_base2":1.0,"kl_base2_tries":4,"kl_base3":0.0,"kl_base3_tries":1,"adv1_pct":0.3888888888888889,"adv2_pct":0.5483870967741935,"adv3_pct":1.0,"adv_home_pct":0.0,"money_kl_pct":0.0,"money_kl_tries":1,"pos":"S","teho_plus":71,"adv_plus":101,"runner_plus":90,"out_avoid_plus":92,"adv1_plus":78,"adv2_plus":98,"adv3_plus":166,"adv_home_plus":0,"money_kl_plus":0,"spark_index":96,"run_value":4.0012933317384,"raa":-3.9,"jyk":0.5,"vyk":0.04,"teho_plus_adj":71}],"line":{"player_id":9880,"name":"Mette Mortensen","born_year":null,"year":2026,"games":14,"team":"Kirittäret","turns_at_bat":81,"kunnarit":0,"lyodyt":0,"tuodut":10,"karkilyonnit":28,"karki_yritykset":54,"saatot":65,"saatto_yritykset":107,"etenemiset":72,"eteneminen_yritykset":134,"haavat":30,"palot":32,"season_id":2,"tehot":10,"kl_pct":0.5185185185185185,"saatto_pct":0.6074766355140186,"eten_pct":0.5373134328358209,"kunnari_rate":0.0,"lyoty_rate":0.0,"tuotu_rate":0.07462686567164178,"haava_rate":0.37037037037037035,"palo_rate":0.3950617283950617,"tehot_per_turn":0.12345679012345678,"kl_per_turn":0.345679012345679,"hr_rbi_per_turn":0.0,"kl_base0":0.3888888888888889,"kl_base0_tries":18,"kl_base1":0.5483870967741935,"kl_base1_tries":31,"kl_base2":1.0,"kl_base2_tries":4,"kl_base3":0.0,"kl_base3_tries":1,"adv1_pct":0.3888888888888889,"adv2_pct":0.5483870967741935,"adv3_pct":1.0,"adv_home_pct":0.0,"money_kl_pct":0.0,"money_kl_tries":1,"pos":"S","teho_plus":71,"adv_plus":101,"runner_plus":90,"out_avoid_plus":92,"adv1_plus":78,"adv2_plus":98,"adv3_plus":166,"adv_home_plus":0,"money_kl_plus":0,"spark_index":96,"run_value":4.0012933317384,"raa":-3.9,"jyk":0.5,"vyk":0.04,"teho_plus_adj":71,"pct_kl_pct":53,"pct_saatto_pct":58,"pct_eten_pct":27,"pct_kunnari_rate":35,"pct_lyoty_rate":12,"pct_palo_rate":30,"pct_tehot_per_turn":43},"proj":{"player_id":9880,"name":"Mette Mortensen","as_of":"2026-06-29","age":null,"stats":{"kl_pct":{"rate":0.5212073024519167,"effective_n":50.06137028263242,"observed":0.5136944795775982},"saatto_pct":{"rate":0.6026421298000894,"effective_n":96.5211450888714,"observed":0.6044014691485838},"eten_pct":{"rate":0.5564034505229024,"effective_n":120.3163521040308,"observed":0.5397594197088207},"kunnari_rate":{"rate":0.0033744708467007578,"effective_n":76.76022343509042,"observed":0.0},"lyoty_rate":{"rate":0.04052102463208892,"effective_n":74.75296733277867,"observed":0.0},"haava_rate":{"rate":0.38967329277627927,"effective_n":70.94935183355918,"observed":0.37233677251170394},"palo_rate":{"rate":0.36479962958561984,"effective_n":72.81692926767728,"observed":0.38849560230190205}},"teho_plus_proj":122},"career_json":[{"year":2026,"kl_pct":0.5185185185185185,"teho_plus":71}],"pct_stats":["kl_pct","saatto_pct","eten_pct","kunnari_rate","lyoty_rate","palo_rate","tehot_per_turn"],"base_kl":{"player_id":9880,"turns_at_bat":81,"kl_base0":0.3888888888888889,"kl_base0_tries":18,"kl_base1":0.5483870967741935,"kl_base1_tries":31,"kl_base2":1.0,"kl_base2_tries":4,"kl_base3":0.0,"kl_base3_tries":1,"pct_kl_base0":39,"pct_kl_base1":56,"pct_kl_base2":96,"pct_kl_base3":8},"base_keys":["kl_base0","kl_base1","kl_base2","kl_base3"],"comps":[]}