{"player":{"id":9940,"name":"Aleksi Lassila","born_year":null},"career":[{"player_id":9940,"name":"Aleksi Lassila","born_year":null,"year":2026,"games":17,"team":"ViVe","turns_at_bat":122,"kunnarit":3,"lyodyt":6,"tuodut":24,"karkilyonnit":82,"karki_yritykset":128,"saatot":145,"saatto_yritykset":221,"etenemiset":125,"eteneminen_yritykset":221,"haavat":59,"palot":37,"season_id":1,"tehot":33,"kl_pct":0.640625,"saatto_pct":0.6561085972850679,"eten_pct":0.5656108597285068,"kunnari_rate":0.02459016393442623,"lyoty_rate":0.04918032786885246,"tuotu_rate":0.1085972850678733,"haava_rate":0.48360655737704916,"palo_rate":0.30327868852459017,"tehot_per_turn":0.27049180327868855,"kl_per_turn":0.6721311475409836,"hr_rbi_per_turn":0.07377049180327869,"kl_base0":0.3,"kl_base0_tries":30,"kl_base1":0.7012987012987013,"kl_base1_tries":77,"kl_base2":0.9090909090909091,"kl_base2_tries":11,"kl_base3":0.9,"kl_base3_tries":10,"adv1_pct":0.3,"adv2_pct":0.7012987012987013,"adv3_pct":0.9090909090909091,"adv_home_pct":0.9,"money_kl_pct":0.9,"money_kl_tries":10,"teho_plus":168,"adv_plus":115,"runner_plus":96,"out_avoid_plus":103,"adv1_plus":56,"adv2_plus":132,"adv3_plus":159,"adv_home_plus":200,"money_kl_plus":200,"spark_index":107,"teho_plus_adj":168}],"line":{"player_id":9940,"name":"Aleksi Lassila","born_year":null,"year":2026,"games":17,"team":"ViVe","turns_at_bat":122,"kunnarit":3,"lyodyt":6,"tuodut":24,"karkilyonnit":82,"karki_yritykset":128,"saatot":145,"saatto_yritykset":221,"etenemiset":125,"eteneminen_yritykset":221,"haavat":59,"palot":37,"season_id":1,"tehot":33,"kl_pct":0.640625,"saatto_pct":0.6561085972850679,"eten_pct":0.5656108597285068,"kunnari_rate":0.02459016393442623,"lyoty_rate":0.04918032786885246,"tuotu_rate":0.1085972850678733,"haava_rate":0.48360655737704916,"palo_rate":0.30327868852459017,"tehot_per_turn":0.27049180327868855,"kl_per_turn":0.6721311475409836,"hr_rbi_per_turn":0.07377049180327869,"kl_base0":0.3,"kl_base0_tries":30,"kl_base1":0.7012987012987013,"kl_base1_tries":77,"kl_base2":0.9090909090909091,"kl_base2_tries":11,"kl_base3":0.9,"kl_base3_tries":10,"adv1_pct":0.3,"adv2_pct":0.7012987012987013,"adv3_pct":0.9090909090909091,"adv_home_pct":0.9,"money_kl_pct":0.9,"money_kl_tries":10,"teho_plus":168,"adv_plus":115,"runner_plus":96,"out_avoid_plus":103,"adv1_plus":56,"adv2_plus":132,"adv3_plus":159,"adv_home_plus":200,"money_kl_plus":200,"spark_index":107,"teho_plus_adj":168,"pct_kl_pct":86,"pct_saatto_pct":80,"pct_eten_pct":40,"pct_kunnari_rate":95,"pct_lyoty_rate":62,"pct_palo_rate":50,"pct_tehot_per_turn":88},"proj":{"player_id":9940,"name":"Aleksi Lassila","as_of":"2026-07-02","age":null,"stats":{"kl_pct":{"rate":0.5987382531324794,"effective_n":117.18437963007905,"observed":0.6364614048005577},"saatto_pct":{"rate":0.6431312136082271,"effective_n":196.41557897309596,"observed":0.6540385206475089},"eten_pct":{"rate":0.5696744526745425,"effective_n":197.3507875048276,"observed":0.5650353214925878},"kunnari_rate":{"rate":0.015441698208717314,"effective_n":115.16322693857394,"observed":0.024466778453568205},"lyoty_rate":{"rate":0.05875102935095003,"effective_n":111.93298003629872,"observed":0.04911816968627903},"haava_rate":{"rate":0.461398942515369,"effective_n":105.82415378745755,"observed":0.4915911535967339},"palo_rate":{"rate":0.30966086118318564,"effective_n":108.8215282336468,"observed":0.29883423896750333}},"teho_plus_proj":152},"career_json":[{"year":2026,"kl_pct":0.640625,"teho_plus":168}],"pct_stats":["kl_pct","saatto_pct","eten_pct","kunnari_rate","lyoty_rate","palo_rate","tehot_per_turn"],"base_kl":{"player_id":9940,"turns_at_bat":122,"kl_base0":0.3,"kl_base0_tries":30,"kl_base1":0.7012987012987013,"kl_base1_tries":77,"kl_base2":0.9090909090909091,"kl_base2_tries":11,"kl_base3":0.9,"kl_base3_tries":10,"pct_kl_base0":16,"pct_kl_base1":87,"pct_kl_base2":92,"pct_kl_base3":92},"base_keys":["kl_base0","kl_base1","kl_base2","kl_base3"],"log":[{"player_id":9940,"season_id":1,"match_id":128907,"date":"2026-05-09","team":"ViVe","opponent":"JoMa","home":0,"turns_at_bat":6,"kunnarit":0,"lyodyt":0,"tuodut":2,"karkilyonnit":5,"karki_yritykset":6,"saatot":7,"saatto_yritykset":10,"etenemiset":6,"eteneminen_yritykset":10,"haavat":2,"palot":2,"stadium":"Ilosaarirock Stadion, Joensuu","tehot":2,"kl_pct":0.8333333333333334},{"player_id":9940,"season_id":1,"match_id":128984,"date":"2026-05-10","team":"ViVe","opponent":"KiPa","home":0,"turns_at_bat":7,"kunnarit":0,"lyodyt":0,"tuodut":2,"karkilyonnit":5,"karki_yritykset":5,"saatot":8,"saatto_yritykset":11,"etenemiset":8,"eteneminen_yritykset":13,"haavat":3,"palot":2,"stadium":"Rantakenttä, Kitee","tehot":2,"kl_pct":1.0},{"player_id":9940,"season_id":1,"match_id":128917,"date":"2026-05-14","team":"ViVe","opponent":"Tahko","home":1,"turns_at_bat":7,"kunnarit":0,"lyodyt":0,"tuodut":0,"karkilyonnit":4,"karki_yritykset":7,"saatot":7,"saatto_yritykset":13,"etenemiset":4,"eteneminen_yritykset":9,"haavat":2,"palot":3,"stadium":"Saarikenttä, Vimpeli","tehot":0,"kl_pct":0.5714285714285714},{"player_id":9940,"season_id":1,"match_id":128892,"date":"2026-05-17","team":"ViVe","opponent":"KoU","home":0,"turns_at_bat":8,"kunnarit":0,"lyodyt":1,"tuodut":2,"karkilyonnit":8,"karki_yritykset":9,"saatot":13,"saatto_yritykset":18,"etenemiset":7,"eteneminen_yritykset":13,"haavat":2,"palot":4,"stadium":"Sähkökoje Areena, Koskenkorva (Ilmajoki)","tehot":3,"kl_pct":0.8888888888888888},{"player_id":9940,"season_id":1,"match_id":129052,"date":"2026-05-20","team":"ViVe","opponent":"KeKi","home":1,"turns_at_bat":8,"kunnarit":0,"lyodyt":0,"tuodut":0,"karkilyonnit":4,"karki_yritykset":9,"saatot":6,"saatto_yritykset":12,"etenemiset":5,"eteneminen_yritykset":13,"haavat":4,"palot":4,"stadium":"Saarikenttä, Vimpeli","tehot":0,"kl_pct":0.4444444444444444},{"player_id":9940,"season_id":1,"match_id":129053,"date":"2026-05-22","team":"ViVe","opponent":"KPL","home":0,"turns_at_bat":7,"kunnarit":0,"lyodyt":0,"tuodut":0,"karkilyonnit":1,"karki_yritykset":5,"saatot":3,"saatto_yritykset":10,"etenemiset":5,"eteneminen_yritykset":11,"haavat":4,"palot":2,"stadium":"KSS Energia Areena, Kouvola","tehot":0,"kl_pct":0.2},{"player_id":9940,"season_id":1,"match_id":128919,"date":"2026-05-29","team":"ViVe","opponent":"KeKi","home":0,"turns_at_bat":9,"kunnarit":2,"lyodyt":2,"tuodut":3,"karkilyonnit":14,"karki_yritykset":16,"saatot":20,"saatto_yritykset":23,"etenemiset":11,"eteneminen_yritykset":18,"haavat":3,"palot":4,"stadium":"Autofix1.com Areena, Kempele","tehot":7,"kl_pct":0.875},{"player_id":9940,"season_id":1,"match_id":128958,"date":"2026-05-31","team":"ViVe","opponent":"KoU","home":1,"turns_at_bat":7,"kunnarit":0,"lyodyt":1,"tuodut":3,"karkilyonnit":9,"karki_yritykset":11,"saatot":15,"saatto_yritykset":18,"etenemiset":12,"eteneminen_yritykset":16,"haavat":3,"palot":1,"stadium":"Saarikenttä, Vimpeli","tehot":4,"kl_pct":0.8181818181818182},{"player_id":9940,"season_id":1,"match_id":128982,"date":"2026-06-02","team":"ViVe","opponent":"PattU","home":0,"turns_at_bat":7,"kunnarit":0,"lyodyt":0,"tuodut":2,"karkilyonnit":4,"karki_yritykset":7,"saatot":9,"saatto_yritykset":12,"etenemiset":11,"eteneminen_yritykset":16,"haavat":4,"palot":1,"stadium":"MiiluAreena, Raahe","tehot":2,"kl_pct":0.5714285714285714},{"player_id":9940,"season_id":1,"match_id":128883,"date":"2026-06-05","team":"ViVe","opponent":"KPL","home":0,"turns_at_bat":8,"kunnarit":0,"lyodyt":0,"tuodut":1,"karkilyonnit":2,"karki_yritykset":8,"saatot":4,"saatto_yritykset":11,"etenemiset":4,"eteneminen_yritykset":11,"haavat":5,"palot":2,"stadium":"KSS Energia Areena, Kouvola","tehot":1,"kl_pct":0.25},{"player_id":9940,"season_id":1,"match_id":128980,"date":"2026-06-06","team":"ViVe","opponent":"IPV","home":0,"turns_at_bat":7,"kunnarit":1,"lyodyt":1,"tuodut":3,"karkilyonnit":9,"karki_yritykset":10,"saatot":17,"saatto_yritykset":18,"etenemiset":13,"eteneminen_yritykset":18,"haavat":2,"palot":3,"stadium":"Tornator Stadion, Imatra","tehot":5,"kl_pct":0.9},{"player_id":9940,"season_id":1,"match_id":129055,