{"player":{"id":9959,"name":"Outi Venäläinen","born_year":null},"career":[{"player_id":9959,"name":"Outi Venäläinen","born_year":null,"year":2026,"games":12,"team":"SiiPe","turns_at_bat":61,"kunnarit":0,"lyodyt":15,"tuodut":1,"karkilyonnit":31,"karki_yritykset":67,"saatot":83,"saatto_yritykset":147,"etenemiset":54,"eteneminen_yritykset":91,"haavat":18,"palot":19,"season_id":4,"tehot":16,"kl_pct":0.4626865671641791,"saatto_pct":0.564625850340136,"eten_pct":0.5934065934065934,"kunnari_rate":0.0,"lyoty_rate":0.2459016393442623,"tuotu_rate":0.01098901098901099,"haava_rate":0.29508196721311475,"palo_rate":0.3114754098360656,"tehot_per_turn":0.26229508196721313,"kl_per_turn":0.5081967213114754,"hr_rbi_per_turn":0.2459016393442623,"kl_base0":0.0,"kl_base0_tries":3,"kl_base1":0.2857142857142857,"kl_base1_tries":7,"kl_base2":0.56,"kl_base2_tries":25,"kl_base3":0.46875,"kl_base3_tries":32,"adv1_pct":0.0,"adv2_pct":0.2857142857142857,"adv3_pct":0.56,"adv_home_pct":0.46875,"money_kl_pct":0.46875,"money_kl_tries":32,"teho_plus":124,"adv_plus":87,"runner_plus":94,"out_avoid_plus":103,"adv1_plus":0,"adv2_plus":50,"adv3_plus":88,"adv_home_plus":99,"money_kl_plus":99,"spark_index":92,"teho_plus_adj":119}],"line":{"player_id":9959,"name":"Outi Venäläinen","born_year":null,"year":2026,"games":12,"team":"SiiPe","turns_at_bat":61,"kunnarit":0,"lyodyt":15,"tuodut":1,"karkilyonnit":31,"karki_yritykset":67,"saatot":83,"saatto_yritykset":147,"etenemiset":54,"eteneminen_yritykset":91,"haavat":18,"palot":19,"season_id":4,"tehot":16,"kl_pct":0.4626865671641791,"saatto_pct":0.564625850340136,"eten_pct":0.5934065934065934,"kunnari_rate":0.0,"lyoty_rate":0.2459016393442623,"tuotu_rate":0.01098901098901099,"haava_rate":0.29508196721311475,"palo_rate":0.3114754098360656,"tehot_per_turn":0.26229508196721313,"kl_per_turn":0.5081967213114754,"hr_rbi_per_turn":0.2459016393442623,"kl_base0":0.0,"kl_base0_tries":3,"kl_base1":0.2857142857142857,"kl_base1_tries":7,"kl_base2":0.56,"kl_base2_tries":25,"kl_base3":0.46875,"kl_base3_tries":32,"adv1_pct":0.0,"adv2_pct":0.2857142857142857,"adv3_pct":0.56,"adv_home_pct":0.46875,"money_kl_pct":0.46875,"money_kl_tries":32,"teho_plus":124,"adv_plus":87,"runner_plus":94,"out_avoid_plus":103,"adv1_plus":0,"adv2_plus":50,"adv3_plus":88,"adv_home_plus":99,"money_kl_plus":99,"spark_index":92,"teho_plus_adj":119,"pct_kl_pct":17,"pct_saatto_pct":19,"pct_eten_pct":26,"pct_kunnari_rate":36,"pct_lyoty_rate":88,"pct_palo_rate":53,"pct_tehot_per_turn":72},"proj":{"player_id":9959,"name":"Outi Venäläinen","as_of":"2026-07-02","age":null,"stats":{"kl_pct":{"rate":0.517752886774128,"effective_n":61.29561401276992,"observed":0.4683366140965523},"saatto_pct":{"rate":0.5827827283201296,"effective_n":130.6990441190185,"observed":0.5665136072437653},"eten_pct":{"rate":0.6092523160565639,"effective_n":80.32210422478941,"observed":0.5941113652620715},"kunnari_rate":{"rate":0.003596003107634353,"effective_n":57.52688558584725,"observed":0.0},"lyoty_rate":{"rate":0.1613893753764057,"effective_n":55.88601356979551,"observed":0.2536361616062324},"haava_rate":{"rate":0.3496760328470241,"effective_n":52.78305650123224,"observed":0.2988141872414023},"palo_rate":{"rate":0.3208709355882176,"effective_n":54.305541069474515,"observed":0.3023057657039156}},"teho_plus_proj":164},"career_json":[{"year":2026,"kl_pct":0.4626865671641791,"teho_plus":124}],"pct_stats":["kl_pct","saatto_pct","eten_pct","kunnari_rate","lyoty_rate","palo_rate","tehot_per_turn"],"base_kl":{"player_id":9959,"turns_at_bat":61,"kl_base0":0.0,"kl_base0_tries":3,"kl_base1":0.2857142857142857,"kl_base1_tries":7,"kl_base2":0.56,"kl_base2_tries":25,"kl_base3":0.46875,"kl_base3_tries":32,"pct_kl_base0":5,"pct_kl_base1":7,"pct_kl_base2":30,"pct_kl_base3":45},"base_keys":["kl_base0","kl_base1","kl_base2","kl_base3"],"comps":[]}